canonical_id,canonical_title,programme_type,origin_documents,origin_item_ids,owner_intent,target_audiences,current_routes,research_records,prototype_records,coverage_status,evidence_status,editorial_status,product_status,publication_status,what_exists,what_is_missing,contradictions_or_risks,research_required,museum_copy_required,visual_or_interaction_required,child_or_classroom_role,rights_or_consent_requirements,dependencies,recommended_release,release_role,rationale
academia-battlefield.html,Ancient DNA and Nationalism: Why Ancestry Is Fought Over,current intended page,Current site route; exact 133-page inventory; full backlog; relevant deck/running-list material,BL-1; BL-5; BL-19; BL-22; BL-26; BL-30; BL-31; BL-52,"Use this page only for separate sampled person, modelled ancestry, population history, language and identity. Its published existence does not confer verified status.",public; scholar; child/classroom only through an approved adapted action,academia-battlefield.html,03-REGISTERS/inherited-claims.csv; 04-AUDITS/REAUDIT-QUEUE.csv; CORRECTIONS-PENDING.md; NONE LOCATED for an accepted methods-qualified genetics synthesis,site main prototypes/ only where threshold/field grammar applies,REFRAME,uncertified unless an accepted record is named,partial; action in route map,partial or reading-only,live,"1321 visible words, 13 citation signals, 18 links; exact related routes: beneath-both-waves.html; endogamy-clock.html; gotra.html; steppe.html; the-definition.html; the-expansions.html; the-genome-of-caste.html","Resolve the named correction before prominence; bind every changed claim to locator, evidence role, counter-evidence and revision.","Institutional pressure may be context, but motive narratives cannot replace methods/data adjudication.",03-REGISTERS/inherited-claims.csv; 04-AUDITS/REAUDIT-QUEUE.csv; CORRECTIONS-PENDING.md; NONE LOCATED for an accepted methods-qualified genetics synthesis,Rewrite only after claim-to-record mapping; retain as context when investigation value is low.,"Sample-to-model comparison showing sample place/date, method, confidence and limits; ancestry components never rendered as peoples or languages. For this route, centre the composition on “Ancient DNA and Nationalism: Why Ancestry Is Fought Over”.","Child/classroom role: Separate sampled person, modelled ancestry, population history, language and identity. only if included in an approved vertical.",Rights review for sources/assets; community consent where identity or living knowledge is represented.,03-REGISTERS/inherited-claims.csv; 04-AUDITS/REAUDIT-QUEUE.csv; CORRECTIONS-PENDING.md; NONE LOCATED for an accepted methods-qualified genetics synthesis → route brief → correction/interaction acceptance.,RELEASE 1,safety correction,"Route role is safety correction; prominence follows evidence and museum value, not page count."
ancient-south-asian-astronomy.html,Star Names and Sky Knowledge in Ancient South Asia,current intended page,Current site route; exact 133-page inventory; full backlog; relevant deck/running-list material,BL-18; BL-26; BL-31; BL-52; BL-69,"Use this page only for inspect the object or instrument, test a reconstruction and separate historical evidence from present practice. Its published existence does not confer verified status.",public; scholar; child/classroom only through an approved adapted action,ancient-south-asian-astronomy.html,03-REGISTERS/inherited-claims.csv; 02-SOURCES/access-ledger.csv; NONE LOCATED for accepted astronomy/music/medical source programmes,site main prototypes/ only where threshold/field grammar applies,KEEP AS CONTEXT,uncertified unless an accepted record is named,partial; action in route map,partial or reading-only,live,"3854 visible words, 6 citation signals, 44 links; exact related routes: dravidian-sky.html; siddha-and-ayurveda.html; the-medicine-question.html",Convert the load-bearing propositions on Star Names and Sky Knowledge in Ancient South Asia into claim-to-record links; structural citation signals (6) are not verification.,No specific factual error established here; later claim audit remains required.,03-REGISTERS/inherited-claims.csv; 02-SOURCES/access-ledger.csv; NONE LOCATED for accepted astronomy/music/medical source programmes,Rewrite only after claim-to-record mapping; retain as context when investigation value is low.,"Instrument/object/source comparison with reconstruction labels, safety limits and rights; recreated sound or practice is never presented as survival without evidence. For this route, centre the composition on “Star Names and Sky Knowledge in Ancient South Asia”.","Child/classroom role: Inspect the object or instrument, test a reconstruction and separate historical evidence from present practice. only if included in an approved vertical.",Rights review for sources/assets; community consent where identity or living knowledge is represented.,03-REGISTERS/inherited-claims.csv; 02-SOURCES/access-ledger.csv; NONE LOCATED for accepted astronomy/music/medical source programmes → route brief → correction/interaction acceptance.,RELEASE 2,retained context,"Route role is retained context; prominence follows evidence and museum value, not page count."
artifact-atlas.html,Artifact Atlas: 175 Ancient South Asian Sites Mapped,current intended page,Current site route; exact 133-page inventory; full backlog; relevant deck/running-list material,BL-20; BL-21; BL-22; BL-23; BL-24; BL-25; BL-31; BL-32; BL-47; BL-48; BL-49; BL-52,"Use this page only for open one record, inspect its locator and evidence role, compare a counter-record, then follow its revision history. Its published existence does not confer verified status.",public; scholar; child/classroom only through an approved adapted action,artifact-atlas.html,06-BRIEFS/mvp-fifteen/03-artifact-atlas.md; 13-PRODUCT-ARCHITECTURE/museum-framework.md; 06-BRIEFS/mvp-fifteen/03-artifact-atlas.md; 06-BRIEFS/mvp-fifteen/06-the-ledger.md; site:assets/data/page-evidence.json,site main prototypes/ only where threshold/field grammar applies,REDESIGN,uncertified unless an accepted record is named,partial; action in route map,partial or reading-only,live,"51 visible words, 1 citation signals, 14 links; exact related routes: research-index.html; search.html; sources.html; the-ledger.html","Resolve the named correction before prominence; bind every changed claim to locator, evidence role, counter-evidence and revision.","Live metadata says 175 sites/315 windows, body derives 158 sites, and open site PR #4 measures 158 records/326 class-windows/15 classes/99 dated. D-034 remains open; no number is accepted merely because it is measured.",06-BRIEFS/mvp-fifteen/03-artifact-atlas.md; 13-PRODUCT-ARCHITECTURE/museum-framework.md; 06-BRIEFS/mvp-fifteen/03-artifact-atlas.md; 06-BRIEFS/mvp-fifteen/06-the-ledger.md; site:assets/data/page-evidence.json,Rewrite only after claim-to-record mapping; retain as context when investigation value is low.,"Record table plus expandable locator/source-ancestry drawer; relationships appear only after their evidence links and uncertainty are visible. For this route, centre the composition on “Artifact Atlas: 175 Ancient South Asian Sites Mapped”.","Child/classroom role: Open one record, inspect its locator and evidence role, compare a counter-record, then follow its revision history. only if included in an approved vertical.",Rights review for sources/assets; community consent where identity or living knowledge is represented.,06-BRIEFS/mvp-fifteen/03-artifact-atlas.md; 13-PRODUCT-ARCHITECTURE/museum-framework.md; 06-BRIEFS/mvp-fifteen/03-artifact-atlas.md; 06-BRIEFS/mvp-fifteen/06-the-ledger.md; site:assets/data/page-evidence.json → route brief → correction/interaction acceptance.,RELEASE 1,flagship,"Route role is flagship; prominence follows evidence and museum value, not page count."
authorship-attribution-ancient-texts.html,Who Gets Credit: Attribution in Ancient Indian Texts,current intended page,Current site route; exact 133-page inventory; full backlog; relevant deck/running-list material,BL-6; BL-18; BL-26; BL-31; BL-42; BL-43; BL-45; BL-52; BL-55,"Use this page only for trace a claim backward through author, archive, translation, funding and omission. Its published existence does not confer verified status.",public; scholar; child/classroom only through an approved adapted action,authorship-attribution-ancient-texts.html,04-AUDITS/ARCHIVE-AND-POWER-AUDIT.csv; 04-AUDITS/BIAS-FAILURE-LOG.csv; 06-BRIEFS/mvp-fifteen/14-custody.md; 06-BRIEFS/mvp-fifteen/15-the-archive.md,site main prototypes/ only where threshold/field grammar applies,KEEP AS CONTEXT,uncertified unless an accepted record is named,partial; action in route map,partial or reading-only,live,"1407 visible words, 6 citation signals, 43 links; exact related routes: chains-of-transmission.html; foreign-accounts-ancient-india.html; forest-peoples-sanskrit-record.html; indology.html; manuscript-custody.html; naming-in-ancient-india.html; oral-traditions-unwritten.html",Convert the load-bearing propositions on Who Gets Credit: Attribution in Ancient Indian Texts into claim-to-record links; structural citation signals (6) are not verification.,No specific factual error established here; later claim audit remains required.,04-AUDITS/ARCHIVE-AND-POWER-AUDIT.csv; 04-AUDITS/BIAS-FAILURE-LOG.csv; 06-BRIEFS/mvp-fifteen/14-custody.md; 06-BRIEFS/mvp-fifteen/15-the-archive.md,Rewrite only after claim-to-record mapping; retain as context when investigation value is low.,"Source-genealogy network showing who recorded, preserved, translated, funded and excluded; motive appears only when documented. For this route, centre the composition on “Who Gets Credit: Attribution in Ancient Indian Texts”.","Child/classroom role: Trace a claim backward through author, archive, translation, funding and omission. only if included in an approved vertical.",Rights review for sources/assets; community consent where identity or living knowledge is represented.,04-AUDITS/ARCHIVE-AND-POWER-AUDIT.csv; 04-AUDITS/BIAS-FAILURE-LOG.csv; 06-BRIEFS/mvp-fifteen/14-custody.md; 06-BRIEFS/mvp-fifteen/15-the-archive.md → route brief → correction/interaction acceptance.,RELEASE 2,retained context,"Route role is retained context; prominence follows evidence and museum value, not page count."
before-the-indus.html,Before the Indus: Baghor Shrine and Mesolithic Sun Graves,current intended page,Current site route; exact 133-page inventory; full backlog; relevant deck/running-list material,BL-11; BL-18; BL-25; BL-26; BL-27; BL-28; BL-30; BL-31; BL-66; BL-67,"Use this page only for excavate context, date the layer and decide what the object can and cannot establish. Its published existence does not confer verified status.",public; scholar; child/classroom only through an approved adapted action,before-the-indus.html,06-BRIEFS/mvp-fifteen/08-before-the-indus.md; 06-BRIEFS/mvp-fifteen/07-keeladi.md; 06-BRIEFS/mvp-fifteen/08-before-the-indus.md; 06-BRIEFS/mvp-fifteen/09-the-water-city.md; 03-REGISTERS/inherited-claims.csv; 02-SOURCES/access-ledger.csv,site main prototypes/ only where threshold/field grammar applies,HOLD,uncertified unless an accepted record is named,partial; action in route map,partial or reading-only,live,"1954 visible words, 11 citation signals, 20 links; exact related routes: brahmi.html; excavation-bias-funding.html; indus-to-vedic-gap.html; keeladi.html; material-culture-ancient-south-asia.html; meluhha-trade.html; one-script-many-kingdoms.html",Convert the load-bearing propositions on Before the Indus: Baghor Shrine and Mesolithic Sun Graves into claim-to-record links; structural citation signals (11) are not verification.,No specific factual error established here; later claim audit remains required.,06-BRIEFS/mvp-fifteen/08-before-the-indus.md; 06-BRIEFS/mvp-fifteen/07-keeladi.md; 06-BRIEFS/mvp-fifteen/08-before-the-indus.md; 06-BRIEFS/mvp-fifteen/09-the-water-city.md; 03-REGISTERS/inherited-claims.csv; 02-SOURCES/access-ledger.csv,Rewrite only after claim-to-record mapping; retain as context when investigation value is low.,"Excavation/context view with trench, layer, object, date range and alternative reading; movement maps separate material from people and language. For this route, centre the composition on “Before the Indus: Baghor Shrine and Mesolithic Sun Graves”.","Child/classroom role: Excavate context, date the layer and decide what the object can and cannot establish. only if included in an approved vertical.",Rights review for sources/assets; community consent where identity or living knowledge is represented.,06-BRIEFS/mvp-fifteen/08-before-the-indus.md; 06-BRIEFS/mvp-fifteen/07-keeladi.md; 06-BRIEFS/mvp-fifteen/08-before-the-indus.md; 06-BRIEFS/mvp-fifteen/09-the-water-city.md; 03-REGISTERS/inherited-claims.csv; 02-SOURCES/access-ledger.csv → route brief → correction/interaction acceptance.,RELEASE 1,safety correction,"Route role is safety correction; prominence follows evidence and museum value, not page count."
beneath-both-waves.html,Beneath Both Waves: The Forager Lineages of South Asia,current intended page,Current site route; exact 133-page inventory; full backlog; relevant deck/running-list material,BL-1; BL-5; BL-19; BL-22; BL-26; BL-30; BL-31; BL-52,"Use this page only for separate sampled person, modelled ancestry, population history, language and identity. Its published existence does not confer verified status.",public; scholar; child/classroom only through an approved adapted action,beneath-both-waves.html,03-REGISTERS/inherited-claims.csv; 04-AUDITS/REAUDIT-QUEUE.csv; CORRECTIONS-PENDING.md; NONE LOCATED for an accepted methods-qualified genetics synthesis,site main prototypes/ only where threshold/field grammar applies,KEEP AS CONTEXT,uncertified unless an accepted record is named,partial; action in route map,partial or reading-only,live,"1959 visible words, 3 citation signals, 16 links; exact related routes: academia-battlefield.html; endogamy-clock.html; gotra.html; steppe.html; the-definition.html; the-expansions.html; the-genome-of-caste.html",Convert the load-bearing propositions on Beneath Both Waves: The Forager Lineages of South Asia into claim-to-record links; structural citation signals (3) are not verification.,No specific factual error established here; later claim audit remains required.,03-REGISTERS/inherited-claims.csv; 04-AUDITS/REAUDIT-QUEUE.csv; CORRECTIONS-PENDING.md; NONE LOCATED for an accepted methods-qualified genetics synthesis,Rewrite only after claim-to-record mapping; retain as context when investigation value is low.,"Sample-to-model comparison showing sample place/date, method, confidence and limits; ancestry components never rendered as peoples or languages. For this route, centre the composition on “Beneath Both Waves: The Forager Lineages of South Asia”.","Child/classroom role: Separate sampled person, modelled ancestry, population history, language and identity. only if included in an approved vertical.",Rights review for sources/assets; community consent where identity or living knowledge is represented.,03-REGISTERS/inherited-claims.csv; 04-AUDITS/REAUDIT-QUEUE.csv; CORRECTIONS-PENDING.md; NONE LOCATED for an accepted methods-qualified genetics synthesis → route brief → correction/interaction acceptance.,RELEASE 2,retained context,"Route role is retained context; prominence follows evidence and museum value, not page count."
birth-was-not-always-destiny.html,"Caste by Birth Was Imposed Later, Not Original",current intended page,Current site route; exact 133-page inventory; full backlog; relevant deck/running-list material,BL-1; BL-5; BL-6; BL-18; BL-26; BL-31; BL-52,Use this page only for track one term or institution across dated records and identify where the archive cannot support continuity. Its published existence does not confer verified status.,public; scholar; child/classroom only through an approved adapted action,birth-was-not-always-destiny.html,03-REGISTERS/rigveda-varna.csv; rigveda-varna-occurrences.csv; CORRECTIONS-PENDING.md; 03-REGISTERS/inherited-claims.csv,site main prototypes/ only where threshold/field grammar applies,CORRECT CLAIMS,uncertified unless an accepted record is named,partial; action in route map,partial or reading-only,live,"1159 visible words, 8 citation signals, 20 links; exact related routes: caste-enforcement-mechanism.html; caste-survives-conversion.html; caste-was-law.html; climbing-the-ladder.html; counted-as-nothing.html; jatization.html; non-brahmanical-legal-traditions.html","Resolve the named correction before prominence; bind every changed claim to locator, evidence role, counter-evidence and revision.",Mobility or semantic change in selected records does not establish one universal transition from fluidity to imposed birth hierarchy.,03-REGISTERS/rigveda-varna.csv; rigveda-varna-occurrences.csv; CORRECTIONS-PENDING.md; 03-REGISTERS/inherited-claims.csv,Rewrite only after claim-to-record mapping; retain as context when investigation value is low.,"Term-and-institution timeline with place/genre/date filters, counterexamples and archive gaps; avoid a single inevitable curve. For this route, centre the composition on “Caste by Birth Was Imposed Later, Not Original”.",Child/classroom role: Track one term or institution across dated records and identify where the archive cannot support continuity. only if included in an approved vertical.,Rights review for sources/assets; community consent where identity or living knowledge is represented.,03-REGISTERS/rigveda-varna.csv; rigveda-varna-occurrences.csv; CORRECTIONS-PENDING.md; 03-REGISTERS/inherited-claims.csv → route brief → correction/interaction acceptance.,RELEASE 1,safety correction,"Route role is safety correction; prominence follows evidence and museum value, not page count."
brahmavadini.html,"Brahmavadini: Women Who Studied the Vedas, and the Closing",current intended page,Current site route; exact 133-page inventory; full backlog; relevant deck/running-list material,BL-6; BL-15; BL-16; BL-17; BL-18; BL-31; BL-52,"Use this page only for compare who is speaking and whether the source is self-description, opponent report or later transmission. Its published existence does not confer verified status.",public; scholar; child/classroom only through an approved adapted action,brahmavadini.html,03-REGISTERS/inherited-claims.csv; 02-SOURCES/access-ledger.csv; NONE LOCATED for accepted Pāli/Prakrit/Jain/Aśokan/Chinese-pilgrim corpus parity,site main prototypes/ only where threshold/field grammar applies,KEEP AS CONTEXT,uncertified unless an accepted record is named,partial; action in route map,partial or reading-only,live,"1622 visible words, 3 citation signals, 45 links; exact related routes: bronkhorst.html; how-buddhism-left.html; panini.html; the-broken-chain.html; the-computed-dawn.html; the-eastern-tradition.html; the-gods-people-had.html","Convert the load-bearing propositions on Brahmavadini: Women Who Studied the Vedas, and the Closing into claim-to-record links; structural citation signals (3) are not verification.",No specific factual error established here; later claim audit remains required.,03-REGISTERS/inherited-claims.csv; 02-SOURCES/access-ledger.csv; NONE LOCATED for accepted Pāli/Prakrit/Jain/Aśokan/Chinese-pilgrim corpus parity,Rewrite only after claim-to-record mapping; retain as context when investigation value is low.,"Parallel source/voice viewer that distinguishes self-description, rival report, later commentary and modern reconstruction. For this route, centre the composition on “Brahmavadini: Women Who Studied the Vedas, and the Closing”.","Child/classroom role: Compare who is speaking and whether the source is self-description, opponent report or later transmission. only if included in an approved vertical.",Rights review for sources/assets; community consent where identity or living knowledge is represented.,03-REGISTERS/inherited-claims.csv; 02-SOURCES/access-ledger.csv; NONE LOCATED for accepted Pāli/Prakrit/Jain/Aśokan/Chinese-pilgrim corpus parity → route brief → correction/interaction acceptance.,RELEASE 2,retained context,"Route role is retained context; prominence follows evidence and museum value, not page count."
brahmi.html,"Brahmi Script: Origins, Naming, and the Tamil Dating Fight",current intended page,Current site route; exact 133-page inventory; full backlog; relevant deck/running-list material,BL-11; BL-18; BL-25; BL-26; BL-27; BL-28; BL-30; BL-31; BL-66; BL-67,"Use this page only for excavate context, date the layer and decide what the object can and cannot establish. Its published existence does not confer verified status.",public; scholar; child/classroom only through an approved adapted action,brahmi.html,06-BRIEFS/mvp-fifteen/07-keeladi.md; 06-BRIEFS/mvp-fifteen/08-before-the-indus.md; 06-BRIEFS/mvp-fifteen/09-the-water-city.md; 03-REGISTERS/inherited-claims.csv; 02-SOURCES/access-ledger.csv,site main prototypes/ only where threshold/field grammar applies,KEEP AS CONTEXT,uncertified unless an accepted record is named,partial; action in route map,partial or reading-only,live,"2224 visible words, 6 citation signals, 31 links; exact related routes: before-the-indus.html; excavation-bias-funding.html; indus-to-vedic-gap.html; keeladi.html; material-culture-ancient-south-asia.html; meluhha-trade.html; one-script-many-kingdoms.html","Convert the load-bearing propositions on Brahmi Script: Origins, Naming, and the Tamil Dating Fight into claim-to-record links; structural citation signals (6) are not verification.",No specific factual error established here; later claim audit remains required.,06-BRIEFS/mvp-fifteen/07-keeladi.md; 06-BRIEFS/mvp-fifteen/08-before-the-indus.md; 06-BRIEFS/mvp-fifteen/09-the-water-city.md; 03-REGISTERS/inherited-claims.csv; 02-SOURCES/access-ledger.csv,Rewrite only after claim-to-record mapping; retain as context when investigation value is low.,"Excavation/context view with trench, layer, object, date range and alternative reading; movement maps separate material from people and language. For this route, centre the composition on “Brahmi Script: Origins, Naming, and the Tamil Dating Fight”.","Child/classroom role: Excavate context, date the layer and decide what the object can and cannot establish. only if included in an approved vertical.",Rights review for sources/assets; community consent where identity or living knowledge is represented.,06-BRIEFS/mvp-fifteen/07-keeladi.md; 06-BRIEFS/mvp-fifteen/08-before-the-indus.md; 06-BRIEFS/mvp-fifteen/09-the-water-city.md; 03-REGISTERS/inherited-claims.csv; 02-SOURCES/access-ledger.csv → route brief → correction/interaction acceptance.,RELEASE 2,retained context,"Route role is retained context; prominence follows evidence and museum value, not page count."
bronkhorst.html,Bronkhorst and Greater Magadha: Auditing a Source We Rely On,current intended page,Current site route; exact 133-page inventory; full backlog; relevant deck/running-list material,BL-6; BL-15; BL-16; BL-17; BL-18; BL-31; BL-52,"Use this page only for compare who is speaking and whether the source is self-description, opponent report or later transmission. Its published existence does not confer verified status.",public; scholar; child/classroom only through an approved adapted action,bronkhorst.html,03-REGISTERS/inherited-claims.csv; 02-SOURCES/access-ledger.csv; NONE LOCATED for accepted Pāli/Prakrit/Jain/Aśokan/Chinese-pilgrim corpus parity,site main prototypes/ only where threshold/field grammar applies,KEEP AS CONTEXT,uncertified unless an accepted record is named,partial; action in route map,partial or reading-only,live,"2252 visible words, 21 citation signals, 20 links; exact related routes: brahmavadini.html; how-buddhism-left.html; panini.html; the-broken-chain.html; the-computed-dawn.html; the-eastern-tradition.html; the-gods-people-had.html",Convert the load-bearing propositions on Bronkhorst and Greater Magadha: Auditing a Source We Rely On into claim-to-record links; structural citation signals (21) are not verification.,No specific factual error established here; later claim audit remains required.,03-REGISTERS/inherited-claims.csv; 02-SOURCES/access-ledger.csv; NONE LOCATED for accepted Pāli/Prakrit/Jain/Aśokan/Chinese-pilgrim corpus parity,Rewrite only after claim-to-record mapping; retain as context when investigation value is low.,"Parallel source/voice viewer that distinguishes self-description, rival report, later commentary and modern reconstruction. For this route, centre the composition on “Bronkhorst and Greater Magadha: Auditing a Source We Rely On”.","Child/classroom role: Compare who is speaking and whether the source is self-description, opponent report or later transmission. only if included in an approved vertical.",Rights review for sources/assets; community consent where identity or living knowledge is represented.,03-REGISTERS/inherited-claims.csv; 02-SOURCES/access-ledger.csv; NONE LOCATED for accepted Pāli/Prakrit/Jain/Aśokan/Chinese-pilgrim corpus parity → route brief → correction/interaction acceptance.,RELEASE 2,retained context,"Route role is retained context; prominence follows evidence and museum value, not page count."
caste-enforcement-mechanism.html,The Mechanism: How Social Hierarchy Was Enforced,current intended page,Current site route; exact 133-page inventory; full backlog; relevant deck/running-list material,BL-1; BL-5; BL-6; BL-18; BL-26; BL-31; BL-52,Use this page only for track one term or institution across dated records and identify where the archive cannot support continuity. Its published existence does not confer verified status.,public; scholar; child/classroom only through an approved adapted action,caste-enforcement-mechanism.html,03-REGISTERS/rigveda-varna.csv; rigveda-varna-occurrences.csv; CORRECTIONS-PENDING.md; 03-REGISTERS/inherited-claims.csv,site main prototypes/ only where threshold/field grammar applies,KEEP AS CONTEXT,uncertified unless an accepted record is named,partial; action in route map,partial or reading-only,live,"1700 visible words, 6 citation signals, 48 links; exact related routes: birth-was-not-always-destiny.html; caste-survives-conversion.html; caste-was-law.html; climbing-the-ladder.html; counted-as-nothing.html; jatization.html; non-brahmanical-legal-traditions.html",Convert the load-bearing propositions on The Mechanism: How Social Hierarchy Was Enforced into claim-to-record links; structural citation signals (6) are not verification.,No specific factual error established here; later claim audit remains required.,03-REGISTERS/rigveda-varna.csv; rigveda-varna-occurrences.csv; CORRECTIONS-PENDING.md; 03-REGISTERS/inherited-claims.csv,Rewrite only after claim-to-record mapping; retain as context when investigation value is low.,"Term-and-institution timeline with place/genre/date filters, counterexamples and archive gaps; avoid a single inevitable curve. For this route, centre the composition on “The Mechanism: How Social Hierarchy Was Enforced”.",Child/classroom role: Track one term or institution across dated records and identify where the archive cannot support continuity. only if included in an approved vertical.,Rights review for sources/assets; community consent where identity or living knowledge is represented.,03-REGISTERS/rigveda-varna.csv; rigveda-varna-occurrences.csv; CORRECTIONS-PENDING.md; 03-REGISTERS/inherited-claims.csv → route brief → correction/interaction acceptance.,RELEASE 2,retained context,"Route role is retained context; prominence follows evidence and museum value, not page count."
caste-survives-conversion.html,Caste Survives Conversion: The Test the Law Refuses,current intended page,Current site route; exact 133-page inventory; full backlog; relevant deck/running-list material,BL-1; BL-5; BL-6; BL-18; BL-26; BL-31; BL-52,Use this page only for track one term or institution across dated records and identify where the archive cannot support continuity. Its published existence does not confer verified status.,public; scholar; child/classroom only through an approved adapted action,caste-survives-conversion.html,03-REGISTERS/rigveda-varna.csv; rigveda-varna-occurrences.csv; CORRECTIONS-PENDING.md; 03-REGISTERS/inherited-claims.csv,site main prototypes/ only where threshold/field grammar applies,KEEP AS CONTEXT,uncertified unless an accepted record is named,partial; action in route map,partial or reading-only,live,"1521 visible words, 5 citation signals, 26 links; exact related routes: birth-was-not-always-destiny.html; caste-enforcement-mechanism.html; caste-was-law.html; climbing-the-ladder.html; counted-as-nothing.html; jatization.html; non-brahmanical-legal-traditions.html",Convert the load-bearing propositions on Caste Survives Conversion: The Test the Law Refuses into claim-to-record links; structural citation signals (5) are not verification.,No specific factual error established here; later claim audit remains required.,03-REGISTERS/rigveda-varna.csv; rigveda-varna-occurrences.csv; CORRECTIONS-PENDING.md; 03-REGISTERS/inherited-claims.csv,Rewrite only after claim-to-record mapping; retain as context when investigation value is low.,"Term-and-institution timeline with place/genre/date filters, counterexamples and archive gaps; avoid a single inevitable curve. For this route, centre the composition on “Caste Survives Conversion: The Test the Law Refuses”.",Child/classroom role: Track one term or institution across dated records and identify where the archive cannot support continuity. only if included in an approved vertical.,Rights review for sources/assets; community consent where identity or living knowledge is represented.,03-REGISTERS/rigveda-varna.csv; rigveda-varna-occurrences.csv; CORRECTIONS-PENDING.md; 03-REGISTERS/inherited-claims.csv → route brief → correction/interaction acceptance.,RELEASE 2,retained context,"Route role is retained context; prominence follows evidence and museum value, not page count."
caste-vocabulary-curve.html,The Caste Vocabulary Curve Across the Vedic Corpus,current intended page,Current site route; exact 133-page inventory; full backlog; relevant deck/running-list material,BL-1; BL-2; BL-5; BL-6; BL-12; BL-18; BL-31; BL-52,Use this page only for test a public count by inspecting included and excluded occurrences in context. Its published existence does not confer verified status.,public; scholar; child/classroom only through an approved adapted action,caste-vocabulary-curve.html,03-REGISTERS/rigveda-pur-family.csv; 03-REGISTERS/rigveda-pur-passages.csv; 03-REGISTERS/rigveda-varna.csv; 03-REGISTERS/rigveda-varna-occurrences.csv; 04-AUDITS/rigveda-pur-family-method.md; 06-BRIEFS/pur-4j-corpus.md; open research PR #30,site main prototypes/ only where threshold/field grammar applies,DEEPEN,uncertified unless an accepted record is named,partial; action in route map,partial or reading-only,live,"4199 visible words, 6 citation signals, 48 links; exact related routes: criminalised-today.html; dasa-forts-rigveda.html; four-varnas-one-verse.html; geography-in-vedic-texts.html; mitanni.html; mlecha.html; paid-in-cattle.html",Convert the load-bearing propositions on The Caste Vocabulary Curve Across the Vedic Corpus into claim-to-record links; structural citation signals (6) are not verification.,No specific factual error established here; later claim audit remains required.,03-REGISTERS/rigveda-pur-family.csv; 03-REGISTERS/rigveda-pur-passages.csv; 03-REGISTERS/rigveda-varna.csv; 03-REGISTERS/rigveda-varna-occurrences.csv; 04-AUDITS/rigveda-pur-family-method.md; 06-BRIEFS/pur-4j-corpus.md; open research PR #30,Rewrite only after claim-to-record mapping; retain as context when investigation value is low.,"Searchable verse/source viewer with lemma, form, translation variants, passage context and counted/not-counted reason; never use book order as a date axis. For this route, centre the composition on “The Caste Vocabulary Curve Across the Vedic Corpus”.",Child/classroom role: Test a public count by inspecting included and excluded occurrences in context. only if included in an approved vertical.,Rights review for sources/assets; community consent where identity or living knowledge is represented.,03-REGISTERS/rigveda-pur-family.csv; 03-REGISTERS/rigveda-pur-passages.csv; 03-REGISTERS/rigveda-varna.csv; 03-REGISTERS/rigveda-varna-occurrences.csv; 04-AUDITS/rigveda-pur-family-method.md; 06-BRIEFS/pur-4j-corpus.md; open research PR #30 → route brief → correction/interaction acceptance.,RELEASE 2,retained context,"Route role is retained context; prominence follows evidence and museum value, not page count."
caste-was-law.html,Caste Was Law: Differential Punishment in the Dharmasastra,current intended page,Current site route; exact 133-page inventory; full backlog; relevant deck/running-list material,BL-1; BL-5; BL-6; BL-18; BL-26; BL-31; BL-52,Use this page only for track one term or institution across dated records and identify where the archive cannot support continuity. Its published existence does not confer verified status.,public; scholar; child/classroom only through an approved adapted action,caste-was-law.html,03-REGISTERS/rigveda-varna.csv; rigveda-varna-occurrences.csv; CORRECTIONS-PENDING.md; 03-REGISTERS/inherited-claims.csv,site main prototypes/ only where threshold/field grammar applies,KEEP AS CONTEXT,uncertified unless an accepted record is named,partial; action in route map,partial or reading-only,live,"1994 visible words, 21 citation signals, 19 links; exact related routes: birth-was-not-always-destiny.html; caste-enforcement-mechanism.html; caste-survives-conversion.html; climbing-the-ladder.html; counted-as-nothing.html; jatization.html; non-brahmanical-legal-traditions.html",Convert the load-bearing propositions on Caste Was Law: Differential Punishment in the Dharmasastra into claim-to-record links; structural citation signals (21) are not verification.,No specific factual error established here; later claim audit remains required.,03-REGISTERS/rigveda-varna.csv; rigveda-varna-occurrences.csv; CORRECTIONS-PENDING.md; 03-REGISTERS/inherited-claims.csv,Rewrite only after claim-to-record mapping; retain as context when investigation value is low.,"Term-and-institution timeline with place/genre/date filters, counterexamples and archive gaps; avoid a single inevitable curve. For this route, centre the composition on “Caste Was Law: Differential Punishment in the Dharmasastra”.",Child/classroom role: Track one term or institution across dated records and identify where the archive cannot support continuity. only if included in an approved vertical.,Rights review for sources/assets; community consent where identity or living knowledge is represented.,03-REGISTERS/rigveda-varna.csv; rigveda-varna-occurrences.csv; CORRECTIONS-PENDING.md; 03-REGISTERS/inherited-claims.csv → route brief → correction/interaction acceptance.,RELEASE 2,retained context,"Route role is retained context; prominence follows evidence and museum value, not page count."
chains-of-transmission.html,Isnad and Chains of Transmission in Text Criticism,current intended page,Current site route; exact 133-page inventory; full backlog; relevant deck/running-list material,BL-6; BL-18; BL-26; BL-31; BL-42; BL-43; BL-45; BL-52; BL-55,"Use this page only for trace a claim backward through author, archive, translation, funding and omission. Its published existence does not confer verified status.",public; scholar; child/classroom only through an approved adapted action,chains-of-transmission.html,04-AUDITS/ARCHIVE-AND-POWER-AUDIT.csv; 04-AUDITS/BIAS-FAILURE-LOG.csv; 06-BRIEFS/mvp-fifteen/14-custody.md; 06-BRIEFS/mvp-fifteen/15-the-archive.md,site main prototypes/ only where threshold/field grammar applies,KEEP AS CONTEXT,uncertified unless an accepted record is named,partial; action in route map,partial or reading-only,live,"1675 visible words, 12 citation signals, 43 links; exact related routes: authorship-attribution-ancient-texts.html; foreign-accounts-ancient-india.html; forest-peoples-sanskrit-record.html; indology.html; manuscript-custody.html; naming-in-ancient-india.html; oral-traditions-unwritten.html",Convert the load-bearing propositions on Isnad and Chains of Transmission in Text Criticism into claim-to-record links; structural citation signals (12) are not verification.,No specific factual error established here; later claim audit remains required.,04-AUDITS/ARCHIVE-AND-POWER-AUDIT.csv; 04-AUDITS/BIAS-FAILURE-LOG.csv; 06-BRIEFS/mvp-fifteen/14-custody.md; 06-BRIEFS/mvp-fifteen/15-the-archive.md,Rewrite only after claim-to-record mapping; retain as context when investigation value is low.,"Source-genealogy network showing who recorded, preserved, translated, funded and excluded; motive appears only when documented. For this route, centre the composition on “Isnad and Chains of Transmission in Text Criticism”.","Child/classroom role: Trace a claim backward through author, archive, translation, funding and omission. only if included in an approved vertical.",Rights review for sources/assets; community consent where identity or living knowledge is represented.,04-AUDITS/ARCHIVE-AND-POWER-AUDIT.csv; 04-AUDITS/BIAS-FAILURE-LOG.csv; 06-BRIEFS/mvp-fifteen/14-custody.md; 06-BRIEFS/mvp-fifteen/15-the-archive.md → route brief → correction/interaction acceptance.,RELEASE 2,retained context,"Route role is retained context; prominence follows evidence and museum value, not page count."
climbing-the-ladder.html,Climbing the Ladder: Sanskritisation and Its Price,current intended page,Current site route; exact 133-page inventory; full backlog; relevant deck/running-list material,BL-1; BL-5; BL-6; BL-18; BL-26; BL-31; BL-52,Use this page only for track one term or institution across dated records and identify where the archive cannot support continuity. Its published existence does not confer verified status.,public; scholar; child/classroom only through an approved adapted action,climbing-the-ladder.html,03-REGISTERS/rigveda-varna.csv; rigveda-varna-occurrences.csv; CORRECTIONS-PENDING.md; 03-REGISTERS/inherited-claims.csv,site main prototypes/ only where threshold/field grammar applies,KEEP AS CONTEXT,uncertified unless an accepted record is named,partial; action in route map,partial or reading-only,live,"1568 visible words, 4 citation signals, 22 links; exact related routes: birth-was-not-always-destiny.html; caste-enforcement-mechanism.html; caste-survives-conversion.html; caste-was-law.html; counted-as-nothing.html; jatization.html; non-brahmanical-legal-traditions.html",Convert the load-bearing propositions on Climbing the Ladder: Sanskritisation and Its Price into claim-to-record links; structural citation signals (4) are not verification.,No specific factual error established here; later claim audit remains required.,03-REGISTERS/rigveda-varna.csv; rigveda-varna-occurrences.csv; CORRECTIONS-PENDING.md; 03-REGISTERS/inherited-claims.csv,Rewrite only after claim-to-record mapping; retain as context when investigation value is low.,"Term-and-institution timeline with place/genre/date filters, counterexamples and archive gaps; avoid a single inevitable curve. For this route, centre the composition on “Climbing the Ladder: Sanskritisation and Its Price”.",Child/classroom role: Track one term or institution across dated records and identify where the archive cannot support continuity. only if included in an approved vertical.,Rights review for sources/assets; community consent where identity or living knowledge is represented.,03-REGISTERS/rigveda-varna.csv; rigveda-varna-occurrences.csv; CORRECTIONS-PENDING.md; 03-REGISTERS/inherited-claims.csv → route brief → correction/interaction acceptance.,RELEASE 2,retained context,"Route role is retained context; prominence follows evidence and museum value, not page count."
counted-as-nothing.html,Counted as Nothing: How a Death Stops Being Manual Scavenging,current intended page,Current site route; exact 133-page inventory; full backlog; relevant deck/running-list material,BL-1; BL-5; BL-6; BL-18; BL-26; BL-31; BL-52,Use this page only for track one term or institution across dated records and identify where the archive cannot support continuity. Its published existence does not confer verified status.,public; scholar; child/classroom only through an approved adapted action,counted-as-nothing.html,03-REGISTERS/rigveda-varna.csv; rigveda-varna-occurrences.csv; CORRECTIONS-PENDING.md; 03-REGISTERS/inherited-claims.csv,site main prototypes/ only where threshold/field grammar applies,KEEP AS CONTEXT,uncertified unless an accepted record is named,partial; action in route map,partial or reading-only,live,"1506 visible words, 7 citation signals, 25 links; exact related routes: birth-was-not-always-destiny.html; caste-enforcement-mechanism.html; caste-survives-conversion.html; caste-was-law.html; climbing-the-ladder.html; jatization.html; non-brahmanical-legal-traditions.html",Convert the load-bearing propositions on Counted as Nothing: How a Death Stops Being Manual Scavenging into claim-to-record links; structural citation signals (7) are not verification.,No specific factual error established here; later claim audit remains required.,03-REGISTERS/rigveda-varna.csv; rigveda-varna-occurrences.csv; CORRECTIONS-PENDING.md; 03-REGISTERS/inherited-claims.csv,Rewrite only after claim-to-record mapping; retain as context when investigation value is low.,"Term-and-institution timeline with place/genre/date filters, counterexamples and archive gaps; avoid a single inevitable curve. For this route, centre the composition on “Counted as Nothing: How a Death Stops Being Manual Scavenging”.",Child/classroom role: Track one term or institution across dated records and identify where the archive cannot support continuity. only if included in an approved vertical.,Rights review for sources/assets; community consent where identity or living knowledge is represented.,03-REGISTERS/rigveda-varna.csv; rigveda-varna-occurrences.csv; CORRECTIONS-PENDING.md; 03-REGISTERS/inherited-claims.csv → route brief → correction/interaction acceptance.,RELEASE 2,retained context,"Route role is retained context; prominence follows evidence and museum value, not page count."
criminalised-today.html,Vedic Ritual That Modern Indian Law Would Criminalise,current intended page,Current site route; exact 133-page inventory; full backlog; relevant deck/running-list material,BL-1; BL-2; BL-5; BL-6; BL-12; BL-18; BL-31; BL-52,Use this page only for test a public count by inspecting included and excluded occurrences in context. Its published existence does not confer verified status.,public; scholar; child/classroom only through an approved adapted action,criminalised-today.html,03-REGISTERS/rigveda-pur-family.csv; 03-REGISTERS/rigveda-pur-passages.csv; 03-REGISTERS/rigveda-varna.csv; 03-REGISTERS/rigveda-varna-occurrences.csv; 04-AUDITS/rigveda-pur-family-method.md; 06-BRIEFS/pur-4j-corpus.md; open research PR #30,site main prototypes/ only where threshold/field grammar applies,HOLD,uncertified unless an accepted record is named,partial; action in route map,partial or reading-only,live,"1847 visible words, 7 citation signals, 18 links; exact related routes: caste-vocabulary-curve.html; dasa-forts-rigveda.html; four-varnas-one-verse.html; geography-in-vedic-texts.html; mitanni.html; mlecha.html; paid-in-cattle.html",Convert the load-bearing propositions on Vedic Ritual That Modern Indian Law Would Criminalise into claim-to-record links; structural citation signals (7) are not verification.,No specific factual error established here; later claim audit remains required.,03-REGISTERS/rigveda-pur-family.csv; 03-REGISTERS/rigveda-pur-passages.csv; 03-REGISTERS/rigveda-varna.csv; 03-REGISTERS/rigveda-varna-occurrences.csv; 04-AUDITS/rigveda-pur-family-method.md; 06-BRIEFS/pur-4j-corpus.md; open research PR #30,Rewrite only after claim-to-record mapping; retain as context when investigation value is low.,"Searchable verse/source viewer with lemma, form, translation variants, passage context and counted/not-counted reason; never use book order as a date axis. For this route, centre the composition on “Vedic Ritual That Modern Indian Law Would Criminalise”.",Child/classroom role: Test a public count by inspecting included and excluded occurrences in context. only if included in an approved vertical.,Rights review for sources/assets; community consent where identity or living knowledge is represented.,03-REGISTERS/rigveda-pur-family.csv; 03-REGISTERS/rigveda-pur-passages.csv; 03-REGISTERS/rigveda-varna.csv; 03-REGISTERS/rigveda-varna-occurrences.csv; 04-AUDITS/rigveda-pur-family-method.md; 06-BRIEFS/pur-4j-corpus.md; open research PR #30 → route brief → correction/interaction acceptance.,RELEASE 1,safety correction,"Route role is safety correction; prominence follows evidence and museum value, not page count."
dasa-forts-rigveda.html,"The Dasa Forts: Indus Country, But Centuries Too Late",current intended page,Current site route; exact 133-page inventory; full backlog; relevant deck/running-list material,BL-1; BL-2; BL-5; BL-6; BL-12; BL-18; BL-31; BL-52,Use this page only for test a public count by inspecting included and excluded occurrences in context. Its published existence does not confer verified status.,public; scholar; child/classroom only through an approved adapted action,dasa-forts-rigveda.html,03-REGISTERS/rigveda-pur-family.csv; 03-REGISTERS/rigveda-pur-passages.csv; 03-REGISTERS/rigveda-varna.csv; 03-REGISTERS/rigveda-varna-occurrences.csv; 04-AUDITS/rigveda-pur-family-method.md; 06-BRIEFS/pur-4j-corpus.md; open research PR #30,site main prototypes/ only where threshold/field grammar applies,CORRECT CLAIMS,uncertified unless an accepted record is named,partial; action in route map,partial or reading-only,live,"2821 visible words, 4 citation signals, 46 links; exact related routes: caste-vocabulary-curve.html; criminalised-today.html; four-varnas-one-verse.html; geography-in-vedic-texts.html; mitanni.html; mlecha.html; paid-in-cattle.html","Resolve the named correction before prominence; bind every changed claim to locator, evidence role, counter-evidence and revision.","Open site PR #4 finds “150 mentions,” the 99-for-one-patron framing and Book 1/10 concentration unsupported by current registers. The “three centuries” claim is a different chronological question and is not repaired by relative strata data.",03-REGISTERS/rigveda-pur-family.csv; 03-REGISTERS/rigveda-pur-passages.csv; 03-REGISTERS/rigveda-varna.csv; 03-REGISTERS/rigveda-varna-occurrences.csv; 04-AUDITS/rigveda-pur-family-method.md; 06-BRIEFS/pur-4j-corpus.md; open research PR #30,Rewrite only after claim-to-record mapping; retain as context when investigation value is low.,"Searchable verse/source viewer with lemma, form, translation variants, passage context and counted/not-counted reason; never use book order as a date axis. For this route, centre the composition on “The Dasa Forts: Indus Country, But Centuries Too Late”.",Child/classroom role: Test a public count by inspecting included and excluded occurrences in context. only if included in an approved vertical.,Rights review for sources/assets; community consent where identity or living knowledge is represented.,03-REGISTERS/rigveda-pur-family.csv; 03-REGISTERS/rigveda-pur-passages.csv; 03-REGISTERS/rigveda-varna.csv; 03-REGISTERS/rigveda-varna-occurrences.csv; 04-AUDITS/rigveda-pur-family-method.md; 06-BRIEFS/pur-4j-corpus.md; open research PR #30 → route brief → correction/interaction acceptance.,RELEASE 1,safety correction,"Route role is safety correction; prominence follows evidence and museum value, not page count."
dravidian-sky.html,Dravidian Star Names and Indigenous South Indian Astronomy,current intended page,Current site route; exact 133-page inventory; full backlog; relevant deck/running-list material,BL-18; BL-26; BL-31; BL-52; BL-69,"Use this page only for inspect the object or instrument, test a reconstruction and separate historical evidence from present practice. Its published existence does not confer verified status.",public; scholar; child/classroom only through an approved adapted action,dravidian-sky.html,03-REGISTERS/inherited-claims.csv; 02-SOURCES/access-ledger.csv; NONE LOCATED for accepted astronomy/music/medical source programmes,site main prototypes/ only where threshold/field grammar applies,KEEP AS CONTEXT,uncertified unless an accepted record is named,partial; action in route map,partial or reading-only,live,"1651 visible words, 2 citation signals, 45 links; exact related routes: ancient-south-asian-astronomy.html; siddha-and-ayurveda.html; the-medicine-question.html",Convert the load-bearing propositions on Dravidian Star Names and Indigenous South Indian Astronomy into claim-to-record links; structural citation signals (2) are not verification.,No specific factual error established here; later claim audit remains required.,03-REGISTERS/inherited-claims.csv; 02-SOURCES/access-ledger.csv; NONE LOCATED for accepted astronomy/music/medical source programmes,Rewrite only after claim-to-record mapping; retain as context when investigation value is low.,"Instrument/object/source comparison with reconstruction labels, safety limits and rights; recreated sound or practice is never presented as survival without evidence. For this route, centre the composition on “Dravidian Star Names and Indigenous South Indian Astronomy”.","Child/classroom role: Inspect the object or instrument, test a reconstruction and separate historical evidence from present practice. only if included in an approved vertical.",Rights review for sources/assets; community consent where identity or living knowledge is represented.,03-REGISTERS/inherited-claims.csv; 02-SOURCES/access-ledger.csv; NONE LOCATED for accepted astronomy/music/medical source programmes → route brief → correction/interaction acceptance.,RELEASE 2,retained context,"Route role is retained context; prominence follows evidence and museum value, not page count."
dravidian-sounds-sanskrit-lacks.html,Sound Changes: Dravidian Phonemes Sanskrit Could Not Write,current intended page,Current site route; exact 133-page inventory; full backlog; relevant deck/running-list material,BL-9; BL-10; BL-11; BL-13; BL-14; BL-18; BL-31; BL-40; BL-58; BL-69,"Use this page only for compare forms and choose which history each observation supports, complicates or cannot decide. Its published existence does not confer verified status.",public; scholar; child/classroom only through an approved adapted action,dravidian-sounds-sanskrit-lacks.html,06-BRIEFS/mvp-fifteen/11-sound-changes.md; 03-REGISTERS/domain-e-claims.csv; 03-REGISTERS/domain-e-measurements.csv; 03-REGISTERS/domain-m-brahui-position.csv; 04-AUDITS/domain-m-adversarial-review-2026-09-07.md; 05-HOLDS/HOLD-004-north-dravidian-comparative-evidence.md; open research PR #22,site main prototypes/ only where threshold/field grammar applies,CORRECT CLAIMS,uncertified unless an accepted record is named,partial; action in route map,partial or reading-only,live,"1971 visible words, 2 citation signals, 45 links; exact related routes: elamo-dravidian-hypothesis.html; kinship-terms-south-asia.html; the-deep-root.html; the-father-tongue.html; the-languages-we-lost.html; the-northwest-cousin.html; the-plateau.html",Convert the load-bearing propositions on Sound Changes: Dravidian Phonemes Sanskrit Could Not Write into claim-to-record links; structural citation signals (2) are not verification.,No specific factual error established here; later claim audit remains required.,06-BRIEFS/mvp-fifteen/11-sound-changes.md; 03-REGISTERS/domain-e-claims.csv; 03-REGISTERS/domain-e-measurements.csv; 03-REGISTERS/domain-m-brahui-position.csv; 04-AUDITS/domain-m-adversarial-review-2026-09-07.md; 05-HOLDS/HOLD-004-north-dravidian-comparative-evidence.md; open research PR #22,Rewrite only after claim-to-record mapping; retain as context when investigation value is low.,"Side-by-side form/sound table with audio only where consented; map attestation, contact and proposed shift separately; no family-tree certainty from lexical counts. For this route, centre the composition on “Sound Changes: Dravidian Phonemes Sanskrit Could Not Write”.","Child/classroom role: Compare forms and choose which history each observation supports, complicates or cannot decide. only if included in an approved vertical.",Rights review for sources/assets; community consent where identity or living knowledge is represented.,06-BRIEFS/mvp-fifteen/11-sound-changes.md; 03-REGISTERS/domain-e-claims.csv; 03-REGISTERS/domain-e-measurements.csv; 03-REGISTERS/domain-m-brahui-position.csv; 04-AUDITS/domain-m-adversarial-review-2026-09-07.md; 05-HOLDS/HOLD-004-north-dravidian-comparative-evidence.md; open research PR #22 → route brief → correction/interaction acceptance.,RELEASE 1,safety correction,"Route role is safety correction; prominence follows evidence and museum value, not page count."
elamo-dravidian-hypothesis.html,Elamite and Dravidian: The Contested Language Link,current intended page,Current site route; exact 133-page inventory; full backlog; relevant deck/running-list material,BL-9; BL-10; BL-11; BL-13; BL-14; BL-18; BL-31; BL-40; BL-58; BL-69,"Use this page only for compare forms and choose which history each observation supports, complicates or cannot decide. Its published existence does not confer verified status.",public; scholar; child/classroom only through an approved adapted action,elamo-dravidian-hypothesis.html,03-REGISTERS/domain-e-claims.csv; 03-REGISTERS/domain-e-measurements.csv; 03-REGISTERS/domain-m-brahui-position.csv; 04-AUDITS/domain-m-adversarial-review-2026-09-07.md; 05-HOLDS/HOLD-004-north-dravidian-comparative-evidence.md; open research PR #22,site main prototypes/ only where threshold/field grammar applies,KEEP AS CONTEXT,uncertified unless an accepted record is named,partial; action in route map,partial or reading-only,live,"2142 visible words, 3 citation signals, 44 links; exact related routes: dravidian-sounds-sanskrit-lacks.html; kinship-terms-south-asia.html; the-deep-root.html; the-father-tongue.html; the-languages-we-lost.html; the-northwest-cousin.html; the-plateau.html","Resolve the named correction before prominence; bind every changed claim to locator, evidence role, counter-evidence and revision.",Elamo-Dravidian remains a disputed proposal; archaeology and genetics cannot independently assign language.,03-REGISTERS/domain-e-claims.csv; 03-REGISTERS/domain-e-measurements.csv; 03-REGISTERS/domain-m-brahui-position.csv; 04-AUDITS/domain-m-adversarial-review-2026-09-07.md; 05-HOLDS/HOLD-004-north-dravidian-comparative-evidence.md; open research PR #22,Rewrite only after claim-to-record mapping; retain as context when investigation value is low.,"Side-by-side form/sound table with audio only where consented; map attestation, contact and proposed shift separately; no family-tree certainty from lexical counts. For this route, centre the composition on “Elamite and Dravidian: The Contested Language Link”.","Child/classroom role: Compare forms and choose which history each observation supports, complicates or cannot decide. only if included in an approved vertical.",Rights review for sources/assets; community consent where identity or living knowledge is represented.,03-REGISTERS/domain-e-claims.csv; 03-REGISTERS/domain-e-measurements.csv; 03-REGISTERS/domain-m-brahui-position.csv; 04-AUDITS/domain-m-adversarial-review-2026-09-07.md; 05-HOLDS/HOLD-004-north-dravidian-comparative-evidence.md; open research PR #22 → route brief → correction/interaction acceptance.,RELEASE 1,safety correction,"Route role is safety correction; prominence follows evidence and museum value, not page count."
endogamy-clock.html,Dating Caste Endogamy in the Genome,current intended page,Current site route; exact 133-page inventory; full backlog; relevant deck/running-list material,BL-1; BL-5; BL-19; BL-22; BL-26; BL-30; BL-31; BL-52,"Use this page only for separate sampled person, modelled ancestry, population history, language and identity. Its published existence does not confer verified status.",public; scholar; child/classroom only through an approved adapted action,endogamy-clock.html,03-REGISTERS/inherited-claims.csv; 04-AUDITS/REAUDIT-QUEUE.csv; CORRECTIONS-PENDING.md; NONE LOCATED for an accepted methods-qualified genetics synthesis,site main prototypes/ only where threshold/field grammar applies,KEEP AS CONTEXT,uncertified unless an accepted record is named,partial; action in route map,partial or reading-only,live,"1087 visible words, 3 citation signals, 45 links; exact related routes: academia-battlefield.html; beneath-both-waves.html; gotra.html; steppe.html; the-definition.html; the-expansions.html; the-genome-of-caste.html",Convert the load-bearing propositions on Dating Caste Endogamy in the Genome into claim-to-record links; structural citation signals (3) are not verification.,No specific factual error established here; later claim audit remains required.,03-REGISTERS/inherited-claims.csv; 04-AUDITS/REAUDIT-QUEUE.csv; CORRECTIONS-PENDING.md; NONE LOCATED for an accepted methods-qualified genetics synthesis,Rewrite only after claim-to-record mapping; retain as context when investigation value is low.,"Sample-to-model comparison showing sample place/date, method, confidence and limits; ancestry components never rendered as peoples or languages. For this route, centre the composition on “Dating Caste Endogamy in the Genome”.","Child/classroom role: Separate sampled person, modelled ancestry, population history, language and identity. only if included in an approved vertical.",Rights review for sources/assets; community consent where identity or living knowledge is represented.,03-REGISTERS/inherited-claims.csv; 04-AUDITS/REAUDIT-QUEUE.csv; CORRECTIONS-PENDING.md; NONE LOCATED for an accepted methods-qualified genetics synthesis → route brief → correction/interaction acceptance.,RELEASE 2,retained context,"Route role is retained context; prominence follows evidence and museum value, not page count."
enter.html,"Enter Veli: Explore, Exhibits, Evidence, Learn",current intended page,Current site route; exact 133-page inventory; full backlog; relevant deck/running-list material,BL-7; BL-8; BL-28; BL-41; BL-53; BL-59,Use this page only for choose a record or question and cross into its evidence trail. Its published existence does not confer verified status.,public; scholar; child/classroom only through an approved adapted action,enter.html,06-BRIEFS/mvp-fifteen/02-enter.md; 13-PRODUCT-ARCHITECTURE/museum-framework.md; 06-BRIEFS/mvp-fifteen/01-index.md; 06-BRIEFS/mvp-fifteen/02-enter.md; 06-BRIEFS/mvp-fifteen/04-veli.md,site main prototypes/ only where threshold/field grammar applies,REDESIGN,uncertified unless an accepted record is named,partial; action in route map,partial or reading-only,live,"1062 visible words, 11 citation signals, 138 links; exact related routes: exhibits.html; explore.html; index.html; veli.html","Convert the load-bearing propositions on Enter Veli: Explore, Exhibits, Evidence, Learn into claim-to-record links; structural citation signals (11) are not verification.",No specific factual error established here; later claim audit remains required.,06-BRIEFS/mvp-fifteen/02-enter.md; 13-PRODUCT-ARCHITECTURE/museum-framework.md; 06-BRIEFS/mvp-fifteen/01-index.md; 06-BRIEFS/mvp-fifteen/02-enter.md; 06-BRIEFS/mvp-fifteen/04-veli.md,Rewrite only after claim-to-record mapping; retain as context when investigation value is low.,"A single real record enters an unresolved field; reveal coordinates, date, source and question sequentially; test the merged A/B/C prototypes without declaring a final theme. For this route, centre the composition on “Enter Veli: Explore, Exhibits, Evidence, Learn”.",Child/classroom role: Choose a record or question and cross into its evidence trail. only if included in an approved vertical.,Rights review for sources/assets; community consent where identity or living knowledge is represented.,06-BRIEFS/mvp-fifteen/02-enter.md; 13-PRODUCT-ARCHITECTURE/museum-framework.md; 06-BRIEFS/mvp-fifteen/01-index.md; 06-BRIEFS/mvp-fifteen/02-enter.md; 06-BRIEFS/mvp-fifteen/04-veli.md → route brief → correction/interaction acceptance.,RELEASE 2,retained context,"Route role is retained context; prominence follows evidence and museum value, not page count."
excavation-bias-funding.html,Excavation Bias: Who Funds Digs and Why Keeladi Waits,current intended page,Current site route; exact 133-page inventory; full backlog; relevant deck/running-list material,BL-11; BL-18; BL-25; BL-26; BL-27; BL-28; BL-30; BL-31; BL-66; BL-67,"Use this page only for excavate context, date the layer and decide what the object can and cannot establish. Its published existence does not confer verified status.",public; scholar; child/classroom only through an approved adapted action,excavation-bias-funding.html,06-BRIEFS/mvp-fifteen/07-keeladi.md; 06-BRIEFS/mvp-fifteen/08-before-the-indus.md; 06-BRIEFS/mvp-fifteen/09-the-water-city.md; 03-REGISTERS/inherited-claims.csv; 02-SOURCES/access-ledger.csv,site main prototypes/ only where threshold/field grammar applies,KEEP AS CONTEXT,uncertified unless an accepted record is named,partial; action in route map,partial or reading-only,live,"1118 visible words, 4 citation signals, 46 links; exact related routes: before-the-indus.html; brahmi.html; indus-to-vedic-gap.html; keeladi.html; material-culture-ancient-south-asia.html; meluhha-trade.html; one-script-many-kingdoms.html",Convert the load-bearing propositions on Excavation Bias: Who Funds Digs and Why Keeladi Waits into claim-to-record links; structural citation signals (4) are not verification.,No specific factual error established here; later claim audit remains required.,06-BRIEFS/mvp-fifteen/07-keeladi.md; 06-BRIEFS/mvp-fifteen/08-before-the-indus.md; 06-BRIEFS/mvp-fifteen/09-the-water-city.md; 03-REGISTERS/inherited-claims.csv; 02-SOURCES/access-ledger.csv,Rewrite only after claim-to-record mapping; retain as context when investigation value is low.,"Excavation/context view with trench, layer, object, date range and alternative reading; movement maps separate material from people and language. For this route, centre the composition on “Excavation Bias: Who Funds Digs and Why Keeladi Waits”.","Child/classroom role: Excavate context, date the layer and decide what the object can and cannot establish. only if included in an approved vertical.",Rights review for sources/assets; community consent where identity or living knowledge is represented.,06-BRIEFS/mvp-fifteen/07-keeladi.md; 06-BRIEFS/mvp-fifteen/08-before-the-indus.md; 06-BRIEFS/mvp-fifteen/09-the-water-city.md; 03-REGISTERS/inherited-claims.csv; 02-SOURCES/access-ledger.csv → route brief → correction/interaction acceptance.,RELEASE 2,retained context,"Route role is retained context; prominence follows evidence and museum value, not page count."
exhibits.html,"Exhibits: the arguments, grouped by what they follow",current intended page,Current site route; exact 133-page inventory; full backlog; relevant deck/running-list material,BL-7; BL-8; BL-28; BL-41; BL-53; BL-59,Use this page only for choose a record or question and cross into its evidence trail. Its published existence does not confer verified status.,public; scholar; child/classroom only through an approved adapted action,exhibits.html,13-PRODUCT-ARCHITECTURE/museum-framework.md; 06-BRIEFS/mvp-fifteen/01-index.md; 06-BRIEFS/mvp-fifteen/02-enter.md; 06-BRIEFS/mvp-fifteen/04-veli.md,site main prototypes/ only where threshold/field grammar applies,REDESIGN,uncertified unless an accepted record is named,partial; action in route map,partial or reading-only,live,"2091 visible words, 4 citation signals, 143 links; exact related routes: enter.html; explore.html; index.html; veli.html","Convert the load-bearing propositions on Exhibits: the arguments, grouped by what they follow into claim-to-record links; structural citation signals (4) are not verification.",No specific factual error established here; later claim audit remains required.,13-PRODUCT-ARCHITECTURE/museum-framework.md; 06-BRIEFS/mvp-fifteen/01-index.md; 06-BRIEFS/mvp-fifteen/02-enter.md; 06-BRIEFS/mvp-fifteen/04-veli.md,Rewrite only after claim-to-record mapping; retain as context when investigation value is low.,"A single real record enters an unresolved field; reveal coordinates, date, source and question sequentially; test the merged A/B/C prototypes without declaring a final theme. For this route, centre the composition on “Exhibits: the arguments, grouped by what they follow”.",Child/classroom role: Choose a record or question and cross into its evidence trail. only if included in an approved vertical.,Rights review for sources/assets; community consent where identity or living knowledge is represented.,13-PRODUCT-ARCHITECTURE/museum-framework.md; 06-BRIEFS/mvp-fifteen/01-index.md; 06-BRIEFS/mvp-fifteen/02-enter.md; 06-BRIEFS/mvp-fifteen/04-veli.md → route brief → correction/interaction acceptance.,RELEASE 2,retained context,"Route role is retained context; prominence follows evidence and museum value, not page count."
explore.html,"Explore Mela Keela: the atlas, the instruments, the evidence",current intended page,Current site route; exact 133-page inventory; full backlog; relevant deck/running-list material,BL-7; BL-8; BL-28; BL-41; BL-53; BL-59,Use this page only for choose a record or question and cross into its evidence trail. Its published existence does not confer verified status.,public; scholar; child/classroom only through an approved adapted action,explore.html,13-PRODUCT-ARCHITECTURE/museum-framework.md; 06-BRIEFS/mvp-fifteen/01-index.md; 06-BRIEFS/mvp-fifteen/02-enter.md; 06-BRIEFS/mvp-fifteen/04-veli.md,site main prototypes/ only where threshold/field grammar applies,REDESIGN,uncertified unless an accepted record is named,partial; action in route map,partial or reading-only,live,"796 visible words, 5 citation signals, 50 links; exact related routes: enter.html; exhibits.html; index.html; veli.html","Convert the load-bearing propositions on Explore Mela Keela: the atlas, the instruments, the evidence into claim-to-record links; structural citation signals (5) are not verification.",No specific factual error established here; later claim audit remains required.,13-PRODUCT-ARCHITECTURE/museum-framework.md; 06-BRIEFS/mvp-fifteen/01-index.md; 06-BRIEFS/mvp-fifteen/02-enter.md; 06-BRIEFS/mvp-fifteen/04-veli.md,Rewrite only after claim-to-record mapping; retain as context when investigation value is low.,"A single real record enters an unresolved field; reveal coordinates, date, source and question sequentially; test the merged A/B/C prototypes without declaring a final theme. For this route, centre the composition on “Explore Mela Keela: the atlas, the instruments, the evidence”.",Child/classroom role: Choose a record or question and cross into its evidence trail. only if included in an approved vertical.,Rights review for sources/assets; community consent where identity or living knowledge is represented.,13-PRODUCT-ARCHITECTURE/museum-framework.md; 06-BRIEFS/mvp-fifteen/01-index.md; 06-BRIEFS/mvp-fifteen/02-enter.md; 06-BRIEFS/mvp-fifteen/04-veli.md → route brief → correction/interaction acceptance.,RELEASE 2,retained context,"Route role is retained context; prominence follows evidence and museum value, not page count."
foreign-accounts-ancient-india.html,Foreign Visitors' Accounts of Ancient India,current intended page,Current site route; exact 133-page inventory; full backlog; relevant deck/running-list material,BL-6; BL-18; BL-26; BL-31; BL-42; BL-43; BL-45; BL-52; BL-55,"Use this page only for trace a claim backward through author, archive, translation, funding and omission. Its published existence does not confer verified status.",public; scholar; child/classroom only through an approved adapted action,foreign-accounts-ancient-india.html,04-AUDITS/ARCHIVE-AND-POWER-AUDIT.csv; 04-AUDITS/BIAS-FAILURE-LOG.csv; 06-BRIEFS/mvp-fifteen/14-custody.md; 06-BRIEFS/mvp-fifteen/15-the-archive.md,site main prototypes/ only where threshold/field grammar applies,KEEP AS CONTEXT,uncertified unless an accepted record is named,partial; action in route map,partial or reading-only,live,"1664 visible words, 6 citation signals, 35 links; exact related routes: authorship-attribution-ancient-texts.html; chains-of-transmission.html; forest-peoples-sanskrit-record.html; indology.html; manuscript-custody.html; naming-in-ancient-india.html; oral-traditions-unwritten.html",Convert the load-bearing propositions on Foreign Visitors' Accounts of Ancient India into claim-to-record links; structural citation signals (6) are not verification.,No specific factual error established here; later claim audit remains required.,04-AUDITS/ARCHIVE-AND-POWER-AUDIT.csv; 04-AUDITS/BIAS-FAILURE-LOG.csv; 06-BRIEFS/mvp-fifteen/14-custody.md; 06-BRIEFS/mvp-fifteen/15-the-archive.md,Rewrite only after claim-to-record mapping; retain as context when investigation value is low.,"Source-genealogy network showing who recorded, preserved, translated, funded and excluded; motive appears only when documented. For this route, centre the composition on “Foreign Visitors' Accounts of Ancient India”.","Child/classroom role: Trace a claim backward through author, archive, translation, funding and omission. only if included in an approved vertical.",Rights review for sources/assets; community consent where identity or living knowledge is represented.,04-AUDITS/ARCHIVE-AND-POWER-AUDIT.csv; 04-AUDITS/BIAS-FAILURE-LOG.csv; 06-BRIEFS/mvp-fifteen/14-custody.md; 06-BRIEFS/mvp-fifteen/15-the-archive.md → route brief → correction/interaction acceptance.,RELEASE 2,retained context,"Route role is retained context; prominence follows evidence and museum value, not page count."
forest-peoples-sanskrit-record.html,Forest Peoples in the Sanskrit Record,current intended page,Current site route; exact 133-page inventory; full backlog; relevant deck/running-list material,BL-6; BL-18; BL-26; BL-31; BL-42; BL-43; BL-45; BL-52; BL-55,"Use this page only for trace a claim backward through author, archive, translation, funding and omission. Its published existence does not confer verified status.",public; scholar; child/classroom only through an approved adapted action,forest-peoples-sanskrit-record.html,04-AUDITS/ARCHIVE-AND-POWER-AUDIT.csv; 04-AUDITS/BIAS-FAILURE-LOG.csv; 06-BRIEFS/mvp-fifteen/14-custody.md; 06-BRIEFS/mvp-fifteen/15-the-archive.md,site main prototypes/ only where threshold/field grammar applies,DEEPEN,uncertified unless an accepted record is named,partial; action in route map,partial or reading-only,live,"1721 visible words, 4 citation signals, 46 links; exact related routes: authorship-attribution-ancient-texts.html; chains-of-transmission.html; foreign-accounts-ancient-india.html; indology.html; manuscript-custody.html; naming-in-ancient-india.html; oral-traditions-unwritten.html",Convert the load-bearing propositions on Forest Peoples in the Sanskrit Record into claim-to-record links; structural citation signals (4) are not verification.,No specific factual error established here; later claim audit remains required.,04-AUDITS/ARCHIVE-AND-POWER-AUDIT.csv; 04-AUDITS/BIAS-FAILURE-LOG.csv; 06-BRIEFS/mvp-fifteen/14-custody.md; 06-BRIEFS/mvp-fifteen/15-the-archive.md,Rewrite only after claim-to-record mapping; retain as context when investigation value is low.,"Source-genealogy network showing who recorded, preserved, translated, funded and excluded; motive appears only when documented. For this route, centre the composition on “Forest Peoples in the Sanskrit Record”.","Child/classroom role: Trace a claim backward through author, archive, translation, funding and omission. only if included in an approved vertical.",Rights review for sources/assets; community consent where identity or living knowledge is represented.,04-AUDITS/ARCHIVE-AND-POWER-AUDIT.csv; 04-AUDITS/BIAS-FAILURE-LOG.csv; 06-BRIEFS/mvp-fifteen/14-custody.md; 06-BRIEFS/mvp-fifteen/15-the-archive.md → route brief → correction/interaction acceptance.,RELEASE 2,retained context,"Route role is retained context; prominence follows evidence and museum value, not page count."
four-varnas-one-verse.html,The Four Varnas Appear Together in One Rigvedic Verse,current intended page,Current site route; exact 133-page inventory; full backlog; relevant deck/running-list material,BL-1; BL-2; BL-5; BL-6; BL-12; BL-18; BL-31; BL-52,Use this page only for test a public count by inspecting included and excluded occurrences in context. Its published existence does not confer verified status.,public; scholar; child/classroom only through an approved adapted action,four-varnas-one-verse.html,03-REGISTERS/rigveda-pur-family.csv; 03-REGISTERS/rigveda-pur-passages.csv; 03-REGISTERS/rigveda-varna.csv; 03-REGISTERS/rigveda-varna-occurrences.csv; 04-AUDITS/rigveda-pur-family-method.md; 06-BRIEFS/pur-4j-corpus.md; open research PR #30,site main prototypes/ only where threshold/field grammar applies,DEEPEN,uncertified unless an accepted record is named,partial; action in route map,partial or reading-only,live,"2053 visible words, 3 citation signals, 46 links; exact related routes: caste-vocabulary-curve.html; criminalised-today.html; dasa-forts-rigveda.html; geography-in-vedic-texts.html; mitanni.html; mlecha.html; paid-in-cattle.html",Convert the load-bearing propositions on The Four Varnas Appear Together in One Rigvedic Verse into claim-to-record links; structural citation signals (3) are not verification.,No specific factual error established here; later claim audit remains required.,03-REGISTERS/rigveda-pur-family.csv; 03-REGISTERS/rigveda-pur-passages.csv; 03-REGISTERS/rigveda-varna.csv; 03-REGISTERS/rigveda-varna-occurrences.csv; 04-AUDITS/rigveda-pur-family-method.md; 06-BRIEFS/pur-4j-corpus.md; open research PR #30,Rewrite only after claim-to-record mapping; retain as context when investigation value is low.,"Searchable verse/source viewer with lemma, form, translation variants, passage context and counted/not-counted reason; never use book order as a date axis. For this route, centre the composition on “The Four Varnas Appear Together in One Rigvedic Verse”.",Child/classroom role: Test a public count by inspecting included and excluded occurrences in context. only if included in an approved vertical.,Rights review for sources/assets; community consent where identity or living knowledge is represented.,03-REGISTERS/rigveda-pur-family.csv; 03-REGISTERS/rigveda-pur-passages.csv; 03-REGISTERS/rigveda-varna.csv; 03-REGISTERS/rigveda-varna-occurrences.csv; 04-AUDITS/rigveda-pur-family-method.md; 06-BRIEFS/pur-4j-corpus.md; open research PR #30 → route brief → correction/interaction acceptance.,RELEASE 2,retained context,"Route role is retained context; prominence follows evidence and museum value, not page count."
geography-in-vedic-texts.html,Mapping the Geography Inside the Vedic Texts,current intended page,Current site route; exact 133-page inventory; full backlog; relevant deck/running-list material,BL-1; BL-2; BL-5; BL-6; BL-12; BL-18; BL-31; BL-52,Use this page only for test a public count by inspecting included and excluded occurrences in context. Its published existence does not confer verified status.,public; scholar; child/classroom only through an approved adapted action,geography-in-vedic-texts.html,03-REGISTERS/rigveda-pur-family.csv; 03-REGISTERS/rigveda-pur-passages.csv; 03-REGISTERS/rigveda-varna.csv; 03-REGISTERS/rigveda-varna-occurrences.csv; 04-AUDITS/rigveda-pur-family-method.md; 06-BRIEFS/pur-4j-corpus.md; open research PR #30,site main prototypes/ only where threshold/field grammar applies,CORRECT CLAIMS,uncertified unless an accepted record is named,partial; action in route map,partial or reading-only,live,"3285 visible words, 4 citation signals, 45 links; exact related routes: caste-vocabulary-curve.html; criminalised-today.html; dasa-forts-rigveda.html; four-varnas-one-verse.html; mitanni.html; mlecha.html; paid-in-cattle.html","Resolve the named correction before prominence; bind every changed claim to locator, evidence role, counter-evidence and revision.",Hydronym resemblance requires form-by-form chronology and alternatives; it does not decide inheritance or direction.,03-REGISTERS/rigveda-pur-family.csv; 03-REGISTERS/rigveda-pur-passages.csv; 03-REGISTERS/rigveda-varna.csv; 03-REGISTERS/rigveda-varna-occurrences.csv; 04-AUDITS/rigveda-pur-family-method.md; 06-BRIEFS/pur-4j-corpus.md; open research PR #30,Rewrite only after claim-to-record mapping; retain as context when investigation value is low.,"Searchable verse/source viewer with lemma, form, translation variants, passage context and counted/not-counted reason; never use book order as a date axis. For this route, centre the composition on “Mapping the Geography Inside the Vedic Texts”.",Child/classroom role: Test a public count by inspecting included and excluded occurrences in context. only if included in an approved vertical.,Rights review for sources/assets; community consent where identity or living knowledge is represented.,03-REGISTERS/rigveda-pur-family.csv; 03-REGISTERS/rigveda-pur-passages.csv; 03-REGISTERS/rigveda-varna.csv; 03-REGISTERS/rigveda-varna-occurrences.csv; 04-AUDITS/rigveda-pur-family-method.md; 06-BRIEFS/pur-4j-corpus.md; open research PR #30 → route brief → correction/interaction acceptance.,RELEASE 1,safety correction,"Route role is safety correction; prominence follows evidence and museum value, not page count."
gotra.html,Gotra and Genetics: Lineage Exogamy in South Asian DNA,current intended page,Current site route; exact 133-page inventory; full backlog; relevant deck/running-list material,BL-1; BL-5; BL-19; BL-22; BL-26; BL-30; BL-31; BL-52,"Use this page only for separate sampled person, modelled ancestry, population history, language and identity. Its published existence does not confer verified status.",public; scholar; child/classroom only through an approved adapted action,gotra.html,03-REGISTERS/inherited-claims.csv; 04-AUDITS/REAUDIT-QUEUE.csv; CORRECTIONS-PENDING.md; NONE LOCATED for an accepted methods-qualified genetics synthesis,site main prototypes/ only where threshold/field grammar applies,DEEPEN,uncertified unless an accepted record is named,partial; action in route map,partial or reading-only,live,"896 visible words, 2 citation signals, 36 links; exact related routes: academia-battlefield.html; beneath-both-waves.html; endogamy-clock.html; steppe.html; the-definition.html; the-expansions.html; the-genome-of-caste.html",Convert the load-bearing propositions on Gotra and Genetics: Lineage Exogamy in South Asian DNA into claim-to-record links; structural citation signals (2) are not verification.,No specific factual error established here; later claim audit remains required.,03-REGISTERS/inherited-claims.csv; 04-AUDITS/REAUDIT-QUEUE.csv; CORRECTIONS-PENDING.md; NONE LOCATED for an accepted methods-qualified genetics synthesis,Rewrite only after claim-to-record mapping; retain as context when investigation value is low.,"Sample-to-model comparison showing sample place/date, method, confidence and limits; ancestry components never rendered as peoples or languages. For this route, centre the composition on “Gotra and Genetics: Lineage Exogamy in South Asian DNA”.","Child/classroom role: Separate sampled person, modelled ancestry, population history, language and identity. only if included in an approved vertical.",Rights review for sources/assets; community consent where identity or living knowledge is represented.,03-REGISTERS/inherited-claims.csv; 04-AUDITS/REAUDIT-QUEUE.csv; CORRECTIONS-PENDING.md; NONE LOCATED for an accepted methods-qualified genetics synthesis → route brief → correction/interaction acceptance.,RELEASE 2,retained context,"Route role is retained context; prominence follows evidence and museum value, not page count."
how-buddhism-left.html,How Buddhism Left India: A Disappearance With No Single Cause,current intended page,Current site route; exact 133-page inventory; full backlog; relevant deck/running-list material,BL-6; BL-15; BL-16; BL-17; BL-18; BL-31; BL-52,"Use this page only for compare who is speaking and whether the source is self-description, opponent report or later transmission. Its published existence does not confer verified status.",public; scholar; child/classroom only through an approved adapted action,how-buddhism-left.html,03-REGISTERS/inherited-claims.csv; 02-SOURCES/access-ledger.csv; NONE LOCATED for accepted Pāli/Prakrit/Jain/Aśokan/Chinese-pilgrim corpus parity,site main prototypes/ only where threshold/field grammar applies,KEEP AS CONTEXT,uncertified unless an accepted record is named,partial; action in route map,partial or reading-only,live,"1530 visible words, 6 citation signals, 29 links; exact related routes: brahmavadini.html; bronkhorst.html; panini.html; the-broken-chain.html; the-computed-dawn.html; the-eastern-tradition.html; the-gods-people-had.html",Convert the load-bearing propositions on How Buddhism Left India: A Disappearance With No Single Cause into claim-to-record links; structural citation signals (6) are not verification.,No specific factual error established here; later claim audit remains required.,03-REGISTERS/inherited-claims.csv; 02-SOURCES/access-ledger.csv; NONE LOCATED for accepted Pāli/Prakrit/Jain/Aśokan/Chinese-pilgrim corpus parity,Rewrite only after claim-to-record mapping; retain as context when investigation value is low.,"Parallel source/voice viewer that distinguishes self-description, rival report, later commentary and modern reconstruction. For this route, centre the composition on “How Buddhism Left India: A Disappearance With No Single Cause”.","Child/classroom role: Compare who is speaking and whether the source is self-description, opponent report or later transmission. only if included in an approved vertical.",Rights review for sources/assets; community consent where identity or living knowledge is represented.,03-REGISTERS/inherited-claims.csv; 02-SOURCES/access-ledger.csv; NONE LOCATED for accepted Pāli/Prakrit/Jain/Aśokan/Chinese-pilgrim corpus parity → route brief → correction/interaction acceptance.,RELEASE 2,retained context,"Route role is retained context; prominence follows evidence and museum value, not page count."
index.html,Veli: A Digital Museum of Ancient South Asia,current intended page,Current site route; exact 133-page inventory; full backlog; relevant deck/running-list material,BL-7; BL-8; BL-28; BL-41; BL-53; BL-59,Use this page only for choose a record or question and cross into its evidence trail. Its published existence does not confer verified status.,public; scholar; child/classroom only through an approved adapted action,index.html,06-BRIEFS/mvp-fifteen/01-index.md; 13-PRODUCT-ARCHITECTURE/museum-framework.md; 06-BRIEFS/mvp-fifteen/01-index.md; 06-BRIEFS/mvp-fifteen/02-enter.md; 06-BRIEFS/mvp-fifteen/04-veli.md,site main prototypes/ only where threshold/field grammar applies,REDESIGN,uncertified unless an accepted record is named,partial; action in route map,partial or reading-only,live,"341 visible words, 3 citation signals, 3 links; exact related routes: enter.html; exhibits.html; explore.html; veli.html",Convert the load-bearing propositions on Veli: A Digital Museum of Ancient South Asia into claim-to-record links; structural citation signals (3) are not verification.,No specific factual error established here; later claim audit remains required.,06-BRIEFS/mvp-fifteen/01-index.md; 13-PRODUCT-ARCHITECTURE/museum-framework.md; 06-BRIEFS/mvp-fifteen/01-index.md; 06-BRIEFS/mvp-fifteen/02-enter.md; 06-BRIEFS/mvp-fifteen/04-veli.md,Rewrite only after claim-to-record mapping; retain as context when investigation value is low.,"A single real record enters an unresolved field; reveal coordinates, date, source and question sequentially; test the merged A/B/C prototypes without declaring a final theme. For this route, centre the composition on “Veli: A Digital Museum of Ancient South Asia”.",Child/classroom role: Choose a record or question and cross into its evidence trail. only if included in an approved vertical.,Rights review for sources/assets; community consent where identity or living knowledge is represented.,06-BRIEFS/mvp-fifteen/01-index.md; 13-PRODUCT-ARCHITECTURE/museum-framework.md; 06-BRIEFS/mvp-fifteen/01-index.md; 06-BRIEFS/mvp-fifteen/02-enter.md; 06-BRIEFS/mvp-fifteen/04-veli.md → route brief → correction/interaction acceptance.,RELEASE 1,enabler,"Route role is enabler; prominence follows evidence and museum value, not page count."
indology.html,Western Indology and Its Asymmetric Evidence Standards,current intended page,Current site route; exact 133-page inventory; full backlog; relevant deck/running-list material,BL-6; BL-18; BL-26; BL-31; BL-42; BL-43; BL-45; BL-52; BL-55,"Use this page only for trace a claim backward through author, archive, translation, funding and omission. Its published existence does not confer verified status.",public; scholar; child/classroom only through an approved adapted action,indology.html,04-AUDITS/ARCHIVE-AND-POWER-AUDIT.csv; 04-AUDITS/BIAS-FAILURE-LOG.csv; 06-BRIEFS/mvp-fifteen/14-custody.md; 06-BRIEFS/mvp-fifteen/15-the-archive.md,site main prototypes/ only where threshold/field grammar applies,REFRAME,uncertified unless an accepted record is named,partial; action in route map,partial or reading-only,live,"4026 visible words, 12 citation signals, 48 links; exact related routes: authorship-attribution-ancient-texts.html; chains-of-transmission.html; foreign-accounts-ancient-india.html; forest-peoples-sanskrit-record.html; manuscript-custody.html; naming-in-ancient-india.html; oral-traditions-unwritten.html","Resolve the named correction before prominence; bind every changed claim to locator, evidence role, counter-evidence and revision.","Archive and colonial-category critique require documentary genealogy, not inferred collective motive.",04-AUDITS/ARCHIVE-AND-POWER-AUDIT.csv; 04-AUDITS/BIAS-FAILURE-LOG.csv; 06-BRIEFS/mvp-fifteen/14-custody.md; 06-BRIEFS/mvp-fifteen/15-the-archive.md,Rewrite only after claim-to-record mapping; retain as context when investigation value is low.,"Source-genealogy network showing who recorded, preserved, translated, funded and excluded; motive appears only when documented. For this route, centre the composition on “Western Indology and Its Asymmetric Evidence Standards”.","Child/classroom role: Trace a claim backward through author, archive, translation, funding and omission. only if included in an approved vertical.",Rights review for sources/assets; community consent where identity or living knowledge is represented.,04-AUDITS/ARCHIVE-AND-POWER-AUDIT.csv; 04-AUDITS/BIAS-FAILURE-LOG.csv; 06-BRIEFS/mvp-fifteen/14-custody.md; 06-BRIEFS/mvp-fifteen/15-the-archive.md → route brief → correction/interaction acceptance.,RELEASE 1,safety correction,"Route role is safety correction; prominence follows evidence and museum value, not page count."
indus-to-vedic-gap.html,The Gap Between the Indus and the Vedic Texts,current intended page,Current site route; exact 133-page inventory; full backlog; relevant deck/running-list material,BL-11; BL-18; BL-25; BL-26; BL-27; BL-28; BL-30; BL-31; BL-66; BL-67,"Use this page only for excavate context, date the layer and decide what the object can and cannot establish. Its published existence does not confer verified status.",public; scholar; child/classroom only through an approved adapted action,indus-to-vedic-gap.html,06-BRIEFS/mvp-fifteen/07-keeladi.md; 06-BRIEFS/mvp-fifteen/08-before-the-indus.md; 06-BRIEFS/mvp-fifteen/09-the-water-city.md; 03-REGISTERS/inherited-claims.csv; 02-SOURCES/access-ledger.csv,site main prototypes/ only where threshold/field grammar applies,KEEP AS CONTEXT,uncertified unless an accepted record is named,partial; action in route map,partial or reading-only,live,"1339 visible words, 3 citation signals, 44 links; exact related routes: before-the-indus.html; brahmi.html; excavation-bias-funding.html; keeladi.html; material-culture-ancient-south-asia.html; meluhha-trade.html; one-script-many-kingdoms.html",Convert the load-bearing propositions on The Gap Between the Indus and the Vedic Texts into claim-to-record links; structural citation signals (3) are not verification.,No specific factual error established here; later claim audit remains required.,06-BRIEFS/mvp-fifteen/07-keeladi.md; 06-BRIEFS/mvp-fifteen/08-before-the-indus.md; 06-BRIEFS/mvp-fifteen/09-the-water-city.md; 03-REGISTERS/inherited-claims.csv; 02-SOURCES/access-ledger.csv,Rewrite only after claim-to-record mapping; retain as context when investigation value is low.,"Excavation/context view with trench, layer, object, date range and alternative reading; movement maps separate material from people and language. For this route, centre the composition on “The Gap Between the Indus and the Vedic Texts”.","Child/classroom role: Excavate context, date the layer and decide what the object can and cannot establish. only if included in an approved vertical.",Rights review for sources/assets; community consent where identity or living knowledge is represented.,06-BRIEFS/mvp-fifteen/07-keeladi.md; 06-BRIEFS/mvp-fifteen/08-before-the-indus.md; 06-BRIEFS/mvp-fifteen/09-the-water-city.md; 03-REGISTERS/inherited-claims.csv; 02-SOURCES/access-ledger.csv → route brief → correction/interaction acceptance.,RELEASE 2,retained context,"Route role is retained context; prominence follows evidence and museum value, not page count."
jatization.html,Jatization: How Varna Hardened into Birth-Bound Caste,current intended page,Current site route; exact 133-page inventory; full backlog; relevant deck/running-list material,BL-1; BL-5; BL-6; BL-18; BL-26; BL-31; BL-52,Use this page only for track one term or institution across dated records and identify where the archive cannot support continuity. Its published existence does not confer verified status.,public; scholar; child/classroom only through an approved adapted action,jatization.html,03-REGISTERS/rigveda-varna.csv; rigveda-varna-occurrences.csv; CORRECTIONS-PENDING.md; 03-REGISTERS/inherited-claims.csv,site main prototypes/ only where threshold/field grammar applies,KEEP AS CONTEXT,uncertified unless an accepted record is named,partial; action in route map,partial or reading-only,live,"1378 visible words, 11 citation signals, 21 links; exact related routes: birth-was-not-always-destiny.html; caste-enforcement-mechanism.html; caste-survives-conversion.html; caste-was-law.html; climbing-the-ladder.html; counted-as-nothing.html; non-brahmanical-legal-traditions.html",Convert the load-bearing propositions on Jatization: How Varna Hardened into Birth-Bound Caste into claim-to-record links; structural citation signals (11) are not verification.,No specific factual error established here; later claim audit remains required.,03-REGISTERS/rigveda-varna.csv; rigveda-varna-occurrences.csv; CORRECTIONS-PENDING.md; 03-REGISTERS/inherited-claims.csv,Rewrite only after claim-to-record mapping; retain as context when investigation value is low.,"Term-and-institution timeline with place/genre/date filters, counterexamples and archive gaps; avoid a single inevitable curve. For this route, centre the composition on “Jatization: How Varna Hardened into Birth-Bound Caste”.",Child/classroom role: Track one term or institution across dated records and identify where the archive cannot support continuity. only if included in an approved vertical.,Rights review for sources/assets; community consent where identity or living knowledge is represented.,03-REGISTERS/rigveda-varna.csv; rigveda-varna-occurrences.csv; CORRECTIONS-PENDING.md; 03-REGISTERS/inherited-claims.csv → route brief → correction/interaction acceptance.,RELEASE 2,retained context,"Route role is retained context; prominence follows evidence and museum value, not page count."
keeladi.html,Keeladi: A Literate Tamil City from 6th Century BCE,current intended page,Current site route; exact 133-page inventory; full backlog; relevant deck/running-list material,BL-11; BL-18; BL-25; BL-26; BL-27; BL-28; BL-30; BL-31; BL-66; BL-67,"Use this page only for excavate context, date the layer and decide what the object can and cannot establish. Its published existence does not confer verified status.",public; scholar; child/classroom only through an approved adapted action,keeladi.html,06-BRIEFS/mvp-fifteen/07-keeladi.md; 06-BRIEFS/mvp-fifteen/07-keeladi.md; 06-BRIEFS/mvp-fifteen/08-before-the-indus.md; 06-BRIEFS/mvp-fifteen/09-the-water-city.md; 03-REGISTERS/inherited-claims.csv; 02-SOURCES/access-ledger.csv,site main prototypes/ only where threshold/field grammar applies,CORRECT CLAIMS,uncertified unless an accepted record is named,partial; action in route map,partial or reading-only,live,"1305 visible words, 18 citation signals, 17 links; exact related routes: before-the-indus.html; brahmi.html; excavation-bias-funding.html; indus-to-vedic-gap.html; material-culture-ancient-south-asia.html; meluhha-trade.html; one-script-many-kingdoms.html","Resolve the named correction before prominence; bind every changed claim to locator, evidence role, counter-evidence and revision.","The title asserts a literate Tamil city; marks/graffiti do not by themselves establish population-wide literacy, language or script identity.",06-BRIEFS/mvp-fifteen/07-keeladi.md; 06-BRIEFS/mvp-fifteen/07-keeladi.md; 06-BRIEFS/mvp-fifteen/08-before-the-indus.md; 06-BRIEFS/mvp-fifteen/09-the-water-city.md; 03-REGISTERS/inherited-claims.csv; 02-SOURCES/access-ledger.csv,Rewrite only after claim-to-record mapping; retain as context when investigation value is low.,"Excavation/context view with trench, layer, object, date range and alternative reading; movement maps separate material from people and language. For this route, centre the composition on “Keeladi: A Literate Tamil City from 6th Century BCE”.","Child/classroom role: Excavate context, date the layer and decide what the object can and cannot establish. only if included in an approved vertical.",Rights review for sources/assets; community consent where identity or living knowledge is represented.,06-BRIEFS/mvp-fifteen/07-keeladi.md; 06-BRIEFS/mvp-fifteen/07-keeladi.md; 06-BRIEFS/mvp-fifteen/08-before-the-indus.md; 06-BRIEFS/mvp-fifteen/09-the-water-city.md; 03-REGISTERS/inherited-claims.csv; 02-SOURCES/access-ledger.csv → route brief → correction/interaction acceptance.,RELEASE 1,flagship,"Route role is flagship; prominence follows evidence and museum value, not page count."
kinship-terms-south-asia.html,Kinship Terms and What They Reveal About Ancient Society,current intended page,Current site route; exact 133-page inventory; full backlog; relevant deck/running-list material,BL-9; BL-10; BL-11; BL-13; BL-14; BL-18; BL-31; BL-40; BL-58; BL-69,"Use this page only for compare forms and choose which history each observation supports, complicates or cannot decide. Its published existence does not confer verified status.",public; scholar; child/classroom only through an approved adapted action,kinship-terms-south-asia.html,03-REGISTERS/domain-e-claims.csv; 03-REGISTERS/domain-e-measurements.csv; 03-REGISTERS/domain-m-brahui-position.csv; 04-AUDITS/domain-m-adversarial-review-2026-09-07.md; 05-HOLDS/HOLD-004-north-dravidian-comparative-evidence.md; open research PR #22,site main prototypes/ only where threshold/field grammar applies,KEEP AS CONTEXT,uncertified unless an accepted record is named,partial; action in route map,partial or reading-only,live,"6129 visible words, 7 citation signals, 45 links; exact related routes: dravidian-sounds-sanskrit-lacks.html; elamo-dravidian-hypothesis.html; the-deep-root.html; the-father-tongue.html; the-languages-we-lost.html; the-northwest-cousin.html; the-plateau.html",Convert the load-bearing propositions on Kinship Terms and What They Reveal About Ancient Society into claim-to-record links; structural citation signals (7) are not verification.,No specific factual error established here; later claim audit remains required.,03-REGISTERS/domain-e-claims.csv; 03-REGISTERS/domain-e-measurements.csv; 03-REGISTERS/domain-m-brahui-position.csv; 04-AUDITS/domain-m-adversarial-review-2026-09-07.md; 05-HOLDS/HOLD-004-north-dravidian-comparative-evidence.md; open research PR #22,Rewrite only after claim-to-record mapping; retain as context when investigation value is low.,"Side-by-side form/sound table with audio only where consented; map attestation, contact and proposed shift separately; no family-tree certainty from lexical counts. For this route, centre the composition on “Kinship Terms and What They Reveal About Ancient Society”.","Child/classroom role: Compare forms and choose which history each observation supports, complicates or cannot decide. only if included in an approved vertical.",Rights review for sources/assets; community consent where identity or living knowledge is represented.,03-REGISTERS/domain-e-claims.csv; 03-REGISTERS/domain-e-measurements.csv; 03-REGISTERS/domain-m-brahui-position.csv; 04-AUDITS/domain-m-adversarial-review-2026-09-07.md; 05-HOLDS/HOLD-004-north-dravidian-comparative-evidence.md; open research PR #22 → route brief → correction/interaction acceptance.,RELEASE 2,retained context,"Route role is retained context; prominence follows evidence and museum value, not page count."
kural.html,Tirukkural: Tamil Ethics Without Caste or Ritual,current intended page,Current site route; exact 133-page inventory; full backlog; relevant deck/running-list material,BL-14; BL-18; BL-31; BL-39; BL-40; BL-58; BL-61; BL-69,"Use this page only for move among text, commentary, material setting and living interpretation without collapsing them. Its published existence does not confer verified status.",public; scholar; child/classroom only through an approved adapted action,kural.html,06-BRIEFS/mvp-fifteen/10-kural.md; 06-BRIEFS/mvp-fifteen/05-tinai.md; 06-BRIEFS/mvp-fifteen/10-kural.md; 06-BRIEFS/mvp-fifteen/11-sound-changes.md; 02-SOURCES/access-ledger.csv; NONE LOCATED for an accepted Tamil-corpus parity set,site main prototypes/ only where threshold/field grammar applies,KEEP AS CONTEXT,uncertified unless an accepted record is named,partial; action in route map,partial or reading-only,live,"952 visible words, 5 citation signals, 29 links; exact related routes: music.html; the-guilds-and-the-raid.html; the-lost-harp.html; tinai.html; where-music-begins.html",Convert the load-bearing propositions on Tirukkural: Tamil Ethics Without Caste or Ritual into claim-to-record links; structural citation signals (5) are not verification.,No specific factual error established here; later claim audit remains required.,06-BRIEFS/mvp-fifteen/10-kural.md; 06-BRIEFS/mvp-fifteen/05-tinai.md; 06-BRIEFS/mvp-fifteen/10-kural.md; 06-BRIEFS/mvp-fifteen/11-sound-changes.md; 02-SOURCES/access-ledger.csv; NONE LOCATED for an accepted Tamil-corpus parity set,Rewrite only after claim-to-record mapping; retain as context when investigation value is low.,"Text/object/audio encounter separating early textual meaning, commentary, later/living interpretation and MelaKeela’s contemporary use; no generic landscape decoration. For this route, centre the composition on “Tirukkural: Tamil Ethics Without Caste or Ritual”.","Child/classroom role: Move among text, commentary, material setting and living interpretation without collapsing them. only if included in an approved vertical.",Rights review for sources/assets; community consent where identity or living knowledge is represented.,06-BRIEFS/mvp-fifteen/10-kural.md; 06-BRIEFS/mvp-fifteen/05-tinai.md; 06-BRIEFS/mvp-fifteen/10-kural.md; 06-BRIEFS/mvp-fifteen/11-sound-changes.md; 02-SOURCES/access-ledger.csv; NONE LOCATED for an accepted Tamil-corpus parity set → route brief → correction/interaction acceptance.,RELEASE 2,retained context,"Route role is retained context; prominence follows evidence and museum value, not page count."
manuscript-custody.html,Manuscript Custody: Who Held the Texts and Who Was Kept Out,current intended page,Current site route; exact 133-page inventory; full backlog; relevant deck/running-list material,BL-6; BL-18; BL-26; BL-31; BL-42; BL-43; BL-45; BL-52; BL-55,"Use this page only for trace a claim backward through author, archive, translation, funding and omission. Its published existence does not confer verified status.",public; scholar; child/classroom only through an approved adapted action,manuscript-custody.html,06-BRIEFS/mvp-fifteen/14-custody.md; 04-AUDITS/ARCHIVE-AND-POWER-AUDIT.csv; 04-AUDITS/BIAS-FAILURE-LOG.csv; 06-BRIEFS/mvp-fifteen/14-custody.md; 06-BRIEFS/mvp-fifteen/15-the-archive.md,site main prototypes/ only where threshold/field grammar applies,KEEP AS CONTEXT,uncertified unless an accepted record is named,partial; action in route map,partial or reading-only,live,"1383 visible words, 5 citation signals, 16 links; exact related routes: authorship-attribution-ancient-texts.html; chains-of-transmission.html; foreign-accounts-ancient-india.html; forest-peoples-sanskrit-record.html; indology.html; naming-in-ancient-india.html; oral-traditions-unwritten.html",Convert the load-bearing propositions on Manuscript Custody: Who Held the Texts and Who Was Kept Out into claim-to-record links; structural citation signals (5) are not verification.,No specific factual error established here; later claim audit remains required.,06-BRIEFS/mvp-fifteen/14-custody.md; 04-AUDITS/ARCHIVE-AND-POWER-AUDIT.csv; 04-AUDITS/BIAS-FAILURE-LOG.csv; 06-BRIEFS/mvp-fifteen/14-custody.md; 06-BRIEFS/mvp-fifteen/15-the-archive.md,Rewrite only after claim-to-record mapping; retain as context when investigation value is low.,"Source-genealogy network showing who recorded, preserved, translated, funded and excluded; motive appears only when documented. For this route, centre the composition on “Manuscript Custody: Who Held the Texts and Who Was Kept Out”.","Child/classroom role: Trace a claim backward through author, archive, translation, funding and omission. only if included in an approved vertical.",Rights review for sources/assets; community consent where identity or living knowledge is represented.,06-BRIEFS/mvp-fifteen/14-custody.md; 04-AUDITS/ARCHIVE-AND-POWER-AUDIT.csv; 04-AUDITS/BIAS-FAILURE-LOG.csv; 06-BRIEFS/mvp-fifteen/14-custody.md; 06-BRIEFS/mvp-fifteen/15-the-archive.md → route brief → correction/interaction acceptance.,RELEASE 2,retained context,"Route role is retained context; prominence follows evidence and museum value, not page count."
material-culture-ancient-south-asia.html,What They Had: Material Culture of Ancient South Asia,current intended page,Current site route; exact 133-page inventory; full backlog; relevant deck/running-list material,BL-11; BL-18; BL-25; BL-26; BL-27; BL-28; BL-30; BL-31; BL-66; BL-67,"Use this page only for excavate context, date the layer and decide what the object can and cannot establish. Its published existence does not confer verified status.",public; scholar; child/classroom only through an approved adapted action,material-culture-ancient-south-asia.html,06-BRIEFS/mvp-fifteen/07-keeladi.md; 06-BRIEFS/mvp-fifteen/08-before-the-indus.md; 06-BRIEFS/mvp-fifteen/09-the-water-city.md; 03-REGISTERS/inherited-claims.csv; 02-SOURCES/access-ledger.csv,site main prototypes/ only where threshold/field grammar applies,KEEP AS CONTEXT,uncertified unless an accepted record is named,partial; action in route map,partial or reading-only,live,"1437 visible words, 2 citation signals, 45 links; exact related routes: before-the-indus.html; brahmi.html; excavation-bias-funding.html; indus-to-vedic-gap.html; keeladi.html; meluhha-trade.html; one-script-many-kingdoms.html",Convert the load-bearing propositions on What They Had: Material Culture of Ancient South Asia into claim-to-record links; structural citation signals (2) are not verification.,No specific factual error established here; later claim audit remains required.,06-BRIEFS/mvp-fifteen/07-keeladi.md; 06-BRIEFS/mvp-fifteen/08-before-the-indus.md; 06-BRIEFS/mvp-fifteen/09-the-water-city.md; 03-REGISTERS/inherited-claims.csv; 02-SOURCES/access-ledger.csv,Rewrite only after claim-to-record mapping; retain as context when investigation value is low.,"Excavation/context view with trench, layer, object, date range and alternative reading; movement maps separate material from people and language. For this route, centre the composition on “What They Had: Material Culture of Ancient South Asia”.","Child/classroom role: Excavate context, date the layer and decide what the object can and cannot establish. only if included in an approved vertical.",Rights review for sources/assets; community consent where identity or living knowledge is represented.,06-BRIEFS/mvp-fifteen/07-keeladi.md; 06-BRIEFS/mvp-fifteen/08-before-the-indus.md; 06-BRIEFS/mvp-fifteen/09-the-water-city.md; 03-REGISTERS/inherited-claims.csv; 02-SOURCES/access-ledger.csv → route brief → correction/interaction acceptance.,RELEASE 2,retained context,"Route role is retained context; prominence follows evidence and museum value, not page count."
meluhha-trade.html,Meluhha Trade: The Indus Seen Through Mesopotamia,current intended page,Current site route; exact 133-page inventory; full backlog; relevant deck/running-list material,BL-11; BL-18; BL-25; BL-26; BL-27; BL-28; BL-30; BL-31; BL-66; BL-67,"Use this page only for excavate context, date the layer and decide what the object can and cannot establish. Its published existence does not confer verified status.",public; scholar; child/classroom only through an approved adapted action,meluhha-trade.html,06-BRIEFS/mvp-fifteen/07-keeladi.md; 06-BRIEFS/mvp-fifteen/08-before-the-indus.md; 06-BRIEFS/mvp-fifteen/09-the-water-city.md; 03-REGISTERS/inherited-claims.csv; 02-SOURCES/access-ledger.csv,site main prototypes/ only where threshold/field grammar applies,KEEP AS CONTEXT,uncertified unless an accepted record is named,partial; action in route map,partial or reading-only,live,"1684 visible words, 12 citation signals, 18 links; exact related routes: before-the-indus.html; brahmi.html; excavation-bias-funding.html; indus-to-vedic-gap.html; keeladi.html; material-culture-ancient-south-asia.html; one-script-many-kingdoms.html",Convert the load-bearing propositions on Meluhha Trade: The Indus Seen Through Mesopotamia into claim-to-record links; structural citation signals (12) are not verification.,No specific factual error established here; later claim audit remains required.,06-BRIEFS/mvp-fifteen/07-keeladi.md; 06-BRIEFS/mvp-fifteen/08-before-the-indus.md; 06-BRIEFS/mvp-fifteen/09-the-water-city.md; 03-REGISTERS/inherited-claims.csv; 02-SOURCES/access-ledger.csv,Rewrite only after claim-to-record mapping; retain as context when investigation value is low.,"Excavation/context view with trench, layer, object, date range and alternative reading; movement maps separate material from people and language. For this route, centre the composition on “Meluhha Trade: The Indus Seen Through Mesopotamia”.","Child/classroom role: Excavate context, date the layer and decide what the object can and cannot establish. only if included in an approved vertical.",Rights review for sources/assets; community consent where identity or living knowledge is represented.,06-BRIEFS/mvp-fifteen/07-keeladi.md; 06-BRIEFS/mvp-fifteen/08-before-the-indus.md; 06-BRIEFS/mvp-fifteen/09-the-water-city.md; 03-REGISTERS/inherited-claims.csv; 02-SOURCES/access-ledger.csv → route brief → correction/interaction acceptance.,RELEASE 2,retained context,"Route role is retained context; prominence follows evidence and museum value, not page count."
mitanni.html,Mitanni: Indo-Aryan Names in a Syrian Kingdom,current intended page,Current site route; exact 133-page inventory; full backlog; relevant deck/running-list material,BL-1; BL-2; BL-5; BL-6; BL-12; BL-18; BL-31; BL-52,Use this page only for test a public count by inspecting included and excluded occurrences in context. Its published existence does not confer verified status.,public; scholar; child/classroom only through an approved adapted action,mitanni.html,03-REGISTERS/rigveda-pur-family.csv; 03-REGISTERS/rigveda-pur-passages.csv; 03-REGISTERS/rigveda-varna.csv; 03-REGISTERS/rigveda-varna-occurrences.csv; 04-AUDITS/rigveda-pur-family-method.md; 06-BRIEFS/pur-4j-corpus.md; open research PR #30,site main prototypes/ only where threshold/field grammar applies,DEEPEN,uncertified unless an accepted record is named,partial; action in route map,partial or reading-only,live,"902 visible words, 3 citation signals, 43 links; exact related routes: caste-vocabulary-curve.html; criminalised-today.html; dasa-forts-rigveda.html; four-varnas-one-verse.html; geography-in-vedic-texts.html; mlecha.html; paid-in-cattle.html",Convert the load-bearing propositions on Mitanni: Indo-Aryan Names in a Syrian Kingdom into claim-to-record links; structural citation signals (3) are not verification.,No specific factual error established here; later claim audit remains required.,03-REGISTERS/rigveda-pur-family.csv; 03-REGISTERS/rigveda-pur-passages.csv; 03-REGISTERS/rigveda-varna.csv; 03-REGISTERS/rigveda-varna-occurrences.csv; 04-AUDITS/rigveda-pur-family-method.md; 06-BRIEFS/pur-4j-corpus.md; open research PR #30,Rewrite only after claim-to-record mapping; retain as context when investigation value is low.,"Searchable verse/source viewer with lemma, form, translation variants, passage context and counted/not-counted reason; never use book order as a date axis. For this route, centre the composition on “Mitanni: Indo-Aryan Names in a Syrian Kingdom”.",Child/classroom role: Test a public count by inspecting included and excluded occurrences in context. only if included in an approved vertical.,Rights review for sources/assets; community consent where identity or living knowledge is represented.,03-REGISTERS/rigveda-pur-family.csv; 03-REGISTERS/rigveda-pur-passages.csv; 03-REGISTERS/rigveda-varna.csv; 03-REGISTERS/rigveda-varna-occurrences.csv; 04-AUDITS/rigveda-pur-family-method.md; 06-BRIEFS/pur-4j-corpus.md; open research PR #30 → route brief → correction/interaction acceptance.,RELEASE 2,retained context,"Route role is retained context; prominence follows evidence and museum value, not page count."
mlecha.html,Mleccha: The Word for Those Who Spoke Wrongly,current intended page,Current site route; exact 133-page inventory; full backlog; relevant deck/running-list material,BL-1; BL-2; BL-5; BL-6; BL-12; BL-18; BL-31; BL-52,Use this page only for test a public count by inspecting included and excluded occurrences in context. Its published existence does not confer verified status.,public; scholar; child/classroom only through an approved adapted action,mlecha.html,03-REGISTERS/rigveda-pur-family.csv; 03-REGISTERS/rigveda-pur-passages.csv; 03-REGISTERS/rigveda-varna.csv; 03-REGISTERS/rigveda-varna-occurrences.csv; 04-AUDITS/rigveda-pur-family-method.md; 06-BRIEFS/pur-4j-corpus.md; open research PR #30,site main prototypes/ only where threshold/field grammar applies,DEEPEN,uncertified unless an accepted record is named,partial; action in route map,partial or reading-only,live,"51 visible words, 1 citation signals, 14 links; exact related routes: caste-vocabulary-curve.html; criminalised-today.html; dasa-forts-rigveda.html; four-varnas-one-verse.html; geography-in-vedic-texts.html; mitanni.html; paid-in-cattle.html",Convert the load-bearing propositions on Mleccha: The Word for Those Who Spoke Wrongly into claim-to-record links; structural citation signals (1) are not verification.,No specific factual error established here; later claim audit remains required.,03-REGISTERS/rigveda-pur-family.csv; 03-REGISTERS/rigveda-pur-passages.csv; 03-REGISTERS/rigveda-varna.csv; 03-REGISTERS/rigveda-varna-occurrences.csv; 04-AUDITS/rigveda-pur-family-method.md; 06-BRIEFS/pur-4j-corpus.md; open research PR #30,Rewrite only after claim-to-record mapping; retain as context when investigation value is low.,"Searchable verse/source viewer with lemma, form, translation variants, passage context and counted/not-counted reason; never use book order as a date axis. For this route, centre the composition on “Mleccha: The Word for Those Who Spoke Wrongly”.",Child/classroom role: Test a public count by inspecting included and excluded occurrences in context. only if included in an approved vertical.,Rights review for sources/assets; community consent where identity or living knowledge is represented.,03-REGISTERS/rigveda-pur-family.csv; 03-REGISTERS/rigveda-pur-passages.csv; 03-REGISTERS/rigveda-varna.csv; 03-REGISTERS/rigveda-varna-occurrences.csv; 04-AUDITS/rigveda-pur-family-method.md; 06-BRIEFS/pur-4j-corpus.md; open research PR #30 → route brief → correction/interaction acceptance.,RELEASE 2,retained context,"Route role is retained context; prominence follows evidence and museum value, not page count."
music.html,Tamil Pan to Raga: Music Systems of Ancient South Asia,current intended page,Current site route; exact 133-page inventory; full backlog; relevant deck/running-list material,BL-14; BL-18; BL-31; BL-39; BL-40; BL-58; BL-61; BL-69,"Use this page only for move among text, commentary, material setting and living interpretation without collapsing them. Its published existence does not confer verified status.",public; scholar; child/classroom only through an approved adapted action,music.html,06-BRIEFS/mvp-fifteen/05-tinai.md; 06-BRIEFS/mvp-fifteen/10-kural.md; 06-BRIEFS/mvp-fifteen/11-sound-changes.md; 02-SOURCES/access-ledger.csv; NONE LOCATED for an accepted Tamil-corpus parity set,site main prototypes/ only where threshold/field grammar applies,DEEPEN,uncertified unless an accepted record is named,partial; action in route map,partial or reading-only,live,"1172 visible words, 2 citation signals, 43 links; exact related routes: kural.html; the-guilds-and-the-raid.html; the-lost-harp.html; tinai.html; where-music-begins.html",Convert the load-bearing propositions on Tamil Pan to Raga: Music Systems of Ancient South Asia into claim-to-record links; structural citation signals (2) are not verification.,No specific factual error established here; later claim audit remains required.,06-BRIEFS/mvp-fifteen/05-tinai.md; 06-BRIEFS/mvp-fifteen/10-kural.md; 06-BRIEFS/mvp-fifteen/11-sound-changes.md; 02-SOURCES/access-ledger.csv; NONE LOCATED for an accepted Tamil-corpus parity set,Rewrite only after claim-to-record mapping; retain as context when investigation value is low.,"Text/object/audio encounter separating early textual meaning, commentary, later/living interpretation and MelaKeela’s contemporary use; no generic landscape decoration. For this route, centre the composition on “Tamil Pan to Raga: Music Systems of Ancient South Asia”.","Child/classroom role: Move among text, commentary, material setting and living interpretation without collapsing them. only if included in an approved vertical.",Rights review for sources/assets; community consent where identity or living knowledge is represented.,06-BRIEFS/mvp-fifteen/05-tinai.md; 06-BRIEFS/mvp-fifteen/10-kural.md; 06-BRIEFS/mvp-fifteen/11-sound-changes.md; 02-SOURCES/access-ledger.csv; NONE LOCATED for an accepted Tamil-corpus parity set → route brief → correction/interaction acceptance.,RELEASE 2,retained context,"Route role is retained context; prominence follows evidence and museum value, not page count."
naming-in-ancient-india.html,Names and Naming in the Ancient South Asian Record,current intended page,Current site route; exact 133-page inventory; full backlog; relevant deck/running-list material,BL-6; BL-18; BL-26; BL-31; BL-42; BL-43; BL-45; BL-52; BL-55,"Use this page only for trace a claim backward through author, archive, translation, funding and omission. Its published existence does not confer verified status.",public; scholar; child/classroom only through an approved adapted action,naming-in-ancient-india.html,04-AUDITS/ARCHIVE-AND-POWER-AUDIT.csv; 04-AUDITS/BIAS-FAILURE-LOG.csv; 06-BRIEFS/mvp-fifteen/14-custody.md; 06-BRIEFS/mvp-fifteen/15-the-archive.md,site main prototypes/ only where threshold/field grammar applies,CORRECT CLAIMS,uncertified unless an accepted record is named,partial; action in route map,partial or reading-only,live,"1396 visible words, 4 citation signals, 44 links; exact related routes: authorship-attribution-ancient-texts.html; chains-of-transmission.html; foreign-accounts-ancient-india.html; forest-peoples-sanskrit-record.html; indology.html; manuscript-custody.html; oral-traditions-unwritten.html",Convert the load-bearing propositions on Names and Naming in the Ancient South Asian Record into claim-to-record links; structural citation signals (4) are not verification.,No specific factual error established here; later claim audit remains required.,04-AUDITS/ARCHIVE-AND-POWER-AUDIT.csv; 04-AUDITS/BIAS-FAILURE-LOG.csv; 06-BRIEFS/mvp-fifteen/14-custody.md; 06-BRIEFS/mvp-fifteen/15-the-archive.md,Rewrite only after claim-to-record mapping; retain as context when investigation value is low.,"Source-genealogy network showing who recorded, preserved, translated, funded and excluded; motive appears only when documented. For this route, centre the composition on “Names and Naming in the Ancient South Asian Record”.","Child/classroom role: Trace a claim backward through author, archive, translation, funding and omission. only if included in an approved vertical.",Rights review for sources/assets; community consent where identity or living knowledge is represented.,04-AUDITS/ARCHIVE-AND-POWER-AUDIT.csv; 04-AUDITS/BIAS-FAILURE-LOG.csv; 06-BRIEFS/mvp-fifteen/14-custody.md; 06-BRIEFS/mvp-fifteen/15-the-archive.md → route brief → correction/interaction acceptance.,RELEASE 1,safety correction,"Route role is safety correction; prominence follows evidence and museum value, not page count."
non-brahmanical-legal-traditions.html,Law Beyond the Dharmasastra: Other Legal Traditions,current intended page,Current site route; exact 133-page inventory; full backlog; relevant deck/running-list material,BL-1; BL-5; BL-6; BL-18; BL-26; BL-31; BL-52,Use this page only for track one term or institution across dated records and identify where the archive cannot support continuity. Its published existence does not confer verified status.,public; scholar; child/classroom only through an approved adapted action,non-brahmanical-legal-traditions.html,06-BRIEFS/mvp-fifteen/13-the-other-laws.md; 03-REGISTERS/rigveda-varna.csv; rigveda-varna-occurrences.csv; CORRECTIONS-PENDING.md; 03-REGISTERS/inherited-claims.csv,site main prototypes/ only where threshold/field grammar applies,KEEP AS CONTEXT,uncertified unless an accepted record is named,partial; action in route map,partial or reading-only,live,"2883 visible words, 6 citation signals, 46 links; exact related routes: birth-was-not-always-destiny.html; caste-enforcement-mechanism.html; caste-survives-conversion.html; caste-was-law.html; climbing-the-ladder.html; counted-as-nothing.html; jatization.html",Convert the load-bearing propositions on Law Beyond the Dharmasastra: Other Legal Traditions into claim-to-record links; structural citation signals (6) are not verification.,No specific factual error established here; later claim audit remains required.,06-BRIEFS/mvp-fifteen/13-the-other-laws.md; 03-REGISTERS/rigveda-varna.csv; rigveda-varna-occurrences.csv; CORRECTIONS-PENDING.md; 03-REGISTERS/inherited-claims.csv,Rewrite only after claim-to-record mapping; retain as context when investigation value is low.,"Term-and-institution timeline with place/genre/date filters, counterexamples and archive gaps; avoid a single inevitable curve. For this route, centre the composition on “Law Beyond the Dharmasastra: Other Legal Traditions”.",Child/classroom role: Track one term or institution across dated records and identify where the archive cannot support continuity. only if included in an approved vertical.,Rights review for sources/assets; community consent where identity or living knowledge is represented.,06-BRIEFS/mvp-fifteen/13-the-other-laws.md; 03-REGISTERS/rigveda-varna.csv; rigveda-varna-occurrences.csv; CORRECTIONS-PENDING.md; 03-REGISTERS/inherited-claims.csv → route brief → correction/interaction acceptance.,RELEASE 2,retained context,"Route role is retained context; prominence follows evidence and museum value, not page count."
one-script-many-kingdoms.html,"Brahmi Crossed Borders: One Script, Many Kingdoms",current intended page,Current site route; exact 133-page inventory; full backlog; relevant deck/running-list material,BL-11; BL-18; BL-25; BL-26; BL-27; BL-28; BL-30; BL-31; BL-66; BL-67,"Use this page only for excavate context, date the layer and decide what the object can and cannot establish. Its published existence does not confer verified status.",public; scholar; child/classroom only through an approved adapted action,one-script-many-kingdoms.html,06-BRIEFS/mvp-fifteen/07-keeladi.md; 06-BRIEFS/mvp-fifteen/08-before-the-indus.md; 06-BRIEFS/mvp-fifteen/09-the-water-city.md; 03-REGISTERS/inherited-claims.csv; 02-SOURCES/access-ledger.csv,site main prototypes/ only where threshold/field grammar applies,KEEP AS CONTEXT,uncertified unless an accepted record is named,partial; action in route map,partial or reading-only,live,"1302 visible words, 10 citation signals, 19 links; exact related routes: before-the-indus.html; brahmi.html; excavation-bias-funding.html; indus-to-vedic-gap.html; keeladi.html; material-culture-ancient-south-asia.html; meluhha-trade.html","Convert the load-bearing propositions on Brahmi Crossed Borders: One Script, Many Kingdoms into claim-to-record links; structural citation signals (10) are not verification.",No specific factual error established here; later claim audit remains required.,06-BRIEFS/mvp-fifteen/07-keeladi.md; 06-BRIEFS/mvp-fifteen/08-before-the-indus.md; 06-BRIEFS/mvp-fifteen/09-the-water-city.md; 03-REGISTERS/inherited-claims.csv; 02-SOURCES/access-ledger.csv,Rewrite only after claim-to-record mapping; retain as context when investigation value is low.,"Excavation/context view with trench, layer, object, date range and alternative reading; movement maps separate material from people and language. For this route, centre the composition on “Brahmi Crossed Borders: One Script, Many Kingdoms”.","Child/classroom role: Excavate context, date the layer and decide what the object can and cannot establish. only if included in an approved vertical.",Rights review for sources/assets; community consent where identity or living knowledge is represented.,06-BRIEFS/mvp-fifteen/07-keeladi.md; 06-BRIEFS/mvp-fifteen/08-before-the-indus.md; 06-BRIEFS/mvp-fifteen/09-the-water-city.md; 03-REGISTERS/inherited-claims.csv; 02-SOURCES/access-ledger.csv → route brief → correction/interaction acceptance.,RELEASE 2,retained context,"Route role is retained context; prominence follows evidence and museum value, not page count."
oral-traditions-unwritten.html,The Unwritten: Oral Traditions That Left No Text,current intended page,Current site route; exact 133-page inventory; full backlog; relevant deck/running-list material,BL-6; BL-18; BL-26; BL-31; BL-42; BL-43; BL-45; BL-52; BL-55,"Use this page only for trace a claim backward through author, archive, translation, funding and omission. Its published existence does not confer verified status.",public; scholar; child/classroom only through an approved adapted action,oral-traditions-unwritten.html,04-AUDITS/ARCHIVE-AND-POWER-AUDIT.csv; 04-AUDITS/BIAS-FAILURE-LOG.csv; 06-BRIEFS/mvp-fifteen/14-custody.md; 06-BRIEFS/mvp-fifteen/15-the-archive.md,site main prototypes/ only where threshold/field grammar applies,DEEPEN,uncertified unless an accepted record is named,partial; action in route map,partial or reading-only,live,"1094 visible words, 2 citation signals, 36 links; exact related routes: authorship-attribution-ancient-texts.html; chains-of-transmission.html; foreign-accounts-ancient-india.html; forest-peoples-sanskrit-record.html; indology.html; manuscript-custody.html; naming-in-ancient-india.html",Convert the load-bearing propositions on The Unwritten: Oral Traditions That Left No Text into claim-to-record links; structural citation signals (2) are not verification.,No specific factual error established here; later claim audit remains required.,04-AUDITS/ARCHIVE-AND-POWER-AUDIT.csv; 04-AUDITS/BIAS-FAILURE-LOG.csv; 06-BRIEFS/mvp-fifteen/14-custody.md; 06-BRIEFS/mvp-fifteen/15-the-archive.md,Rewrite only after claim-to-record mapping; retain as context when investigation value is low.,"Source-genealogy network showing who recorded, preserved, translated, funded and excluded; motive appears only when documented. For this route, centre the composition on “The Unwritten: Oral Traditions That Left No Text”.","Child/classroom role: Trace a claim backward through author, archive, translation, funding and omission. only if included in an approved vertical.",Rights review for sources/assets; community consent where identity or living knowledge is represented.,04-AUDITS/ARCHIVE-AND-POWER-AUDIT.csv; 04-AUDITS/BIAS-FAILURE-LOG.csv; 06-BRIEFS/mvp-fifteen/14-custody.md; 06-BRIEFS/mvp-fifteen/15-the-archive.md → route brief → correction/interaction acceptance.,RELEASE 2,retained context,"Route role is retained context; prominence follows evidence and museum value, not page count."
origin-myths.html,Origin Myths Made to Order: Genealogies for Power,current intended page,Current site route; exact 133-page inventory; full backlog; relevant deck/running-list material,BL-6; BL-18; BL-26; BL-31; BL-42; BL-43; BL-45; BL-52; BL-55,"Use this page only for trace a claim backward through author, archive, translation, funding and omission. Its published existence does not confer verified status.",public; scholar; child/classroom only through an approved adapted action,origin-myths.html,04-AUDITS/ARCHIVE-AND-POWER-AUDIT.csv; 04-AUDITS/BIAS-FAILURE-LOG.csv; 06-BRIEFS/mvp-fifteen/14-custody.md; 06-BRIEFS/mvp-fifteen/15-the-archive.md,site main prototypes/ only where threshold/field grammar applies,KEEP AS CONTEXT,uncertified unless an accepted record is named,partial; action in route map,partial or reading-only,live,"1277 visible words, 7 citation signals, 23 links; exact related routes: authorship-attribution-ancient-texts.html; chains-of-transmission.html; foreign-accounts-ancient-india.html; forest-peoples-sanskrit-record.html; indology.html; manuscript-custody.html; naming-in-ancient-india.html",Convert the load-bearing propositions on Origin Myths Made to Order: Genealogies for Power into claim-to-record links; structural citation signals (7) are not verification.,No specific factual error established here; later claim audit remains required.,04-AUDITS/ARCHIVE-AND-POWER-AUDIT.csv; 04-AUDITS/BIAS-FAILURE-LOG.csv; 06-BRIEFS/mvp-fifteen/14-custody.md; 06-BRIEFS/mvp-fifteen/15-the-archive.md,Rewrite only after claim-to-record mapping; retain as context when investigation value is low.,"Source-genealogy network showing who recorded, preserved, translated, funded and excluded; motive appears only when documented. For this route, centre the composition on “Origin Myths Made to Order: Genealogies for Power”.","Child/classroom role: Trace a claim backward through author, archive, translation, funding and omission. only if included in an approved vertical.",Rights review for sources/assets; community consent where identity or living knowledge is represented.,04-AUDITS/ARCHIVE-AND-POWER-AUDIT.csv; 04-AUDITS/BIAS-FAILURE-LOG.csv; 06-BRIEFS/mvp-fifteen/14-custody.md; 06-BRIEFS/mvp-fifteen/15-the-archive.md → route brief → correction/interaction acceptance.,RELEASE 2,retained context,"Route role is retained context; prominence follows evidence and museum value, not page count."
paid-in-cattle.html,Paid in Cattle: What Vedic Poets Were Given for Hymns,current intended page,Current site route; exact 133-page inventory; full backlog; relevant deck/running-list material,BL-1; BL-2; BL-5; BL-6; BL-12; BL-18; BL-31; BL-52,Use this page only for test a public count by inspecting included and excluded occurrences in context. Its published existence does not confer verified status.,public; scholar; child/classroom only through an approved adapted action,paid-in-cattle.html,03-REGISTERS/rigveda-pur-family.csv; 03-REGISTERS/rigveda-pur-passages.csv; 03-REGISTERS/rigveda-varna.csv; 03-REGISTERS/rigveda-varna-occurrences.csv; 04-AUDITS/rigveda-pur-family-method.md; 06-BRIEFS/pur-4j-corpus.md; open research PR #30,site main prototypes/ only where threshold/field grammar applies,DEEPEN,uncertified unless an accepted record is named,partial; action in route map,partial or reading-only,live,"1345 visible words, 2 citation signals, 44 links; exact related routes: caste-vocabulary-curve.html; criminalised-today.html; dasa-forts-rigveda.html; four-varnas-one-verse.html; geography-in-vedic-texts.html; mitanni.html; mlecha.html",Convert the load-bearing propositions on Paid in Cattle: What Vedic Poets Were Given for Hymns into claim-to-record links; structural citation signals (2) are not verification.,No specific factual error established here; later claim audit remains required.,03-REGISTERS/rigveda-pur-family.csv; 03-REGISTERS/rigveda-pur-passages.csv; 03-REGISTERS/rigveda-varna.csv; 03-REGISTERS/rigveda-varna-occurrences.csv; 04-AUDITS/rigveda-pur-family-method.md; 06-BRIEFS/pur-4j-corpus.md; open research PR #30,Rewrite only after claim-to-record mapping; retain as context when investigation value is low.,"Searchable verse/source viewer with lemma, form, translation variants, passage context and counted/not-counted reason; never use book order as a date axis. For this route, centre the composition on “Paid in Cattle: What Vedic Poets Were Given for Hymns”.",Child/classroom role: Test a public count by inspecting included and excluded occurrences in context. only if included in an approved vertical.,Rights review for sources/assets; community consent where identity or living knowledge is represented.,03-REGISTERS/rigveda-pur-family.csv; 03-REGISTERS/rigveda-pur-passages.csv; 03-REGISTERS/rigveda-varna.csv; 03-REGISTERS/rigveda-varna-occurrences.csv; 04-AUDITS/rigveda-pur-family-method.md; 06-BRIEFS/pur-4j-corpus.md; open research PR #30 → route brief → correction/interaction acceptance.,RELEASE 2,retained context,"Route role is retained context; prominence follows evidence and museum value, not page count."
panini.html,Panini's Grammar and the Sanskrit It Standardised,current intended page,Current site route; exact 133-page inventory; full backlog; relevant deck/running-list material,BL-6; BL-15; BL-16; BL-17; BL-18; BL-31; BL-52,"Use this page only for compare who is speaking and whether the source is self-description, opponent report or later transmission. Its published existence does not confer verified status.",public; scholar; child/classroom only through an approved adapted action,panini.html,03-REGISTERS/inherited-claims.csv; 02-SOURCES/access-ledger.csv; NONE LOCATED for accepted Pāli/Prakrit/Jain/Aśokan/Chinese-pilgrim corpus parity,site main prototypes/ only where threshold/field grammar applies,DEEPEN,uncertified unless an accepted record is named,partial; action in route map,partial or reading-only,live,"3088 visible words, 11 citation signals, 46 links; exact related routes: brahmavadini.html; bronkhorst.html; how-buddhism-left.html; the-broken-chain.html; the-computed-dawn.html; the-eastern-tradition.html; the-gods-people-had.html",Convert the load-bearing propositions on Panini's Grammar and the Sanskrit It Standardised into claim-to-record links; structural citation signals (11) are not verification.,No specific factual error established here; later claim audit remains required.,03-REGISTERS/inherited-claims.csv; 02-SOURCES/access-ledger.csv; NONE LOCATED for accepted Pāli/Prakrit/Jain/Aśokan/Chinese-pilgrim corpus parity,Rewrite only after claim-to-record mapping; retain as context when investigation value is low.,"Parallel source/voice viewer that distinguishes self-description, rival report, later commentary and modern reconstruction. For this route, centre the composition on “Panini's Grammar and the Sanskrit It Standardised”.","Child/classroom role: Compare who is speaking and whether the source is self-description, opponent report or later transmission. only if included in an approved vertical.",Rights review for sources/assets; community consent where identity or living knowledge is represented.,03-REGISTERS/inherited-claims.csv; 02-SOURCES/access-ledger.csv; NONE LOCATED for accepted Pāli/Prakrit/Jain/Aśokan/Chinese-pilgrim corpus parity → route brief → correction/interaction acceptance.,RELEASE 2,retained context,"Route role is retained context; prominence follows evidence and museum value, not page count."
priority-claims-south-asia.html,Who Had It First: Priority Claims in South Asian History,current intended page,Current site route; exact 133-page inventory; full backlog; relevant deck/running-list material,BL-6; BL-18; BL-26; BL-31; BL-42; BL-43; BL-45; BL-52; BL-55,"Use this page only for trace a claim backward through author, archive, translation, funding and omission. Its published existence does not confer verified status.",public; scholar; child/classroom only through an approved adapted action,priority-claims-south-asia.html,04-AUDITS/ARCHIVE-AND-POWER-AUDIT.csv; 04-AUDITS/BIAS-FAILURE-LOG.csv; 06-BRIEFS/mvp-fifteen/14-custody.md; 06-BRIEFS/mvp-fifteen/15-the-archive.md,site main prototypes/ only where threshold/field grammar applies,KEEP AS CONTEXT,uncertified unless an accepted record is named,partial; action in route map,partial or reading-only,live,"2181 visible words, 4 citation signals, 47 links; exact related routes: authorship-attribution-ancient-texts.html; chains-of-transmission.html; foreign-accounts-ancient-india.html; forest-peoples-sanskrit-record.html; indology.html; manuscript-custody.html; naming-in-ancient-india.html",Convert the load-bearing propositions on Who Had It First: Priority Claims in South Asian History into claim-to-record links; structural citation signals (4) are not verification.,No specific factual error established here; later claim audit remains required.,04-AUDITS/ARCHIVE-AND-POWER-AUDIT.csv; 04-AUDITS/BIAS-FAILURE-LOG.csv; 06-BRIEFS/mvp-fifteen/14-custody.md; 06-BRIEFS/mvp-fifteen/15-the-archive.md,Rewrite only after claim-to-record mapping; retain as context when investigation value is low.,"Source-genealogy network showing who recorded, preserved, translated, funded and excluded; motive appears only when documented. For this route, centre the composition on “Who Had It First: Priority Claims in South Asian History”.","Child/classroom role: Trace a claim backward through author, archive, translation, funding and omission. only if included in an approved vertical.",Rights review for sources/assets; community consent where identity or living knowledge is represented.,04-AUDITS/ARCHIVE-AND-POWER-AUDIT.csv; 04-AUDITS/BIAS-FAILURE-LOG.csv; 06-BRIEFS/mvp-fifteen/14-custody.md; 06-BRIEFS/mvp-fifteen/15-the-archive.md → route brief → correction/interaction acceptance.,RELEASE 2,retained context,"Route role is retained context; prominence follows evidence and museum value, not page count."
rakhigarhi.html,"Rakhigarhi: One Genome, Seven Stages, and What Was Said",current intended page,Current site route; exact 133-page inventory; full backlog; relevant deck/running-list material,BL-11; BL-18; BL-25; BL-26; BL-27; BL-28; BL-30; BL-31; BL-66; BL-67,"Use this page only for excavate context, date the layer and decide what the object can and cannot establish. Its published existence does not confer verified status.",public; scholar; child/classroom only through an approved adapted action,rakhigarhi.html,06-BRIEFS/mvp-fifteen/07-keeladi.md; 06-BRIEFS/mvp-fifteen/08-before-the-indus.md; 06-BRIEFS/mvp-fifteen/09-the-water-city.md; 03-REGISTERS/inherited-claims.csv; 02-SOURCES/access-ledger.csv,site main prototypes/ only where threshold/field grammar applies,DEEPEN,uncertified unless an accepted record is named,partial; action in route map,partial or reading-only,live,"1928 visible words, 12 citation signals, 26 links; exact related routes: before-the-indus.html; brahmi.html; excavation-bias-funding.html; indus-to-vedic-gap.html; keeladi.html; material-culture-ancient-south-asia.html; meluhha-trade.html","Convert the load-bearing propositions on Rakhigarhi: One Genome, Seven Stages, and What Was Said into claim-to-record links; structural citation signals (12) are not verification.",No specific factual error established here; later claim audit remains required.,06-BRIEFS/mvp-fifteen/07-keeladi.md; 06-BRIEFS/mvp-fifteen/08-before-the-indus.md; 06-BRIEFS/mvp-fifteen/09-the-water-city.md; 03-REGISTERS/inherited-claims.csv; 02-SOURCES/access-ledger.csv,Rewrite only after claim-to-record mapping; retain as context when investigation value is low.,"Excavation/context view with trench, layer, object, date range and alternative reading; movement maps separate material from people and language. For this route, centre the composition on “Rakhigarhi: One Genome, Seven Stages, and What Was Said”.","Child/classroom role: Excavate context, date the layer and decide what the object can and cannot establish. only if included in an approved vertical.",Rights review for sources/assets; community consent where identity or living knowledge is represented.,06-BRIEFS/mvp-fifteen/07-keeladi.md; 06-BRIEFS/mvp-fifteen/08-before-the-indus.md; 06-BRIEFS/mvp-fifteen/09-the-water-city.md; 03-REGISTERS/inherited-claims.csv; 02-SOURCES/access-ledger.csv → route brief → correction/interaction acceptance.,RELEASE 2,retained context,"Route role is retained context; prominence follows evidence and museum value, not page count."
research-index.html,Research Index: Every Page on Mela Keela,current intended page,Current site route; exact 133-page inventory; full backlog; relevant deck/running-list material,BL-20; BL-21; BL-22; BL-23; BL-24; BL-25; BL-31; BL-32; BL-47; BL-48; BL-49; BL-52,"Use this page only for open one record, inspect its locator and evidence role, compare a counter-record, then follow its revision history. Its published existence does not confer verified status.",public; scholar; child/classroom only through an approved adapted action,research-index.html,13-PRODUCT-ARCHITECTURE/museum-framework.md; 06-BRIEFS/mvp-fifteen/03-artifact-atlas.md; 06-BRIEFS/mvp-fifteen/06-the-ledger.md; site:assets/data/page-evidence.json,site main prototypes/ only where threshold/field grammar applies,REDESIGN,uncertified unless an accepted record is named,partial; action in route map,partial or reading-only,live,"1911 visible words, 39 citation signals, 142 links; exact related routes: artifact-atlas.html; search.html; sources.html; the-ledger.html",Convert the load-bearing propositions on Research Index: Every Page on Mela Keela into claim-to-record links; structural citation signals (39) are not verification.,No specific factual error established here; later claim audit remains required.,13-PRODUCT-ARCHITECTURE/museum-framework.md; 06-BRIEFS/mvp-fifteen/03-artifact-atlas.md; 06-BRIEFS/mvp-fifteen/06-the-ledger.md; site:assets/data/page-evidence.json,Rewrite only after claim-to-record mapping; retain as context when investigation value is low.,"Record table plus expandable locator/source-ancestry drawer; relationships appear only after their evidence links and uncertainty are visible. For this route, centre the composition on “Research Index: Every Page on Mela Keela”.","Child/classroom role: Open one record, inspect its locator and evidence role, compare a counter-record, then follow its revision history. only if included in an approved vertical.",Rights review for sources/assets; community consent where identity or living knowledge is represented.,13-PRODUCT-ARCHITECTURE/museum-framework.md; 06-BRIEFS/mvp-fifteen/03-artifact-atlas.md; 06-BRIEFS/mvp-fifteen/06-the-ledger.md; site:assets/data/page-evidence.json → route brief → correction/interaction acceptance.,RELEASE 2,retained context,"Route role is retained context; prominence follows evidence and museum value, not page count."
rigveda-geography.html,"The Land in the Rigveda: Rivers, Regions and Geography",current intended page,Current site route; exact 133-page inventory; full backlog; relevant deck/running-list material,BL-1; BL-2; BL-5; BL-6; BL-12; BL-18; BL-31; BL-52,Use this page only for test a public count by inspecting included and excluded occurrences in context. Its published existence does not confer verified status.,public; scholar; child/classroom only through an approved adapted action,rigveda-geography.html,03-REGISTERS/rigveda-pur-family.csv; 03-REGISTERS/rigveda-pur-passages.csv; 03-REGISTERS/rigveda-varna.csv; 03-REGISTERS/rigveda-varna-occurrences.csv; 04-AUDITS/rigveda-pur-family-method.md; 06-BRIEFS/pur-4j-corpus.md; open research PR #30,site main prototypes/ only where threshold/field grammar applies,REPLACE,uncertified unless an accepted record is named,partial; action in route map,partial or reading-only,live,"1444 visible words, 3 citation signals, 43 links; exact related routes: caste-vocabulary-curve.html; criminalised-today.html; dasa-forts-rigveda.html; four-varnas-one-verse.html; geography-in-vedic-texts.html; mitanni.html; mlecha.html","Resolve the named correction before prominence; bind every changed claim to locator, evidence role, counter-evidence and revision.","Route/title promise Rigvedic geography, but the inspected root-page H1/body concern Chola land tenure and diaspora. Replace; do not redirect the wrong content into evidence.",03-REGISTERS/rigveda-pur-family.csv; 03-REGISTERS/rigveda-pur-passages.csv; 03-REGISTERS/rigveda-varna.csv; 03-REGISTERS/rigveda-varna-occurrences.csv; 04-AUDITS/rigveda-pur-family-method.md; 06-BRIEFS/pur-4j-corpus.md; open research PR #30,Rewrite only after claim-to-record mapping; retain as context when investigation value is low.,"Searchable verse/source viewer with lemma, form, translation variants, passage context and counted/not-counted reason; never use book order as a date axis. For this route, centre the composition on “The Land in the Rigveda: Rivers, Regions and Geography”.",Child/classroom role: Test a public count by inspecting included and excluded occurrences in context. only if included in an approved vertical.,Rights review for sources/assets; community consent where identity or living knowledge is represented.,03-REGISTERS/rigveda-pur-family.csv; 03-REGISTERS/rigveda-pur-passages.csv; 03-REGISTERS/rigveda-varna.csv; 03-REGISTERS/rigveda-varna-occurrences.csv; 04-AUDITS/rigveda-pur-family-method.md; 06-BRIEFS/pur-4j-corpus.md; open research PR #30 → route brief → correction/interaction acceptance.,RELEASE 1,safety correction,"Route role is safety correction; prominence follows evidence and museum value, not page count."
rigveda-outsider-contempt-count.html,Counting Contempt for Outsiders in the Rigveda,current intended page,Current site route; exact 133-page inventory; full backlog; relevant deck/running-list material,BL-1; BL-2; BL-5; BL-6; BL-12; BL-18; BL-31; BL-52,Use this page only for test a public count by inspecting included and excluded occurrences in context. Its published existence does not confer verified status.,public; scholar; child/classroom only through an approved adapted action,rigveda-outsider-contempt-count.html,03-REGISTERS/rigveda-pur-family.csv; 03-REGISTERS/rigveda-pur-passages.csv; 03-REGISTERS/rigveda-varna.csv; 03-REGISTERS/rigveda-varna-occurrences.csv; 04-AUDITS/rigveda-pur-family-method.md; 06-BRIEFS/pur-4j-corpus.md; open research PR #30,site main prototypes/ only where threshold/field grammar applies,KEEP AS CONTEXT,uncertified unless an accepted record is named,partial; action in route map,partial or reading-only,live,"4071 visible words, 2 citation signals, 44 links; exact related routes: caste-vocabulary-curve.html; criminalised-today.html; dasa-forts-rigveda.html; four-varnas-one-verse.html; geography-in-vedic-texts.html; mitanni.html; mlecha.html",Convert the load-bearing propositions on Counting Contempt for Outsiders in the Rigveda into claim-to-record links; structural citation signals (2) are not verification.,No specific factual error established here; later claim audit remains required.,03-REGISTERS/rigveda-pur-family.csv; 03-REGISTERS/rigveda-pur-passages.csv; 03-REGISTERS/rigveda-varna.csv; 03-REGISTERS/rigveda-varna-occurrences.csv; 04-AUDITS/rigveda-pur-family-method.md; 06-BRIEFS/pur-4j-corpus.md; open research PR #30,Rewrite only after claim-to-record mapping; retain as context when investigation value is low.,"Searchable verse/source viewer with lemma, form, translation variants, passage context and counted/not-counted reason; never use book order as a date axis. For this route, centre the composition on “Counting Contempt for Outsiders in the Rigveda”.",Child/classroom role: Test a public count by inspecting included and excluded occurrences in context. only if included in an approved vertical.,Rights review for sources/assets; community consent where identity or living knowledge is represented.,03-REGISTERS/rigveda-pur-family.csv; 03-REGISTERS/rigveda-pur-passages.csv; 03-REGISTERS/rigveda-varna.csv; 03-REGISTERS/rigveda-varna-occurrences.csv; 04-AUDITS/rigveda-pur-family-method.md; 06-BRIEFS/pur-4j-corpus.md; open research PR #30 → route brief → correction/interaction acceptance.,RELEASE 2,retained context,"Route role is retained context; prominence follows evidence and museum value, not page count."
rigveda-word-collocations.html,"Word Company in the Rigveda: Gods, Enemies, Collocations",current intended page,Current site route; exact 133-page inventory; full backlog; relevant deck/running-list material,BL-1; BL-2; BL-5; BL-6; BL-12; BL-18; BL-31; BL-52,Use this page only for test a public count by inspecting included and excluded occurrences in context. Its published existence does not confer verified status.,public; scholar; child/classroom only through an approved adapted action,rigveda-word-collocations.html,03-REGISTERS/rigveda-pur-family.csv; 03-REGISTERS/rigveda-pur-passages.csv; 03-REGISTERS/rigveda-varna.csv; 03-REGISTERS/rigveda-varna-occurrences.csv; 04-AUDITS/rigveda-pur-family-method.md; 06-BRIEFS/pur-4j-corpus.md; open research PR #30,site main prototypes/ only where threshold/field grammar applies,KEEP AS CONTEXT,uncertified unless an accepted record is named,partial; action in route map,partial or reading-only,live,"1433 visible words, 2 citation signals, 44 links; exact related routes: caste-vocabulary-curve.html; criminalised-today.html; dasa-forts-rigveda.html; four-varnas-one-verse.html; geography-in-vedic-texts.html; mitanni.html; mlecha.html","Convert the load-bearing propositions on Word Company in the Rigveda: Gods, Enemies, Collocations into claim-to-record links; structural citation signals (2) are not verification.",No specific factual error established here; later claim audit remains required.,03-REGISTERS/rigveda-pur-family.csv; 03-REGISTERS/rigveda-pur-passages.csv; 03-REGISTERS/rigveda-varna.csv; 03-REGISTERS/rigveda-varna-occurrences.csv; 04-AUDITS/rigveda-pur-family-method.md; 06-BRIEFS/pur-4j-corpus.md; open research PR #30,Rewrite only after claim-to-record mapping; retain as context when investigation value is low.,"Searchable verse/source viewer with lemma, form, translation variants, passage context and counted/not-counted reason; never use book order as a date axis. For this route, centre the composition on “Word Company in the Rigveda: Gods, Enemies, Collocations”.",Child/classroom role: Test a public count by inspecting included and excluded occurrences in context. only if included in an approved vertical.,Rights review for sources/assets; community consent where identity or living knowledge is represented.,03-REGISTERS/rigveda-pur-family.csv; 03-REGISTERS/rigveda-pur-passages.csv; 03-REGISTERS/rigveda-varna.csv; 03-REGISTERS/rigveda-varna-occurrences.csv; 04-AUDITS/rigveda-pur-family-method.md; 06-BRIEFS/pur-4j-corpus.md; open research PR #30 → route brief → correction/interaction acceptance.,RELEASE 2,retained context,"Route role is retained context; prominence follows evidence and museum value, not page count."
sacred-ash.html,Sacred Ash: The Ashmounds and What They Do Not Prove,current intended page,Current site route; exact 133-page inventory; full backlog; relevant deck/running-list material,BL-11; BL-18; BL-25; BL-26; BL-27; BL-28; BL-30; BL-31; BL-66; BL-67,"Use this page only for excavate context, date the layer and decide what the object can and cannot establish. Its published existence does not confer verified status.",public; scholar; child/classroom only through an approved adapted action,sacred-ash.html,06-BRIEFS/mvp-fifteen/07-keeladi.md; 06-BRIEFS/mvp-fifteen/08-before-the-indus.md; 06-BRIEFS/mvp-fifteen/09-the-water-city.md; 03-REGISTERS/inherited-claims.csv; 02-SOURCES/access-ledger.csv,site main prototypes/ only where threshold/field grammar applies,KEEP AS CONTEXT,uncertified unless an accepted record is named,partial; action in route map,partial or reading-only,live,"2107 visible words, 16 citation signals, 17 links; exact related routes: before-the-indus.html; brahmi.html; excavation-bias-funding.html; indus-to-vedic-gap.html; keeladi.html; material-culture-ancient-south-asia.html; meluhha-trade.html",Convert the load-bearing propositions on Sacred Ash: The Ashmounds and What They Do Not Prove into claim-to-record links; structural citation signals (16) are not verification.,No specific factual error established here; later claim audit remains required.,06-BRIEFS/mvp-fifteen/07-keeladi.md; 06-BRIEFS/mvp-fifteen/08-before-the-indus.md; 06-BRIEFS/mvp-fifteen/09-the-water-city.md; 03-REGISTERS/inherited-claims.csv; 02-SOURCES/access-ledger.csv,Rewrite only after claim-to-record mapping; retain as context when investigation value is low.,"Excavation/context view with trench, layer, object, date range and alternative reading; movement maps separate material from people and language. For this route, centre the composition on “Sacred Ash: The Ashmounds and What They Do Not Prove”.","Child/classroom role: Excavate context, date the layer and decide what the object can and cannot establish. only if included in an approved vertical.",Rights review for sources/assets; community consent where identity or living knowledge is represented.,06-BRIEFS/mvp-fifteen/07-keeladi.md; 06-BRIEFS/mvp-fifteen/08-before-the-indus.md; 06-BRIEFS/mvp-fifteen/09-the-water-city.md; 03-REGISTERS/inherited-claims.csv; 02-SOURCES/access-ledger.csv → route brief → correction/interaction acceptance.,RELEASE 2,retained context,"Route role is retained context; prominence follows evidence and museum value, not page count."
sanskritisation-of-place-names.html,"The Renaming: Places, Peoples and Sanskritised Names",current intended page,Current site route; exact 133-page inventory; full backlog; relevant deck/running-list material,BL-6; BL-18; BL-26; BL-31; BL-42; BL-43; BL-45; BL-52; BL-55,"Use this page only for trace a claim backward through author, archive, translation, funding and omission. Its published existence does not confer verified status.",public; scholar; child/classroom only through an approved adapted action,sanskritisation-of-place-names.html,04-AUDITS/ARCHIVE-AND-POWER-AUDIT.csv; 04-AUDITS/BIAS-FAILURE-LOG.csv; 06-BRIEFS/mvp-fifteen/14-custody.md; 06-BRIEFS/mvp-fifteen/15-the-archive.md,site main prototypes/ only where threshold/field grammar applies,KEEP AS CONTEXT,uncertified unless an accepted record is named,partial; action in route map,partial or reading-only,live,"1748 visible words, 2 citation signals, 46 links; exact related routes: authorship-attribution-ancient-texts.html; chains-of-transmission.html; foreign-accounts-ancient-india.html; forest-peoples-sanskrit-record.html; indology.html; manuscript-custody.html; naming-in-ancient-india.html","Convert the load-bearing propositions on The Renaming: Places, Peoples and Sanskritised Names into claim-to-record links; structural citation signals (2) are not verification.",No specific factual error established here; later claim audit remains required.,04-AUDITS/ARCHIVE-AND-POWER-AUDIT.csv; 04-AUDITS/BIAS-FAILURE-LOG.csv; 06-BRIEFS/mvp-fifteen/14-custody.md; 06-BRIEFS/mvp-fifteen/15-the-archive.md,Rewrite only after claim-to-record mapping; retain as context when investigation value is low.,"Source-genealogy network showing who recorded, preserved, translated, funded and excluded; motive appears only when documented. For this route, centre the composition on “The Renaming: Places, Peoples and Sanskritised Names”.","Child/classroom role: Trace a claim backward through author, archive, translation, funding and omission. only if included in an approved vertical.",Rights review for sources/assets; community consent where identity or living knowledge is represented.,04-AUDITS/ARCHIVE-AND-POWER-AUDIT.csv; 04-AUDITS/BIAS-FAILURE-LOG.csv; 06-BRIEFS/mvp-fifteen/14-custody.md; 06-BRIEFS/mvp-fifteen/15-the-archive.md → route brief → correction/interaction acceptance.,RELEASE 2,retained context,"Route role is retained context; prominence follows evidence and museum value, not page count."
search.html,Search: Find Anything Across the Evidence,current intended page,Current site route; exact 133-page inventory; full backlog; relevant deck/running-list material,BL-20; BL-21; BL-22; BL-23; BL-24; BL-25; BL-31; BL-32; BL-47; BL-48; BL-49; BL-52,"Use this page only for open one record, inspect its locator and evidence role, compare a counter-record, then follow its revision history. Its published existence does not confer verified status.",public; scholar; child/classroom only through an approved adapted action,search.html,13-PRODUCT-ARCHITECTURE/museum-framework.md; 06-BRIEFS/mvp-fifteen/03-artifact-atlas.md; 06-BRIEFS/mvp-fifteen/06-the-ledger.md; site:assets/data/page-evidence.json,site main prototypes/ only where threshold/field grammar applies,REDESIGN,uncertified unless an accepted record is named,partial; action in route map,partial or reading-only,live,"152 visible words, 1 citation signals, 15 links; exact related routes: artifact-atlas.html; research-index.html; sources.html; the-ledger.html",Convert the load-bearing propositions on Search: Find Anything Across the Evidence into claim-to-record links; structural citation signals (1) are not verification.,No specific factual error established here; later claim audit remains required.,13-PRODUCT-ARCHITECTURE/museum-framework.md; 06-BRIEFS/mvp-fifteen/03-artifact-atlas.md; 06-BRIEFS/mvp-fifteen/06-the-ledger.md; site:assets/data/page-evidence.json,Rewrite only after claim-to-record mapping; retain as context when investigation value is low.,"Record table plus expandable locator/source-ancestry drawer; relationships appear only after their evidence links and uncertainty are visible. For this route, centre the composition on “Search: Find Anything Across the Evidence”.","Child/classroom role: Open one record, inspect its locator and evidence role, compare a counter-record, then follow its revision history. only if included in an approved vertical.",Rights review for sources/assets; community consent where identity or living knowledge is represented.,13-PRODUCT-ARCHITECTURE/museum-framework.md; 06-BRIEFS/mvp-fifteen/03-artifact-atlas.md; 06-BRIEFS/mvp-fifteen/06-the-ledger.md; site:assets/data/page-evidence.json → route brief → correction/interaction acceptance.,RELEASE 1,enabler,"Route role is enabler; prominence follows evidence and museum value, not page count."
siddha-and-ayurveda.html,Siddha and Ayurveda Compared on Their Own Terms,current intended page,Current site route; exact 133-page inventory; full backlog; relevant deck/running-list material,BL-18; BL-26; BL-31; BL-52; BL-69,"Use this page only for inspect the object or instrument, test a reconstruction and separate historical evidence from present practice. Its published existence does not confer verified status.",public; scholar; child/classroom only through an approved adapted action,siddha-and-ayurveda.html,03-REGISTERS/inherited-claims.csv; 02-SOURCES/access-ledger.csv; NONE LOCATED for accepted astronomy/music/medical source programmes,site main prototypes/ only where threshold/field grammar applies,DEEPEN,uncertified unless an accepted record is named,partial; action in route map,partial or reading-only,live,"3413 visible words, 6 citation signals, 32 links; exact related routes: ancient-south-asian-astronomy.html; dravidian-sky.html; the-medicine-question.html",Convert the load-bearing propositions on Siddha and Ayurveda Compared on Their Own Terms into claim-to-record links; structural citation signals (6) are not verification.,No specific factual error established here; later claim audit remains required.,03-REGISTERS/inherited-claims.csv; 02-SOURCES/access-ledger.csv; NONE LOCATED for accepted astronomy/music/medical source programmes,Rewrite only after claim-to-record mapping; retain as context when investigation value is low.,"Instrument/object/source comparison with reconstruction labels, safety limits and rights; recreated sound or practice is never presented as survival without evidence. For this route, centre the composition on “Siddha and Ayurveda Compared on Their Own Terms”.","Child/classroom role: Inspect the object or instrument, test a reconstruction and separate historical evidence from present practice. only if included in an approved vertical.",Rights review for sources/assets; community consent where identity or living knowledge is represented.,03-REGISTERS/inherited-claims.csv; 02-SOURCES/access-ledger.csv; NONE LOCATED for accepted astronomy/music/medical source programmes → route brief → correction/interaction acceptance.,RELEASE 2,retained context,"Route role is retained context; prominence follows evidence and museum value, not page count."
sources.html,Sources: Four Questions Asked of Every One,current intended page,Current site route; exact 133-page inventory; full backlog; relevant deck/running-list material,BL-20; BL-21; BL-22; BL-23; BL-24; BL-25; BL-31; BL-32; BL-47; BL-48; BL-49; BL-52,"Use this page only for open one record, inspect its locator and evidence role, compare a counter-record, then follow its revision history. Its published existence does not confer verified status.",public; scholar; child/classroom only through an approved adapted action,sources.html,13-PRODUCT-ARCHITECTURE/museum-framework.md; 06-BRIEFS/mvp-fifteen/03-artifact-atlas.md; 06-BRIEFS/mvp-fifteen/06-the-ledger.md; site:assets/data/page-evidence.json,site main prototypes/ only where threshold/field grammar applies,REDESIGN,uncertified unless an accepted record is named,partial; action in route map,partial or reading-only,live,"1603 visible words, 33 citation signals, 23 links; exact related routes: artifact-atlas.html; research-index.html; search.html; the-ledger.html",Convert the load-bearing propositions on Sources: Four Questions Asked of Every One into claim-to-record links; structural citation signals (33) are not verification.,No specific factual error established here; later claim audit remains required.,13-PRODUCT-ARCHITECTURE/museum-framework.md; 06-BRIEFS/mvp-fifteen/03-artifact-atlas.md; 06-BRIEFS/mvp-fifteen/06-the-ledger.md; site:assets/data/page-evidence.json,Rewrite only after claim-to-record mapping; retain as context when investigation value is low.,"Record table plus expandable locator/source-ancestry drawer; relationships appear only after their evidence links and uncertainty are visible. For this route, centre the composition on “Sources: Four Questions Asked of Every One”.","Child/classroom role: Open one record, inspect its locator and evidence role, compare a counter-record, then follow its revision history. only if included in an approved vertical.",Rights review for sources/assets; community consent where identity or living knowledge is represented.,13-PRODUCT-ARCHITECTURE/museum-framework.md; 06-BRIEFS/mvp-fifteen/03-artifact-atlas.md; 06-BRIEFS/mvp-fifteen/06-the-ledger.md; site:assets/data/page-evidence.json → route brief → correction/interaction acceptance.,RELEASE 1,enabler,"Route role is enabler; prominence follows evidence and museum value, not page count."
steppe.html,Steppe Ancestry in South Asia: What the DNA Shows,current intended page,Current site route; exact 133-page inventory; full backlog; relevant deck/running-list material,BL-1; BL-5; BL-19; BL-22; BL-26; BL-30; BL-31; BL-52,"Use this page only for separate sampled person, modelled ancestry, population history, language and identity. Its published existence does not confer verified status.",public; scholar; child/classroom only through an approved adapted action,steppe.html,03-REGISTERS/inherited-claims.csv; 04-AUDITS/REAUDIT-QUEUE.csv; CORRECTIONS-PENDING.md; NONE LOCATED for an accepted methods-qualified genetics synthesis,site main prototypes/ only where threshold/field grammar applies,DEEPEN,uncertified unless an accepted record is named,partial; action in route map,partial or reading-only,live,"814 visible words, 3 citation signals, 44 links; exact related routes: academia-battlefield.html; beneath-both-waves.html; endogamy-clock.html; gotra.html; the-definition.html; the-expansions.html; the-genome-of-caste.html",Convert the load-bearing propositions on Steppe Ancestry in South Asia: What the DNA Shows into claim-to-record links; structural citation signals (3) are not verification.,No specific factual error established here; later claim audit remains required.,03-REGISTERS/inherited-claims.csv; 04-AUDITS/REAUDIT-QUEUE.csv; CORRECTIONS-PENDING.md; NONE LOCATED for an accepted methods-qualified genetics synthesis,Rewrite only after claim-to-record mapping; retain as context when investigation value is low.,"Sample-to-model comparison showing sample place/date, method, confidence and limits; ancestry components never rendered as peoples or languages. For this route, centre the composition on “Steppe Ancestry in South Asia: What the DNA Shows”.","Child/classroom role: Separate sampled person, modelled ancestry, population history, language and identity. only if included in an approved vertical.",Rights review for sources/assets; community consent where identity or living knowledge is represented.,03-REGISTERS/inherited-claims.csv; 04-AUDITS/REAUDIT-QUEUE.csv; CORRECTIONS-PENDING.md; NONE LOCATED for an accepted methods-qualified genetics synthesis → route brief → correction/interaction acceptance.,RELEASE 2,retained context,"Route role is retained context; prominence follows evidence and museum value, not page count."
the-borrowed-ancestor.html,The Borrowed Ancestor: How Local Myths Get Absorbed,current intended page,Current site route; exact 133-page inventory; full backlog; relevant deck/running-list material,BL-6; BL-18; BL-26; BL-31; BL-42; BL-43; BL-45; BL-52; BL-55,"Use this page only for trace a claim backward through author, archive, translation, funding and omission. Its published existence does not confer verified status.",public; scholar; child/classroom only through an approved adapted action,the-borrowed-ancestor.html,04-AUDITS/ARCHIVE-AND-POWER-AUDIT.csv; 04-AUDITS/BIAS-FAILURE-LOG.csv; 06-BRIEFS/mvp-fifteen/14-custody.md; 06-BRIEFS/mvp-fifteen/15-the-archive.md,site main prototypes/ only where threshold/field grammar applies,KEEP AS CONTEXT,uncertified unless an accepted record is named,partial; action in route map,partial or reading-only,live,"1884 visible words, 6 citation signals, 29 links; exact related routes: authorship-attribution-ancient-texts.html; chains-of-transmission.html; foreign-accounts-ancient-india.html; forest-peoples-sanskrit-record.html; indology.html; manuscript-custody.html; naming-in-ancient-india.html",Convert the load-bearing propositions on The Borrowed Ancestor: How Local Myths Get Absorbed into claim-to-record links; structural citation signals (6) are not verification.,No specific factual error established here; later claim audit remains required.,04-AUDITS/ARCHIVE-AND-POWER-AUDIT.csv; 04-AUDITS/BIAS-FAILURE-LOG.csv; 06-BRIEFS/mvp-fifteen/14-custody.md; 06-BRIEFS/mvp-fifteen/15-the-archive.md,Rewrite only after claim-to-record mapping; retain as context when investigation value is low.,"Source-genealogy network showing who recorded, preserved, translated, funded and excluded; motive appears only when documented. For this route, centre the composition on “The Borrowed Ancestor: How Local Myths Get Absorbed”.","Child/classroom role: Trace a claim backward through author, archive, translation, funding and omission. only if included in an approved vertical.",Rights review for sources/assets; community consent where identity or living knowledge is represented.,04-AUDITS/ARCHIVE-AND-POWER-AUDIT.csv; 04-AUDITS/BIAS-FAILURE-LOG.csv; 06-BRIEFS/mvp-fifteen/14-custody.md; 06-BRIEFS/mvp-fifteen/15-the-archive.md → route brief → correction/interaction acceptance.,RELEASE 2,retained context,"Route role is retained context; prominence follows evidence and museum value, not page count."
the-borrowed-lineage.html,The Borrowed Lineage: Invoking the Siddhas Without Them,current intended page,Current site route; exact 133-page inventory; full backlog; relevant deck/running-list material,BL-6; BL-18; BL-26; BL-31; BL-42; BL-43; BL-45; BL-52; BL-55,"Use this page only for trace a claim backward through author, archive, translation, funding and omission. Its published existence does not confer verified status.",public; scholar; child/classroom only through an approved adapted action,the-borrowed-lineage.html,04-AUDITS/ARCHIVE-AND-POWER-AUDIT.csv; 04-AUDITS/BIAS-FAILURE-LOG.csv; 06-BRIEFS/mvp-fifteen/14-custody.md; 06-BRIEFS/mvp-fifteen/15-the-archive.md,site main prototypes/ only where threshold/field grammar applies,KEEP AS CONTEXT,uncertified unless an accepted record is named,partial; action in route map,partial or reading-only,live,"1527 visible words, 6 citation signals, 22 links; exact related routes: authorship-attribution-ancient-texts.html; chains-of-transmission.html; foreign-accounts-ancient-india.html; forest-peoples-sanskrit-record.html; indology.html; manuscript-custody.html; naming-in-ancient-india.html",Convert the load-bearing propositions on The Borrowed Lineage: Invoking the Siddhas Without Them into claim-to-record links; structural citation signals (6) are not verification.,No specific factual error established here; later claim audit remains required.,04-AUDITS/ARCHIVE-AND-POWER-AUDIT.csv; 04-AUDITS/BIAS-FAILURE-LOG.csv; 06-BRIEFS/mvp-fifteen/14-custody.md; 06-BRIEFS/mvp-fifteen/15-the-archive.md,Rewrite only after claim-to-record mapping; retain as context when investigation value is low.,"Source-genealogy network showing who recorded, preserved, translated, funded and excluded; motive appears only when documented. For this route, centre the composition on “The Borrowed Lineage: Invoking the Siddhas Without Them”.","Child/classroom role: Trace a claim backward through author, archive, translation, funding and omission. only if included in an approved vertical.",Rights review for sources/assets; community consent where identity or living knowledge is represented.,04-AUDITS/ARCHIVE-AND-POWER-AUDIT.csv; 04-AUDITS/BIAS-FAILURE-LOG.csv; 06-BRIEFS/mvp-fifteen/14-custody.md; 06-BRIEFS/mvp-fifteen/15-the-archive.md → route brief → correction/interaction acceptance.,RELEASE 2,retained context,"Route role is retained context; prominence follows evidence and museum value, not page count."
the-broken-chain.html,The Broken Chain: The Order of Nuns That Could Not Return,current intended page,Current site route; exact 133-page inventory; full backlog; relevant deck/running-list material,BL-6; BL-15; BL-16; BL-17; BL-18; BL-31; BL-52,"Use this page only for compare who is speaking and whether the source is self-description, opponent report or later transmission. Its published existence does not confer verified status.",public; scholar; child/classroom only through an approved adapted action,the-broken-chain.html,03-REGISTERS/inherited-claims.csv; 02-SOURCES/access-ledger.csv; NONE LOCATED for accepted Pāli/Prakrit/Jain/Aśokan/Chinese-pilgrim corpus parity,site main prototypes/ only where threshold/field grammar applies,KEEP AS CONTEXT,uncertified unless an accepted record is named,partial; action in route map,partial or reading-only,live,"1596 visible words, 7 citation signals, 26 links; exact related routes: brahmavadini.html; bronkhorst.html; how-buddhism-left.html; panini.html; the-computed-dawn.html; the-eastern-tradition.html; the-gods-people-had.html",Convert the load-bearing propositions on The Broken Chain: The Order of Nuns That Could Not Return into claim-to-record links; structural citation signals (7) are not verification.,No specific factual error established here; later claim audit remains required.,03-REGISTERS/inherited-claims.csv; 02-SOURCES/access-ledger.csv; NONE LOCATED for accepted Pāli/Prakrit/Jain/Aśokan/Chinese-pilgrim corpus parity,Rewrite only after claim-to-record mapping; retain as context when investigation value is low.,"Parallel source/voice viewer that distinguishes self-description, rival report, later commentary and modern reconstruction. For this route, centre the composition on “The Broken Chain: The Order of Nuns That Could Not Return”.","Child/classroom role: Compare who is speaking and whether the source is self-description, opponent report or later transmission. only if included in an approved vertical.",Rights review for sources/assets; community consent where identity or living knowledge is represented.,03-REGISTERS/inherited-claims.csv; 02-SOURCES/access-ledger.csv; NONE LOCATED for accepted Pāli/Prakrit/Jain/Aśokan/Chinese-pilgrim corpus parity → route brief → correction/interaction acceptance.,RELEASE 2,retained context,"Route role is retained context; prominence follows evidence and museum value, not page count."
the-computed-dawn.html,Aryabhata and the Kali Yuga Date That Was Calculated,current intended page,Current site route; exact 133-page inventory; full backlog; relevant deck/running-list material,BL-6; BL-15; BL-16; BL-17; BL-18; BL-31; BL-52,"Use this page only for compare who is speaking and whether the source is self-description, opponent report or later transmission. Its published existence does not confer verified status.",public; scholar; child/classroom only through an approved adapted action,the-computed-dawn.html,03-REGISTERS/inherited-claims.csv; 02-SOURCES/access-ledger.csv; NONE LOCATED for accepted Pāli/Prakrit/Jain/Aśokan/Chinese-pilgrim corpus parity,site main prototypes/ only where threshold/field grammar applies,KEEP AS CONTEXT,uncertified unless an accepted record is named,partial; action in route map,partial or reading-only,live,"1763 visible words, 10 citation signals, 21 links; exact related routes: brahmavadini.html; bronkhorst.html; how-buddhism-left.html; panini.html; the-broken-chain.html; the-eastern-tradition.html; the-gods-people-had.html",Convert the load-bearing propositions on Aryabhata and the Kali Yuga Date That Was Calculated into claim-to-record links; structural citation signals (10) are not verification.,No specific factual error established here; later claim audit remains required.,03-REGISTERS/inherited-claims.csv; 02-SOURCES/access-ledger.csv; NONE LOCATED for accepted Pāli/Prakrit/Jain/Aśokan/Chinese-pilgrim corpus parity,Rewrite only after claim-to-record mapping; retain as context when investigation value is low.,"Parallel source/voice viewer that distinguishes self-description, rival report, later commentary and modern reconstruction. For this route, centre the composition on “Aryabhata and the Kali Yuga Date That Was Calculated”.","Child/classroom role: Compare who is speaking and whether the source is self-description, opponent report or later transmission. only if included in an approved vertical.",Rights review for sources/assets; community consent where identity or living knowledge is represented.,03-REGISTERS/inherited-claims.csv; 02-SOURCES/access-ledger.csv; NONE LOCATED for accepted Pāli/Prakrit/Jain/Aśokan/Chinese-pilgrim corpus parity → route brief → correction/interaction acceptance.,RELEASE 2,retained context,"Route role is retained context; prominence follows evidence and museum value, not page count."
the-deep-root.html,Elamo-Dravidian: Testing a Deep Language Connection,current intended page,Current site route; exact 133-page inventory; full backlog; relevant deck/running-list material,BL-9; BL-10; BL-11; BL-13; BL-14; BL-18; BL-31; BL-40; BL-58; BL-69,"Use this page only for compare forms and choose which history each observation supports, complicates or cannot decide. Its published existence does not confer verified status.",public; scholar; child/classroom only through an approved adapted action,the-deep-root.html,03-REGISTERS/domain-e-claims.csv; 03-REGISTERS/domain-e-measurements.csv; 03-REGISTERS/domain-m-brahui-position.csv; 04-AUDITS/domain-m-adversarial-review-2026-09-07.md; 05-HOLDS/HOLD-004-north-dravidian-comparative-evidence.md; open research PR #22,site main prototypes/ only where threshold/field grammar applies,MERGE,uncertified unless an accepted record is named,partial; action in route map,partial or reading-only,live,"1774 visible words, 12 citation signals, 19 links; exact related routes: elamo-dravidian-hypothesis.html; dravidian-sounds-sanskrit-lacks.html; elamo-dravidian-hypothesis.html; kinship-terms-south-asia.html; the-father-tongue.html; the-languages-we-lost.html; the-northwest-cousin.html","Resolve the named correction before prominence; bind every changed claim to locator, evidence role, counter-evidence and revision.",Cross-domain convergence risks making the disputed Elamo-Dravidian proposal appear multiply proven.,03-REGISTERS/domain-e-claims.csv; 03-REGISTERS/domain-e-measurements.csv; 03-REGISTERS/domain-m-brahui-position.csv; 04-AUDITS/domain-m-adversarial-review-2026-09-07.md; 05-HOLDS/HOLD-004-north-dravidian-comparative-evidence.md; open research PR #22,Rewrite only after claim-to-record mapping; retain as context when investigation value is low.,"Side-by-side form/sound table with audio only where consented; map attestation, contact and proposed shift separately; no family-tree certainty from lexical counts. For this route, centre the composition on “Elamo-Dravidian: Testing a Deep Language Connection”.","Child/classroom role: Compare forms and choose which history each observation supports, complicates or cannot decide. only if included in an approved vertical.",Rights review for sources/assets; community consent where identity or living knowledge is represented.,03-REGISTERS/domain-e-claims.csv; 03-REGISTERS/domain-e-measurements.csv; 03-REGISTERS/domain-m-brahui-position.csv; 04-AUDITS/domain-m-adversarial-review-2026-09-07.md; 05-HOLDS/HOLD-004-north-dravidian-comparative-evidence.md; open research PR #22 → route brief → correction/interaction acceptance.,RELEASE 1,safety correction,"Route role is safety correction; prominence follows evidence and museum value, not page count."
the-definition.html,"The Definition: Hindutva's Own Test, Applied to Its Authors",current intended page,Current site route; exact 133-page inventory; full backlog; relevant deck/running-list material,BL-1; BL-5; BL-19; BL-22; BL-26; BL-30; BL-31; BL-52,"Use this page only for separate sampled person, modelled ancestry, population history, language and identity. Its published existence does not confer verified status.",public; scholar; child/classroom only through an approved adapted action,the-definition.html,03-REGISTERS/inherited-claims.csv; 04-AUDITS/REAUDIT-QUEUE.csv; CORRECTIONS-PENDING.md; NONE LOCATED for an accepted methods-qualified genetics synthesis,site main prototypes/ only where threshold/field grammar applies,REFRAME,uncertified unless an accepted record is named,partial; action in route map,partial or reading-only,live,"2438 visible words, 5 citation signals, 24 links; exact related routes: academia-battlefield.html; beneath-both-waves.html; endogamy-clock.html; gotra.html; steppe.html; the-expansions.html; the-genome-of-caste.html","Resolve the named correction before prominence; bind every changed claim to locator, evidence role, counter-evidence and revision.","Analytical ancestry components cannot be rendered as peoples, languages or biological fatherlands.",03-REGISTERS/inherited-claims.csv; 04-AUDITS/REAUDIT-QUEUE.csv; CORRECTIONS-PENDING.md; NONE LOCATED for an accepted methods-qualified genetics synthesis,Rewrite only after claim-to-record mapping; retain as context when investigation value is low.,"Sample-to-model comparison showing sample place/date, method, confidence and limits; ancestry components never rendered as peoples or languages. For this route, centre the composition on “The Definition: Hindutva's Own Test, Applied to Its Authors”.","Child/classroom role: Separate sampled person, modelled ancestry, population history, language and identity. only if included in an approved vertical.",Rights review for sources/assets; community consent where identity or living knowledge is represented.,03-REGISTERS/inherited-claims.csv; 04-AUDITS/REAUDIT-QUEUE.csv; CORRECTIONS-PENDING.md; NONE LOCATED for an accepted methods-qualified genetics synthesis → route brief → correction/interaction acceptance.,RELEASE 1,safety correction,"Route role is safety correction; prominence follows evidence and museum value, not page count."
the-eastern-tradition.html,Greater Magadha: Sramana Traditions Were Not Vedic Reform,current intended page,Current site route; exact 133-page inventory; full backlog; relevant deck/running-list material,BL-6; BL-15; BL-16; BL-17; BL-18; BL-31; BL-52,"Use this page only for compare who is speaking and whether the source is self-description, opponent report or later transmission. Its published existence does not confer verified status.",public; scholar; child/classroom only through an approved adapted action,the-eastern-tradition.html,03-REGISTERS/inherited-claims.csv; 02-SOURCES/access-ledger.csv; NONE LOCATED for accepted Pāli/Prakrit/Jain/Aśokan/Chinese-pilgrim corpus parity,site main prototypes/ only where threshold/field grammar applies,DEEPEN,uncertified unless an accepted record is named,partial; action in route map,partial or reading-only,live,"1296 visible words, 13 citation signals, 18 links; exact related routes: brahmavadini.html; bronkhorst.html; how-buddhism-left.html; panini.html; the-broken-chain.html; the-computed-dawn.html; the-gods-people-had.html",Convert the load-bearing propositions on Greater Magadha: Sramana Traditions Were Not Vedic Reform into claim-to-record links; structural citation signals (13) are not verification.,No specific factual error established here; later claim audit remains required.,03-REGISTERS/inherited-claims.csv; 02-SOURCES/access-ledger.csv; NONE LOCATED for accepted Pāli/Prakrit/Jain/Aśokan/Chinese-pilgrim corpus parity,Rewrite only after claim-to-record mapping; retain as context when investigation value is low.,"Parallel source/voice viewer that distinguishes self-description, rival report, later commentary and modern reconstruction. For this route, centre the composition on “Greater Magadha: Sramana Traditions Were Not Vedic Reform”.","Child/classroom role: Compare who is speaking and whether the source is self-description, opponent report or later transmission. only if included in an approved vertical.",Rights review for sources/assets; community consent where identity or living knowledge is represented.,03-REGISTERS/inherited-claims.csv; 02-SOURCES/access-ledger.csv; NONE LOCATED for accepted Pāli/Prakrit/Jain/Aśokan/Chinese-pilgrim corpus parity → route brief → correction/interaction acceptance.,RELEASE 2,retained context,"Route role is retained context; prominence follows evidence and museum value, not page count."
the-expansions.html,"The Expansions: Indo-European, From the Volga to Everywhere",current intended page,Current site route; exact 133-page inventory; full backlog; relevant deck/running-list material,BL-1; BL-5; BL-19; BL-22; BL-26; BL-30; BL-31; BL-52,"Use this page only for separate sampled person, modelled ancestry, population history, language and identity. Its published existence does not confer verified status.",public; scholar; child/classroom only through an approved adapted action,the-expansions.html,03-REGISTERS/inherited-claims.csv; 04-AUDITS/REAUDIT-QUEUE.csv; CORRECTIONS-PENDING.md; NONE LOCATED for an accepted methods-qualified genetics synthesis,site main prototypes/ only where threshold/field grammar applies,KEEP AS CONTEXT,uncertified unless an accepted record is named,partial; action in route map,partial or reading-only,live,"1448 visible words, 7 citation signals, 23 links; exact related routes: academia-battlefield.html; beneath-both-waves.html; endogamy-clock.html; gotra.html; steppe.html; the-definition.html; the-genome-of-caste.html","Convert the load-bearing propositions on The Expansions: Indo-European, From the Volga to Everywhere into claim-to-record links; structural citation signals (7) are not verification.",No specific factual error established here; later claim audit remains required.,03-REGISTERS/inherited-claims.csv; 04-AUDITS/REAUDIT-QUEUE.csv; CORRECTIONS-PENDING.md; NONE LOCATED for an accepted methods-qualified genetics synthesis,Rewrite only after claim-to-record mapping; retain as context when investigation value is low.,"Sample-to-model comparison showing sample place/date, method, confidence and limits; ancestry components never rendered as peoples or languages. For this route, centre the composition on “The Expansions: Indo-European, From the Volga to Everywhere”.","Child/classroom role: Separate sampled person, modelled ancestry, population history, language and identity. only if included in an approved vertical.",Rights review for sources/assets; community consent where identity or living knowledge is represented.,03-REGISTERS/inherited-claims.csv; 04-AUDITS/REAUDIT-QUEUE.csv; CORRECTIONS-PENDING.md; NONE LOCATED for an accepted methods-qualified genetics synthesis → route brief → correction/interaction acceptance.,RELEASE 2,retained context,"Route role is retained context; prominence follows evidence and museum value, not page count."
the-father-tongue.html,The Father Tongue: The Arrival That Ended Up at the Bottom,current intended page,Current site route; exact 133-page inventory; full backlog; relevant deck/running-list material,BL-9; BL-10; BL-11; BL-13; BL-14; BL-18; BL-31; BL-40; BL-58; BL-69,"Use this page only for compare forms and choose which history each observation supports, complicates or cannot decide. Its published existence does not confer verified status.",public; scholar; child/classroom only through an approved adapted action,the-father-tongue.html,03-REGISTERS/domain-e-claims.csv; 03-REGISTERS/domain-e-measurements.csv; 03-REGISTERS/domain-m-brahui-position.csv; 04-AUDITS/domain-m-adversarial-review-2026-09-07.md; 05-HOLDS/HOLD-004-north-dravidian-comparative-evidence.md; open research PR #22,site main prototypes/ only where threshold/field grammar applies,HOLD,uncertified unless an accepted record is named,partial; action in route map,partial or reading-only,live,"1366 visible words, 6 citation signals, 26 links; exact related routes: dravidian-sounds-sanskrit-lacks.html; elamo-dravidian-hypothesis.html; kinship-terms-south-asia.html; the-deep-root.html; the-languages-we-lost.html; the-northwest-cousin.html; the-plateau.html",Convert the load-bearing propositions on The Father Tongue: The Arrival That Ended Up at the Bottom into claim-to-record links; structural citation signals (6) are not verification.,No specific factual error established here; later claim audit remains required.,03-REGISTERS/domain-e-claims.csv; 03-REGISTERS/domain-e-measurements.csv; 03-REGISTERS/domain-m-brahui-position.csv; 04-AUDITS/domain-m-adversarial-review-2026-09-07.md; 05-HOLDS/HOLD-004-north-dravidian-comparative-evidence.md; open research PR #22,Rewrite only after claim-to-record mapping; retain as context when investigation value is low.,"Side-by-side form/sound table with audio only where consented; map attestation, contact and proposed shift separately; no family-tree certainty from lexical counts. For this route, centre the composition on “The Father Tongue: The Arrival That Ended Up at the Bottom”.","Child/classroom role: Compare forms and choose which history each observation supports, complicates or cannot decide. only if included in an approved vertical.",Rights review for sources/assets; community consent where identity or living knowledge is represented.,03-REGISTERS/domain-e-claims.csv; 03-REGISTERS/domain-e-measurements.csv; 03-REGISTERS/domain-m-brahui-position.csv; 04-AUDITS/domain-m-adversarial-review-2026-09-07.md; 05-HOLDS/HOLD-004-north-dravidian-comparative-evidence.md; open research PR #22 → route brief → correction/interaction acceptance.,RELEASE 1,safety correction,"Route role is safety correction; prominence follows evidence and museum value, not page count."
the-fifth-was-a-guess.html,The Fifth Was a Guess: How the Outcaste Entered the Scheme,current intended page,Current site route; exact 133-page inventory; full backlog; relevant deck/running-list material,BL-1; BL-5; BL-6; BL-18; BL-26; BL-31; BL-52,Use this page only for track one term or institution across dated records and identify where the archive cannot support continuity. Its published existence does not confer verified status.,public; scholar; child/classroom only through an approved adapted action,the-fifth-was-a-guess.html,03-REGISTERS/rigveda-varna.csv; rigveda-varna-occurrences.csv; CORRECTIONS-PENDING.md; 03-REGISTERS/inherited-claims.csv,site main prototypes/ only where threshold/field grammar applies,KEEP AS CONTEXT,uncertified unless an accepted record is named,partial; action in route map,partial or reading-only,live,"1380 visible words, 4 citation signals, 20 links; exact related routes: birth-was-not-always-destiny.html; caste-enforcement-mechanism.html; caste-survives-conversion.html; caste-was-law.html; climbing-the-ladder.html; counted-as-nothing.html; jatization.html",Convert the load-bearing propositions on The Fifth Was a Guess: How the Outcaste Entered the Scheme into claim-to-record links; structural citation signals (4) are not verification.,No specific factual error established here; later claim audit remains required.,03-REGISTERS/rigveda-varna.csv; rigveda-varna-occurrences.csv; CORRECTIONS-PENDING.md; 03-REGISTERS/inherited-claims.csv,Rewrite only after claim-to-record mapping; retain as context when investigation value is low.,"Term-and-institution timeline with place/genre/date filters, counterexamples and archive gaps; avoid a single inevitable curve. For this route, centre the composition on “The Fifth Was a Guess: How the Outcaste Entered the Scheme”.",Child/classroom role: Track one term or institution across dated records and identify where the archive cannot support continuity. only if included in an approved vertical.,Rights review for sources/assets; community consent where identity or living knowledge is represented.,03-REGISTERS/rigveda-varna.csv; rigveda-varna-occurrences.csv; CORRECTIONS-PENDING.md; 03-REGISTERS/inherited-claims.csv → route brief → correction/interaction acceptance.,RELEASE 2,retained context,"Route role is retained context; prominence follows evidence and museum value, not page count."
the-genome-of-caste.html,"Caste in the Genome: Gotra, Endogamy and Sex Difference",current intended page,Current site route; exact 133-page inventory; full backlog; relevant deck/running-list material,BL-1; BL-5; BL-19; BL-22; BL-26; BL-30; BL-31; BL-52,"Use this page only for separate sampled person, modelled ancestry, population history, language and identity. Its published existence does not confer verified status.",public; scholar; child/classroom only through an approved adapted action,the-genome-of-caste.html,03-REGISTERS/inherited-claims.csv; 04-AUDITS/REAUDIT-QUEUE.csv; CORRECTIONS-PENDING.md; NONE LOCATED for an accepted methods-qualified genetics synthesis,site main prototypes/ only where threshold/field grammar applies,KEEP AS CONTEXT,uncertified unless an accepted record is named,partial; action in route map,partial or reading-only,live,"1454 visible words, 6 citation signals, 23 links; exact related routes: academia-battlefield.html; beneath-both-waves.html; endogamy-clock.html; gotra.html; steppe.html; the-definition.html; the-expansions.html","Convert the load-bearing propositions on Caste in the Genome: Gotra, Endogamy and Sex Difference into claim-to-record links; structural citation signals (6) are not verification.",No specific factual error established here; later claim audit remains required.,03-REGISTERS/inherited-claims.csv; 04-AUDITS/REAUDIT-QUEUE.csv; CORRECTIONS-PENDING.md; NONE LOCATED for an accepted methods-qualified genetics synthesis,Rewrite only after claim-to-record mapping; retain as context when investigation value is low.,"Sample-to-model comparison showing sample place/date, method, confidence and limits; ancestry components never rendered as peoples or languages. For this route, centre the composition on “Caste in the Genome: Gotra, Endogamy and Sex Difference”.","Child/classroom role: Separate sampled person, modelled ancestry, population history, language and identity. only if included in an approved vertical.",Rights review for sources/assets; community consent where identity or living knowledge is represented.,03-REGISTERS/inherited-claims.csv; 04-AUDITS/REAUDIT-QUEUE.csv; CORRECTIONS-PENDING.md; NONE LOCATED for an accepted methods-qualified genetics synthesis → route brief → correction/interaction acceptance.,RELEASE 2,retained context,"Route role is retained context; prominence follows evidence and museum value, not page count."
the-gods-people-had.html,The Gods People Had: Yakṣas Before Anyone Else Arrived,current intended page,Current site route; exact 133-page inventory; full backlog; relevant deck/running-list material,BL-6; BL-15; BL-16; BL-17; BL-18; BL-31; BL-52,"Use this page only for compare who is speaking and whether the source is self-description, opponent report or later transmission. Its published existence does not confer verified status.",public; scholar; child/classroom only through an approved adapted action,the-gods-people-had.html,03-REGISTERS/inherited-claims.csv; 02-SOURCES/access-ledger.csv; NONE LOCATED for accepted Pāli/Prakrit/Jain/Aśokan/Chinese-pilgrim corpus parity,site main prototypes/ only where threshold/field grammar applies,KEEP AS CONTEXT,uncertified unless an accepted record is named,partial; action in route map,partial or reading-only,live,"1342 visible words, 4 citation signals, 25 links; exact related routes: brahmavadini.html; bronkhorst.html; how-buddhism-left.html; panini.html; the-broken-chain.html; the-computed-dawn.html; the-eastern-tradition.html",Convert the load-bearing propositions on The Gods People Had: Yakṣas Before Anyone Else Arrived into claim-to-record links; structural citation signals (4) are not verification.,No specific factual error established here; later claim audit remains required.,03-REGISTERS/inherited-claims.csv; 02-SOURCES/access-ledger.csv; NONE LOCATED for accepted Pāli/Prakrit/Jain/Aśokan/Chinese-pilgrim corpus parity,Rewrite only after claim-to-record mapping; retain as context when investigation value is low.,"Parallel source/voice viewer that distinguishes self-description, rival report, later commentary and modern reconstruction. For this route, centre the composition on “The Gods People Had: Yakṣas Before Anyone Else Arrived”.","Child/classroom role: Compare who is speaking and whether the source is self-description, opponent report or later transmission. only if included in an approved vertical.",Rights review for sources/assets; community consent where identity or living knowledge is represented.,03-REGISTERS/inherited-claims.csv; 02-SOURCES/access-ledger.csv; NONE LOCATED for accepted Pāli/Prakrit/Jain/Aśokan/Chinese-pilgrim corpus parity → route brief → correction/interaction acceptance.,RELEASE 2,retained context,"Route role is retained context; prominence follows evidence and museum value, not page count."
the-grants-that-survived.html,The Grants That Survived: Ritual Rank Converted Into Land,current intended page,Current site route; exact 133-page inventory; full backlog; relevant deck/running-list material,BL-1; BL-5; BL-6; BL-18; BL-26; BL-31; BL-52,Use this page only for track one term or institution across dated records and identify where the archive cannot support continuity. Its published existence does not confer verified status.,public; scholar; child/classroom only through an approved adapted action,the-grants-that-survived.html,03-REGISTERS/rigveda-varna.csv; rigveda-varna-occurrences.csv; CORRECTIONS-PENDING.md; 03-REGISTERS/inherited-claims.csv,site main prototypes/ only where threshold/field grammar applies,KEEP AS CONTEXT,uncertified unless an accepted record is named,partial; action in route map,partial or reading-only,live,"1510 visible words, 6 citation signals, 28 links; exact related routes: birth-was-not-always-destiny.html; caste-enforcement-mechanism.html; caste-survives-conversion.html; caste-was-law.html; climbing-the-ladder.html; counted-as-nothing.html; jatization.html",Convert the load-bearing propositions on The Grants That Survived: Ritual Rank Converted Into Land into claim-to-record links; structural citation signals (6) are not verification.,No specific factual error established here; later claim audit remains required.,03-REGISTERS/rigveda-varna.csv; rigveda-varna-occurrences.csv; CORRECTIONS-PENDING.md; 03-REGISTERS/inherited-claims.csv,Rewrite only after claim-to-record mapping; retain as context when investigation value is low.,"Term-and-institution timeline with place/genre/date filters, counterexamples and archive gaps; avoid a single inevitable curve. For this route, centre the composition on “The Grants That Survived: Ritual Rank Converted Into Land”.",Child/classroom role: Track one term or institution across dated records and identify where the archive cannot support continuity. only if included in an approved vertical.,Rights review for sources/assets; community consent where identity or living knowledge is represented.,03-REGISTERS/rigveda-varna.csv; rigveda-varna-occurrences.csv; CORRECTIONS-PENDING.md; 03-REGISTERS/inherited-claims.csv → route brief → correction/interaction acceptance.,RELEASE 2,retained context,"Route role is retained context; prominence follows evidence and museum value, not page count."
the-guilds-and-the-raid.html,The Guilds and the Raid: Tamil Reach Across the Bay,current intended page,Current site route; exact 133-page inventory; full backlog; relevant deck/running-list material,BL-14; BL-18; BL-31; BL-39; BL-40; BL-58; BL-61; BL-69,"Use this page only for move among text, commentary, material setting and living interpretation without collapsing them. Its published existence does not confer verified status.",public; scholar; child/classroom only through an approved adapted action,the-guilds-and-the-raid.html,06-BRIEFS/mvp-fifteen/05-tinai.md; 06-BRIEFS/mvp-fifteen/10-kural.md; 06-BRIEFS/mvp-fifteen/11-sound-changes.md; 02-SOURCES/access-ledger.csv; NONE LOCATED for an accepted Tamil-corpus parity set,site main prototypes/ only where threshold/field grammar applies,KEEP AS CONTEXT,uncertified unless an accepted record is named,partial; action in route map,partial or reading-only,live,"1315 visible words, 3 citation signals, 19 links; exact related routes: kural.html; music.html; the-lost-harp.html; tinai.html; where-music-begins.html",Convert the load-bearing propositions on The Guilds and the Raid: Tamil Reach Across the Bay into claim-to-record links; structural citation signals (3) are not verification.,No specific factual error established here; later claim audit remains required.,06-BRIEFS/mvp-fifteen/05-tinai.md; 06-BRIEFS/mvp-fifteen/10-kural.md; 06-BRIEFS/mvp-fifteen/11-sound-changes.md; 02-SOURCES/access-ledger.csv; NONE LOCATED for an accepted Tamil-corpus parity set,Rewrite only after claim-to-record mapping; retain as context when investigation value is low.,"Text/object/audio encounter separating early textual meaning, commentary, later/living interpretation and MelaKeela’s contemporary use; no generic landscape decoration. For this route, centre the composition on “The Guilds and the Raid: Tamil Reach Across the Bay”.","Child/classroom role: Move among text, commentary, material setting and living interpretation without collapsing them. only if included in an approved vertical.",Rights review for sources/assets; community consent where identity or living knowledge is represented.,06-BRIEFS/mvp-fifteen/05-tinai.md; 06-BRIEFS/mvp-fifteen/10-kural.md; 06-BRIEFS/mvp-fifteen/11-sound-changes.md; 02-SOURCES/access-ledger.csv; NONE LOCATED for an accepted Tamil-corpus parity set → route brief → correction/interaction acceptance.,RELEASE 2,retained context,"Route role is retained context; prominence follows evidence and museum value, not page count."
the-killed.html,The Named Enemies of the Rigveda and Who Was Paid,current intended page,Current site route; exact 133-page inventory; full backlog; relevant deck/running-list material,BL-1; BL-2; BL-5; BL-6; BL-12; BL-18; BL-31; BL-52,Use this page only for test a public count by inspecting included and excluded occurrences in context. Its published existence does not confer verified status.,public; scholar; child/classroom only through an approved adapted action,the-killed.html,03-REGISTERS/rigveda-pur-family.csv; 03-REGISTERS/rigveda-pur-passages.csv; 03-REGISTERS/rigveda-varna.csv; 03-REGISTERS/rigveda-varna-occurrences.csv; 04-AUDITS/rigveda-pur-family-method.md; 06-BRIEFS/pur-4j-corpus.md; open research PR #30,site main prototypes/ only where threshold/field grammar applies,CORRECT CLAIMS,uncertified unless an accepted record is named,partial; action in route map,partial or reading-only,live,"1478 visible words, 2 citation signals, 44 links; exact related routes: caste-vocabulary-curve.html; criminalised-today.html; dasa-forts-rigveda.html; four-varnas-one-verse.html; geography-in-vedic-texts.html; mitanni.html; mlecha.html",Convert the load-bearing propositions on The Named Enemies of the Rigveda and Who Was Paid into claim-to-record links; structural citation signals (2) are not verification.,No specific factual error established here; later claim audit remains required.,03-REGISTERS/rigveda-pur-family.csv; 03-REGISTERS/rigveda-pur-passages.csv; 03-REGISTERS/rigveda-varna.csv; 03-REGISTERS/rigveda-varna-occurrences.csv; 04-AUDITS/rigveda-pur-family-method.md; 06-BRIEFS/pur-4j-corpus.md; open research PR #30,Rewrite only after claim-to-record mapping; retain as context when investigation value is low.,"Searchable verse/source viewer with lemma, form, translation variants, passage context and counted/not-counted reason; never use book order as a date axis. For this route, centre the composition on “The Named Enemies of the Rigveda and Who Was Paid”.",Child/classroom role: Test a public count by inspecting included and excluded occurrences in context. only if included in an approved vertical.,Rights review for sources/assets; community consent where identity or living knowledge is represented.,03-REGISTERS/rigveda-pur-family.csv; 03-REGISTERS/rigveda-pur-passages.csv; 03-REGISTERS/rigveda-varna.csv; 03-REGISTERS/rigveda-varna-occurrences.csv; 04-AUDITS/rigveda-pur-family-method.md; 06-BRIEFS/pur-4j-corpus.md; open research PR #30 → route brief → correction/interaction acceptance.,RELEASE 1,safety correction,"Route role is safety correction; prominence follows evidence and museum value, not page count."
the-king-they-claimed.html,The King They Claimed: Suheldev and the Rajbhars,current intended page,Current site route; exact 133-page inventory; full backlog; relevant deck/running-list material,BL-6; BL-18; BL-26; BL-31; BL-42; BL-43; BL-45; BL-52; BL-55,"Use this page only for trace a claim backward through author, archive, translation, funding and omission. Its published existence does not confer verified status.",public; scholar; child/classroom only through an approved adapted action,the-king-they-claimed.html,04-AUDITS/ARCHIVE-AND-POWER-AUDIT.csv; 04-AUDITS/BIAS-FAILURE-LOG.csv; 06-BRIEFS/mvp-fifteen/14-custody.md; 06-BRIEFS/mvp-fifteen/15-the-archive.md,site main prototypes/ only where threshold/field grammar applies,KEEP AS CONTEXT,uncertified unless an accepted record is named,partial; action in route map,partial or reading-only,live,"1436 visible words, 4 citation signals, 21 links; exact related routes: authorship-attribution-ancient-texts.html; chains-of-transmission.html; foreign-accounts-ancient-india.html; forest-peoples-sanskrit-record.html; indology.html; manuscript-custody.html; naming-in-ancient-india.html",Convert the load-bearing propositions on The King They Claimed: Suheldev and the Rajbhars into claim-to-record links; structural citation signals (4) are not verification.,No specific factual error established here; later claim audit remains required.,04-AUDITS/ARCHIVE-AND-POWER-AUDIT.csv; 04-AUDITS/BIAS-FAILURE-LOG.csv; 06-BRIEFS/mvp-fifteen/14-custody.md; 06-BRIEFS/mvp-fifteen/15-the-archive.md,Rewrite only after claim-to-record mapping; retain as context when investigation value is low.,"Source-genealogy network showing who recorded, preserved, translated, funded and excluded; motive appears only when documented. For this route, centre the composition on “The King They Claimed: Suheldev and the Rajbhars”.","Child/classroom role: Trace a claim backward through author, archive, translation, funding and omission. only if included in an approved vertical.",Rights review for sources/assets; community consent where identity or living knowledge is represented.,04-AUDITS/ARCHIVE-AND-POWER-AUDIT.csv; 04-AUDITS/BIAS-FAILURE-LOG.csv; 06-BRIEFS/mvp-fifteen/14-custody.md; 06-BRIEFS/mvp-fifteen/15-the-archive.md → route brief → correction/interaction acceptance.,RELEASE 2,retained context,"Route role is retained context; prominence follows evidence and museum value, not page count."
the-languages-we-lost.html,"Language Isolates of South Asia: Burushaski, Kusunda, Nihali",current intended page,Current site route; exact 133-page inventory; full backlog; relevant deck/running-list material,BL-9; BL-10; BL-11; BL-13; BL-14; BL-18; BL-31; BL-40; BL-58; BL-69,"Use this page only for compare forms and choose which history each observation supports, complicates or cannot decide. Its published existence does not confer verified status.",public; scholar; child/classroom only through an approved adapted action,the-languages-we-lost.html,06-BRIEFS/mvp-fifteen/12-the-languages-we-lost.md; 03-REGISTERS/domain-e-claims.csv; 03-REGISTERS/domain-e-measurements.csv; 03-REGISTERS/domain-m-brahui-position.csv; 04-AUDITS/domain-m-adversarial-review-2026-09-07.md; 05-HOLDS/HOLD-004-north-dravidian-comparative-evidence.md; open research PR #22,site main prototypes/ only where threshold/field grammar applies,KEEP AS CONTEXT,uncertified unless an accepted record is named,partial; action in route map,partial or reading-only,live,"2061 visible words, 10 citation signals, 21 links; exact related routes: dravidian-sounds-sanskrit-lacks.html; elamo-dravidian-hypothesis.html; kinship-terms-south-asia.html; the-deep-root.html; the-father-tongue.html; the-northwest-cousin.html; the-plateau.html","Convert the load-bearing propositions on Language Isolates of South Asia: Burushaski, Kusunda, Nihali into claim-to-record links; structural citation signals (10) are not verification.",No specific factual error established here; later claim audit remains required.,06-BRIEFS/mvp-fifteen/12-the-languages-we-lost.md; 03-REGISTERS/domain-e-claims.csv; 03-REGISTERS/domain-e-measurements.csv; 03-REGISTERS/domain-m-brahui-position.csv; 04-AUDITS/domain-m-adversarial-review-2026-09-07.md; 05-HOLDS/HOLD-004-north-dravidian-comparative-evidence.md; open research PR #22,Rewrite only after claim-to-record mapping; retain as context when investigation value is low.,"Side-by-side form/sound table with audio only where consented; map attestation, contact and proposed shift separately; no family-tree certainty from lexical counts. For this route, centre the composition on “Language Isolates of South Asia: Burushaski, Kusunda, Nihali”.","Child/classroom role: Compare forms and choose which history each observation supports, complicates or cannot decide. only if included in an approved vertical.",Rights review for sources/assets; community consent where identity or living knowledge is represented.,06-BRIEFS/mvp-fifteen/12-the-languages-we-lost.md; 03-REGISTERS/domain-e-claims.csv; 03-REGISTERS/domain-e-measurements.csv; 03-REGISTERS/domain-m-brahui-position.csv; 04-AUDITS/domain-m-adversarial-review-2026-09-07.md; 05-HOLDS/HOLD-004-north-dravidian-comparative-evidence.md; open research PR #22 → route brief → correction/interaction acceptance.,RELEASE 2,retained context,"Route role is retained context; prominence follows evidence and museum value, not page count."
the-late-hymn.html,Purusha Sukta: The Caste Hymn Was Added Late,current intended page,Current site route; exact 133-page inventory; full backlog; relevant deck/running-list material,BL-1; BL-2; BL-5; BL-6; BL-12; BL-18; BL-31; BL-52,Use this page only for test a public count by inspecting included and excluded occurrences in context. Its published existence does not confer verified status.,public; scholar; child/classroom only through an approved adapted action,the-late-hymn.html,03-REGISTERS/rigveda-pur-family.csv; 03-REGISTERS/rigveda-pur-passages.csv; 03-REGISTERS/rigveda-varna.csv; 03-REGISTERS/rigveda-varna-occurrences.csv; 04-AUDITS/rigveda-pur-family-method.md; 06-BRIEFS/pur-4j-corpus.md; open research PR #30,site main prototypes/ only where threshold/field grammar applies,DEEPEN,uncertified unless an accepted record is named,partial; action in route map,partial or reading-only,live,"1263 visible words, 11 citation signals, 18 links; exact related routes: caste-vocabulary-curve.html; criminalised-today.html; dasa-forts-rigveda.html; four-varnas-one-verse.html; geography-in-vedic-texts.html; mitanni.html; mlecha.html",Convert the load-bearing propositions on Purusha Sukta: The Caste Hymn Was Added Late into claim-to-record links; structural citation signals (11) are not verification.,No specific factual error established here; later claim audit remains required.,03-REGISTERS/rigveda-pur-family.csv; 03-REGISTERS/rigveda-pur-passages.csv; 03-REGISTERS/rigveda-varna.csv; 03-REGISTERS/rigveda-varna-occurrences.csv; 04-AUDITS/rigveda-pur-family-method.md; 06-BRIEFS/pur-4j-corpus.md; open research PR #30,Rewrite only after claim-to-record mapping; retain as context when investigation value is low.,"Searchable verse/source viewer with lemma, form, translation variants, passage context and counted/not-counted reason; never use book order as a date axis. For this route, centre the composition on “Purusha Sukta: The Caste Hymn Was Added Late”.",Child/classroom role: Test a public count by inspecting included and excluded occurrences in context. only if included in an approved vertical.,Rights review for sources/assets; community consent where identity or living knowledge is represented.,03-REGISTERS/rigveda-pur-family.csv; 03-REGISTERS/rigveda-pur-passages.csv; 03-REGISTERS/rigveda-varna.csv; 03-REGISTERS/rigveda-varna-occurrences.csv; 04-AUDITS/rigveda-pur-family-method.md; 06-BRIEFS/pur-4j-corpus.md; open research PR #30 → route brief → correction/interaction acceptance.,RELEASE 2,retained context,"Route role is retained context; prominence follows evidence and museum value, not page count."
the-later-count.html,Counting Varna in the Taittiriya Samhita: A Thin Record,current intended page,Current site route; exact 133-page inventory; full backlog; relevant deck/running-list material,BL-1; BL-2; BL-5; BL-6; BL-12; BL-18; BL-31; BL-52,Use this page only for test a public count by inspecting included and excluded occurrences in context. Its published existence does not confer verified status.,public; scholar; child/classroom only through an approved adapted action,the-later-count.html,03-REGISTERS/rigveda-pur-family.csv; 03-REGISTERS/rigveda-pur-passages.csv; 03-REGISTERS/rigveda-varna.csv; 03-REGISTERS/rigveda-varna-occurrences.csv; 04-AUDITS/rigveda-pur-family-method.md; 06-BRIEFS/pur-4j-corpus.md; open research PR #30,site main prototypes/ only where threshold/field grammar applies,KEEP AS CONTEXT,uncertified unless an accepted record is named,partial; action in route map,partial or reading-only,live,"966 visible words, 2 citation signals, 18 links; exact related routes: caste-vocabulary-curve.html; criminalised-today.html; dasa-forts-rigveda.html; four-varnas-one-verse.html; geography-in-vedic-texts.html; mitanni.html; mlecha.html",Convert the load-bearing propositions on Counting Varna in the Taittiriya Samhita: A Thin Record into claim-to-record links; structural citation signals (2) are not verification.,No specific factual error established here; later claim audit remains required.,03-REGISTERS/rigveda-pur-family.csv; 03-REGISTERS/rigveda-pur-passages.csv; 03-REGISTERS/rigveda-varna.csv; 03-REGISTERS/rigveda-varna-occurrences.csv; 04-AUDITS/rigveda-pur-family-method.md; 06-BRIEFS/pur-4j-corpus.md; open research PR #30,Rewrite only after claim-to-record mapping; retain as context when investigation value is low.,"Searchable verse/source viewer with lemma, form, translation variants, passage context and counted/not-counted reason; never use book order as a date axis. For this route, centre the composition on “Counting Varna in the Taittiriya Samhita: A Thin Record”.",Child/classroom role: Test a public count by inspecting included and excluded occurrences in context. only if included in an approved vertical.,Rights review for sources/assets; community consent where identity or living knowledge is represented.,03-REGISTERS/rigveda-pur-family.csv; 03-REGISTERS/rigveda-pur-passages.csv; 03-REGISTERS/rigveda-varna.csv; 03-REGISTERS/rigveda-varna-occurrences.csv; 04-AUDITS/rigveda-pur-family-method.md; 06-BRIEFS/pur-4j-corpus.md; open research PR #30 → route brief → correction/interaction acceptance.,RELEASE 2,retained context,"Route role is retained context; prominence follows evidence and museum value, not page count."
the-ledger.html,The Source Ledger: Ranking Evidence and Checking Scholars,current intended page,Current site route; exact 133-page inventory; full backlog; relevant deck/running-list material,BL-20; BL-21; BL-22; BL-23; BL-24; BL-25; BL-31; BL-32; BL-47; BL-48; BL-49; BL-52,"Use this page only for open one record, inspect its locator and evidence role, compare a counter-record, then follow its revision history. Its published existence does not confer verified status.",public; scholar; child/classroom only through an approved adapted action,the-ledger.html,06-BRIEFS/mvp-fifteen/06-the-ledger.md; 13-PRODUCT-ARCHITECTURE/museum-framework.md; 06-BRIEFS/mvp-fifteen/03-artifact-atlas.md; 06-BRIEFS/mvp-fifteen/06-the-ledger.md; site:assets/data/page-evidence.json,site main prototypes/ only where threshold/field grammar applies,REDESIGN,uncertified unless an accepted record is named,partial; action in route map,partial or reading-only,live,"1379 visible words, 31 citation signals, 18 links; exact related routes: artifact-atlas.html; research-index.html; search.html; sources.html",Convert the load-bearing propositions on The Source Ledger: Ranking Evidence and Checking Scholars into claim-to-record links; structural citation signals (31) are not verification.,No specific factual error established here; later claim audit remains required.,06-BRIEFS/mvp-fifteen/06-the-ledger.md; 13-PRODUCT-ARCHITECTURE/museum-framework.md; 06-BRIEFS/mvp-fifteen/03-artifact-atlas.md; 06-BRIEFS/mvp-fifteen/06-the-ledger.md; site:assets/data/page-evidence.json,Rewrite only after claim-to-record mapping; retain as context when investigation value is low.,"Record table plus expandable locator/source-ancestry drawer; relationships appear only after their evidence links and uncertainty are visible. For this route, centre the composition on “The Source Ledger: Ranking Evidence and Checking Scholars”.","Child/classroom role: Open one record, inspect its locator and evidence role, compare a counter-record, then follow its revision history. only if included in an approved vertical.",Rights review for sources/assets; community consent where identity or living knowledge is represented.,06-BRIEFS/mvp-fifteen/06-the-ledger.md; 13-PRODUCT-ARCHITECTURE/museum-framework.md; 06-BRIEFS/mvp-fifteen/03-artifact-atlas.md; 06-BRIEFS/mvp-fifteen/06-the-ledger.md; site:assets/data/page-evidence.json → route brief → correction/interaction acceptance.,RELEASE 1,enabler,"Route role is enabler; prominence follows evidence and museum value, not page count."
the-lost-harp.html,The Lost Harp: The Yāḻ and What Extinction Looks Like,current intended page,Current site route; exact 133-page inventory; full backlog; relevant deck/running-list material,BL-14; BL-18; BL-31; BL-39; BL-40; BL-58; BL-61; BL-69,"Use this page only for move among text, commentary, material setting and living interpretation without collapsing them. Its published existence does not confer verified status.",public; scholar; child/classroom only through an approved adapted action,the-lost-harp.html,06-BRIEFS/mvp-fifteen/05-tinai.md; 06-BRIEFS/mvp-fifteen/10-kural.md; 06-BRIEFS/mvp-fifteen/11-sound-changes.md; 02-SOURCES/access-ledger.csv; NONE LOCATED for an accepted Tamil-corpus parity set,site main prototypes/ only where threshold/field grammar applies,DEEPEN,uncertified unless an accepted record is named,partial; action in route map,partial or reading-only,live,"1467 visible words, 11 citation signals, 23 links; exact related routes: kural.html; music.html; the-guilds-and-the-raid.html; tinai.html; where-music-begins.html",Convert the load-bearing propositions on The Lost Harp: The Yāḻ and What Extinction Looks Like into claim-to-record links; structural citation signals (11) are not verification.,No specific factual error established here; later claim audit remains required.,06-BRIEFS/mvp-fifteen/05-tinai.md; 06-BRIEFS/mvp-fifteen/10-kural.md; 06-BRIEFS/mvp-fifteen/11-sound-changes.md; 02-SOURCES/access-ledger.csv; NONE LOCATED for an accepted Tamil-corpus parity set,Rewrite only after claim-to-record mapping; retain as context when investigation value is low.,"Text/object/audio encounter separating early textual meaning, commentary, later/living interpretation and MelaKeela’s contemporary use; no generic landscape decoration. For this route, centre the composition on “The Lost Harp: The Yāḻ and What Extinction Looks Like”.","Child/classroom role: Move among text, commentary, material setting and living interpretation without collapsing them. only if included in an approved vertical.",Rights review for sources/assets; community consent where identity or living knowledge is represented.,06-BRIEFS/mvp-fifteen/05-tinai.md; 06-BRIEFS/mvp-fifteen/10-kural.md; 06-BRIEFS/mvp-fifteen/11-sound-changes.md; 02-SOURCES/access-ledger.csv; NONE LOCATED for an accepted Tamil-corpus parity set → route brief → correction/interaction acceptance.,RELEASE 2,retained context,"Route role is retained context; prominence follows evidence and museum value, not page count."
the-lost-materialists.html,"The Lost Materialists: Cārvāka, Known Only From Refutations",current intended page,Current site route; exact 133-page inventory; full backlog; relevant deck/running-list material,BL-6; BL-15; BL-16; BL-17; BL-18; BL-31; BL-52,"Use this page only for compare who is speaking and whether the source is self-description, opponent report or later transmission. Its published existence does not confer verified status.",public; scholar; child/classroom only through an approved adapted action,the-lost-materialists.html,03-REGISTERS/inherited-claims.csv; 02-SOURCES/access-ledger.csv; NONE LOCATED for accepted Pāli/Prakrit/Jain/Aśokan/Chinese-pilgrim corpus parity,site main prototypes/ only where threshold/field grammar applies,KEEP AS CONTEXT,uncertified unless an accepted record is named,partial; action in route map,partial or reading-only,live,"1468 visible words, 9 citation signals, 24 links; exact related routes: brahmavadini.html; bronkhorst.html; how-buddhism-left.html; panini.html; the-broken-chain.html; the-computed-dawn.html; the-eastern-tradition.html","Convert the load-bearing propositions on The Lost Materialists: Cārvāka, Known Only From Refutations into claim-to-record links; structural citation signals (9) are not verification.",No specific factual error established here; later claim audit remains required.,03-REGISTERS/inherited-claims.csv; 02-SOURCES/access-ledger.csv; NONE LOCATED for accepted Pāli/Prakrit/Jain/Aśokan/Chinese-pilgrim corpus parity,Rewrite only after claim-to-record mapping; retain as context when investigation value is low.,"Parallel source/voice viewer that distinguishes self-description, rival report, later commentary and modern reconstruction. For this route, centre the composition on “The Lost Materialists: Cārvāka, Known Only From Refutations”.","Child/classroom role: Compare who is speaking and whether the source is self-description, opponent report or later transmission. only if included in an approved vertical.",Rights review for sources/assets; community consent where identity or living knowledge is represented.,03-REGISTERS/inherited-claims.csv; 02-SOURCES/access-ledger.csv; NONE LOCATED for accepted Pāli/Prakrit/Jain/Aśokan/Chinese-pilgrim corpus parity → route brief → correction/interaction acceptance.,RELEASE 2,retained context,"Route role is retained context; prominence follows evidence and museum value, not page count."
the-margins.html,"The Margins: Where the Oldest Lineages Survive, and Why",current intended page,Current site route; exact 133-page inventory; full backlog; relevant deck/running-list material,BL-1; BL-5; BL-19; BL-22; BL-26; BL-30; BL-31; BL-52,"Use this page only for separate sampled person, modelled ancestry, population history, language and identity. Its published existence does not confer verified status.",public; scholar; child/classroom only through an approved adapted action,the-margins.html,03-REGISTERS/inherited-claims.csv; 04-AUDITS/REAUDIT-QUEUE.csv; CORRECTIONS-PENDING.md; NONE LOCATED for an accepted methods-qualified genetics synthesis,site main prototypes/ only where threshold/field grammar applies,KEEP AS CONTEXT,uncertified unless an accepted record is named,partial; action in route map,partial or reading-only,live,"1499 visible words, 3 citation signals, 25 links; exact related routes: academia-battlefield.html; beneath-both-waves.html; endogamy-clock.html; gotra.html; steppe.html; the-definition.html; the-expansions.html","Convert the load-bearing propositions on The Margins: Where the Oldest Lineages Survive, and Why into claim-to-record links; structural citation signals (3) are not verification.",No specific factual error established here; later claim audit remains required.,03-REGISTERS/inherited-claims.csv; 04-AUDITS/REAUDIT-QUEUE.csv; CORRECTIONS-PENDING.md; NONE LOCATED for an accepted methods-qualified genetics synthesis,Rewrite only after claim-to-record mapping; retain as context when investigation value is low.,"Sample-to-model comparison showing sample place/date, method, confidence and limits; ancestry components never rendered as peoples or languages. For this route, centre the composition on “The Margins: Where the Oldest Lineages Survive, and Why”.","Child/classroom role: Separate sampled person, modelled ancestry, population history, language and identity. only if included in an approved vertical.",Rights review for sources/assets; community consent where identity or living knowledge is represented.,03-REGISTERS/inherited-claims.csv; 04-AUDITS/REAUDIT-QUEUE.csv; CORRECTIONS-PENDING.md; NONE LOCATED for an accepted methods-qualified genetics synthesis → route brief → correction/interaction acceptance.,RELEASE 2,retained context,"Route role is retained context; prominence follows evidence and museum value, not page count."
the-markers-themselves.html,The Markers Themselves: Y-Lineages Across Caste and Tribe,current intended page,Current site route; exact 133-page inventory; full backlog; relevant deck/running-list material,BL-1; BL-5; BL-19; BL-22; BL-26; BL-30; BL-31; BL-52,"Use this page only for separate sampled person, modelled ancestry, population history, language and identity. Its published existence does not confer verified status.",public; scholar; child/classroom only through an approved adapted action,the-markers-themselves.html,03-REGISTERS/inherited-claims.csv; 04-AUDITS/REAUDIT-QUEUE.csv; CORRECTIONS-PENDING.md; NONE LOCATED for an accepted methods-qualified genetics synthesis,site main prototypes/ only where threshold/field grammar applies,CORRECT CLAIMS,uncertified unless an accepted record is named,partial; action in route map,partial or reading-only,live,"4341 visible words, 17 citation signals, 20 links; exact related routes: academia-battlefield.html; beneath-both-waves.html; endogamy-clock.html; gotra.html; steppe.html; the-definition.html; the-expansions.html","Resolve the named correction before prominence; bind every changed claim to locator, evidence role, counter-evidence and revision.","Y-lineage evidence cannot stand for autosomal ancestry, whole populations, caste or language.",03-REGISTERS/inherited-claims.csv; 04-AUDITS/REAUDIT-QUEUE.csv; CORRECTIONS-PENDING.md; NONE LOCATED for an accepted methods-qualified genetics synthesis,Rewrite only after claim-to-record mapping; retain as context when investigation value is low.,"Sample-to-model comparison showing sample place/date, method, confidence and limits; ancestry components never rendered as peoples or languages. For this route, centre the composition on “The Markers Themselves: Y-Lineages Across Caste and Tribe”.","Child/classroom role: Separate sampled person, modelled ancestry, population history, language and identity. only if included in an approved vertical.",Rights review for sources/assets; community consent where identity or living knowledge is represented.,03-REGISTERS/inherited-claims.csv; 04-AUDITS/REAUDIT-QUEUE.csv; CORRECTIONS-PENDING.md; NONE LOCATED for an accepted methods-qualified genetics synthesis → route brief → correction/interaction acceptance.,RELEASE 1,safety correction,"Route role is safety correction; prominence follows evidence and museum value, not page count."
the-maternal-line.html,The Maternal Line: What the Women's Record Refuses,current intended page,Current site route; exact 133-page inventory; full backlog; relevant deck/running-list material,BL-1; BL-5; BL-19; BL-22; BL-26; BL-30; BL-31; BL-52,"Use this page only for separate sampled person, modelled ancestry, population history, language and identity. Its published existence does not confer verified status.",public; scholar; child/classroom only through an approved adapted action,the-maternal-line.html,03-REGISTERS/inherited-claims.csv; 04-AUDITS/REAUDIT-QUEUE.csv; CORRECTIONS-PENDING.md; NONE LOCATED for an accepted methods-qualified genetics synthesis,site main prototypes/ only where threshold/field grammar applies,KEEP AS CONTEXT,uncertified unless an accepted record is named,partial; action in route map,partial or reading-only,live,"1539 visible words, 4 citation signals, 25 links; exact related routes: academia-battlefield.html; beneath-both-waves.html; endogamy-clock.html; gotra.html; steppe.html; the-definition.html; the-expansions.html",Convert the load-bearing propositions on The Maternal Line: What the Women's Record Refuses into claim-to-record links; structural citation signals (4) are not verification.,No specific factual error established here; later claim audit remains required.,03-REGISTERS/inherited-claims.csv; 04-AUDITS/REAUDIT-QUEUE.csv; CORRECTIONS-PENDING.md; NONE LOCATED for an accepted methods-qualified genetics synthesis,Rewrite only after claim-to-record mapping; retain as context when investigation value is low.,"Sample-to-model comparison showing sample place/date, method, confidence and limits; ancestry components never rendered as peoples or languages. For this route, centre the composition on “The Maternal Line: What the Women's Record Refuses”.","Child/classroom role: Separate sampled person, modelled ancestry, population history, language and identity. only if included in an approved vertical.",Rights review for sources/assets; community consent where identity or living knowledge is represented.,03-REGISTERS/inherited-claims.csv; 04-AUDITS/REAUDIT-QUEUE.csv; CORRECTIONS-PENDING.md; NONE LOCATED for an accepted methods-qualified genetics synthesis → route brief → correction/interaction acceptance.,RELEASE 2,retained context,"Route role is retained context; prominence follows evidence and museum value, not page count."
the-medicine-question.html,"Ayurveda and Siddha: Evidence, Efficacy and Heavy Metals",current intended page,Current site route; exact 133-page inventory; full backlog; relevant deck/running-list material,BL-18; BL-26; BL-31; BL-52; BL-69,"Use this page only for inspect the object or instrument, test a reconstruction and separate historical evidence from present practice. Its published existence does not confer verified status.",public; scholar; child/classroom only through an approved adapted action,the-medicine-question.html,03-REGISTERS/inherited-claims.csv; 02-SOURCES/access-ledger.csv; NONE LOCATED for accepted astronomy/music/medical source programmes,site main prototypes/ only where threshold/field grammar applies,MERGE,uncertified unless an accepted record is named,partial; action in route map,partial or reading-only,live,"1723 visible words, 12 citation signals, 20 links; exact related routes: siddha-and-ayurveda.html; ancient-south-asian-astronomy.html; dravidian-sky.html; siddha-and-ayurveda.html","Convert the load-bearing propositions on Ayurveda and Siddha: Evidence, Efficacy and Heavy Metals into claim-to-record links; structural citation signals (12) are not verification.",No specific factual error established here; later claim audit remains required.,03-REGISTERS/inherited-claims.csv; 02-SOURCES/access-ledger.csv; NONE LOCATED for accepted astronomy/music/medical source programmes,Rewrite only after claim-to-record mapping; retain as context when investigation value is low.,"Instrument/object/source comparison with reconstruction labels, safety limits and rights; recreated sound or practice is never presented as survival without evidence. For this route, centre the composition on “Ayurveda and Siddha: Evidence, Efficacy and Heavy Metals”.","Child/classroom role: Inspect the object or instrument, test a reconstruction and separate historical evidence from present practice. only if included in an approved vertical.",Rights review for sources/assets; community consent where identity or living knowledge is represented.,03-REGISTERS/inherited-claims.csv; 02-SOURCES/access-ledger.csv; NONE LOCATED for accepted astronomy/music/medical source programmes → route brief → correction/interaction acceptance.,RELEASE 2,retained context,"Route role is retained context; prominence follows evidence and museum value, not page count."
the-narrowing.html,How Women's Status Declined in Ancient India,current intended page,Current site route; exact 133-page inventory; full backlog; relevant deck/running-list material,BL-6; BL-15; BL-16; BL-17; BL-18; BL-31; BL-52,"Use this page only for compare who is speaking and whether the source is self-description, opponent report or later transmission. Its published existence does not confer verified status.",public; scholar; child/classroom only through an approved adapted action,the-narrowing.html,03-REGISTERS/inherited-claims.csv; 02-SOURCES/access-ledger.csv; NONE LOCATED for accepted Pāli/Prakrit/Jain/Aśokan/Chinese-pilgrim corpus parity,site main prototypes/ only where threshold/field grammar applies,KEEP AS CONTEXT,uncertified unless an accepted record is named,partial; action in route map,partial or reading-only,live,"1382 visible words, 14 citation signals, 20 links; exact related routes: brahmavadini.html; bronkhorst.html; how-buddhism-left.html; panini.html; the-broken-chain.html; the-computed-dawn.html; the-eastern-tradition.html",Convert the load-bearing propositions on How Women's Status Declined in Ancient India into claim-to-record links; structural citation signals (14) are not verification.,No specific factual error established here; later claim audit remains required.,03-REGISTERS/inherited-claims.csv; 02-SOURCES/access-ledger.csv; NONE LOCATED for accepted Pāli/Prakrit/Jain/Aśokan/Chinese-pilgrim corpus parity,Rewrite only after claim-to-record mapping; retain as context when investigation value is low.,"Parallel source/voice viewer that distinguishes self-description, rival report, later commentary and modern reconstruction. For this route, centre the composition on “How Women's Status Declined in Ancient India”.","Child/classroom role: Compare who is speaking and whether the source is self-description, opponent report or later transmission. only if included in an approved vertical.",Rights review for sources/assets; community consent where identity or living knowledge is represented.,03-REGISTERS/inherited-claims.csv; 02-SOURCES/access-ledger.csv; NONE LOCATED for accepted Pāli/Prakrit/Jain/Aśokan/Chinese-pilgrim corpus parity → route brief → correction/interaction acceptance.,RELEASE 2,retained context,"Route role is retained context; prominence follows evidence and museum value, not page count."
the-nine-enemies.html,"The Nine Named Enemies of the Rigveda, and Who Was Paid",current intended page,Current site route; exact 133-page inventory; full backlog; relevant deck/running-list material,BL-1; BL-2; BL-5; BL-6; BL-12; BL-18; BL-31; BL-52,Use this page only for test a public count by inspecting included and excluded occurrences in context. Its published existence does not confer verified status.,public; scholar; child/classroom only through an approved adapted action,the-nine-enemies.html,03-REGISTERS/rigveda-pur-family.csv; 03-REGISTERS/rigveda-pur-passages.csv; 03-REGISTERS/rigveda-varna.csv; 03-REGISTERS/rigveda-varna-occurrences.csv; 04-AUDITS/rigveda-pur-family-method.md; 06-BRIEFS/pur-4j-corpus.md; open research PR #30,site main prototypes/ only where threshold/field grammar applies,MERGE,uncertified unless an accepted record is named,partial; action in route map,partial or reading-only,live,"1715 visible words, 2 citation signals, 19 links; exact related routes: the-killed.html; caste-vocabulary-curve.html; criminalised-today.html; dasa-forts-rigveda.html; four-varnas-one-verse.html; geography-in-vedic-texts.html; mitanni.html","Convert the load-bearing propositions on The Nine Named Enemies of the Rigveda, and Who Was Paid into claim-to-record links; structural citation signals (2) are not verification.",No specific factual error established here; later claim audit remains required.,03-REGISTERS/rigveda-pur-family.csv; 03-REGISTERS/rigveda-pur-passages.csv; 03-REGISTERS/rigveda-varna.csv; 03-REGISTERS/rigveda-varna-occurrences.csv; 04-AUDITS/rigveda-pur-family-method.md; 06-BRIEFS/pur-4j-corpus.md; open research PR #30,Rewrite only after claim-to-record mapping; retain as context when investigation value is low.,"Searchable verse/source viewer with lemma, form, translation variants, passage context and counted/not-counted reason; never use book order as a date axis. For this route, centre the composition on “The Nine Named Enemies of the Rigveda, and Who Was Paid”.",Child/classroom role: Test a public count by inspecting included and excluded occurrences in context. only if included in an approved vertical.,Rights review for sources/assets; community consent where identity or living knowledge is represented.,03-REGISTERS/rigveda-pur-family.csv; 03-REGISTERS/rigveda-pur-passages.csv; 03-REGISTERS/rigveda-varna.csv; 03-REGISTERS/rigveda-varna-occurrences.csv; 04-AUDITS/rigveda-pur-family-method.md; 06-BRIEFS/pur-4j-corpus.md; open research PR #30 → route brief → correction/interaction acceptance.,RELEASE 2,retained context,"Route role is retained context; prominence follows evidence and museum value, not page count."
the-northwest-cousin.html,"The Northwest Cousin: Brahui, Tamil and 191 Shared Roots",current intended page,Current site route; exact 133-page inventory; full backlog; relevant deck/running-list material,BL-9; BL-10; BL-11; BL-13; BL-14; BL-18; BL-31; BL-40; BL-58; BL-69,"Use this page only for compare forms and choose which history each observation supports, complicates or cannot decide. Its published existence does not confer verified status.",public; scholar; child/classroom only through an approved adapted action,the-northwest-cousin.html,03-REGISTERS/domain-e-claims.csv; 03-REGISTERS/domain-e-measurements.csv; 03-REGISTERS/domain-m-brahui-position.csv; 04-AUDITS/domain-m-adversarial-review-2026-09-07.md; 05-HOLDS/HOLD-004-north-dravidian-comparative-evidence.md; open research PR #22,site main prototypes/ only where threshold/field grammar applies,CORRECT CLAIMS,uncertified unless an accepted record is named,partial; action in route map,partial or reading-only,live,"1792 visible words, 3 citation signals, 19 links; exact related routes: dravidian-sounds-sanskrit-lacks.html; elamo-dravidian-hypothesis.html; kinship-terms-south-asia.html; the-deep-root.html; the-father-tongue.html; the-languages-we-lost.html; the-plateau.html","Resolve the named correction before prominence; bind every changed claim to locator, evidence role, counter-evidence and revision.","The shipped digitisation reproduces 191/262 (72.9%), but “directly from the dictionary” obscures a secondary digitisation and other same-source-lineage scrapes yield 220/269 and 223/273. D-038 and Domain M blockers remain open.",03-REGISTERS/domain-e-claims.csv; 03-REGISTERS/domain-e-measurements.csv; 03-REGISTERS/domain-m-brahui-position.csv; 04-AUDITS/domain-m-adversarial-review-2026-09-07.md; 05-HOLDS/HOLD-004-north-dravidian-comparative-evidence.md; open research PR #22,Rewrite only after claim-to-record mapping; retain as context when investigation value is low.,"Side-by-side form/sound table with audio only where consented; map attestation, contact and proposed shift separately; no family-tree certainty from lexical counts. For this route, centre the composition on “The Northwest Cousin: Brahui, Tamil and 191 Shared Roots”.","Child/classroom role: Compare forms and choose which history each observation supports, complicates or cannot decide. only if included in an approved vertical.",Rights review for sources/assets; community consent where identity or living knowledge is represented.,03-REGISTERS/domain-e-claims.csv; 03-REGISTERS/domain-e-measurements.csv; 03-REGISTERS/domain-m-brahui-position.csv; 04-AUDITS/domain-m-adversarial-review-2026-09-07.md; 05-HOLDS/HOLD-004-north-dravidian-comparative-evidence.md; open research PR #22 → route brief → correction/interaction acceptance.,RELEASE 1,safety correction,"Route role is safety correction; prominence follows evidence and museum value, not page count."
the-other-half.html,The Other Half of the Indus: What Pakistan Holds,current intended page,Current site route; exact 133-page inventory; full backlog; relevant deck/running-list material,BL-11; BL-18; BL-25; BL-26; BL-27; BL-28; BL-30; BL-31; BL-66; BL-67,"Use this page only for excavate context, date the layer and decide what the object can and cannot establish. Its published existence does not confer verified status.",public; scholar; child/classroom only through an approved adapted action,the-other-half.html,06-BRIEFS/mvp-fifteen/07-keeladi.md; 06-BRIEFS/mvp-fifteen/08-before-the-indus.md; 06-BRIEFS/mvp-fifteen/09-the-water-city.md; 03-REGISTERS/inherited-claims.csv; 02-SOURCES/access-ledger.csv,site main prototypes/ only where threshold/field grammar applies,HOLD,uncertified unless an accepted record is named,partial; action in route map,partial or reading-only,live,"1580 visible words, 6 citation signals, 16 links; exact related routes: before-the-indus.html; brahmi.html; excavation-bias-funding.html; indus-to-vedic-gap.html; keeladi.html; material-culture-ancient-south-asia.html; meluhha-trade.html",Convert the load-bearing propositions on The Other Half of the Indus: What Pakistan Holds into claim-to-record links; structural citation signals (6) are not verification.,No specific factual error established here; later claim audit remains required.,06-BRIEFS/mvp-fifteen/07-keeladi.md; 06-BRIEFS/mvp-fifteen/08-before-the-indus.md; 06-BRIEFS/mvp-fifteen/09-the-water-city.md; 03-REGISTERS/inherited-claims.csv; 02-SOURCES/access-ledger.csv,Rewrite only after claim-to-record mapping; retain as context when investigation value is low.,"Excavation/context view with trench, layer, object, date range and alternative reading; movement maps separate material from people and language. For this route, centre the composition on “The Other Half of the Indus: What Pakistan Holds”.","Child/classroom role: Excavate context, date the layer and decide what the object can and cannot establish. only if included in an approved vertical.",Rights review for sources/assets; community consent where identity or living knowledge is represented.,06-BRIEFS/mvp-fifteen/07-keeladi.md; 06-BRIEFS/mvp-fifteen/08-before-the-indus.md; 06-BRIEFS/mvp-fifteen/09-the-water-city.md; 03-REGISTERS/inherited-claims.csv; 02-SOURCES/access-ledger.csv → route brief → correction/interaction acceptance.,RELEASE 1,safety correction,"Route role is safety correction; prominence follows evidence and museum value, not page count."
the-plateau.html,"The Plateau: Elam, the Indus, and the People Between",current intended page,Current site route; exact 133-page inventory; full backlog; relevant deck/running-list material,BL-9; BL-10; BL-11; BL-13; BL-14; BL-18; BL-31; BL-40; BL-58; BL-69,"Use this page only for compare forms and choose which history each observation supports, complicates or cannot decide. Its published existence does not confer verified status.",public; scholar; child/classroom only through an approved adapted action,the-plateau.html,03-REGISTERS/domain-e-claims.csv; 03-REGISTERS/domain-e-measurements.csv; 03-REGISTERS/domain-m-brahui-position.csv; 04-AUDITS/domain-m-adversarial-review-2026-09-07.md; 05-HOLDS/HOLD-004-north-dravidian-comparative-evidence.md; open research PR #22,site main prototypes/ only where threshold/field grammar applies,DEEPEN,uncertified unless an accepted record is named,partial; action in route map,partial or reading-only,live,"1828 visible words, 5 citation signals, 26 links; exact related routes: dravidian-sounds-sanskrit-lacks.html; elamo-dravidian-hypothesis.html; kinship-terms-south-asia.html; the-deep-root.html; the-father-tongue.html; the-languages-we-lost.html; the-northwest-cousin.html","Convert the load-bearing propositions on The Plateau: Elam, the Indus, and the People Between into claim-to-record links; structural citation signals (5) are not verification.",No specific factual error established here; later claim audit remains required.,03-REGISTERS/domain-e-claims.csv; 03-REGISTERS/domain-e-measurements.csv; 03-REGISTERS/domain-m-brahui-position.csv; 04-AUDITS/domain-m-adversarial-review-2026-09-07.md; 05-HOLDS/HOLD-004-north-dravidian-comparative-evidence.md; open research PR #22,Rewrite only after claim-to-record mapping; retain as context when investigation value is low.,"Side-by-side form/sound table with audio only where consented; map attestation, contact and proposed shift separately; no family-tree certainty from lexical counts. For this route, centre the composition on “The Plateau: Elam, the Indus, and the People Between”.","Child/classroom role: Compare forms and choose which history each observation supports, complicates or cannot decide. only if included in an approved vertical.",Rights review for sources/assets; community consent where identity or living knowledge is represented.,03-REGISTERS/domain-e-claims.csv; 03-REGISTERS/domain-e-measurements.csv; 03-REGISTERS/domain-m-brahui-position.csv; 04-AUDITS/domain-m-adversarial-review-2026-09-07.md; 05-HOLDS/HOLD-004-north-dravidian-comparative-evidence.md; open research PR #22 → route brief → correction/interaction acceptance.,RELEASE 2,retained context,"Route role is retained context; prominence follows evidence and museum value, not page count."
the-proxy.html,The Proxy: Who Carries the Indus Woman's Ancestry Now,current intended page,Current site route; exact 133-page inventory; full backlog; relevant deck/running-list material,BL-1; BL-5; BL-19; BL-22; BL-26; BL-30; BL-31; BL-52,"Use this page only for separate sampled person, modelled ancestry, population history, language and identity. Its published existence does not confer verified status.",public; scholar; child/classroom only through an approved adapted action,the-proxy.html,03-REGISTERS/inherited-claims.csv; 04-AUDITS/REAUDIT-QUEUE.csv; CORRECTIONS-PENDING.md; NONE LOCATED for an accepted methods-qualified genetics synthesis,site main prototypes/ only where threshold/field grammar applies,HOLD,uncertified unless an accepted record is named,partial; action in route map,partial or reading-only,live,"2318 visible words, 13 citation signals, 17 links; exact related routes: academia-battlefield.html; beneath-both-waves.html; endogamy-clock.html; gotra.html; steppe.html; the-definition.html; the-expansions.html","Resolve the named correction before prominence; bind every changed claim to locator, evidence role, counter-evidence and revision.","Living communities cannot be collapsed into genetic, linguistic or cultural proxies for ancient populations; community authority and consent are unresolved.",03-REGISTERS/inherited-claims.csv; 04-AUDITS/REAUDIT-QUEUE.csv; CORRECTIONS-PENDING.md; NONE LOCATED for an accepted methods-qualified genetics synthesis,Rewrite only after claim-to-record mapping; retain as context when investigation value is low.,"Sample-to-model comparison showing sample place/date, method, confidence and limits; ancestry components never rendered as peoples or languages. For this route, centre the composition on “The Proxy: Who Carries the Indus Woman's Ancestry Now”.","Child/classroom role: Separate sampled person, modelled ancestry, population history, language and identity. only if included in an approved vertical.",Rights review for sources/assets; community consent where identity or living knowledge is represented.,03-REGISTERS/inherited-claims.csv; 04-AUDITS/REAUDIT-QUEUE.csv; CORRECTIONS-PENDING.md; NONE LOCATED for an accepted methods-qualified genetics synthesis → route brief → correction/interaction acceptance.,RELEASE 1,safety correction,"Route role is safety correction; prominence follows evidence and museum value, not page count."
the-seal-still-holds.html,The Seal Still Holds: Endogamy Measured in the Present,current intended page,Current site route; exact 133-page inventory; full backlog; relevant deck/running-list material,BL-11; BL-18; BL-25; BL-26; BL-27; BL-28; BL-30; BL-31; BL-66; BL-67,"Use this page only for excavate context, date the layer and decide what the object can and cannot establish. Its published existence does not confer verified status.",public; scholar; child/classroom only through an approved adapted action,the-seal-still-holds.html,06-BRIEFS/mvp-fifteen/07-keeladi.md; 06-BRIEFS/mvp-fifteen/08-before-the-indus.md; 06-BRIEFS/mvp-fifteen/09-the-water-city.md; 03-REGISTERS/inherited-claims.csv; 02-SOURCES/access-ledger.csv,site main prototypes/ only where threshold/field grammar applies,KEEP AS CONTEXT,uncertified unless an accepted record is named,partial; action in route map,partial or reading-only,live,"1399 visible words, 5 citation signals, 26 links; exact related routes: before-the-indus.html; brahmi.html; excavation-bias-funding.html; indus-to-vedic-gap.html; keeladi.html; material-culture-ancient-south-asia.html; meluhha-trade.html",Convert the load-bearing propositions on The Seal Still Holds: Endogamy Measured in the Present into claim-to-record links; structural citation signals (5) are not verification.,No specific factual error established here; later claim audit remains required.,06-BRIEFS/mvp-fifteen/07-keeladi.md; 06-BRIEFS/mvp-fifteen/08-before-the-indus.md; 06-BRIEFS/mvp-fifteen/09-the-water-city.md; 03-REGISTERS/inherited-claims.csv; 02-SOURCES/access-ledger.csv,Rewrite only after claim-to-record mapping; retain as context when investigation value is low.,"Excavation/context view with trench, layer, object, date range and alternative reading; movement maps separate material from people and language. For this route, centre the composition on “The Seal Still Holds: Endogamy Measured in the Present”.","Child/classroom role: Excavate context, date the layer and decide what the object can and cannot establish. only if included in an approved vertical.",Rights review for sources/assets; community consent where identity or living knowledge is represented.,06-BRIEFS/mvp-fifteen/07-keeladi.md; 06-BRIEFS/mvp-fifteen/08-before-the-indus.md; 06-BRIEFS/mvp-fifteen/09-the-water-city.md; 03-REGISTERS/inherited-claims.csv; 02-SOURCES/access-ledger.csv → route brief → correction/interaction acceptance.,RELEASE 2,retained context,"Route role is retained context; prominence follows evidence and museum value, not page count."
the-shape-of-a-grave.html,The Shape of a Grave: Indus Burials and the Megaliths,current intended page,Current site route; exact 133-page inventory; full backlog; relevant deck/running-list material,BL-11; BL-18; BL-25; BL-26; BL-27; BL-28; BL-30; BL-31; BL-66; BL-67,"Use this page only for excavate context, date the layer and decide what the object can and cannot establish. Its published existence does not confer verified status.",public; scholar; child/classroom only through an approved adapted action,the-shape-of-a-grave.html,06-BRIEFS/mvp-fifteen/07-keeladi.md; 06-BRIEFS/mvp-fifteen/08-before-the-indus.md; 06-BRIEFS/mvp-fifteen/09-the-water-city.md; 03-REGISTERS/inherited-claims.csv; 02-SOURCES/access-ledger.csv,site main prototypes/ only where threshold/field grammar applies,DEEPEN,uncertified unless an accepted record is named,partial; action in route map,partial or reading-only,live,"1373 visible words, 1 citation signals, 23 links; exact related routes: before-the-indus.html; brahmi.html; excavation-bias-funding.html; indus-to-vedic-gap.html; keeladi.html; material-culture-ancient-south-asia.html; meluhha-trade.html",Convert the load-bearing propositions on The Shape of a Grave: Indus Burials and the Megaliths into claim-to-record links; structural citation signals (1) are not verification.,No specific factual error established here; later claim audit remains required.,06-BRIEFS/mvp-fifteen/07-keeladi.md; 06-BRIEFS/mvp-fifteen/08-before-the-indus.md; 06-BRIEFS/mvp-fifteen/09-the-water-city.md; 03-REGISTERS/inherited-claims.csv; 02-SOURCES/access-ledger.csv,Rewrite only after claim-to-record mapping; retain as context when investigation value is low.,"Excavation/context view with trench, layer, object, date range and alternative reading; movement maps separate material from people and language. For this route, centre the composition on “The Shape of a Grave: Indus Burials and the Megaliths”.","Child/classroom role: Excavate context, date the layer and decide what the object can and cannot establish. only if included in an approved vertical.",Rights review for sources/assets; community consent where identity or living knowledge is represented.,06-BRIEFS/mvp-fifteen/07-keeladi.md; 06-BRIEFS/mvp-fifteen/08-before-the-indus.md; 06-BRIEFS/mvp-fifteen/09-the-water-city.md; 03-REGISTERS/inherited-claims.csv; 02-SOURCES/access-ledger.csv → route brief → correction/interaction acceptance.,RELEASE 2,retained context,"Route role is retained context; prominence follows evidence and museum value, not page count."
the-survey-not-done.html,The Survey Not Done: LiDAR and South Asia's Blind Spot,current intended page,Current site route; exact 133-page inventory; full backlog; relevant deck/running-list material,BL-11; BL-18; BL-25; BL-26; BL-27; BL-28; BL-30; BL-31; BL-66; BL-67,"Use this page only for excavate context, date the layer and decide what the object can and cannot establish. Its published existence does not confer verified status.",public; scholar; child/classroom only through an approved adapted action,the-survey-not-done.html,06-BRIEFS/mvp-fifteen/07-keeladi.md; 06-BRIEFS/mvp-fifteen/08-before-the-indus.md; 06-BRIEFS/mvp-fifteen/09-the-water-city.md; 03-REGISTERS/inherited-claims.csv; 02-SOURCES/access-ledger.csv,site main prototypes/ only where threshold/field grammar applies,HOLD,uncertified unless an accepted record is named,partial; action in route map,partial or reading-only,live,"1767 visible words, 1 citation signals, 20 links; exact related routes: before-the-indus.html; brahmi.html; excavation-bias-funding.html; indus-to-vedic-gap.html; keeladi.html; material-culture-ancient-south-asia.html; meluhha-trade.html",Convert the load-bearing propositions on The Survey Not Done: LiDAR and South Asia's Blind Spot into claim-to-record links; structural citation signals (1) are not verification.,No specific factual error established here; later claim audit remains required.,06-BRIEFS/mvp-fifteen/07-keeladi.md; 06-BRIEFS/mvp-fifteen/08-before-the-indus.md; 06-BRIEFS/mvp-fifteen/09-the-water-city.md; 03-REGISTERS/inherited-claims.csv; 02-SOURCES/access-ledger.csv,Rewrite only after claim-to-record mapping; retain as context when investigation value is low.,"Excavation/context view with trench, layer, object, date range and alternative reading; movement maps separate material from people and language. For this route, centre the composition on “The Survey Not Done: LiDAR and South Asia's Blind Spot”.","Child/classroom role: Excavate context, date the layer and decide what the object can and cannot establish. only if included in an approved vertical.",Rights review for sources/assets; community consent where identity or living knowledge is represented.,06-BRIEFS/mvp-fifteen/07-keeladi.md; 06-BRIEFS/mvp-fifteen/08-before-the-indus.md; 06-BRIEFS/mvp-fifteen/09-the-water-city.md; 03-REGISTERS/inherited-claims.csv; 02-SOURCES/access-ledger.csv → route brief → correction/interaction acceptance.,RELEASE 1,safety correction,"Route role is safety correction; prominence follows evidence and museum value, not page count."
the-third-party.html,The Third Party: Who Data Sovereignty Was Built For,current intended page,Current site route; exact 133-page inventory; full backlog; relevant deck/running-list material,BL-6; BL-18; BL-26; BL-31; BL-42; BL-43; BL-45; BL-52; BL-55,"Use this page only for trace a claim backward through author, archive, translation, funding and omission. Its published existence does not confer verified status.",public; scholar; child/classroom only through an approved adapted action,the-third-party.html,04-AUDITS/ARCHIVE-AND-POWER-AUDIT.csv; 04-AUDITS/BIAS-FAILURE-LOG.csv; 06-BRIEFS/mvp-fifteen/14-custody.md; 06-BRIEFS/mvp-fifteen/15-the-archive.md,site main prototypes/ only where threshold/field grammar applies,HOLD,uncertified unless an accepted record is named,partial; action in route map,partial or reading-only,live,"1994 visible words, 6 citation signals, 25 links; exact related routes: authorship-attribution-ancient-texts.html; chains-of-transmission.html; foreign-accounts-ancient-india.html; forest-peoples-sanskrit-record.html; indology.html; manuscript-custody.html; naming-in-ancient-india.html",Convert the load-bearing propositions on The Third Party: Who Data Sovereignty Was Built For into claim-to-record links; structural citation signals (6) are not verification.,No specific factual error established here; later claim audit remains required.,04-AUDITS/ARCHIVE-AND-POWER-AUDIT.csv; 04-AUDITS/BIAS-FAILURE-LOG.csv; 06-BRIEFS/mvp-fifteen/14-custody.md; 06-BRIEFS/mvp-fifteen/15-the-archive.md,Rewrite only after claim-to-record mapping; retain as context when investigation value is low.,"Source-genealogy network showing who recorded, preserved, translated, funded and excluded; motive appears only when documented. For this route, centre the composition on “The Third Party: Who Data Sovereignty Was Built For”.","Child/classroom role: Trace a claim backward through author, archive, translation, funding and omission. only if included in an approved vertical.",Rights review for sources/assets; community consent where identity or living knowledge is represented.,04-AUDITS/ARCHIVE-AND-POWER-AUDIT.csv; 04-AUDITS/BIAS-FAILURE-LOG.csv; 06-BRIEFS/mvp-fifteen/14-custody.md; 06-BRIEFS/mvp-fifteen/15-the-archive.md → route brief → correction/interaction acceptance.,RELEASE 1,safety correction,"Route role is safety correction; prominence follows evidence and museum value, not page count."
the-third-tradition.html,"The Third Tradition: The Ājīvikas, Known Only Through Rivals",current intended page,Current site route; exact 133-page inventory; full backlog; relevant deck/running-list material,BL-6; BL-15; BL-16; BL-17; BL-18; BL-31; BL-52,"Use this page only for compare who is speaking and whether the source is self-description, opponent report or later transmission. Its published existence does not confer verified status.",public; scholar; child/classroom only through an approved adapted action,the-third-tradition.html,03-REGISTERS/inherited-claims.csv; 02-SOURCES/access-ledger.csv; NONE LOCATED for accepted Pāli/Prakrit/Jain/Aśokan/Chinese-pilgrim corpus parity,site main prototypes/ only where threshold/field grammar applies,KEEP AS CONTEXT,uncertified unless an accepted record is named,partial; action in route map,partial or reading-only,live,"1584 visible words, 11 citation signals, 29 links; exact related routes: brahmavadini.html; bronkhorst.html; how-buddhism-left.html; panini.html; the-broken-chain.html; the-computed-dawn.html; the-eastern-tradition.html","Convert the load-bearing propositions on The Third Tradition: The Ājīvikas, Known Only Through Rivals into claim-to-record links; structural citation signals (11) are not verification.",No specific factual error established here; later claim audit remains required.,03-REGISTERS/inherited-claims.csv; 02-SOURCES/access-ledger.csv; NONE LOCATED for accepted Pāli/Prakrit/Jain/Aśokan/Chinese-pilgrim corpus parity,Rewrite only after claim-to-record mapping; retain as context when investigation value is low.,"Parallel source/voice viewer that distinguishes self-description, rival report, later commentary and modern reconstruction. For this route, centre the composition on “The Third Tradition: The Ājīvikas, Known Only Through Rivals”.","Child/classroom role: Compare who is speaking and whether the source is self-description, opponent report or later transmission. only if included in an approved vertical.",Rights review for sources/assets; community consent where identity or living knowledge is represented.,03-REGISTERS/inherited-claims.csv; 02-SOURCES/access-ledger.csv; NONE LOCATED for accepted Pāli/Prakrit/Jain/Aśokan/Chinese-pilgrim corpus parity → route brief → correction/interaction acceptance.,RELEASE 2,retained context,"Route role is retained context; prominence follows evidence and museum value, not page count."
the-three-ancestries.html,Three Ancestries: How South Asian Genomes Were Formed,current intended page,Current site route; exact 133-page inventory; full backlog; relevant deck/running-list material,BL-1; BL-5; BL-19; BL-22; BL-26; BL-30; BL-31; BL-52,"Use this page only for separate sampled person, modelled ancestry, population history, language and identity. Its published existence does not confer verified status.",public; scholar; child/classroom only through an approved adapted action,the-three-ancestries.html,03-REGISTERS/inherited-claims.csv; 04-AUDITS/REAUDIT-QUEUE.csv; CORRECTIONS-PENDING.md; NONE LOCATED for an accepted methods-qualified genetics synthesis,site main prototypes/ only where threshold/field grammar applies,DEEPEN,uncertified unless an accepted record is named,partial; action in route map,partial or reading-only,live,"2109 visible words, 27 citation signals, 22 links; exact related routes: academia-battlefield.html; beneath-both-waves.html; endogamy-clock.html; gotra.html; steppe.html; the-definition.html; the-expansions.html",Convert the load-bearing propositions on Three Ancestries: How South Asian Genomes Were Formed into claim-to-record links; structural citation signals (27) are not verification.,No specific factual error established here; later claim audit remains required.,03-REGISTERS/inherited-claims.csv; 04-AUDITS/REAUDIT-QUEUE.csv; CORRECTIONS-PENDING.md; NONE LOCATED for an accepted methods-qualified genetics synthesis,Rewrite only after claim-to-record mapping; retain as context when investigation value is low.,"Sample-to-model comparison showing sample place/date, method, confidence and limits; ancestry components never rendered as peoples or languages. For this route, centre the composition on “Three Ancestries: How South Asian Genomes Were Formed”.","Child/classroom role: Separate sampled person, modelled ancestry, population history, language and identity. only if included in an approved vertical.",Rights review for sources/assets; community consent where identity or living knowledge is represented.,03-REGISTERS/inherited-claims.csv; 04-AUDITS/REAUDIT-QUEUE.csv; CORRECTIONS-PENDING.md; NONE LOCATED for an accepted methods-qualified genetics synthesis → route brief → correction/interaction acceptance.,RELEASE 2,retained context,"Route role is retained context; prominence follows evidence and museum value, not page count."
the-uneven-arrival.html,Hittites Spoke Indo-European. Their DNA Lacks Steppe Markers,current intended page,Current site route; exact 133-page inventory; full backlog; relevant deck/running-list material,BL-1; BL-5; BL-19; BL-22; BL-26; BL-30; BL-31; BL-52,"Use this page only for separate sampled person, modelled ancestry, population history, language and identity. Its published existence does not confer verified status.",public; scholar; child/classroom only through an approved adapted action,the-uneven-arrival.html,03-REGISTERS/inherited-claims.csv; 04-AUDITS/REAUDIT-QUEUE.csv; CORRECTIONS-PENDING.md; NONE LOCATED for an accepted methods-qualified genetics synthesis,site main prototypes/ only where threshold/field grammar applies,KEEP AS CONTEXT,uncertified unless an accepted record is named,partial; action in route map,partial or reading-only,live,"1986 visible words, 17 citation signals, 23 links; exact related routes: academia-battlefield.html; beneath-both-waves.html; endogamy-clock.html; gotra.html; steppe.html; the-definition.html; the-expansions.html",Convert the load-bearing propositions on Hittites Spoke Indo-European. Their DNA Lacks Steppe Markers into claim-to-record links; structural citation signals (17) are not verification.,No specific factual error established here; later claim audit remains required.,03-REGISTERS/inherited-claims.csv; 04-AUDITS/REAUDIT-QUEUE.csv; CORRECTIONS-PENDING.md; NONE LOCATED for an accepted methods-qualified genetics synthesis,Rewrite only after claim-to-record mapping; retain as context when investigation value is low.,"Sample-to-model comparison showing sample place/date, method, confidence and limits; ancestry components never rendered as peoples or languages. For this route, centre the composition on “Hittites Spoke Indo-European. Their DNA Lacks Steppe Markers”.","Child/classroom role: Separate sampled person, modelled ancestry, population history, language and identity. only if included in an approved vertical.",Rights review for sources/assets; community consent where identity or living knowledge is represented.,03-REGISTERS/inherited-claims.csv; 04-AUDITS/REAUDIT-QUEUE.csv; CORRECTIONS-PENDING.md; NONE LOCATED for an accepted methods-qualified genetics synthesis → route brief → correction/interaction acceptance.,RELEASE 2,retained context,"Route role is retained context; prominence follows evidence and museum value, not page count."
the-unread-script.html,The Unread Script: Why Nobody Can Be Proved Wrong,current intended page,Current site route; exact 133-page inventory; full backlog; relevant deck/running-list material,BL-11; BL-18; BL-25; BL-26; BL-27; BL-28; BL-30; BL-31; BL-66; BL-67,"Use this page only for excavate context, date the layer and decide what the object can and cannot establish. Its published existence does not confer verified status.",public; scholar; child/classroom only through an approved adapted action,the-unread-script.html,06-BRIEFS/mvp-fifteen/07-keeladi.md; 06-BRIEFS/mvp-fifteen/08-before-the-indus.md; 06-BRIEFS/mvp-fifteen/09-the-water-city.md; 03-REGISTERS/inherited-claims.csv; 02-SOURCES/access-ledger.csv,site main prototypes/ only where threshold/field grammar applies,DEEPEN,uncertified unless an accepted record is named,partial; action in route map,partial or reading-only,live,"1548 visible words, 6 citation signals, 23 links; exact related routes: before-the-indus.html; brahmi.html; excavation-bias-funding.html; indus-to-vedic-gap.html; keeladi.html; material-culture-ancient-south-asia.html; meluhha-trade.html",Convert the load-bearing propositions on The Unread Script: Why Nobody Can Be Proved Wrong into claim-to-record links; structural citation signals (6) are not verification.,No specific factual error established here; later claim audit remains required.,06-BRIEFS/mvp-fifteen/07-keeladi.md; 06-BRIEFS/mvp-fifteen/08-before-the-indus.md; 06-BRIEFS/mvp-fifteen/09-the-water-city.md; 03-REGISTERS/inherited-claims.csv; 02-SOURCES/access-ledger.csv,Rewrite only after claim-to-record mapping; retain as context when investigation value is low.,"Excavation/context view with trench, layer, object, date range and alternative reading; movement maps separate material from people and language. For this route, centre the composition on “The Unread Script: Why Nobody Can Be Proved Wrong”.","Child/classroom role: Excavate context, date the layer and decide what the object can and cannot establish. only if included in an approved vertical.",Rights review for sources/assets; community consent where identity or living knowledge is represented.,06-BRIEFS/mvp-fifteen/07-keeladi.md; 06-BRIEFS/mvp-fifteen/08-before-the-indus.md; 06-BRIEFS/mvp-fifteen/09-the-water-city.md; 03-REGISTERS/inherited-claims.csv; 02-SOURCES/access-ledger.csv → route brief → correction/interaction acceptance.,RELEASE 2,retained context,"Route role is retained context; prominence follows evidence and museum value, not page count."
the-vedda.html,"The Vedda of Sri Lanka: Ancient Ancestry, Lost Language",current intended page,Current site route; exact 133-page inventory; full backlog; relevant deck/running-list material,BL-9; BL-10; BL-11; BL-13; BL-14; BL-18; BL-31; BL-40; BL-58; BL-69,"Use this page only for compare forms and choose which history each observation supports, complicates or cannot decide. Its published existence does not confer verified status.",public; scholar; child/classroom only through an approved adapted action,the-vedda.html,03-REGISTERS/domain-e-claims.csv; 03-REGISTERS/domain-e-measurements.csv; 03-REGISTERS/domain-m-brahui-position.csv; 04-AUDITS/domain-m-adversarial-review-2026-09-07.md; 05-HOLDS/HOLD-004-north-dravidian-comparative-evidence.md; open research PR #22,site main prototypes/ only where threshold/field grammar applies,KEEP AS CONTEXT,uncertified unless an accepted record is named,partial; action in route map,partial or reading-only,live,"1185 visible words, 10 citation signals, 15 links; exact related routes: dravidian-sounds-sanskrit-lacks.html; elamo-dravidian-hypothesis.html; kinship-terms-south-asia.html; the-deep-root.html; the-father-tongue.html; the-languages-we-lost.html; the-northwest-cousin.html","Convert the load-bearing propositions on The Vedda of Sri Lanka: Ancient Ancestry, Lost Language into claim-to-record links; structural citation signals (10) are not verification.",No specific factual error established here; later claim audit remains required.,03-REGISTERS/domain-e-claims.csv; 03-REGISTERS/domain-e-measurements.csv; 03-REGISTERS/domain-m-brahui-position.csv; 04-AUDITS/domain-m-adversarial-review-2026-09-07.md; 05-HOLDS/HOLD-004-north-dravidian-comparative-evidence.md; open research PR #22,Rewrite only after claim-to-record mapping; retain as context when investigation value is low.,"Side-by-side form/sound table with audio only where consented; map attestation, contact and proposed shift separately; no family-tree certainty from lexical counts. For this route, centre the composition on “The Vedda of Sri Lanka: Ancient Ancestry, Lost Language”.","Child/classroom role: Compare forms and choose which history each observation supports, complicates or cannot decide. only if included in an approved vertical.",Rights review for sources/assets; community consent where identity or living knowledge is represented.,03-REGISTERS/domain-e-claims.csv; 03-REGISTERS/domain-e-measurements.csv; 03-REGISTERS/domain-m-brahui-position.csv; 04-AUDITS/domain-m-adversarial-review-2026-09-07.md; 05-HOLDS/HOLD-004-north-dravidian-comparative-evidence.md; open research PR #22 → route brief → correction/interaction acceptance.,RELEASE 2,retained context,"Route role is retained context; prominence follows evidence and museum value, not page count."
the-vocabulary-curve.html,The Vocabulary Curve: When Exclusion Enters the Texts,current intended page,Current site route; exact 133-page inventory; full backlog; relevant deck/running-list material,BL-1; BL-2; BL-5; BL-6; BL-12; BL-18; BL-31; BL-52,Use this page only for test a public count by inspecting included and excluded occurrences in context. Its published existence does not confer verified status.,public; scholar; child/classroom only through an approved adapted action,the-vocabulary-curve.html,03-REGISTERS/rigveda-pur-family.csv; 03-REGISTERS/rigveda-pur-passages.csv; 03-REGISTERS/rigveda-varna.csv; 03-REGISTERS/rigveda-varna-occurrences.csv; 04-AUDITS/rigveda-pur-family-method.md; 06-BRIEFS/pur-4j-corpus.md; open research PR #30,site main prototypes/ only where threshold/field grammar applies,DEEPEN,uncertified unless an accepted record is named,partial; action in route map,partial or reading-only,live,"2226 visible words, 1 citation signals, 24 links; exact related routes: caste-vocabulary-curve.html; criminalised-today.html; dasa-forts-rigveda.html; four-varnas-one-verse.html; geography-in-vedic-texts.html; mitanni.html; mlecha.html",Convert the load-bearing propositions on The Vocabulary Curve: When Exclusion Enters the Texts into claim-to-record links; structural citation signals (1) are not verification.,No specific factual error established here; later claim audit remains required.,03-REGISTERS/rigveda-pur-family.csv; 03-REGISTERS/rigveda-pur-passages.csv; 03-REGISTERS/rigveda-varna.csv; 03-REGISTERS/rigveda-varna-occurrences.csv; 04-AUDITS/rigveda-pur-family-method.md; 06-BRIEFS/pur-4j-corpus.md; open research PR #30,Rewrite only after claim-to-record mapping; retain as context when investigation value is low.,"Searchable verse/source viewer with lemma, form, translation variants, passage context and counted/not-counted reason; never use book order as a date axis. For this route, centre the composition on “The Vocabulary Curve: When Exclusion Enters the Texts”.",Child/classroom role: Test a public count by inspecting included and excluded occurrences in context. only if included in an approved vertical.,Rights review for sources/assets; community consent where identity or living knowledge is represented.,03-REGISTERS/rigveda-pur-family.csv; 03-REGISTERS/rigveda-pur-passages.csv; 03-REGISTERS/rigveda-varna.csv; 03-REGISTERS/rigveda-varna-occurrences.csv; 04-AUDITS/rigveda-pur-family-method.md; 06-BRIEFS/pur-4j-corpus.md; open research PR #30 → route brief → correction/interaction acceptance.,RELEASE 2,retained context,"Route role is retained context; prominence follows evidence and museum value, not page count."
the-water-city.html,"Indus Water Engineering: Drains, Wells and No Palaces",current intended page,Current site route; exact 133-page inventory; full backlog; relevant deck/running-list material,BL-11; BL-18; BL-25; BL-26; BL-27; BL-28; BL-30; BL-31; BL-66; BL-67,"Use this page only for excavate context, date the layer and decide what the object can and cannot establish. Its published existence does not confer verified status.",public; scholar; child/classroom only through an approved adapted action,the-water-city.html,06-BRIEFS/mvp-fifteen/09-the-water-city.md; 06-BRIEFS/mvp-fifteen/07-keeladi.md; 06-BRIEFS/mvp-fifteen/08-before-the-indus.md; 06-BRIEFS/mvp-fifteen/09-the-water-city.md; 03-REGISTERS/inherited-claims.csv; 02-SOURCES/access-ledger.csv,site main prototypes/ only where threshold/field grammar applies,DEEPEN,uncertified unless an accepted record is named,partial; action in route map,partial or reading-only,live,"1235 visible words, 12 citation signals, 17 links; exact related routes: before-the-indus.html; brahmi.html; excavation-bias-funding.html; indus-to-vedic-gap.html; keeladi.html; material-culture-ancient-south-asia.html; meluhha-trade.html","Convert the load-bearing propositions on Indus Water Engineering: Drains, Wells and No Palaces into claim-to-record links; structural citation signals (12) are not verification.",No specific factual error established here; later claim audit remains required.,06-BRIEFS/mvp-fifteen/09-the-water-city.md; 06-BRIEFS/mvp-fifteen/07-keeladi.md; 06-BRIEFS/mvp-fifteen/08-before-the-indus.md; 06-BRIEFS/mvp-fifteen/09-the-water-city.md; 03-REGISTERS/inherited-claims.csv; 02-SOURCES/access-ledger.csv,Rewrite only after claim-to-record mapping; retain as context when investigation value is low.,"Excavation/context view with trench, layer, object, date range and alternative reading; movement maps separate material from people and language. For this route, centre the composition on “Indus Water Engineering: Drains, Wells and No Palaces”.","Child/classroom role: Excavate context, date the layer and decide what the object can and cannot establish. only if included in an approved vertical.",Rights review for sources/assets; community consent where identity or living knowledge is represented.,06-BRIEFS/mvp-fifteen/09-the-water-city.md; 06-BRIEFS/mvp-fifteen/07-keeladi.md; 06-BRIEFS/mvp-fifteen/08-before-the-indus.md; 06-BRIEFS/mvp-fifteen/09-the-water-city.md; 03-REGISTERS/inherited-claims.csv; 02-SOURCES/access-ledger.csv → route brief → correction/interaction acceptance.,RELEASE 1,flagship,"Route role is flagship; prominence follows evidence and museum value, not page count."
the-womb-doctrine.html,"Caste Rebirth Appears in One Upanishad, Not Its Parallel",current intended page,Current site route; exact 133-page inventory; full backlog; relevant deck/running-list material,BL-1; BL-5; BL-6; BL-18; BL-26; BL-31; BL-52,Use this page only for track one term or institution across dated records and identify where the archive cannot support continuity. Its published existence does not confer verified status.,public; scholar; child/classroom only through an approved adapted action,the-womb-doctrine.html,03-REGISTERS/rigveda-varna.csv; rigveda-varna-occurrences.csv; CORRECTIONS-PENDING.md; 03-REGISTERS/inherited-claims.csv,site main prototypes/ only where threshold/field grammar applies,KEEP AS CONTEXT,uncertified unless an accepted record is named,partial; action in route map,partial or reading-only,live,"1348 visible words, 5 citation signals, 21 links; exact related routes: birth-was-not-always-destiny.html; caste-enforcement-mechanism.html; caste-survives-conversion.html; caste-was-law.html; climbing-the-ladder.html; counted-as-nothing.html; jatization.html","Convert the load-bearing propositions on Caste Rebirth Appears in One Upanishad, Not Its Parallel into claim-to-record links; structural citation signals (5) are not verification.",No specific factual error established here; later claim audit remains required.,03-REGISTERS/rigveda-varna.csv; rigveda-varna-occurrences.csv; CORRECTIONS-PENDING.md; 03-REGISTERS/inherited-claims.csv,Rewrite only after claim-to-record mapping; retain as context when investigation value is low.,"Term-and-institution timeline with place/genre/date filters, counterexamples and archive gaps; avoid a single inevitable curve. For this route, centre the composition on “Caste Rebirth Appears in One Upanishad, Not Its Parallel”.",Child/classroom role: Track one term or institution across dated records and identify where the archive cannot support continuity. only if included in an approved vertical.,Rights review for sources/assets; community consent where identity or living knowledge is represented.,03-REGISTERS/rigveda-varna.csv; rigveda-varna-occurrences.csv; CORRECTIONS-PENDING.md; 03-REGISTERS/inherited-claims.csv → route brief → correction/interaction acceptance.,RELEASE 2,retained context,"Route role is retained context; prominence follows evidence and museum value, not page count."
the-words-of-caste.html,"The Vocabulary of Caste: Vis, Jati, Varna, Gotra",current intended page,Current site route; exact 133-page inventory; full backlog; relevant deck/running-list material,BL-1; BL-2; BL-5; BL-6; BL-12; BL-18; BL-31; BL-52,Use this page only for test a public count by inspecting included and excluded occurrences in context. Its published existence does not confer verified status.,public; scholar; child/classroom only through an approved adapted action,the-words-of-caste.html,03-REGISTERS/rigveda-pur-family.csv; 03-REGISTERS/rigveda-pur-passages.csv; 03-REGISTERS/rigveda-varna.csv; 03-REGISTERS/rigveda-varna-occurrences.csv; 04-AUDITS/rigveda-pur-family-method.md; 06-BRIEFS/pur-4j-corpus.md; open research PR #30,site main prototypes/ only where threshold/field grammar applies,KEEP AS CONTEXT,uncertified unless an accepted record is named,partial; action in route map,partial or reading-only,live,"1428 visible words, 12 citation signals, 21 links; exact related routes: caste-vocabulary-curve.html; criminalised-today.html; dasa-forts-rigveda.html; four-varnas-one-verse.html; geography-in-vedic-texts.html; mitanni.html; mlecha.html","Convert the load-bearing propositions on The Vocabulary of Caste: Vis, Jati, Varna, Gotra into claim-to-record links; structural citation signals (12) are not verification.",No specific factual error established here; later claim audit remains required.,03-REGISTERS/rigveda-pur-family.csv; 03-REGISTERS/rigveda-pur-passages.csv; 03-REGISTERS/rigveda-varna.csv; 03-REGISTERS/rigveda-varna-occurrences.csv; 04-AUDITS/rigveda-pur-family-method.md; 06-BRIEFS/pur-4j-corpus.md; open research PR #30,Rewrite only after claim-to-record mapping; retain as context when investigation value is low.,"Searchable verse/source viewer with lemma, form, translation variants, passage context and counted/not-counted reason; never use book order as a date axis. For this route, centre the composition on “The Vocabulary of Caste: Vis, Jati, Varna, Gotra”.",Child/classroom role: Test a public count by inspecting included and excluded occurrences in context. only if included in an approved vertical.,Rights review for sources/assets; community consent where identity or living knowledge is represented.,03-REGISTERS/rigveda-pur-family.csv; 03-REGISTERS/rigveda-pur-passages.csv; 03-REGISTERS/rigveda-varna.csv; 03-REGISTERS/rigveda-varna-occurrences.csv; 04-AUDITS/rigveda-pur-family-method.md; 06-BRIEFS/pur-4j-corpus.md; open research PR #30 → route brief → correction/interaction acceptance.,RELEASE 2,retained context,"Route role is retained context; prominence follows evidence and museum value, not page count."
therigatha.html,Therigatha: Poems by the First Buddhist Women,current intended page,Current site route; exact 133-page inventory; full backlog; relevant deck/running-list material,BL-6; BL-15; BL-16; BL-17; BL-18; BL-31; BL-52,"Use this page only for compare who is speaking and whether the source is self-description, opponent report or later transmission. Its published existence does not confer verified status.",public; scholar; child/classroom only through an approved adapted action,therigatha.html,03-REGISTERS/inherited-claims.csv; 02-SOURCES/access-ledger.csv; NONE LOCATED for accepted Pāli/Prakrit/Jain/Aśokan/Chinese-pilgrim corpus parity,site main prototypes/ only where threshold/field grammar applies,KEEP AS CONTEXT,uncertified unless an accepted record is named,partial; action in route map,partial or reading-only,live,"1413 visible words, 3 citation signals, 43 links; exact related routes: brahmavadini.html; bronkhorst.html; how-buddhism-left.html; panini.html; the-broken-chain.html; the-computed-dawn.html; the-eastern-tradition.html",Convert the load-bearing propositions on Therigatha: Poems by the First Buddhist Women into claim-to-record links; structural citation signals (3) are not verification.,No specific factual error established here; later claim audit remains required.,03-REGISTERS/inherited-claims.csv; 02-SOURCES/access-ledger.csv; NONE LOCATED for accepted Pāli/Prakrit/Jain/Aśokan/Chinese-pilgrim corpus parity,Rewrite only after claim-to-record mapping; retain as context when investigation value is low.,"Parallel source/voice viewer that distinguishes self-description, rival report, later commentary and modern reconstruction. For this route, centre the composition on “Therigatha: Poems by the First Buddhist Women”.","Child/classroom role: Compare who is speaking and whether the source is self-description, opponent report or later transmission. only if included in an approved vertical.",Rights review for sources/assets; community consent where identity or living knowledge is represented.,03-REGISTERS/inherited-claims.csv; 02-SOURCES/access-ledger.csv; NONE LOCATED for accepted Pāli/Prakrit/Jain/Aśokan/Chinese-pilgrim corpus parity → route brief → correction/interaction acceptance.,RELEASE 2,retained context,"Route role is retained context; prominence follows evidence and museum value, not page count."
they-already-knew.html,They Already Knew: Anti-Caste Movements and What Followed,current intended page,Current site route; exact 133-page inventory; full backlog; relevant deck/running-list material,BL-1; BL-5; BL-6; BL-18; BL-26; BL-31; BL-52,Use this page only for track one term or institution across dated records and identify where the archive cannot support continuity. Its published existence does not confer verified status.,public; scholar; child/classroom only through an approved adapted action,they-already-knew.html,03-REGISTERS/rigveda-varna.csv; rigveda-varna-occurrences.csv; CORRECTIONS-PENDING.md; 03-REGISTERS/inherited-claims.csv,site main prototypes/ only where threshold/field grammar applies,KEEP AS CONTEXT,uncertified unless an accepted record is named,partial; action in route map,partial or reading-only,live,"1717 visible words, 4 citation signals, 21 links; exact related routes: birth-was-not-always-destiny.html; caste-enforcement-mechanism.html; caste-survives-conversion.html; caste-was-law.html; climbing-the-ladder.html; counted-as-nothing.html; jatization.html",Convert the load-bearing propositions on They Already Knew: Anti-Caste Movements and What Followed into claim-to-record links; structural citation signals (4) are not verification.,No specific factual error established here; later claim audit remains required.,03-REGISTERS/rigveda-varna.csv; rigveda-varna-occurrences.csv; CORRECTIONS-PENDING.md; 03-REGISTERS/inherited-claims.csv,Rewrite only after claim-to-record mapping; retain as context when investigation value is low.,"Term-and-institution timeline with place/genre/date filters, counterexamples and archive gaps; avoid a single inevitable curve. For this route, centre the composition on “They Already Knew: Anti-Caste Movements and What Followed”.",Child/classroom role: Track one term or institution across dated records and identify where the archive cannot support continuity. only if included in an approved vertical.,Rights review for sources/assets; community consent where identity or living knowledge is represented.,03-REGISTERS/rigveda-varna.csv; rigveda-varna-occurrences.csv; CORRECTIONS-PENDING.md; 03-REGISTERS/inherited-claims.csv → route brief → correction/interaction acceptance.,RELEASE 2,retained context,"Route role is retained context; prominence follows evidence and museum value, not page count."
tinai.html,Tinai: The Tamil Poetics of Five Landscapes,current intended page,Current site route; exact 133-page inventory; full backlog; relevant deck/running-list material,BL-14; BL-18; BL-31; BL-39; BL-40; BL-58; BL-61; BL-69,"Use this page only for move among text, commentary, material setting and living interpretation without collapsing them. Its published existence does not confer verified status.",public; scholar; child/classroom only through an approved adapted action,tinai.html,06-BRIEFS/mvp-fifteen/05-tinai.md; 06-BRIEFS/mvp-fifteen/05-tinai.md; 06-BRIEFS/mvp-fifteen/10-kural.md; 06-BRIEFS/mvp-fifteen/11-sound-changes.md; 02-SOURCES/access-ledger.csv; NONE LOCATED for an accepted Tamil-corpus parity set,site main prototypes/ only where threshold/field grammar applies,DEEPEN,uncertified unless an accepted record is named,partial; action in route map,partial or reading-only,live,"1768 visible words, 13 citation signals, 18 links; exact related routes: kural.html; music.html; the-guilds-and-the-raid.html; the-lost-harp.html; where-music-begins.html",Convert the load-bearing propositions on Tinai: The Tamil Poetics of Five Landscapes into claim-to-record links; structural citation signals (13) are not verification.,No specific factual error established here; later claim audit remains required.,06-BRIEFS/mvp-fifteen/05-tinai.md; 06-BRIEFS/mvp-fifteen/05-tinai.md; 06-BRIEFS/mvp-fifteen/10-kural.md; 06-BRIEFS/mvp-fifteen/11-sound-changes.md; 02-SOURCES/access-ledger.csv; NONE LOCATED for an accepted Tamil-corpus parity set,Rewrite only after claim-to-record mapping; retain as context when investigation value is low.,"Text/object/audio encounter separating early textual meaning, commentary, later/living interpretation and MelaKeela’s contemporary use; no generic landscape decoration. For this route, centre the composition on “Tinai: The Tamil Poetics of Five Landscapes”.","Child/classroom role: Move among text, commentary, material setting and living interpretation without collapsing them. only if included in an approved vertical.",Rights review for sources/assets; community consent where identity or living knowledge is represented.,06-BRIEFS/mvp-fifteen/05-tinai.md; 06-BRIEFS/mvp-fifteen/05-tinai.md; 06-BRIEFS/mvp-fifteen/10-kural.md; 06-BRIEFS/mvp-fifteen/11-sound-changes.md; 02-SOURCES/access-ledger.csv; NONE LOCATED for an accepted Tamil-corpus parity set → route brief → correction/interaction acceptance.,RELEASE 2,retained context,"Route role is retained context; prominence follows evidence and museum value, not page count."
two-archaeologists.html,"Two Archaeologists: Who Gets the Museum, Who Gets Moved",current intended page,Current site route; exact 133-page inventory; full backlog; relevant deck/running-list material,BL-6; BL-18; BL-26; BL-31; BL-42; BL-43; BL-45; BL-52; BL-55,"Use this page only for trace a claim backward through author, archive, translation, funding and omission. Its published existence does not confer verified status.",public; scholar; child/classroom only through an approved adapted action,two-archaeologists.html,04-AUDITS/ARCHIVE-AND-POWER-AUDIT.csv; 04-AUDITS/BIAS-FAILURE-LOG.csv; 06-BRIEFS/mvp-fifteen/14-custody.md; 06-BRIEFS/mvp-fifteen/15-the-archive.md,site main prototypes/ only where threshold/field grammar applies,REFRAME,uncertified unless an accepted record is named,partial; action in route map,partial or reading-only,live,"2077 visible words, 4 citation signals, 25 links; exact related routes: authorship-attribution-ancient-texts.html; chains-of-transmission.html; foreign-accounts-ancient-india.html; forest-peoples-sanskrit-record.html; indology.html; manuscript-custody.html; naming-in-ancient-india.html","Resolve the named correction before prominence; bind every changed claim to locator, evidence role, counter-evidence and revision.",Biographical contrast cannot by itself establish that institutional position caused conclusions.,04-AUDITS/ARCHIVE-AND-POWER-AUDIT.csv; 04-AUDITS/BIAS-FAILURE-LOG.csv; 06-BRIEFS/mvp-fifteen/14-custody.md; 06-BRIEFS/mvp-fifteen/15-the-archive.md,Rewrite only after claim-to-record mapping; retain as context when investigation value is low.,"Source-genealogy network showing who recorded, preserved, translated, funded and excluded; motive appears only when documented. For this route, centre the composition on “Two Archaeologists: Who Gets the Museum, Who Gets Moved”.","Child/classroom role: Trace a claim backward through author, archive, translation, funding and omission. only if included in an approved vertical.",Rights review for sources/assets; community consent where identity or living knowledge is represented.,04-AUDITS/ARCHIVE-AND-POWER-AUDIT.csv; 04-AUDITS/BIAS-FAILURE-LOG.csv; 06-BRIEFS/mvp-fifteen/14-custody.md; 06-BRIEFS/mvp-fifteen/15-the-archive.md → route brief → correction/interaction acceptance.,RELEASE 1,safety correction,"Route role is safety correction; prominence follows evidence and museum value, not page count."
two-classical-languages.html,Sanskrit and Tamil: Two Classical Languages Compared,current intended page,Current site route; exact 133-page inventory; full backlog; relevant deck/running-list material,BL-9; BL-10; BL-11; BL-13; BL-14; BL-18; BL-31; BL-40; BL-58; BL-69,"Use this page only for compare forms and choose which history each observation supports, complicates or cannot decide. Its published existence does not confer verified status.",public; scholar; child/classroom only through an approved adapted action,two-classical-languages.html,03-REGISTERS/domain-e-claims.csv; 03-REGISTERS/domain-e-measurements.csv; 03-REGISTERS/domain-m-brahui-position.csv; 04-AUDITS/domain-m-adversarial-review-2026-09-07.md; 05-HOLDS/HOLD-004-north-dravidian-comparative-evidence.md; open research PR #22,site main prototypes/ only where threshold/field grammar applies,CORRECT CLAIMS,uncertified unless an accepted record is named,partial; action in route map,partial or reading-only,live,"2828 visible words, 6 citation signals, 44 links; exact related routes: dravidian-sounds-sanskrit-lacks.html; elamo-dravidian-hypothesis.html; kinship-terms-south-asia.html; the-deep-root.html; the-father-tongue.html; the-languages-we-lost.html; the-northwest-cousin.html",Convert the load-bearing propositions on Sanskrit and Tamil: Two Classical Languages Compared into claim-to-record links; structural citation signals (6) are not verification.,No specific factual error established here; later claim audit remains required.,03-REGISTERS/domain-e-claims.csv; 03-REGISTERS/domain-e-measurements.csv; 03-REGISTERS/domain-m-brahui-position.csv; 04-AUDITS/domain-m-adversarial-review-2026-09-07.md; 05-HOLDS/HOLD-004-north-dravidian-comparative-evidence.md; open research PR #22,Rewrite only after claim-to-record mapping; retain as context when investigation value is low.,"Side-by-side form/sound table with audio only where consented; map attestation, contact and proposed shift separately; no family-tree certainty from lexical counts. For this route, centre the composition on “Sanskrit and Tamil: Two Classical Languages Compared”.","Child/classroom role: Compare forms and choose which history each observation supports, complicates or cannot decide. only if included in an approved vertical.",Rights review for sources/assets; community consent where identity or living knowledge is represented.,03-REGISTERS/domain-e-claims.csv; 03-REGISTERS/domain-e-measurements.csv; 03-REGISTERS/domain-m-brahui-position.csv; 04-AUDITS/domain-m-adversarial-review-2026-09-07.md; 05-HOLDS/HOLD-004-north-dravidian-comparative-evidence.md; open research PR #22 → route brief → correction/interaction acceptance.,RELEASE 1,safety correction,"Route role is safety correction; prominence follows evidence and museum value, not page count."
two-scarcities.html,"Two Scarcities: Real at Rakhigarhi, Made at Keeladi",current intended page,Current site route; exact 133-page inventory; full backlog; relevant deck/running-list material,BL-11; BL-18; BL-25; BL-26; BL-27; BL-28; BL-30; BL-31; BL-66; BL-67,"Use this page only for excavate context, date the layer and decide what the object can and cannot establish. Its published existence does not confer verified status.",public; scholar; child/classroom only through an approved adapted action,two-scarcities.html,06-BRIEFS/mvp-fifteen/07-keeladi.md; 06-BRIEFS/mvp-fifteen/08-before-the-indus.md; 06-BRIEFS/mvp-fifteen/09-the-water-city.md; 03-REGISTERS/inherited-claims.csv; 02-SOURCES/access-ledger.csv,site main prototypes/ only where threshold/field grammar applies,KEEP AS CONTEXT,uncertified unless an accepted record is named,partial; action in route map,partial or reading-only,live,"1390 visible words, 5 citation signals, 24 links; exact related routes: before-the-indus.html; brahmi.html; excavation-bias-funding.html; indus-to-vedic-gap.html; keeladi.html; material-culture-ancient-south-asia.html; meluhha-trade.html","Convert the load-bearing propositions on Two Scarcities: Real at Rakhigarhi, Made at Keeladi into claim-to-record links; structural citation signals (5) are not verification.",No specific factual error established here; later claim audit remains required.,06-BRIEFS/mvp-fifteen/07-keeladi.md; 06-BRIEFS/mvp-fifteen/08-before-the-indus.md; 06-BRIEFS/mvp-fifteen/09-the-water-city.md; 03-REGISTERS/inherited-claims.csv; 02-SOURCES/access-ledger.csv,Rewrite only after claim-to-record mapping; retain as context when investigation value is low.,"Excavation/context view with trench, layer, object, date range and alternative reading; movement maps separate material from people and language. For this route, centre the composition on “Two Scarcities: Real at Rakhigarhi, Made at Keeladi”.","Child/classroom role: Excavate context, date the layer and decide what the object can and cannot establish. only if included in an approved vertical.",Rights review for sources/assets; community consent where identity or living knowledge is represented.,06-BRIEFS/mvp-fifteen/07-keeladi.md; 06-BRIEFS/mvp-fifteen/08-before-the-indus.md; 06-BRIEFS/mvp-fifteen/09-the-water-city.md; 03-REGISTERS/inherited-claims.csv; 02-SOURCES/access-ledger.csv → route brief → correction/interaction acceptance.,RELEASE 2,retained context,"Route role is retained context; prominence follows evidence and museum value, not page count."
vedic-corpus-insertions.html,Interpolations: Passages Added to the Vedic Corpus,current intended page,Current site route; exact 133-page inventory; full backlog; relevant deck/running-list material,BL-1; BL-2; BL-5; BL-6; BL-12; BL-18; BL-31; BL-52,Use this page only for test a public count by inspecting included and excluded occurrences in context. Its published existence does not confer verified status.,public; scholar; child/classroom only through an approved adapted action,vedic-corpus-insertions.html,03-REGISTERS/rigveda-pur-family.csv; 03-REGISTERS/rigveda-pur-passages.csv; 03-REGISTERS/rigveda-varna.csv; 03-REGISTERS/rigveda-varna-occurrences.csv; 04-AUDITS/rigveda-pur-family-method.md; 06-BRIEFS/pur-4j-corpus.md; open research PR #30,site main prototypes/ only where threshold/field grammar applies,MERGE,uncertified unless an accepted record is named,partial; action in route map,partial or reading-only,live,"1293 visible words, 3 citation signals, 43 links; exact related routes: vedic-interpolations.html; caste-vocabulary-curve.html; criminalised-today.html; dasa-forts-rigveda.html; four-varnas-one-verse.html; geography-in-vedic-texts.html; mitanni.html",Convert the load-bearing propositions on Interpolations: Passages Added to the Vedic Corpus into claim-to-record links; structural citation signals (3) are not verification.,No specific factual error established here; later claim audit remains required.,03-REGISTERS/rigveda-pur-family.csv; 03-REGISTERS/rigveda-pur-passages.csv; 03-REGISTERS/rigveda-varna.csv; 03-REGISTERS/rigveda-varna-occurrences.csv; 04-AUDITS/rigveda-pur-family-method.md; 06-BRIEFS/pur-4j-corpus.md; open research PR #30,Rewrite only after claim-to-record mapping; retain as context when investigation value is low.,"Searchable verse/source viewer with lemma, form, translation variants, passage context and counted/not-counted reason; never use book order as a date axis. For this route, centre the composition on “Interpolations: Passages Added to the Vedic Corpus”.",Child/classroom role: Test a public count by inspecting included and excluded occurrences in context. only if included in an approved vertical.,Rights review for sources/assets; community consent where identity or living knowledge is represented.,03-REGISTERS/rigveda-pur-family.csv; 03-REGISTERS/rigveda-pur-passages.csv; 03-REGISTERS/rigveda-varna.csv; 03-REGISTERS/rigveda-varna-occurrences.csv; 04-AUDITS/rigveda-pur-family-method.md; 06-BRIEFS/pur-4j-corpus.md; open research PR #30 → route brief → correction/interaction acceptance.,RELEASE 2,retained context,"Route role is retained context; prominence follows evidence and museum value, not page count."
vedic-interpolations.html,The Edits: Later Insertions in the Vedic Corpus,current intended page,Current site route; exact 133-page inventory; full backlog; relevant deck/running-list material,BL-1; BL-2; BL-5; BL-6; BL-12; BL-18; BL-31; BL-52,Use this page only for test a public count by inspecting included and excluded occurrences in context. Its published existence does not confer verified status.,public; scholar; child/classroom only through an approved adapted action,vedic-interpolations.html,03-REGISTERS/rigveda-pur-family.csv; 03-REGISTERS/rigveda-pur-passages.csv; 03-REGISTERS/rigveda-varna.csv; 03-REGISTERS/rigveda-varna-occurrences.csv; 04-AUDITS/rigveda-pur-family-method.md; 06-BRIEFS/pur-4j-corpus.md; open research PR #30,site main prototypes/ only where threshold/field grammar applies,KEEP AS CONTEXT,uncertified unless an accepted record is named,partial; action in route map,partial or reading-only,live,"1305 visible words, 4 citation signals, 47 links; exact related routes: caste-vocabulary-curve.html; criminalised-today.html; dasa-forts-rigveda.html; four-varnas-one-verse.html; geography-in-vedic-texts.html; mitanni.html; mlecha.html",Convert the load-bearing propositions on The Edits: Later Insertions in the Vedic Corpus into claim-to-record links; structural citation signals (4) are not verification.,No specific factual error established here; later claim audit remains required.,03-REGISTERS/rigveda-pur-family.csv; 03-REGISTERS/rigveda-pur-passages.csv; 03-REGISTERS/rigveda-varna.csv; 03-REGISTERS/rigveda-varna-occurrences.csv; 04-AUDITS/rigveda-pur-family-method.md; 06-BRIEFS/pur-4j-corpus.md; open research PR #30,Rewrite only after claim-to-record mapping; retain as context when investigation value is low.,"Searchable verse/source viewer with lemma, form, translation variants, passage context and counted/not-counted reason; never use book order as a date axis. For this route, centre the composition on “The Edits: Later Insertions in the Vedic Corpus”.",Child/classroom role: Test a public count by inspecting included and excluded occurrences in context. only if included in an approved vertical.,Rights review for sources/assets; community consent where identity or living knowledge is represented.,03-REGISTERS/rigveda-pur-family.csv; 03-REGISTERS/rigveda-pur-passages.csv; 03-REGISTERS/rigveda-varna.csv; 03-REGISTERS/rigveda-varna-occurrences.csv; 04-AUDITS/rigveda-pur-family-method.md; 06-BRIEFS/pur-4j-corpus.md; open research PR #30 → route brief → correction/interaction acceptance.,RELEASE 2,retained context,"Route role is retained context; prominence follows evidence and museum value, not page count."
vedic-ritual-economy.html,The Ritual Economy: Immortality Bought and Sold,current intended page,Current site route; exact 133-page inventory; full backlog; relevant deck/running-list material,BL-1; BL-2; BL-5; BL-6; BL-12; BL-18; BL-31; BL-52,Use this page only for test a public count by inspecting included and excluded occurrences in context. Its published existence does not confer verified status.,public; scholar; child/classroom only through an approved adapted action,vedic-ritual-economy.html,03-REGISTERS/rigveda-pur-family.csv; 03-REGISTERS/rigveda-pur-passages.csv; 03-REGISTERS/rigveda-varna.csv; 03-REGISTERS/rigveda-varna-occurrences.csv; 04-AUDITS/rigveda-pur-family-method.md; 06-BRIEFS/pur-4j-corpus.md; open research PR #30,site main prototypes/ only where threshold/field grammar applies,KEEP AS CONTEXT,uncertified unless an accepted record is named,partial; action in route map,partial or reading-only,live,"2275 visible words, 2 citation signals, 45 links; exact related routes: caste-vocabulary-curve.html; criminalised-today.html; dasa-forts-rigveda.html; four-varnas-one-verse.html; geography-in-vedic-texts.html; mitanni.html; mlecha.html",Convert the load-bearing propositions on The Ritual Economy: Immortality Bought and Sold into claim-to-record links; structural citation signals (2) are not verification.,No specific factual error established here; later claim audit remains required.,03-REGISTERS/rigveda-pur-family.csv; 03-REGISTERS/rigveda-pur-passages.csv; 03-REGISTERS/rigveda-varna.csv; 03-REGISTERS/rigveda-varna-occurrences.csv; 04-AUDITS/rigveda-pur-family-method.md; 06-BRIEFS/pur-4j-corpus.md; open research PR #30,Rewrite only after claim-to-record mapping; retain as context when investigation value is low.,"Searchable verse/source viewer with lemma, form, translation variants, passage context and counted/not-counted reason; never use book order as a date axis. For this route, centre the composition on “The Ritual Economy: Immortality Bought and Sold”.",Child/classroom role: Test a public count by inspecting included and excluded occurrences in context. only if included in an approved vertical.,Rights review for sources/assets; community consent where identity or living knowledge is represented.,03-REGISTERS/rigveda-pur-family.csv; 03-REGISTERS/rigveda-pur-passages.csv; 03-REGISTERS/rigveda-varna.csv; 03-REGISTERS/rigveda-varna-occurrences.csv; 04-AUDITS/rigveda-pur-family-method.md; 06-BRIEFS/pur-4j-corpus.md; open research PR #30 → route brief → correction/interaction acceptance.,RELEASE 2,retained context,"Route role is retained context; prominence follows evidence and museum value, not page count."
vedism-is-not-hinduism.html,Vedism Is Not Hinduism: Distinguishing the Traditions,current intended page,Current site route; exact 133-page inventory; full backlog; relevant deck/running-list material,BL-1; BL-2; BL-5; BL-6; BL-12; BL-18; BL-31; BL-52,Use this page only for test a public count by inspecting included and excluded occurrences in context. Its published existence does not confer verified status.,public; scholar; child/classroom only through an approved adapted action,vedism-is-not-hinduism.html,03-REGISTERS/rigveda-pur-family.csv; 03-REGISTERS/rigveda-pur-passages.csv; 03-REGISTERS/rigveda-varna.csv; 03-REGISTERS/rigveda-varna-occurrences.csv; 04-AUDITS/rigveda-pur-family-method.md; 06-BRIEFS/pur-4j-corpus.md; open research PR #30,site main prototypes/ only where threshold/field grammar applies,KEEP AS CONTEXT,uncertified unless an accepted record is named,partial; action in route map,partial or reading-only,live,"2151 visible words, 2 citation signals, 47 links; exact related routes: caste-vocabulary-curve.html; criminalised-today.html; dasa-forts-rigveda.html; four-varnas-one-verse.html; geography-in-vedic-texts.html; mitanni.html; mlecha.html",Convert the load-bearing propositions on Vedism Is Not Hinduism: Distinguishing the Traditions into claim-to-record links; structural citation signals (2) are not verification.,No specific factual error established here; later claim audit remains required.,03-REGISTERS/rigveda-pur-family.csv; 03-REGISTERS/rigveda-pur-passages.csv; 03-REGISTERS/rigveda-varna.csv; 03-REGISTERS/rigveda-varna-occurrences.csv; 04-AUDITS/rigveda-pur-family-method.md; 06-BRIEFS/pur-4j-corpus.md; open research PR #30,Rewrite only after claim-to-record mapping; retain as context when investigation value is low.,"Searchable verse/source viewer with lemma, form, translation variants, passage context and counted/not-counted reason; never use book order as a date axis. For this route, centre the composition on “Vedism Is Not Hinduism: Distinguishing the Traditions”.",Child/classroom role: Test a public count by inspecting included and excluded occurrences in context. only if included in an approved vertical.,Rights review for sources/assets; community consent where identity or living knowledge is represented.,03-REGISTERS/rigveda-pur-family.csv; 03-REGISTERS/rigveda-pur-passages.csv; 03-REGISTERS/rigveda-varna.csv; 03-REGISTERS/rigveda-varna-occurrences.csv; 04-AUDITS/rigveda-pur-family-method.md; 06-BRIEFS/pur-4j-corpus.md; open research PR #30 → route brief → correction/interaction acceptance.,RELEASE 2,retained context,"Route role is retained context; prominence follows evidence and museum value, not page count."
veli.html,"Veli: The Open, and What Was Put Outside",current intended page,Current site route; exact 133-page inventory; full backlog; relevant deck/running-list material,BL-7; BL-8; BL-28; BL-41; BL-53; BL-59,Use this page only for choose a record or question and cross into its evidence trail. Its published existence does not confer verified status.,public; scholar; child/classroom only through an approved adapted action,veli.html,06-BRIEFS/mvp-fifteen/04-veli.md; 13-PRODUCT-ARCHITECTURE/museum-framework.md; 06-BRIEFS/mvp-fifteen/01-index.md; 06-BRIEFS/mvp-fifteen/02-enter.md; 06-BRIEFS/mvp-fifteen/04-veli.md,site main prototypes/ only where threshold/field grammar applies,KEEP AS CONTEXT,uncertified unless an accepted record is named,partial; action in route map,partial or reading-only,live,"1119 visible words, 2 citation signals, 44 links; exact related routes: enter.html; exhibits.html; explore.html; index.html","Convert the load-bearing propositions on Veli: The Open, and What Was Put Outside into claim-to-record links; structural citation signals (2) are not verification.",No specific factual error established here; later claim audit remains required.,06-BRIEFS/mvp-fifteen/04-veli.md; 13-PRODUCT-ARCHITECTURE/museum-framework.md; 06-BRIEFS/mvp-fifteen/01-index.md; 06-BRIEFS/mvp-fifteen/02-enter.md; 06-BRIEFS/mvp-fifteen/04-veli.md,Rewrite only after claim-to-record mapping; retain as context when investigation value is low.,"A single real record enters an unresolved field; reveal coordinates, date, source and question sequentially; test the merged A/B/C prototypes without declaring a final theme. For this route, centre the composition on “Veli: The Open, and What Was Put Outside”.",Child/classroom role: Choose a record or question and cross into its evidence trail. only if included in an approved vertical.,Rights review for sources/assets; community consent where identity or living knowledge is represented.,06-BRIEFS/mvp-fifteen/04-veli.md; 13-PRODUCT-ARCHITECTURE/museum-framework.md; 06-BRIEFS/mvp-fifteen/01-index.md; 06-BRIEFS/mvp-fifteen/02-enter.md; 06-BRIEFS/mvp-fifteen/04-veli.md → route brief → correction/interaction acceptance.,RELEASE 1,enabler,"Route role is enabler; prominence follows evidence and museum value, not page count."
visvamitra.html,Visvamitra: The Warrior Who Composed the Gayatri,current intended page,Current site route; exact 133-page inventory; full backlog; relevant deck/running-list material,BL-1; BL-2; BL-5; BL-6; BL-12; BL-18; BL-31; BL-52,Use this page only for test a public count by inspecting included and excluded occurrences in context. Its published existence does not confer verified status.,public; scholar; child/classroom only through an approved adapted action,visvamitra.html,03-REGISTERS/rigveda-pur-family.csv; 03-REGISTERS/rigveda-pur-passages.csv; 03-REGISTERS/rigveda-varna.csv; 03-REGISTERS/rigveda-varna-occurrences.csv; 04-AUDITS/rigveda-pur-family-method.md; 06-BRIEFS/pur-4j-corpus.md; open research PR #30,site main prototypes/ only where threshold/field grammar applies,KEEP AS CONTEXT,uncertified unless an accepted record is named,partial; action in route map,partial or reading-only,live,"1151 visible words, 2 citation signals, 18 links; exact related routes: caste-vocabulary-curve.html; criminalised-today.html; dasa-forts-rigveda.html; four-varnas-one-verse.html; geography-in-vedic-texts.html; mitanni.html; mlecha.html",Convert the load-bearing propositions on Visvamitra: The Warrior Who Composed the Gayatri into claim-to-record links; structural citation signals (2) are not verification.,No specific factual error established here; later claim audit remains required.,03-REGISTERS/rigveda-pur-family.csv; 03-REGISTERS/rigveda-pur-passages.csv; 03-REGISTERS/rigveda-varna.csv; 03-REGISTERS/rigveda-varna-occurrences.csv; 04-AUDITS/rigveda-pur-family-method.md; 06-BRIEFS/pur-4j-corpus.md; open research PR #30,Rewrite only after claim-to-record mapping; retain as context when investigation value is low.,"Searchable verse/source viewer with lemma, form, translation variants, passage context and counted/not-counted reason; never use book order as a date axis. For this route, centre the composition on “Visvamitra: The Warrior Who Composed the Gayatri”.",Child/classroom role: Test a public count by inspecting included and excluded occurrences in context. only if included in an approved vertical.,Rights review for sources/assets; community consent where identity or living knowledge is represented.,03-REGISTERS/rigveda-pur-family.csv; 03-REGISTERS/rigveda-pur-passages.csv; 03-REGISTERS/rigveda-varna.csv; 03-REGISTERS/rigveda-varna-occurrences.csv; 04-AUDITS/rigveda-pur-family-method.md; 06-BRIEFS/pur-4j-corpus.md; open research PR #30 → route brief → correction/interaction acceptance.,RELEASE 2,retained context,"Route role is retained context; prominence follows evidence and museum value, not page count."
voice-authority-ancient-texts.html,Who Is Speaking: Voice and Authority in Ancient Texts,current intended page,Current site route; exact 133-page inventory; full backlog; relevant deck/running-list material,BL-6; BL-18; BL-26; BL-31; BL-42; BL-43; BL-45; BL-52; BL-55,"Use this page only for trace a claim backward through author, archive, translation, funding and omission. Its published existence does not confer verified status.",public; scholar; child/classroom only through an approved adapted action,voice-authority-ancient-texts.html,04-AUDITS/ARCHIVE-AND-POWER-AUDIT.csv; 04-AUDITS/BIAS-FAILURE-LOG.csv; 06-BRIEFS/mvp-fifteen/14-custody.md; 06-BRIEFS/mvp-fifteen/15-the-archive.md,site main prototypes/ only where threshold/field grammar applies,KEEP AS CONTEXT,uncertified unless an accepted record is named,partial; action in route map,partial or reading-only,live,"2197 visible words, 3 citation signals, 46 links; exact related routes: authorship-attribution-ancient-texts.html; chains-of-transmission.html; foreign-accounts-ancient-india.html; forest-peoples-sanskrit-record.html; indology.html; manuscript-custody.html; naming-in-ancient-india.html",Convert the load-bearing propositions on Who Is Speaking: Voice and Authority in Ancient Texts into claim-to-record links; structural citation signals (3) are not verification.,No specific factual error established here; later claim audit remains required.,04-AUDITS/ARCHIVE-AND-POWER-AUDIT.csv; 04-AUDITS/BIAS-FAILURE-LOG.csv; 06-BRIEFS/mvp-fifteen/14-custody.md; 06-BRIEFS/mvp-fifteen/15-the-archive.md,Rewrite only after claim-to-record mapping; retain as context when investigation value is low.,"Source-genealogy network showing who recorded, preserved, translated, funded and excluded; motive appears only when documented. For this route, centre the composition on “Who Is Speaking: Voice and Authority in Ancient Texts”.","Child/classroom role: Trace a claim backward through author, archive, translation, funding and omission. only if included in an approved vertical.",Rights review for sources/assets; community consent where identity or living knowledge is represented.,04-AUDITS/ARCHIVE-AND-POWER-AUDIT.csv; 04-AUDITS/BIAS-FAILURE-LOG.csv; 06-BRIEFS/mvp-fifteen/14-custody.md; 06-BRIEFS/mvp-fifteen/15-the-archive.md → route brief → correction/interaction acceptance.,RELEASE 2,retained context,"Route role is retained context; prominence follows evidence and museum value, not page count."
what-survived-the-archive.html,"The Archive: What Survived, What Was Lost, and Why",current intended page,Current site route; exact 133-page inventory; full backlog; relevant deck/running-list material,BL-6; BL-18; BL-26; BL-31; BL-42; BL-43; BL-45; BL-52; BL-55,"Use this page only for trace a claim backward through author, archive, translation, funding and omission. Its published existence does not confer verified status.",public; scholar; child/classroom only through an approved adapted action,what-survived-the-archive.html,06-BRIEFS/mvp-fifteen/15-the-archive.md; 04-AUDITS/ARCHIVE-AND-POWER-AUDIT.csv; 04-AUDITS/BIAS-FAILURE-LOG.csv; 06-BRIEFS/mvp-fifteen/14-custody.md; 06-BRIEFS/mvp-fifteen/15-the-archive.md,site main prototypes/ only where threshold/field grammar applies,DEEPEN,uncertified unless an accepted record is named,partial; action in route map,partial or reading-only,live,"2125 visible words, 6 citation signals, 37 links; exact related routes: authorship-attribution-ancient-texts.html; chains-of-transmission.html; foreign-accounts-ancient-india.html; forest-peoples-sanskrit-record.html; indology.html; manuscript-custody.html; naming-in-ancient-india.html","Convert the load-bearing propositions on The Archive: What Survived, What Was Lost, and Why into claim-to-record links; structural citation signals (6) are not verification.",No specific factual error established here; later claim audit remains required.,06-BRIEFS/mvp-fifteen/15-the-archive.md; 04-AUDITS/ARCHIVE-AND-POWER-AUDIT.csv; 04-AUDITS/BIAS-FAILURE-LOG.csv; 06-BRIEFS/mvp-fifteen/14-custody.md; 06-BRIEFS/mvp-fifteen/15-the-archive.md,Rewrite only after claim-to-record mapping; retain as context when investigation value is low.,"Source-genealogy network showing who recorded, preserved, translated, funded and excluded; motive appears only when documented. For this route, centre the composition on “The Archive: What Survived, What Was Lost, and Why”.","Child/classroom role: Trace a claim backward through author, archive, translation, funding and omission. only if included in an approved vertical.",Rights review for sources/assets; community consent where identity or living knowledge is represented.,06-BRIEFS/mvp-fifteen/15-the-archive.md; 04-AUDITS/ARCHIVE-AND-POWER-AUDIT.csv; 04-AUDITS/BIAS-FAILURE-LOG.csv; 06-BRIEFS/mvp-fifteen/14-custody.md; 06-BRIEFS/mvp-fifteen/15-the-archive.md → route brief → correction/interaction acceptance.,RELEASE 2,retained context,"Route role is retained context; prominence follows evidence and museum value, not page count."
what-the-children-are-taught.html,"What Indian Children Are Taught, and What Is Left Out",current intended page,Current site route; exact 133-page inventory; full backlog; relevant deck/running-list material,BL-6; BL-18; BL-26; BL-31; BL-42; BL-43; BL-45; BL-52; BL-55,"Use this page only for trace a claim backward through author, archive, translation, funding and omission. Its published existence does not confer verified status.",public; scholar; child/classroom only through an approved adapted action,what-the-children-are-taught.html,04-AUDITS/ARCHIVE-AND-POWER-AUDIT.csv; 04-AUDITS/BIAS-FAILURE-LOG.csv; 06-BRIEFS/mvp-fifteen/14-custody.md; 06-BRIEFS/mvp-fifteen/15-the-archive.md,site main prototypes/ only where threshold/field grammar applies,KEEP AS CONTEXT,uncertified unless an accepted record is named,partial; action in route map,partial or reading-only,live,"1328 visible words, 3 citation signals, 27 links; exact related routes: authorship-attribution-ancient-texts.html; chains-of-transmission.html; foreign-accounts-ancient-india.html; forest-peoples-sanskrit-record.html; indology.html; manuscript-custody.html; naming-in-ancient-india.html","Convert the load-bearing propositions on What Indian Children Are Taught, and What Is Left Out into claim-to-record links; structural citation signals (3) are not verification.",No specific factual error established here; later claim audit remains required.,04-AUDITS/ARCHIVE-AND-POWER-AUDIT.csv; 04-AUDITS/BIAS-FAILURE-LOG.csv; 06-BRIEFS/mvp-fifteen/14-custody.md; 06-BRIEFS/mvp-fifteen/15-the-archive.md,Rewrite only after claim-to-record mapping; retain as context when investigation value is low.,"Source-genealogy network showing who recorded, preserved, translated, funded and excluded; motive appears only when documented. For this route, centre the composition on “What Indian Children Are Taught, and What Is Left Out”.","Child/classroom role: Trace a claim backward through author, archive, translation, funding and omission. only if included in an approved vertical.",Rights review for sources/assets; community consent where identity or living knowledge is represented.,04-AUDITS/ARCHIVE-AND-POWER-AUDIT.csv; 04-AUDITS/BIAS-FAILURE-LOG.csv; 06-BRIEFS/mvp-fifteen/14-custody.md; 06-BRIEFS/mvp-fifteen/15-the-archive.md → route brief → correction/interaction acceptance.,RELEASE 2,retained context,"Route role is retained context; prominence follows evidence and museum value, not page count."
what-travelled.html,What Travelled: Indian Culture Across Asia and What Did Not,current intended page,Current site route; exact 133-page inventory; full backlog; relevant deck/running-list material,BL-6; BL-15; BL-16; BL-17; BL-18; BL-31; BL-52,"Use this page only for compare who is speaking and whether the source is self-description, opponent report or later transmission. Its published existence does not confer verified status.",public; scholar; child/classroom only through an approved adapted action,what-travelled.html,03-REGISTERS/inherited-claims.csv; 02-SOURCES/access-ledger.csv; NONE LOCATED for accepted Pāli/Prakrit/Jain/Aśokan/Chinese-pilgrim corpus parity,site main prototypes/ only where threshold/field grammar applies,KEEP AS CONTEXT,uncertified unless an accepted record is named,partial; action in route map,partial or reading-only,live,"1459 visible words, 4 citation signals, 32 links; exact related routes: brahmavadini.html; bronkhorst.html; how-buddhism-left.html; panini.html; the-broken-chain.html; the-computed-dawn.html; the-eastern-tradition.html",Convert the load-bearing propositions on What Travelled: Indian Culture Across Asia and What Did Not into claim-to-record links; structural citation signals (4) are not verification.,No specific factual error established here; later claim audit remains required.,03-REGISTERS/inherited-claims.csv; 02-SOURCES/access-ledger.csv; NONE LOCATED for accepted Pāli/Prakrit/Jain/Aśokan/Chinese-pilgrim corpus parity,Rewrite only after claim-to-record mapping; retain as context when investigation value is low.,"Parallel source/voice viewer that distinguishes self-description, rival report, later commentary and modern reconstruction. For this route, centre the composition on “What Travelled: Indian Culture Across Asia and What Did Not”.","Child/classroom role: Compare who is speaking and whether the source is self-description, opponent report or later transmission. only if included in an approved vertical.",Rights review for sources/assets; community consent where identity or living knowledge is represented.,03-REGISTERS/inherited-claims.csv; 02-SOURCES/access-ledger.csv; NONE LOCATED for accepted Pāli/Prakrit/Jain/Aśokan/Chinese-pilgrim corpus parity → route brief → correction/interaction acceptance.,RELEASE 2,retained context,"Route role is retained context; prominence follows evidence and museum value, not page count."
what-varna-meant.html,What Varna Meant in the Rigveda: All 23 Occurrences,current intended page,Current site route; exact 133-page inventory; full backlog; relevant deck/running-list material,BL-1; BL-2; BL-5; BL-6; BL-12; BL-18; BL-31; BL-52,Use this page only for test a public count by inspecting included and excluded occurrences in context. Its published existence does not confer verified status.,public; scholar; child/classroom only through an approved adapted action,what-varna-meant.html,03-REGISTERS/rigveda-pur-family.csv; 03-REGISTERS/rigveda-pur-passages.csv; 03-REGISTERS/rigveda-varna.csv; 03-REGISTERS/rigveda-varna-occurrences.csv; 04-AUDITS/rigveda-pur-family-method.md; 06-BRIEFS/pur-4j-corpus.md; open research PR #30,site main prototypes/ only where threshold/field grammar applies,CORRECT CLAIMS,uncertified unless an accepted record is named,partial; action in route map,partial or reading-only,live,"1536 visible words, 2 citation signals, 43 links; exact related routes: caste-vocabulary-curve.html; criminalised-today.html; dasa-forts-rigveda.html; four-varnas-one-verse.html; geography-in-vedic-texts.html; mitanni.html; mlecha.html","Resolve the named correction before prominence; bind every changed claim to locator, evidence role, counter-evidence and revision.","The total 23 reproduces, but the live list and corpus register are not the same 23; RV 4.5.13 is absent from the page and RV 1.113.6 absent from the corpus list. Sense sorting remains unverified.",03-REGISTERS/rigveda-pur-family.csv; 03-REGISTERS/rigveda-pur-passages.csv; 03-REGISTERS/rigveda-varna.csv; 03-REGISTERS/rigveda-varna-occurrences.csv; 04-AUDITS/rigveda-pur-family-method.md; 06-BRIEFS/pur-4j-corpus.md; open research PR #30,Rewrite only after claim-to-record mapping; retain as context when investigation value is low.,"Searchable verse/source viewer with lemma, form, translation variants, passage context and counted/not-counted reason; never use book order as a date axis. For this route, centre the composition on “What Varna Meant in the Rigveda: All 23 Occurrences”.",Child/classroom role: Test a public count by inspecting included and excluded occurrences in context. only if included in an approved vertical.,Rights review for sources/assets; community consent where identity or living knowledge is represented.,03-REGISTERS/rigveda-pur-family.csv; 03-REGISTERS/rigveda-pur-passages.csv; 03-REGISTERS/rigveda-varna.csv; 03-REGISTERS/rigveda-varna-occurrences.csv; 04-AUDITS/rigveda-pur-family-method.md; 06-BRIEFS/pur-4j-corpus.md; open research PR #30 → route brief → correction/interaction acceptance.,RELEASE 1,safety correction,"Route role is safety correction; prominence follows evidence and museum value, not page count."
when-the-mixing-stopped.html,When the Mixing Stopped: Founder Events and Dravidian,current intended page,Current site route; exact 133-page inventory; full backlog; relevant deck/running-list material,BL-9; BL-10; BL-11; BL-13; BL-14; BL-18; BL-31; BL-40; BL-58; BL-69,"Use this page only for compare forms and choose which history each observation supports, complicates or cannot decide. Its published existence does not confer verified status.",public; scholar; child/classroom only through an approved adapted action,when-the-mixing-stopped.html,03-REGISTERS/domain-e-claims.csv; 03-REGISTERS/domain-e-measurements.csv; 03-REGISTERS/domain-m-brahui-position.csv; 04-AUDITS/domain-m-adversarial-review-2026-09-07.md; 05-HOLDS/HOLD-004-north-dravidian-comparative-evidence.md; open research PR #22,site main prototypes/ only where threshold/field grammar applies,DEEPEN,uncertified unless an accepted record is named,partial; action in route map,partial or reading-only,live,"4373 visible words, 8 citation signals, 21 links; exact related routes: dravidian-sounds-sanskrit-lacks.html; elamo-dravidian-hypothesis.html; kinship-terms-south-asia.html; the-deep-root.html; the-father-tongue.html; the-languages-we-lost.html; the-northwest-cousin.html",Convert the load-bearing propositions on When the Mixing Stopped: Founder Events and Dravidian into claim-to-record links; structural citation signals (8) are not verification.,No specific factual error established here; later claim audit remains required.,03-REGISTERS/domain-e-claims.csv; 03-REGISTERS/domain-e-measurements.csv; 03-REGISTERS/domain-m-brahui-position.csv; 04-AUDITS/domain-m-adversarial-review-2026-09-07.md; 05-HOLDS/HOLD-004-north-dravidian-comparative-evidence.md; open research PR #22,Rewrite only after claim-to-record mapping; retain as context when investigation value is low.,"Side-by-side form/sound table with audio only where consented; map attestation, contact and proposed shift separately; no family-tree certainty from lexical counts. For this route, centre the composition on “When the Mixing Stopped: Founder Events and Dravidian”.","Child/classroom role: Compare forms and choose which history each observation supports, complicates or cannot decide. only if included in an approved vertical.",Rights review for sources/assets; community consent where identity or living knowledge is represented.,03-REGISTERS/domain-e-claims.csv; 03-REGISTERS/domain-e-measurements.csv; 03-REGISTERS/domain-m-brahui-position.csv; 04-AUDITS/domain-m-adversarial-review-2026-09-07.md; 05-HOLDS/HOLD-004-north-dravidian-comparative-evidence.md; open research PR #22 → route brief → correction/interaction acceptance.,RELEASE 2,retained context,"Route role is retained context; prominence follows evidence and museum value, not page count."
where-music-begins.html,Where Music Begins: Instruments Before and Around the Indus,current intended page,Current site route; exact 133-page inventory; full backlog; relevant deck/running-list material,BL-14; BL-18; BL-31; BL-39; BL-40; BL-58; BL-61; BL-69,"Use this page only for move among text, commentary, material setting and living interpretation without collapsing them. Its published existence does not confer verified status.",public; scholar; child/classroom only through an approved adapted action,where-music-begins.html,06-BRIEFS/mvp-fifteen/05-tinai.md; 06-BRIEFS/mvp-fifteen/10-kural.md; 06-BRIEFS/mvp-fifteen/11-sound-changes.md; 02-SOURCES/access-ledger.csv; NONE LOCATED for an accepted Tamil-corpus parity set,site main prototypes/ only where threshold/field grammar applies,KEEP AS CONTEXT,uncertified unless an accepted record is named,partial; action in route map,partial or reading-only,live,"2056 visible words, 1 citation signals, 21 links; exact related routes: kural.html; music.html; the-guilds-and-the-raid.html; the-lost-harp.html; tinai.html",Convert the load-bearing propositions on Where Music Begins: Instruments Before and Around the Indus into claim-to-record links; structural citation signals (1) are not verification.,No specific factual error established here; later claim audit remains required.,06-BRIEFS/mvp-fifteen/05-tinai.md; 06-BRIEFS/mvp-fifteen/10-kural.md; 06-BRIEFS/mvp-fifteen/11-sound-changes.md; 02-SOURCES/access-ledger.csv; NONE LOCATED for an accepted Tamil-corpus parity set,Rewrite only after claim-to-record mapping; retain as context when investigation value is low.,"Text/object/audio encounter separating early textual meaning, commentary, later/living interpretation and MelaKeela’s contemporary use; no generic landscape decoration. For this route, centre the composition on “Where Music Begins: Instruments Before and Around the Indus”.","Child/classroom role: Move among text, commentary, material setting and living interpretation without collapsing them. only if included in an approved vertical.",Rights review for sources/assets; community consent where identity or living knowledge is represented.,06-BRIEFS/mvp-fifteen/05-tinai.md; 06-BRIEFS/mvp-fifteen/10-kural.md; 06-BRIEFS/mvp-fifteen/11-sound-changes.md; 02-SOURCES/access-ledger.csv; NONE LOCATED for an accepted Tamil-corpus parity set → route brief → correction/interaction acceptance.,RELEASE 2,retained context,"Route role is retained context; prominence follows evidence and museum value, not page count."
who-named-india.html,"Who Named India: Sindhu, Hindu, and the Exonym Chain",current intended page,Current site route; exact 133-page inventory; full backlog; relevant deck/running-list material,BL-6; BL-18; BL-26; BL-31; BL-42; BL-43; BL-45; BL-52; BL-55,"Use this page only for trace a claim backward through author, archive, translation, funding and omission. Its published existence does not confer verified status.",public; scholar; child/classroom only through an approved adapted action,who-named-india.html,04-AUDITS/ARCHIVE-AND-POWER-AUDIT.csv; 04-AUDITS/BIAS-FAILURE-LOG.csv; 06-BRIEFS/mvp-fifteen/14-custody.md; 06-BRIEFS/mvp-fifteen/15-the-archive.md,site main prototypes/ only where threshold/field grammar applies,KEEP AS CONTEXT,uncertified unless an accepted record is named,partial; action in route map,partial or reading-only,live,"1171 visible words, 3 citation signals, 17 links; exact related routes: authorship-attribution-ancient-texts.html; chains-of-transmission.html; foreign-accounts-ancient-india.html; forest-peoples-sanskrit-record.html; indology.html; manuscript-custody.html; naming-in-ancient-india.html","Convert the load-bearing propositions on Who Named India: Sindhu, Hindu, and the Exonym Chain into claim-to-record links; structural citation signals (3) are not verification.",No specific factual error established here; later claim audit remains required.,04-AUDITS/ARCHIVE-AND-POWER-AUDIT.csv; 04-AUDITS/BIAS-FAILURE-LOG.csv; 06-BRIEFS/mvp-fifteen/14-custody.md; 06-BRIEFS/mvp-fifteen/15-the-archive.md,Rewrite only after claim-to-record mapping; retain as context when investigation value is low.,"Source-genealogy network showing who recorded, preserved, translated, funded and excluded; motive appears only when documented. For this route, centre the composition on “Who Named India: Sindhu, Hindu, and the Exonym Chain”.","Child/classroom role: Trace a claim backward through author, archive, translation, funding and omission. only if included in an approved vertical.",Rights review for sources/assets; community consent where identity or living knowledge is represented.,04-AUDITS/ARCHIVE-AND-POWER-AUDIT.csv; 04-AUDITS/BIAS-FAILURE-LOG.csv; 06-BRIEFS/mvp-fifteen/14-custody.md; 06-BRIEFS/mvp-fifteen/15-the-archive.md → route brief → correction/interaction acceptance.,RELEASE 2,retained context,"Route role is retained context; prominence follows evidence and museum value, not page count."
who-was-allowed-to-know.html,Who Was Allowed to Know: Secrecy as a Social Instrument,current intended page,Current site route; exact 133-page inventory; full backlog; relevant deck/running-list material,BL-6; BL-18; BL-26; BL-31; BL-42; BL-43; BL-45; BL-52; BL-55,"Use this page only for trace a claim backward through author, archive, translation, funding and omission. Its published existence does not confer verified status.",public; scholar; child/classroom only through an approved adapted action,who-was-allowed-to-know.html,04-AUDITS/ARCHIVE-AND-POWER-AUDIT.csv; 04-AUDITS/BIAS-FAILURE-LOG.csv; 06-BRIEFS/mvp-fifteen/14-custody.md; 06-BRIEFS/mvp-fifteen/15-the-archive.md,site main prototypes/ only where threshold/field grammar applies,KEEP AS CONTEXT,uncertified unless an accepted record is named,partial; action in route map,partial or reading-only,live,"2069 visible words, 11 citation signals, 26 links; exact related routes: authorship-attribution-ancient-texts.html; chains-of-transmission.html; foreign-accounts-ancient-india.html; forest-peoples-sanskrit-record.html; indology.html; manuscript-custody.html; naming-in-ancient-india.html",Convert the load-bearing propositions on Who Was Allowed to Know: Secrecy as a Social Instrument into claim-to-record links; structural citation signals (11) are not verification.,No specific factual error established here; later claim audit remains required.,04-AUDITS/ARCHIVE-AND-POWER-AUDIT.csv; 04-AUDITS/BIAS-FAILURE-LOG.csv; 06-BRIEFS/mvp-fifteen/14-custody.md; 06-BRIEFS/mvp-fifteen/15-the-archive.md,Rewrite only after claim-to-record mapping; retain as context when investigation value is low.,"Source-genealogy network showing who recorded, preserved, translated, funded and excluded; motive appears only when documented. For this route, centre the composition on “Who Was Allowed to Know: Secrecy as a Social Instrument”.","Child/classroom role: Trace a claim backward through author, archive, translation, funding and omission. only if included in an approved vertical.",Rights review for sources/assets; community consent where identity or living knowledge is represented.,04-AUDITS/ARCHIVE-AND-POWER-AUDIT.csv; 04-AUDITS/BIAS-FAILURE-LOG.csv; 06-BRIEFS/mvp-fifteen/14-custody.md; 06-BRIEFS/mvp-fifteen/15-the-archive.md → route brief → correction/interaction acceptance.,RELEASE 2,retained context,"Route role is retained context; prominence follows evidence and museum value, not page count."
who-writes-the-textbook.html,Who Writes India's History Textbooks: The Danino Case,current intended page,Current site route; exact 133-page inventory; full backlog; relevant deck/running-list material,BL-6; BL-18; BL-26; BL-31; BL-42; BL-43; BL-45; BL-52; BL-55,"Use this page only for trace a claim backward through author, archive, translation, funding and omission. Its published existence does not confer verified status.",public; scholar; child/classroom only through an approved adapted action,who-writes-the-textbook.html,04-AUDITS/ARCHIVE-AND-POWER-AUDIT.csv; 04-AUDITS/BIAS-FAILURE-LOG.csv; 06-BRIEFS/mvp-fifteen/14-custody.md; 06-BRIEFS/mvp-fifteen/15-the-archive.md,site main prototypes/ only where threshold/field grammar applies,HOLD,uncertified unless an accepted record is named,partial; action in route map,partial or reading-only,live,"2001 visible words, 4 citation signals, 22 links; exact related routes: authorship-attribution-ancient-texts.html; chains-of-transmission.html; foreign-accounts-ancient-india.html; forest-peoples-sanskrit-record.html; indology.html; manuscript-custody.html; naming-in-ancient-india.html",Convert the load-bearing propositions on Who Writes India's History Textbooks: The Danino Case into claim-to-record links; structural citation signals (4) are not verification.,No specific factual error established here; later claim audit remains required.,04-AUDITS/ARCHIVE-AND-POWER-AUDIT.csv; 04-AUDITS/BIAS-FAILURE-LOG.csv; 06-BRIEFS/mvp-fifteen/14-custody.md; 06-BRIEFS/mvp-fifteen/15-the-archive.md,Rewrite only after claim-to-record mapping; retain as context when investigation value is low.,"Source-genealogy network showing who recorded, preserved, translated, funded and excluded; motive appears only when documented. For this route, centre the composition on “Who Writes India's History Textbooks: The Danino Case”.","Child/classroom role: Trace a claim backward through author, archive, translation, funding and omission. only if included in an approved vertical.",Rights review for sources/assets; community consent where identity or living knowledge is represented.,04-AUDITS/ARCHIVE-AND-POWER-AUDIT.csv; 04-AUDITS/BIAS-FAILURE-LOG.csv; 06-BRIEFS/mvp-fifteen/14-custody.md; 06-BRIEFS/mvp-fifteen/15-the-archive.md → route brief → correction/interaction acceptance.,RELEASE 1,safety correction,"Route role is safety correction; prominence follows evidence and museum value, not page count."
why-the-ranked-defend-the-ranking.html,Why the Ranked Defend the Ranking: Hindutva Without Brahmins,current intended page,Current site route; exact 133-page inventory; full backlog; relevant deck/running-list material,BL-1; BL-5; BL-6; BL-18; BL-26; BL-31; BL-52,Use this page only for track one term or institution across dated records and identify where the archive cannot support continuity. Its published existence does not confer verified status.,public; scholar; child/classroom only through an approved adapted action,why-the-ranked-defend-the-ranking.html,03-REGISTERS/rigveda-varna.csv; rigveda-varna-occurrences.csv; CORRECTIONS-PENDING.md; 03-REGISTERS/inherited-claims.csv,site main prototypes/ only where threshold/field grammar applies,KEEP AS CONTEXT,uncertified unless an accepted record is named,partial; action in route map,partial or reading-only,live,"2274 visible words, 4 citation signals, 21 links; exact related routes: birth-was-not-always-destiny.html; caste-enforcement-mechanism.html; caste-survives-conversion.html; caste-was-law.html; climbing-the-ladder.html; counted-as-nothing.html; jatization.html",Convert the load-bearing propositions on Why the Ranked Defend the Ranking: Hindutva Without Brahmins into claim-to-record links; structural citation signals (4) are not verification.,No specific factual error established here; later claim audit remains required.,03-REGISTERS/rigveda-varna.csv; rigveda-varna-occurrences.csv; CORRECTIONS-PENDING.md; 03-REGISTERS/inherited-claims.csv,Rewrite only after claim-to-record mapping; retain as context when investigation value is low.,"Term-and-institution timeline with place/genre/date filters, counterexamples and archive gaps; avoid a single inevitable curve. For this route, centre the composition on “Why the Ranked Defend the Ranking: Hindutva Without Brahmins”.",Child/classroom role: Track one term or institution across dated records and identify where the archive cannot support continuity. only if included in an approved vertical.,Rights review for sources/assets; community consent where identity or living knowledge is represented.,03-REGISTERS/rigveda-varna.csv; rigveda-varna-occurrences.csv; CORRECTIONS-PENDING.md; 03-REGISTERS/inherited-claims.csv → route brief → correction/interaction acceptance.,RELEASE 2,retained context,"Route role is retained context; prominence follows evidence and museum value, not page count."
BL-1,Audit every load-bearing factual claim,research programme,Full 89-item master backlog; September 4 reconciliation; deck/handoffs/current repositories as item-relevant,BL-1,Preserve the full intent and provenance of BL-1: Audit every load-bearing factual claim. Do not equate a related file with completion.,public; children 8–11 through different actions; classroom; scholarly; institutional as applicable,academia-battlefield.html; dasa-forts-rigveda.html; keeladi.html; the-northwest-cousin.html; the-proxy.html,04-AUDITS/REAUDIT-QUEUE.csv; BIAS-FAILURE-LOG.csv; CORRECTIONS-PENDING.md,NONE LOCATED,Item-specific coverage: academia-battlefield.html; dasa-forts-rigveda.html; keeladi.html; the-northwest-cousin.html; the-proxy.html; 04-AUDITS/REAUDIT-QUEUE.csv; BIAS-FAILURE-LOG.csv; CORRECTIONS-PENDING.md,separate record-level determination required,Museum copy for Audit every load-bearing factual claim is required and cannot outrun accepted evidence.,NONE LOCATED; product gate remains unmet unless the full backlog item acceptance condition is demonstrated.,partial / unbuilt / deferred as stated; never inferred from filename,"Inherited work recorded for BL-1: Earlier curatorial audits assigned risk across historical snapshots of 96, 105, 108 and later reported 133 routes/pages. Those counts cannot be treated as the same unit or as the current inventory. Linguistic and Rigvedic packets demonstrated why apparently sourced prose can still depend on one upstream scholar or unrun corpus search.",Missing for BL-1: an accepted output and demonstrable completion gate for Audit every load-bearing factual claim; current route expression is academia-battlefield.html; dasa-forts-rigveda.html; keeladi.html; the-northwest-cousin.html; the-proxy.html.,Risk specific to BL-1: confusing existing pages/components with delivery of Audit every load-bearing factual claim; conflicts must follow owner decisions then exact files.,04-AUDITS/REAUDIT-QUEUE.csv; BIAS-FAILURE-LOG.csv; CORRECTIONS-PENDING.md,Write question-first copy for Audit every load-bearing factual claim only from accepted records; use NONE LOCATED until those records exist.,Research-to-experience form for “Audit every load-bearing factual claim” must be selected only after its record set reaches the stated evidence threshold.,No standalone child build required for audit every load-bearing factual claim; expose it through an approved investigation when relevant.,Source and asset rights review required before any public expression of Audit every load-bearing factual claim; NONE LOCATED if no asset is used.,Named corpus/source retrieval → accepted record set → adversarial/domain review → page or interaction brief for Audit every load-bearing factual claim.,RELEASE 1,safety correction,BL-1 is assigned as safety correction because its nearest credible public contribution is research programme; prerequisites are named rather than hidden.
BL-2,Fix numerical inconsistencies,research programme,Full 89-item master backlog; September 4 reconciliation; deck/handoffs/current repositories as item-relevant,BL-2,Preserve the full intent and provenance of BL-2: Fix numerical inconsistencies. Do not equate a related file with completion.,public; children 8–11 through different actions; classroom; scholarly; institutional as applicable,artifact-atlas.html; dasa-forts-rigveda.html; enter.html; what-varna-meant.html,04-AUDITS/REAUDIT-QUEUE.csv; BIAS-FAILURE-LOG.csv; CORRECTIONS-PENDING.md,NONE LOCATED,Item-specific coverage: artifact-atlas.html; dasa-forts-rigveda.html; enter.html; what-varna-meant.html; 04-AUDITS/REAUDIT-QUEUE.csv; BIAS-FAILURE-LOG.csv; CORRECTIONS-PENDING.md,separate record-level determination required,Museum copy for Fix numerical inconsistencies is required and cannot outrun accepted evidence.,NONE LOCATED; product gate remains unmet unless the full backlog item acceptance condition is demonstrated.,partial / unbuilt / deferred as stated; never inferred from filename,Inherited work recorded for BL-2: Site-si,Missing for BL-2: an accepted output and demonstrable completion gate for Fix numerical inconsistencies; current route expression is artifact-atlas.html; dasa-forts-rigveda.html; enter.html; what-varna-meant.html.,Risk specific to BL-2: confusing existing pages/components with delivery of Fix numerical inconsistencies; conflicts must follow owner decisions then exact files.,04-AUDITS/REAUDIT-QUEUE.csv; BIAS-FAILURE-LOG.csv; CORRECTIONS-PENDING.md,Write question-first copy for Fix numerical inconsistencies only from accepted records; use NONE LOCATED until those records exist.,Research-to-experience form for “Fix numerical inconsistencies” must be selected only after its record set reaches the stated evidence threshold.,No standalone child build required for fix numerical inconsistencies; expose it through an approved investigation when relevant.,Source and asset rights review required before any public expression of Fix numerical inconsistencies; NONE LOCATED if no asset is used.,Named corpus/source retrieval → accepted record set → adversarial/domain review → page or interaction brief for Fix numerical inconsistencies.,RELEASE 1,safety correction,BL-2 is assigned as safety correction because its nearest credible public contribution is research programme; prerequisites are named rather than hidden.
BL-3,Establish one status vocabulary,research programme,Full 89-item master backlog; September 4 reconciliation; deck/handoffs/current repositories as item-relevant,BL-3,Preserve the full intent and provenance of BL-3: Establish one status vocabulary. Do not equate a related file with completion.,public; children 8–11 through different actions; classroom; scholarly; institutional as applicable,NONE LOCATED,04-AUDITS/REAUDIT-QUEUE.csv; BIAS-FAILURE-LOG.csv; CORRECTIONS-PENDING.md,NONE LOCATED,Item-specific coverage: NONE LOCATED; 04-AUDITS/REAUDIT-QUEUE.csv; BIAS-FAILURE-LOG.csv; CORRECTIONS-PENDING.md,separate record-level determination required,Museum copy for Establish one status vocabulary is required and cannot outrun accepted evidence.,NONE LOCATED; product gate remains unmet unless the full backlog item acceptance condition is demonstrated.,partial / unbuilt / deferred as stated; never inferred from filename,"Inherited work recorded for BL-3: “Provisional,” “under review,” “contested,” “live” and “in development” have been used as though interchangeable. Project files already require separate epistemic, editorial, publication, product and access dimensions.",Missing for BL-3: an accepted output and demonstrable completion gate for Establish one status vocabulary; current route expression is NONE LOCATED.,Risk specific to BL-3: confusing planning language with delivery of Establish one status vocabulary; conflicts must follow owner decisions then exact files.,04-AUDITS/REAUDIT-QUEUE.csv; BIAS-FAILURE-LOG.csv; CORRECTIONS-PENDING.md,Write question-first copy for Establish one status vocabulary only from accepted records; use NONE LOCATED until those records exist.,Research-to-experience form for “Establish one status vocabulary” must be selected only after its record set reaches the stated evidence threshold.,No standalone child build required for establish one status vocabulary; expose it through an approved investigation when relevant.,Source and asset rights review required before any public expression of Establish one status vocabulary; NONE LOCATED if no asset is used.,Named corpus/source retrieval → accepted record set → adversarial/domain review → page or interaction brief for Establish one status vocabulary.,RELEASE 2,expanded programme,BL-3 is assigned as expanded programme because its nearest credible public contribution is research programme; prerequisites are named rather than hidden.
BL-4,Formalize the epistemic constitution,research programme,Full 89-item master backlog; September 4 reconciliation; deck/handoffs/current repositories as item-relevant,BL-4,Preserve the full intent and provenance of BL-4: Formalize the epistemic constitution. Do not equate a related file with completion.,public; children 8–11 through different actions; classroom; scholarly; institutional as applicable,sources.html; the-ledger.html,04-AUDITS/REAUDIT-QUEUE.csv; BIAS-FAILURE-LOG.csv; CORRECTIONS-PENDING.md,NONE LOCATED,Item-specific coverage: sources.html; the-ledger.html; 04-AUDITS/REAUDIT-QUEUE.csv; BIAS-FAILURE-LOG.csv; CORRECTIONS-PENDING.md,separate record-level determination required,Museum copy for Formalize the epistemic constitution is required and cannot outrun accepted evidence.,NONE LOCATED; product gate remains unmet unless the full backlog item acceptance condition is demonstrated.,partial / unbuilt / deferred as stated; never inferred from filename,Inherited work recorded for BL-4: Core rules already exist: connection is not continuity; similarity is not descent; ancestry is not language; reconstruction is not attestation; inscriptions do not prove mass literacy; living practice does not automatically prove ancient survival; bridges are claims; absence needs a sampling context.,Missing for BL-4: an accepted output and demonstrable completion gate for Formalize the epistemic constitution; current route expression is sources.html; the-ledger.html.,Risk specific to BL-4: confusing existing pages/components with delivery of Formalize the epistemic constitution; conflicts must follow owner decisions then exact files.,04-AUDITS/REAUDIT-QUEUE.csv; BIAS-FAILURE-LOG.csv; CORRECTIONS-PENDING.md,Write question-first copy for Formalize the epistemic constitution only from accepted records; use NONE LOCATED until those records exist.,Research-to-experience form for “Formalize the epistemic constitution” must be selected only after its record set reaches the stated evidence threshold.,No standalone child build required for formalize the epistemic constitution; expose it through an approved investigation when relevant.,Source and asset rights review required before any public expression of Formalize the epistemic constitution; NONE LOCATED if no asset is used.,Named corpus/source retrieval → accepted record set → adversarial/domain review → page or interaction brief for Formalize the epistemic constitution.,RELEASE 2,expanded programme,BL-4 is assigned as expanded programme because its nearest credible public contribution is research programme; prerequisites are named rather than hidden.
BL-5,Rewrite overdetermined headlines,research programme,Full 89-item master backlog; September 4 reconciliation; deck/handoffs/current repositories as item-relevant,BL-5,Preserve the full intent and provenance of BL-5: Rewrite overdetermined headlines. Do not equate a related file with completion.,public; children 8–11 through different actions; classroom; scholarly; institutional as applicable,birth-was-not-always-destiny.html; keeladi.html; the-definition.html; the-northwest-cousin.html,04-AUDITS/REAUDIT-QUEUE.csv; BIAS-FAILURE-LOG.csv; CORRECTIONS-PENDING.md,NONE LOCATED,Item-specific coverage: birth-was-not-always-destiny.html; keeladi.html; the-definition.html; the-northwest-cousin.html; 04-AUDITS/REAUDIT-QUEUE.csv; BIAS-FAILURE-LOG.csv; CORRECTIONS-PENDING.md,separate record-level determination required,Museum copy for Rewrite overdetermined headlines is required and cannot outrun accepted evidence.,NONE LOCATED; product gate remains unmet unless the full backlog item acceptance condition is demonstrated.,partial / unbuilt / deferred as stated; never inferred from filename,"Inherited work recorded for BL-5: The project wants wit, brevity and force—not dull academic hedging—but dramatic conclusions have sometimes outrun evidence. Stronger models include **THE 99 FORTS — What exactly did Indra’s poets claim to destroy?**, **THE BLUE ROAD**, **THE LANGUAGE THAT REFUSED TO DISAPPEAR**, and **THE SAME WORLD, TWO RESPONSES**.",Missing for BL-5: an accepted output and demonstrable completion gate for Rewrite overdetermined headlines; current route expression is birth-was-not-always-destiny.html; keeladi.html; the-definition.html; the-northwest-cousin.html.,Risk specific to BL-5: confusing existing pages/components with delivery of Rewrite overdetermined headlines; conflicts must follow owner decisions then exact files.,04-AUDITS/REAUDIT-QUEUE.csv; BIAS-FAILURE-LOG.csv; CORRECTIONS-PENDING.md,Write question-first copy for Rewrite overdetermined headlines only from accepted records; use NONE LOCATED until those records exist.,Research-to-experience form for “Rewrite overdetermined headlines” must be selected only after its record set reaches the stated evidence threshold.,No standalone child build required for rewrite overdetermined headlines; expose it through an approved investigation when relevant.,Source and asset rights review required before any public expression of Rewrite overdetermined headlines; NONE LOCATED if no asset is used.,Named corpus/source retrieval → accepted record set → adversarial/domain review → page or interaction brief for Rewrite overdetermined headlines.,RELEASE 1,safety correction,BL-5 is assigned as safety correction because its nearest credible public contribution is research programme; prerequisites are named rather than hidden.
BL-6,Separate evidence from historiography,research programme,Full 89-item master backlog; September 4 reconciliation; deck/handoffs/current repositories as item-relevant,BL-6,Preserve the full intent and provenance of BL-6: Separate evidence from historiography. Do not equate a related file with completion.,public; children 8–11 through different actions; classroom; scholarly; institutional as applicable,indology.html; two-archaeologists.html; what-survived-the-archive.html,04-AUDITS/REAUDIT-QUEUE.csv; BIAS-FAILURE-LOG.csv; CORRECTIONS-PENDING.md,NONE LOCATED,Item-specific coverage: indology.html; two-archaeologists.html; what-survived-the-archive.html; 04-AUDITS/REAUDIT-QUEUE.csv; BIAS-FAILURE-LOG.csv; CORRECTIONS-PENDING.md,separate record-level determination required,Museum copy for Separate evidence from historiography is required and cannot outrun accepted evidence.,NONE LOCATED; product gate remains unmet unless the full backlog item acceptance condition is demonstrated.,partial / unbuilt / deferred as stated; never inferred from filename,"Inherited work recorded for BL-6: MelaKeela repeatedly asks both what happened in antiquity and how colonial, nationalist, Brahmanical, university and museum institutions later narrated it. Those questions have sometimes blurred.",Missing for BL-6: an accepted output and demonstrable completion gate for Separate evidence from historiography; current route expression is indology.html; two-archaeologists.html; what-survived-the-archive.html.,Risk specific to BL-6: confusing existing pages/components with delivery of Separate evidence from historiography; conflicts must follow owner decisions then exact files.,04-AUDITS/REAUDIT-QUEUE.csv; BIAS-FAILURE-LOG.csv; CORRECTIONS-PENDING.md,Write question-first copy for Separate evidence from historiography only from accepted records; use NONE LOCATED until those records exist.,Research-to-experience form for “Separate evidence from historiography” must be selected only after its record set reaches the stated evidence threshold.,No standalone child build required for separate evidence from historiography; expose it through an approved investigation when relevant.,Source and asset rights review required before any public expression of Separate evidence from historiography; NONE LOCATED if no asset is used.,Named corpus/source retrieval → accepted record set → adversarial/domain review → page or interaction brief for Separate evidence from historiography.,RELEASE 2,expanded programme,BL-6 is assigned as expanded programme because its nearest credible public contribution is research programme; prerequisites are named rather than hidden.
BL-7,Audit the homepage,research programme,Full 89-item master backlog; September 4 reconciliation; deck/handoffs/current repositories as item-relevant,BL-7,Preserve the full intent and provenance of BL-7: Audit the homepage. Do not equate a related file with completion.,public; children 8–11 through different actions; classroom; scholarly; institutional as applicable,index.html,Deferred by full backlog; no prerequisite research authorised,"site main prototypes/a1-threshold…c-semantic (experimental; merged, not approved)",Item-specific coverage: index.html; Deferred by full backlog; no prerequisite research authorised,separate record-level determination required,Museum copy for Audit the homepage is required and cannot outrun accepted evidence.,"site main prototypes/a1-threshold…c-semantic (experimental; merged, not approved); product gate remains unmet unless the full backlog item acceptance condition is demonstrated.",partial / unbuilt / deferred as stated; never inferred from filename,"Inherited work recorded for BL-7: The homepage is meant to be a restrained threshold, not an About page or card catalogue. Earlier inventories found missing metadata and competing entrance functions; later counts are not current until rechecked.",Missing for BL-7: an accepted output and demonstrable completion gate for Audit the homepage; current route expression is index.html.,Risk specific to BL-7: confusing existing pages/components with delivery of Audit the homepage; conflicts must follow owner decisions then exact files.,Deferred by full backlog; no prerequisite research authorised,Write question-first copy for Audit the homepage only from accepted records; use NONE LOCATED until those records exist.,Research-to-experience form for “Audit the homepage” must be selected only after its record set reaches the stated evidence threshold.,No standalone child build required for audit the homepage; expose it through an approved investigation when relevant.,Source and asset rights review required before any public expression of Audit the homepage; NONE LOCATED if no asset is used.,Named corpus/source retrieval → accepted record set → adversarial/domain review → page or interaction brief for Audit the homepage.,RELEASE 1,enabler,BL-7 is assigned as enabler because its nearest credible public contribution is research programme; prerequisites are named rather than hidden.
BL-8,Lock the MelaKeela / Veḷi relationship,research programme,Full 89-item master backlog; September 4 reconciliation; deck/handoffs/current repositories as item-relevant,BL-8,Preserve the full intent and provenance of BL-8: Lock the MelaKeela / Veḷi relationship. Do not equate a related file with completion.,public; children 8–11 through different actions; classroom; scholarly; institutional as applicable,index.html; veli.html,Deferred by full backlog; no prerequisite research authorised,"site main prototypes/a1-threshold…c-semantic (experimental; merged, not approved)",Item-specific coverage: index.html; veli.html; Deferred by full backlog; no prerequisite research authorised,separate record-level determination required,Museum copy for Lock the MelaKeela / Veḷi relationship is required and cannot outrun accepted evidence.,"site main prototypes/a1-threshold…c-semantic (experimental; merged, not approved); product gate remains unmet unless the full backlog item acceptance condition is demonstrated.",partial / unbuilt / deferred as stated; never inferred from filename,"Inherited work recorded for BL-8: The stable core is MelaKeela as the public museum and Veḷi as threshold/evidence field. Past documents alternately call Veḷi the infrastructure, organi",Missing for BL-8: an accepted output and demonstrable completion gate for Lock the MelaKeela / Veḷi relationship; current route expression is index.html; veli.html.,Risk specific to BL-8: confusing existing pages/components with delivery of Lock the MelaKeela / Veḷi relationship; conflicts must follow owner decisions then exact files.,Deferred by full backlog; no prerequisite research authorised,Write question-first copy for Lock the MelaKeela / Veḷi relationship only from accepted records; use NONE LOCATED until those records exist.,Research-to-experience form for “Lock the MelaKeela / Veḷi relationship” must be selected only after its record set reaches the stated evidence threshold.,No standalone child build required for lock the melakeela / veḷi relationship; expose it through an approved investigation when relevant.,Source and asset rights review required before any public expression of Lock the MelaKeela / Veḷi relationship; NONE LOCATED if no asset is used.,Named corpus/source retrieval → accepted record set → adversarial/domain review → page or interaction brief for Lock the MelaKeela / Veḷi relationship.,RELEASE 1,enabler,BL-8 is assigned as enabler because its nearest credible public contribution is research programme; prerequisites are named rather than hidden.
BL-9,Comparative Dravidian programme,research programme,Full 89-item master backlog; September 4 reconciliation; deck/handoffs/current repositories as item-relevant,BL-9,Preserve the full intent and provenance of BL-9: Comparative Dravidian programme. Do not equate a related file with completion.,public; children 8–11 through different actions; classroom; scholarly; institutional as applicable,dravidian-sounds-sanskrit-lacks.html; two-classical-languages.html,03-REGISTERS/domain-e-claims.csv; 03-REGISTERS/domain-e-measurements.csv; 03-REGISTERS/domain-m-brahui-position.csv; 05-HOLDS/HOLD-004-north-dravidian-comparative-evidence.md; 04-AUDITS/domain-m-adversarial-review-2026-09-07.md; open PR #22,NONE LOCATED,Item-specific coverage: dravidian-sounds-sanskrit-lacks.html; two-classical-languages.html; 03-REGISTERS/domain-e-claims.csv; 03-REGISTERS/domain-e-measurements.csv; 03-REGISTERS/domain-m-brahui-position.csv; 05-HOLDS/HOLD-004-north-dravidian-comparative-evidence.md; 04-AUDITS/domain-m-adversarial-review-2026-09-07.md; open PR #22,separate record-level determination required,Museum copy for Comparative Dravidian programme is required and cannot outrun accepted evidence.,NONE LOCATED; product gate remains unmet unless the full backlog item acceptance condition is demonstrated.,partial / unbuilt / deferred as stated; never inferred from filename,"Inherited work recorded for BL-9: The programme must move beyond Tamil/Sanskrit binaries and include Tamil, Malayalam, Kannada, Telugu, Tulu, Kodava, Gondi, Kui/Kuwi, Kurukh, Malto, Brahui and relevant lesser-documented languages. Prior substrate work exposed misuse of DEDR entries as proof of borrowing.",Missing for BL-9: an accepted output and demonstrable completion gate for Comparative Dravidian programme; current route expression is dravidian-sounds-sanskrit-lacks.html; two-classical-languages.html.,Risk specific to BL-9: confusing existing pages/components with delivery of Comparative Dravidian programme; conflicts must follow owner decisions then exact files.,03-REGISTERS/domain-e-claims.csv; 03-REGISTERS/domain-e-measurements.csv; 03-REGISTERS/domain-m-brahui-position.csv; 05-HOLDS/HOLD-004-north-dravidian-comparative-evidence.md; 04-AUDITS/domain-m-adversarial-review-2026-09-07.md; open PR #22,Write question-first copy for Comparative Dravidian programme only from accepted records; use NONE LOCATED until those records exist.,Research-to-experience form for “Comparative Dravidian programme” must be selected only after its record set reaches the stated evidence threshold.,No standalone child build required for comparative dravidian programme; expose it through an approved investigation when relevant.,Source and asset rights review required before any public expression of Comparative Dravidian programme; NONE LOCATED if no asset is used.,Named corpus/source retrieval → accepted record set → adversarial/domain review → page or interaction brief for Comparative Dravidian programme.,PARALLEL TO RELEASE 1,parallel research,BL-9 is assigned as parallel research because its nearest credible public contribution is research programme; prerequisites are named rather than hidden.
BL-10,Brahui / Kurukh / Malto investigation,research programme,Full 89-item master backlog; September 4 reconciliation; deck/handoffs/current repositories as item-relevant,BL-10,Preserve the full intent and provenance of BL-10: Brahui / Kurukh / Malto investigation. Do not equate a related file with completion.,public; children 8–11 through different actions; classroom; scholarly; institutional as applicable,the-languages-we-lost.html; the-margins.html; the-northwest-cousin.html; the-vedda.html,03-REGISTERS/domain-e-claims.csv; 03-REGISTERS/domain-e-measurements.csv; 03-REGISTERS/domain-m-brahui-position.csv; 05-HOLDS/HOLD-004-north-dravidian-comparative-evidence.md; 04-AUDITS/domain-m-adversarial-review-2026-09-07.md; open PR #22,NONE LOCATED,Item-specific coverage: the-languages-we-lost.html; the-margins.html; the-northwest-cousin.html; the-vedda.html; 03-REGISTERS/domain-e-claims.csv; 03-REGISTERS/domain-e-measurements.csv; 03-REGISTERS/domain-m-brahui-position.csv; 05-HOLDS/HOLD-004-north-dravidian-comparative-evidence.md; 04-AUDITS/domain-m-adversarial-review-2026-09-07.md; open PR #22,separate record-level determination required,Museum copy for Brahui / Kurukh / Malto investigation is required and cannot outrun accepted evidence.,NONE LOCATED; product gate remains unmet unless the full backlog item acceptance condition is demonstrated.,partial / unbuilt / deferred as stated; never inferred from filename,"Inherited work recorded for BL-10: Four models must be tested: long-term retention, later migration, complex migration plus language shift/contact, and other specialist models. The owner’s highland-refugia insight, late Balochi expansion, modern genetic assimilation and absence of a documented medieval migration are central questions—not automatic proof of Bron",Missing for BL-10: an accepted output and demonstrable completion gate for Brahui / Kurukh / Malto investigation; current route expression is the-languages-we-lost.html; the-margins.html; the-northwest-cousin.html; the-vedda.html.,Risk specific to BL-10: confusing existing pages/components with delivery of Brahui / Kurukh / Malto investigation; conflicts must follow owner decisions then exact files.,03-REGISTERS/domain-e-claims.csv; 03-REGISTERS/domain-e-measurements.csv; 03-REGISTERS/domain-m-brahui-position.csv; 05-HOLDS/HOLD-004-north-dravidian-comparative-evidence.md; 04-AUDITS/domain-m-adversarial-review-2026-09-07.md; open PR #22,Write question-first copy for Brahui / Kurukh / Malto investigation only from accepted records; use NONE LOCATED until those records exist.,Research-to-experience form for “Brahui / Kurukh / Malto investigation” must be selected only after its record set reaches the stated evidence threshold.,No standalone child build required for brahui / kurukh / malto investigation; expose it through an approved investigation when relevant.,"Named consent, attribution, payment/licence, privacy and withdrawal terms are load-bearing for Brahui / Kurukh / Malto investigation; prospective relationships cannot be presented as existing.",Named corpus/source retrieval → accepted record set → adversarial/domain review → page or interaction brief for Brahui / Kurukh / Malto investigation.,PARALLEL TO RELEASE 1,parallel research,BL-10 is assigned as parallel research because its nearest credible public contribution is research programme; prerequisites are named rather than hidden.
BL-11,Indus language programme,research programme,Full 89-item master backlog; September 4 reconciliation; deck/handoffs/current repositories as item-relevant,BL-11,Preserve the full intent and provenance of BL-11: Indus language programme. Do not equate a related file with completion.,public; children 8–11 through different actions; classroom; scholarly; institutional as applicable,indus-to-vedic-gap.html; the-seal-still-holds.html; the-unread-script.html,03-REGISTERS/inherited-claims.csv; NONE LOCATED for an accepted Indus-language corpus,NONE LOCATED,Item-specific coverage: indus-to-vedic-gap.html; the-seal-still-holds.html; the-unread-script.html; 03-REGISTERS/inherited-claims.csv; NONE LOCATED for an accepted Indus-language corpus,separate record-level determination required,Museum copy for Indus language programme is required and cannot outrun accepted evidence.,NONE LOCATED; product gate remains unmet unless the full backlog item acceptance condition is demonstrated.,partial / unbuilt / deferred as stated; never inferred from filename,"Inherited work recorded for BL-11: Dravidian interpretations deserve serious treatment, but undeciphered means undeciphered. The project rejects both default “Language X” shielding and isolated rebus certainty.",Missing for BL-11: an accepted output and demonstrable completion gate for Indus language programme; current route expression is indus-to-vedic-gap.html; the-seal-still-holds.html; the-unread-script.html.,Risk specific to BL-11: confusing existing pages/components with delivery of Indus language programme; conflicts must follow owner decisions then exact files.,03-REGISTERS/inherited-claims.csv; NONE LOCATED for an accepted Indus-language corpus,Write question-first copy for Indus language programme only from accepted records; use NONE LOCATED until those records exist.,Research-to-experience form for “Indus language programme” must be selected only after its record set reaches the stated evidence threshold.,No standalone child build required for indus language programme; expose it through an approved investigation when relevant.,Source and asset rights review required before any public expression of Indus language programme; NONE LOCATED if no asset is used.,Named corpus/source retrieval → accepted record set → adversarial/domain review → page or interaction brief for Indus language programme.,PARALLEL TO RELEASE 1,parallel research,BL-11 is assigned as parallel research because its nearest credible public contribution is research programme; prerequisites are named rather than hidden.
BL-12,Indo-Iranian / Iranian chronology programme,research programme,Full 89-item master backlog; September 4 reconciliation; deck/handoffs/current repositories as item-relevant,BL-12,Preserve the full intent and provenance of BL-12: Indo-Iranian / Iranian chronology programme. Do not equate a related file with completion.,public; children 8–11 through different actions; classroom; scholarly; institutional as applicable,dasa-forts-rigveda.html; geography-in-vedic-texts.html; mitanni.html; the-expansions.html,03-REGISTERS/rigveda-pur-family.csv; 03-REGISTERS/rigveda-pur-passages.csv; 04-AUDITS/rigveda-pur-family-method.md; 06-BRIEFS/rv01-reconciliation.md; open PR #30,NONE LOCATED,Item-specific coverage: dasa-forts-rigveda.html; geography-in-vedic-texts.html; mitanni.html; the-expansions.html; 03-REGISTERS/rigveda-pur-family.csv; 03-REGISTERS/rigveda-pur-passages.csv; 04-AUDITS/rigveda-pur-family-method.md; 06-BRIEFS/rv01-reconciliation.md; open PR #30,separate record-level determination required,Museum copy for Indo-Iranian / Iranian chronology programme is required and cannot outrun accepted evidence.,NONE LOCATED; product gate remains unmet unless the full backlog item acceptance condition is demonstrated.,partial / unbuilt / deferred as stated; never inferred from filename,"Inherited work recorded for BL-12: Questions include earliest Indo-Iranian evidence, BMAC/Oxus contact, Iranian presence around Balochistan, Vedic/Avestan divergences, pre-Zoroastrian ritual, Zaraθuštra’s historicity/date and the difference between Iranian empire and local speech.",Missing for BL-12: an accepted output and demonstrable completion gate for Indo-Iranian / Iranian chronology programme; current route expression is dasa-forts-rigveda.html; geography-in-vedic-texts.html; mitanni.html; the-expansions.html.,Risk specific to BL-12: confusing existing pages/components with delivery of Indo-Iranian / Iranian chronology programme; conflicts must follow owner decisions then exact files.,03-REGISTERS/rigveda-pur-family.csv; 03-REGISTERS/rigveda-pur-passages.csv; 04-AUDITS/rigveda-pur-family-method.md; 06-BRIEFS/rv01-reconciliation.md; open PR #30,Write question-first copy for Indo-Iranian / Iranian chronology programme only from accepted records; use NONE LOCATED until those records exist.,Research-to-experience form for “Indo-Iranian / Iranian chronology programme” must be selected only after its record set reaches the stated evidence threshold.,No standalone child build required for indo-iranian / iranian chronology programme; expose it through an approved investigation when relevant.,Source and asset rights review required before any public expression of Indo-Iranian / Iranian chronology programme; NONE LOCATED if no asset is used.,Named corpus/source retrieval → accepted record set → adversarial/domain review → page or interaction brief for Indo-Iranian / Iranian chronology programme.,PARALLEL TO RELEASE 1,parallel research,BL-12 is assigned as parallel research because its nearest credible public contribution is research programme; prerequisites are named rather than hidden.
BL-13,Proto-Dravidian phonology instrument,research programme,Full 89-item master backlog; September 4 reconciliation; deck/handoffs/current repositories as item-relevant,BL-13,Preserve the full intent and provenance of BL-13: Proto-Dravidian phonology instrument. Do not equate a related file with completion.,public; children 8–11 through different actions; classroom; scholarly; institutional as applicable,dravidian-sounds-sanskrit-lacks.html,03-REGISTERS/domain-e-claims.csv; 03-REGISTERS/domain-e-measurements.csv; 03-REGISTERS/domain-m-brahui-position.csv; 05-HOLDS/HOLD-004-north-dravidian-comparative-evidence.md; 04-AUDITS/domain-m-adversarial-review-2026-09-07.md; open PR #22,NONE LOCATED,Item-specific coverage: dravidian-sounds-sanskrit-lacks.html; 03-REGISTERS/domain-e-claims.csv; 03-REGISTERS/domain-e-measurements.csv; 03-REGISTERS/domain-m-brahui-position.csv; 05-HOLDS/HOLD-004-north-dravidian-comparative-evidence.md; 04-AUDITS/domain-m-adversarial-review-2026-09-07.md; open PR #22,separate record-level determination required,Museum copy for Proto-Dravidian phonology instrument is required and cannot outrun accepted evidence.,NONE LOCATED; product gate remains unmet unless the full backlog item acceptance condition is demonstrated.,partial / unbuilt / deferred as stated; never inferred from filename,"Inherited work recorded for BL-13: Key public questions include reconstructed *c, lack of a secure native */s/ series, the retroflex coronal system and scholarly *ẓ as a retroflex continuant rather than ordinary /",Missing for BL-13: an accepted output and demonstrable completion gate for Proto-Dravidian phonology instrument; current route expression is dravidian-sounds-sanskrit-lacks.html.,Risk specific to BL-13: confusing existing pages/components with delivery of Proto-Dravidian phonology instrument; conflicts must follow owner decisions then exact files.,03-REGISTERS/domain-e-claims.csv; 03-REGISTERS/domain-e-measurements.csv; 03-REGISTERS/domain-m-brahui-position.csv; 05-HOLDS/HOLD-004-north-dravidian-comparative-evidence.md; 04-AUDITS/domain-m-adversarial-review-2026-09-07.md; open PR #22,Write question-first copy for Proto-Dravidian phonology instrument only from accepted records; use NONE LOCATED until those records exist.,Research-to-experience form for “Proto-Dravidian phonology instrument” must be selected only after its record set reaches the stated evidence threshold.,No standalone child build required for proto-dravidian phonology instrument; expose it through an approved investigation when relevant.,Source and asset rights review required before any public expression of Proto-Dravidian phonology instrument; NONE LOCATED if no asset is used.,Named corpus/source retrieval → accepted record set → adversarial/domain review → page or interaction brief for Proto-Dravidian phonology instrument.,PARALLEL TO RELEASE 1,parallel research,BL-13 is assigned as parallel research because its nearest credible public contribution is research programme; prerequisites are named rather than hidden.
BL-14,Tamil textual corpus parity,research programme,Full 89-item master backlog; September 4 reconciliation; deck/handoffs/current repositories as item-relevant,BL-14,Preserve the full intent and provenance of BL-14: Tamil textual corpus parity. Do not equate a related file with completion.,public; children 8–11 through different actions; classroom; scholarly; institutional as applicable,kural.html; music.html; tinai.html; two-classical-languages.html,06-BRIEFS/mvp-fifteen/05-tinai.md; 06-BRIEFS/mvp-fifteen/10-kural.md; 06-BRIEFS/mvp-fifteen/11-sound-changes.md; Tamil primary sources remain held/unlinked,NONE LOCATED,Item-specific coverage: kural.html; music.html; tinai.html; two-classical-languages.html; 06-BRIEFS/mvp-fifteen/05-tinai.md; 06-BRIEFS/mvp-fifteen/10-kural.md; 06-BRIEFS/mvp-fifteen/11-sound-changes.md; Tamil primary sources remain held/unlinked,separate record-level determination required,Museum copy for Tamil textual corpus parity is required and cannot outrun accepted evidence.,NONE LOCATED; product gate remains unmet unless the full backlog item acceptance condition is demonstrated.,partial / unbuilt / deferred as stated; never inferred from filename,Inherited work recorded for BL-14: A checkpoint found an extreme infrastructure imbalance—hundreds of Sanskrit texts against one Tamil text. MelaKeela cannot critique archive asymmetry while reproducing it computationally.,Missing for BL-14: an accepted output and demonstrable completion gate for Tamil textual corpus parity; current route expression is kural.html; music.html; tinai.html; two-classical-languages.html.,Risk specific to BL-14: confusing existing pages/components with delivery of Tamil textual corpus parity; conflicts must follow owner decisions then exact files.,06-BRIEFS/mvp-fifteen/05-tinai.md; 06-BRIEFS/mvp-fifteen/10-kural.md; 06-BRIEFS/mvp-fifteen/11-sound-changes.md; Tamil primary sources remain held/unlinked,Write question-first copy for Tamil textual corpus parity only from accepted records; use NONE LOCATED until those records exist.,Research-to-experience form for “Tamil textual corpus parity” must be selected only after its record set reaches the stated evidence threshold.,No standalone child build required for tamil textual corpus parity; expose it through an approved investigation when relevant.,Source and asset rights review required before any public expression of Tamil textual corpus parity; NONE LOCATED if no asset is used.,Named corpus/source retrieval → accepted record set → adversarial/domain review → page or interaction brief for Tamil textual corpus parity.,PARALLEL TO RELEASE 1,parallel research,BL-14 is assigned as parallel research because its nearest credible public contribution is research programme; prerequisites are named rather than hidden.
BL-15,Pāli / Prakrit / Jain corpus expansion,research programme,Full 89-item master backlog; September 4 reconciliation; deck/handoffs/current repositories as item-relevant,BL-15,Preserve the full intent and provenance of BL-15: Pāli / Prakrit / Jain corpus expansion. Do not equate a related file with completion.,public; children 8–11 through different actions; classroom; scholarly; institutional as applicable,the-eastern-tradition.html; the-lost-materialists.html; the-third-tradition.html; therigatha.html,03-REGISTERS/inherited-claims.csv; 02-SOURCES/access-ledger.csv; dedicated accepted corpus NONE LOCATED,NONE LOCATED,Item-specific coverage: the-eastern-tradition.html; the-lost-materialists.html; the-third-tradition.html; therigatha.html; 03-REGISTERS/inherited-claims.csv; 02-SOURCES/access-ledger.csv; dedicated accepted corpus NONE LOCATED,separate record-level determination required,Museum copy for Pāli / Prakrit / Jain corpus expansion is required and cannot outrun accepted evidence.,NONE LOCATED; product gate remains unmet unless the full backlog item acceptance condition is demonstrated.,partial / unbuilt / deferred as stated; never inferred from filename,"Inherited work recorded for BL-15: The śramaṇa archive must be first-class evidence, especially for Greater Magadha, ethics, karma/rebirth, linguistic change, social categories and what Brahmanical corpora preserve or omit.",Missing for BL-15: an accepted output and demonstrable completion gate for Pāli / Prakrit / Jain corpus expansion; current route expression is the-eastern-tradition.html; the-lost-materialists.html; the-third-tradition.html; therigatha.html.,Risk specific to BL-15: confusing existing pages/components with delivery of Pāli / Prakrit / Jain corpus expansion; conflicts must follow owner decisions then exact files.,03-REGISTERS/inherited-claims.csv; 02-SOURCES/access-ledger.csv; dedicated accepted corpus NONE LOCATED,Write question-first copy for Pāli / Prakrit / Jain corpus expansion only from accepted records; use NONE LOCATED until those records exist.,Research-to-experience form for “Pāli / Prakrit / Jain corpus expansion” must be selected only after its record set reaches the stated evidence threshold.,No standalone child build required for pāli / prakrit / jain corpus expansion; expose it through an approved investigation when relevant.,Source and asset rights review required before any public expression of Pāli / Prakrit / Jain corpus expansion; NONE LOCATED if no asset is used.,Named corpus/source retrieval → accepted record set → adversarial/domain review → page or interaction brief for Pāli / Prakrit / Jain corpus expansion.,PARALLEL TO RELEASE 1,parallel research,BL-15 is assigned as parallel research because its nearest credible public contribution is research programme; prerequisites are named rather than hidden.
BL-16,Aśokan inscription corpus,research programme,Full 89-item master backlog; September 4 reconciliation; deck/handoffs/current repositories as item-relevant,BL-16,Preserve the full intent and provenance of BL-16: Aśokan inscription corpus. Do not equate a related file with completion.,public; children 8–11 through different actions; classroom; scholarly; institutional as applicable,brahmi.html; one-script-many-kingdoms.html,03-REGISTERS/inherited-claims.csv; 02-SOURCES/access-ledger.csv; dedicated accepted corpus NONE LOCATED,NONE LOCATED,Item-specific coverage: brahmi.html; one-script-many-kingdoms.html; 03-REGISTERS/inherited-claims.csv; 02-SOURCES/access-ledger.csv; dedicated accepted corpus NONE LOCATED,separate record-level determination required,Museum copy for Aśokan inscription corpus is required and cannot outrun accepted evidence.,NONE LOCATED; product gate remains unmet unless the full backlog item acceptance condition is demonstrated.,partial / unbuilt / deferred as stated; never inferred from filename,"Inherited work recorded for BL-16: This is a flagship candidate because it unites place, script, language, ruler, audience and regional variation. It also anchors later claims about Brāhmī and political communication.",Missing for BL-16: an accepted output and demonstrable completion gate for Aśokan inscription corpus; current route expression is brahmi.html; one-script-many-kingdoms.html.,Risk specific to BL-16: confusing existing pages/components with delivery of Aśokan inscription corpus; conflicts must follow owner decisions then exact files.,03-REGISTERS/inherited-claims.csv; 02-SOURCES/access-ledger.csv; dedicated accepted corpus NONE LOCATED,Write question-first copy for Aśokan inscription corpus only from accepted records; use NONE LOCATED until those records exist.,Research-to-experience form for “Aśokan inscription corpus” must be selected only after its record set reaches the stated evidence threshold.,No standalone child build required for aśokan inscription corpus; expose it through an approved investigation when relevant.,Source and asset rights review required before any public expression of Aśokan inscription corpus; NONE LOCATED if no asset is used.,Named corpus/source retrieval → accepted record set → adversarial/domain review → page or interaction brief for Aśokan inscription corpus.,PARALLEL TO RELEASE 1,parallel research,BL-16 is assigned as parallel research because its nearest credible public contribution is research programme; prerequisites are named rather than hidden.
BL-17,Chinese pilgrim corpus,research programme,Full 89-item master backlog; September 4 reconciliation; deck/handoffs/current repositories as item-relevant,BL-17,Preserve the full intent and provenance of BL-17: Chinese pilgrim corpus. Do not equate a related file with completion.,public; children 8–11 through different actions; classroom; scholarly; institutional as applicable,foreign-accounts-ancient-india.html; what-travelled.html,03-REGISTERS/inherited-claims.csv; 02-SOURCES/access-ledger.csv; dedicated accepted corpus NONE LOCATED,NONE LOCATED,Item-specific coverage: foreign-accounts-ancient-india.html; what-travelled.html; 03-REGISTERS/inherited-claims.csv; 02-SOURCES/access-ledger.csv; dedicated accepted corpus NONE LOCATED,separate record-level determination required,Museum copy for Chinese pilgrim corpus is required and cannot outrun accepted evidence.,NONE LOCATED; product gate remains unmet unless the full backlog item acceptance condition is demonstrated.,partial / unbuilt / deferred as stated; never inferred from filename,"Inherited work recorded for BL-17: Faxian, Xuan",Missing for BL-17: an accepted output and demonstrable completion gate for Chinese pilgrim corpus; current route expression is foreign-accounts-ancient-india.html; what-travelled.html.,Risk specific to BL-17: confusing existing pages/components with delivery of Chinese pilgrim corpus; conflicts must follow owner decisions then exact files.,03-REGISTERS/inherited-claims.csv; 02-SOURCES/access-ledger.csv; dedicated accepted corpus NONE LOCATED,Write question-first copy for Chinese pilgrim corpus only from accepted records; use NONE LOCATED until those records exist.,Research-to-experience form for “Chinese pilgrim corpus” must be selected only after its record set reaches the stated evidence threshold.,No standalone child build required for chinese pilgrim corpus; expose it through an approved investigation when relevant.,Source and asset rights review required before any public expression of Chinese pilgrim corpus; NONE LOCATED if no asset is used.,Named corpus/source retrieval → accepted record set → adversarial/domain review → page or interaction brief for Chinese pilgrim corpus.,PARALLEL TO RELEASE 1,parallel research,BL-17 is assigned as parallel research because its nearest credible public contribution is research programme; prerequisites are named rather than hidden.
BL-18,Archaeology source programme,research programme,Full 89-item master backlog; September 4 reconciliation; deck/handoffs/current repositories as item-relevant,BL-18,Preserve the full intent and provenance of BL-18: Archaeology source programme. Do not equate a related file with completion.,public; children 8–11 through different actions; classroom; scholarly; institutional as applicable,before-the-indus.html; brahmi.html; excavation-bias-funding.html; indus-to-vedic-gap.html; keeladi.html; material-culture-ancient-south-asia.html; meluhha-trade.html; one-script-many-kingdoms.html; rakhigarhi.html; sacred-ash.html; the-other-half.html; the-seal-still-holds.html; the-shape-of-a-grave.html; the-survey-not-done.html; the-unread-script.html; the-water-city.html; two-scarcities.html,06-BRIEFS/mvp-fifteen/07-keeladi.md; 06-BRIEFS/mvp-fifteen/08-before-the-indus.md; 06-BRIEFS/mvp-fifteen/09-the-water-city.md; 02-SOURCES/access-ledger.csv,NONE LOCATED,Item-specific coverage: before-the-indus.html; brahmi.html; excavation-bias-funding.html; indus-to-vedic-gap.html; keeladi.html; material-culture-ancient-south-asia.html; meluhha-trade.html; one-script-many-kingdoms.html; rakhigarhi.html; sacred-ash.html; the-other-half.html; the-seal-still-holds.html; the-shape-of-a-grave.html; the-survey-not-done.html; the-unread-script.html; the-water-city.html; two-scarcities.html; 06-BRIEFS/mvp-fifteen/07-keeladi.md; 06-BRIEFS/mvp-fifteen/08-before-the-indus.md; 06-BRIEFS/mvp-fifteen/09-the-water-city.md; 02-SOURCES/access-ledger.csv,separate record-level determination required,Museum copy for Archaeology source programme is required and cannot outrun accepted evidence.,NONE LOCATED; product gate remains unmet unless the full backlog item acceptance condition is demonstrated.,partial / unbuilt / deferred as stated; never inferred from filename,Inherited work recorded for BL-18: Priority sites include Kee,Missing for BL-18: an accepted output and demonstrable completion gate for Archaeology source programme; current route expression is before-the-indus.html; brahmi.html; excavation-bias-funding.html; indus-to-vedic-gap.html; keeladi.html; material-culture-ancient-south-asia.html; meluhha-trade.html; one-script-many-kingdoms.html; rakhigarhi.html; sacred-ash.html; the-other-half.html; the-seal-still-holds.html; the-shape-of-a-grave.html; the-survey-not-done.html; the-unread-script.html; the-water-city.html; two-scarcities.html.,Risk specific to BL-18: confusing existing pages/components with delivery of Archaeology source programme; conflicts must follow owner decisions then exact files.,06-BRIEFS/mvp-fifteen/07-keeladi.md; 06-BRIEFS/mvp-fifteen/08-before-the-indus.md; 06-BRIEFS/mvp-fifteen/09-the-water-city.md; 02-SOURCES/access-ledger.csv,Write question-first copy for Archaeology source programme only from accepted records; use NONE LOCATED until those records exist.,Research-to-experience form for “Archaeology source programme” must be selected only after its record set reaches the stated evidence threshold.,No standalone child build required for archaeology source programme; expose it through an approved investigation when relevant.,Source and asset rights review required before any public expression of Archaeology source programme; NONE LOCATED if no asset is used.,Named corpus/source retrieval → accepted record set → adversarial/domain review → page or interaction brief for Archaeology source programme.,PARALLEL TO RELEASE 1,parallel research,BL-18 is assigned as parallel research because its nearest credible public contribution is research programme; prerequisites are named rather than hidden.
BL-19,Genetics evidence standard,research programme,Full 89-item master backlog; September 4 reconciliation; deck/handoffs/current repositories as item-relevant,BL-19,Preserve the full intent and provenance of BL-19: Genetics evidence standard. Do not equate a related file with completion.,public; children 8–11 through different actions; classroom; scholarly; institutional as applicable,academia-battlefield.html; beneath-both-waves.html; endogamy-clock.html; gotra.html; steppe.html; the-definition.html; the-expansions.html; the-genome-of-caste.html; the-margins.html; the-markers-themselves.html; the-maternal-line.html; the-proxy.html; the-three-ancestries.html; the-uneven-arrival.html,03-REGISTERS/inherited-claims.csv; CORRECTIONS-PENDING.md; accepted genetics standard NONE LOCATED,NONE LOCATED,Item-specific coverage: academia-battlefield.html; beneath-both-waves.html; endogamy-clock.html; gotra.html; steppe.html; the-definition.html; the-expansions.html; the-genome-of-caste.html; the-margins.html; the-markers-themselves.html; the-maternal-line.html; the-proxy.html; the-three-ancestries.html; the-uneven-arrival.html; 03-REGISTERS/inherited-claims.csv; CORRECTIONS-PENDING.md; accepted genetics standard NONE LOCATED,separate record-level determination required,Museum copy for Genetics evidence standard is required and cannot outrun accepted evidence.,NONE LOCATED; product gate remains unmet unless the full backlog item acceptance condition is demonstrated.,partial / unbuilt / deferred as stated; never inferred from filename,"Inherited work recorded for BL-19: Project discussions include ancestry formation, caste/endogamy, Brahui, Munda chronology and Y-lineage claims. Prior outputs sometimes confused uniparental markers, autosomal ancestry, language and population history.",Missing for BL-19: an accepted output and demonstrable completion gate for Genetics evidence standard; current route expression is academia-battlefield.html; beneath-both-waves.html; endogamy-clock.html; gotra.html; steppe.html; the-definition.html; the-expansions.html; the-genome-of-caste.html; the-margins.html; the-markers-themselves.html; the-maternal-line.html; the-proxy.html; the-three-ancestries.html; the-uneven-arrival.html.,Risk specific to BL-19: confusing existing pages/components with delivery of Genetics evidence standard; conflicts must follow owner decisions then exact files.,03-REGISTERS/inherited-claims.csv; CORRECTIONS-PENDING.md; accepted genetics standard NONE LOCATED,Write question-first copy for Genetics evidence standard only from accepted records; use NONE LOCATED until those records exist.,Research-to-experience form for “Genetics evidence standard” must be selected only after its record set reaches the stated evidence threshold.,No standalone child build required for genetics evidence standard; expose it through an approved investigation when relevant.,Source and asset rights review required before any public expression of Genetics evidence standard; NONE LOCATED if no asset is used.,Named corpus/source retrieval → accepted record set → adversarial/domain review → page or interaction brief for Genetics evidence standard.,PARALLEL TO RELEASE 1,parallel research,BL-19 is assigned as parallel research because its nearest credible public contribution is research programme; prerequisites are named rather than hidden.
BL-20,Universal Evidence Object,evidence capability,Full 89-item master backlog; September 4 reconciliation; deck/handoffs/current repositories as item-relevant,BL-20,Preserve the full intent and provenance of BL-20: Universal Evidence Object. Do not equate a related file with completion.,public; children 8–11 through different actions; classroom; scholarly; institutional as applicable,artifact-atlas.html; sources.html; the-ledger.html,"melakeela-p1-p3-specification.zip:13-product-architecture/P1-evidence-data-architecture/P1-SPECIFICATION.md (frozen, unapproved); 13-PRODUCT-ARCHITECTURE/museum-framework.md; site:assets/data/page-evidence.json",melakeela-p1-p3-specification.zip and research-batch-1 architecture (frozen conceptual drafts),"Item-specific coverage: artifact-atlas.html; sources.html; the-ledger.html; melakeela-p1-p3-specification.zip:13-product-architecture/P1-evidence-data-architecture/P1-SPECIFICATION.md (frozen, unapproved); 13-PRODUCT-ARCHITECTURE/museum-framework.md; site:assets/data/page-evidence.json",separate record-level determination required,Museum copy for Universal Evidence Object is required and cannot outrun accepted evidence.,melakeela-p1-p3-specification.zip and research-batch-1 architecture (frozen conceptual drafts); product gate remains unmet unless the full backlog item acceptance condition is demonstrated.,partial / unbuilt / deferred as stated; never inferred from filename,"Inherited work recorded for BL-20: The project has a draft field set for record identity, evidence class, date, place, context, provenance, repository, sources, interpretations, uncertainty, rights, claims and revision history. Earlier P1–P3 work preserved the concept but implementation was rejected as premature.",Missing for BL-20: an accepted output and demonstrable completion gate for Universal Evidence Object; current route expression is artifact-atlas.html; sources.html; the-ledger.html.,Risk specific to BL-20: confusing existing pages/components with delivery of Universal Evidence Object; conflicts must follow owner decisions then exact files.,"melakeela-p1-p3-specification.zip:13-product-architecture/P1-evidence-data-architecture/P1-SPECIFICATION.md (frozen, unapproved); 13-PRODUCT-ARCHITECTURE/museum-framework.md; site:assets/data/page-evidence.json",Write question-first copy for Universal Evidence Object only from accepted records; use NONE LOCATED until those records exist.,Purpose-built interface for “Universal Evidence Object”; reuse the record viewer and visual field only where its evidence relation earns them.,No standalone child build required for universal evidence object; expose it through an approved investigation when relevant.,Source and asset rights review required before any public expression of Universal Evidence Object; NONE LOCATED if no asset is used.,"Accepted minimal record contract and migration audit; frozen P1–P3 draft is input, not authority, for Universal Evidence Object.",RELEASE 1,enabler,BL-20 is assigned as enabler because its nearest credible public contribution is evidence capability; prerequisites are named rather than hidden.
BL-21,Claims become first-class objects,evidence capability,Full 89-item master backlog; September 4 reconciliation; deck/handoffs/current repositories as item-relevant,BL-21,Preserve the full intent and provenance of BL-21: Claims become first-class objects. Do not equate a related file with completion.,public; children 8–11 through different actions; classroom; scholarly; institutional as applicable,sources.html; the-ledger.html,"melakeela-p1-p3-specification.zip:13-product-architecture/P1-evidence-data-architecture/P1-SPECIFICATION.md (frozen, unapproved); 13-PRODUCT-ARCHITECTURE/museum-framework.md; site:assets/data/page-evidence.json",melakeela-p1-p3-specification.zip and research-batch-1 architecture (frozen conceptual drafts),"Item-specific coverage: sources.html; the-ledger.html; melakeela-p1-p3-specification.zip:13-product-architecture/P1-evidence-data-architecture/P1-SPECIFICATION.md (frozen, unapproved); 13-PRODUCT-ARCHITECTURE/museum-framework.md; site:assets/data/page-evidence.json",separate record-level determination required,Museum copy for Claims become first-class objects is required and cannot outrun accepted evidence.,melakeela-p1-p3-specification.zip and research-batch-1 architecture (frozen conceptual drafts); product gate remains unmet unless the full backlog item acceptance condition is demonstrated.,partial / unbuilt / deferred as stated; never inferred from filename,"Inherited work recorded for BL-21: A public sentence must have identity, author, date, support, contradiction, context, assessment, alternatives and change conditions. The ledger is not merely a bibliography.",Missing for BL-21: an accepted output and demonstrable completion gate for Claims become first-class objects; current route expression is sources.html; the-ledger.html.,Risk specific to BL-21: confusing existing pages/components with delivery of Claims become first-class objects; conflicts must follow owner decisions then exact files.,"melakeela-p1-p3-specification.zip:13-product-architecture/P1-evidence-data-architecture/P1-SPECIFICATION.md (frozen, unapproved); 13-PRODUCT-ARCHITECTURE/museum-framework.md; site:assets/data/page-evidence.json",Write question-first copy for Claims become first-class objects only from accepted records; use NONE LOCATED until those records exist.,Purpose-built interface for “Claims become first-class objects”; reuse the record viewer and visual field only where its evidence relation earns them.,No standalone child build required for claims become first-class objects; expose it through an approved investigation when relevant.,Source and asset rights review required before any public expression of Claims become first-class objects; NONE LOCATED if no asset is used.,"Accepted minimal record contract and migration audit; frozen P1–P3 draft is input, not authority, for Claims become first-class objects.",RELEASE 1,enabler,BL-21 is assigned as enabler because its nearest credible public contribution is evidence capability; prerequisites are named rather than hidden.
BL-22,Relationships become first-class objects,evidence capability,Full 89-item master backlog; September 4 reconciliation; deck/handoffs/current repositories as item-relevant,BL-22,Preserve the full intent and provenance of BL-22: Relationships become first-class objects. Do not equate a related file with completion.,public; children 8–11 through different actions; classroom; scholarly; institutional as applicable,artifact-atlas.html; the-ledger.html,"melakeela-p1-p3-specification.zip:13-product-architecture/P1-evidence-data-architecture/P1-SPECIFICATION.md (frozen, unapproved); 13-PRODUCT-ARCHITECTURE/museum-framework.md; site:assets/data/page-evidence.json",melakeela-p1-p3-specification.zip and research-batch-1 architecture (frozen conceptual drafts),"Item-specific coverage: artifact-atlas.html; the-ledger.html; melakeela-p1-p3-specification.zip:13-product-architecture/P1-evidence-data-architecture/P1-SPECIFICATION.md (frozen, unapproved); 13-PRODUCT-ARCHITECTURE/museum-framework.md; site:assets/data/page-evidence.json",separate record-level determination required,Museum copy for Relationships become first-class objects is required and cannot outrun accepted evidence.,melakeela-p1-p3-specification.zip and research-batch-1 architecture (frozen conceptual drafts); product gate remains unmet unless the full backlog item acceptance condition is demonstrated.,partial / unbuilt / deferred as stated; never inferred from filename,"Inherited work recorded for BL-22: “Bridges are claims” is the most distinctive Veḷi principle. Required relation types already include genealogy, borrowing, transmission, analogy, shared source, contact possible and disputed.",Missing for BL-22: an accepted output and demonstrable completion gate for Relationships become first-class objects; current route expression is artifact-atlas.html; the-ledger.html.,Risk specific to BL-22: confusing existing pages/components with delivery of Relationships become first-class objects; conflicts must follow owner decisions then exact files.,"melakeela-p1-p3-specification.zip:13-product-architecture/P1-evidence-data-architecture/P1-SPECIFICATION.md (frozen, unapproved); 13-PRODUCT-ARCHITECTURE/museum-framework.md; site:assets/data/page-evidence.json",Write question-first copy for Relationships become first-class objects only from accepted records; use NONE LOCATED until those records exist.,Purpose-built interface for “Relationships become first-class objects”; reuse the record viewer and visual field only where its evidence relation earns them.,No standalone child build required for relationships become first-class objects; expose it through an approved investigation when relevant.,Source and asset rights review required before any public expression of Relationships become first-class objects; NONE LOCATED if no asset is used.,"Accepted minimal record contract and migration audit; frozen P1–P3 draft is input, not authority, for Relationships become first-class objects.",RELEASE 1,enabler,BL-22 is assigned as enabler because its nearest credible public contribution is evidence capability; prerequisites are named rather than hidden.
BL-23,Evidence roles,evidence capability,Full 89-item master backlog; September 4 reconciliation; deck/handoffs/current repositories as item-relevant,BL-23,Preserve the full intent and provenance of BL-23: Evidence roles. Do not equate a related file with completion.,public; children 8–11 through different actions; classroom; scholarly; institutional as applicable,sources.html; the-ledger.html,"melakeela-p1-p3-specification.zip:13-product-architecture/P1-evidence-data-architecture/P1-SPECIFICATION.md (frozen, unapproved); 13-PRODUCT-ARCHITECTURE/museum-framework.md; site:assets/data/page-evidence.json",melakeela-p1-p3-specification.zip and research-batch-1 architecture (frozen conceptual drafts),"Item-specific coverage: sources.html; the-ledger.html; melakeela-p1-p3-specification.zip:13-product-architecture/P1-evidence-data-architecture/P1-SPECIFICATION.md (frozen, unapproved); 13-PRODUCT-ARCHITECTURE/museum-framework.md; site:assets/data/page-evidence.json",separate record-level determination required,Museum copy for Evidence roles is required and cannot outrun accepted evidence.,melakeela-p1-p3-specification.zip and research-batch-1 architecture (frozen conceptual drafts); product gate remains unmet unless the full backlog item acceptance condition is demonstrated.,partial / unbuilt / deferred as stated; never inferred from filename,"Inherited work recorded for BL-23: The programme already names SUPPORTS, CONTRADICTS, CONTEXTUALIZES, DATES, LOCALIZES, IDENTIFIES, SUGGESTS and CANNOT DISCRIMINATE.",Missing for BL-23: an accepted output and demonstrable completion gate for Evidence roles; current route expression is sources.html; the-ledger.html.,Risk specific to BL-23: confusing existing pages/components with delivery of Evidence roles; conflicts must follow owner decisions then exact files.,"melakeela-p1-p3-specification.zip:13-product-architecture/P1-evidence-data-architecture/P1-SPECIFICATION.md (frozen, unapproved); 13-PRODUCT-ARCHITECTURE/museum-framework.md; site:assets/data/page-evidence.json",Write question-first copy for Evidence roles only from accepted records; use NONE LOCATED until those records exist.,Purpose-built interface for “Evidence roles”; reuse the record viewer and visual field only where its evidence relation earns them.,No standalone child build required for evidence roles; expose it through an approved investigation when relevant.,Source and asset rights review required before any public expression of Evidence roles; NONE LOCATED if no asset is used.,"Accepted minimal record contract and migration audit; frozen P1–P3 draft is input, not authority, for Evidence roles.",RELEASE 1,enabler,BL-23 is assigned as enabler because its nearest credible public contribution is evidence capability; prerequisites are named rather than hidden.
BL-24,Revision history,evidence capability,Full 89-item master backlog; September 4 reconciliation; deck/handoffs/current repositories as item-relevant,BL-24,Preserve the full intent and provenance of BL-24: Revision history. Do not equate a related file with completion.,public; children 8–11 through different actions; classroom; scholarly; institutional as applicable,the-ledger.html,"melakeela-p1-p3-specification.zip:13-product-architecture/P1-evidence-data-architecture/P1-SPECIFICATION.md (frozen, unapproved); 13-PRODUCT-ARCHITECTURE/museum-framework.md; site:assets/data/page-evidence.json",melakeela-p1-p3-specification.zip and research-batch-1 architecture (frozen conceptual drafts),"Item-specific coverage: the-ledger.html; melakeela-p1-p3-specification.zip:13-product-architecture/P1-evidence-data-architecture/P1-SPECIFICATION.md (frozen, unapproved); 13-PRODUCT-ARCHITECTURE/museum-framework.md; site:assets/data/page-evidence.json",separate record-level determination required,Museum copy for Revision history is required and cannot outrun accepted evidence.,melakeela-p1-p3-specification.zip and research-batch-1 architecture (frozen conceptual drafts); product gate remains unmet unless the full backlog item acceptance condition is demonstrated.,partial / unbuilt / deferred as stated; never inferred from filename,"Inherited work recorded for BL-24: Public correction is intended as a feature, not an embarrassment. Earlier erroneous counts and substrate framing show why inherited claims need visible revision.",Missing for BL-24: an accepted output and demonstrable completion gate for Revision history; current route expression is the-ledger.html.,Risk specific to BL-24: confusing existing pages/components with delivery of Revision history; conflicts must follow owner decisions then exact files.,"melakeela-p1-p3-specification.zip:13-product-architecture/P1-evidence-data-architecture/P1-SPECIFICATION.md (frozen, unapproved); 13-PRODUCT-ARCHITECTURE/museum-framework.md; site:assets/data/page-evidence.json",Write question-first copy for Revision history only from accepted records; use NONE LOCATED until those records exist.,Purpose-built interface for “Revision history”; reuse the record viewer and visual field only where its evidence relation earns them.,No standalone child build required for revision history; expose it through an approved investigation when relevant.,Source and asset rights review required before any public expression of Revision history; NONE LOCATED if no asset is used.,"Accepted minimal record contract and migration audit; frozen P1–P3 draft is input, not authority, for Revision history.",RELEASE 1,enabler,BL-24 is assigned as enabler because its nearest credible public contribution is evidence capability; prerequisites are named rather than hidden.
BL-25,Artifact Atlas v2,public investigation/instrument,Full 89-item master backlog; September 4 reconciliation; deck/handoffs/current repositories as item-relevant,BL-25,Preserve the full intent and provenance of BL-25: Artifact Atlas v2. Do not equate a related file with completion.,public; children 8–11 through different actions; classroom; scholarly; institutional as applicable,artifact-atlas.html,site:artifact-atlas.html; site:assets/js/artifact-atlas.js; melakeela-p1-p3-specification.zip:13-product-architecture/P3-atlas-v2/P3-SPECIFICATION.md (frozen); 06-BRIEFS/mvp-fifteen/03-artifact-atlas.md; site PR #4,melakeela-p1-p3-specification.zip and research-batch-1 architecture (frozen conceptual drafts),Item-specific coverage: artifact-atlas.html; site:artifact-atlas.html; site:assets/js/artifact-atlas.js; melakeela-p1-p3-specification.zip:13-product-architecture/P3-atlas-v2/P3-SPECIFICATION.md (frozen); 06-BRIEFS/mvp-fifteen/03-artifact-atlas.md; site PR #4,separate record-level determination required,Museum copy for Artifact Atlas v2 is required and cannot outrun accepted evidence.,melakeela-p1-p3-specification.zip and research-batch-1 architecture (frozen conceptual drafts); product gate remains unmet unless the full backlog item acceptance condition is demonstrated.,partial / unbuilt / deferred as stated; never inferred from filename,"Inherited work recorded for BL-25: The Atlas is the FIELD engine: `PLACE × TIME × RECORD × UNCERTAINTY`. A dedicated language-movement mode must distinguish artifacts, texts, reconstructed stages, ancestry movement, political control and unknown speech",Missing for BL-25: an accepted output and demonstrable completion gate for Artifact Atlas v2; current route expression is artifact-atlas.html.,Risk specific to BL-25: confusing existing pages/components with delivery of Artifact Atlas v2; conflicts must follow owner decisions then exact files.,site:artifact-atlas.html; site:assets/js/artifact-atlas.js; melakeela-p1-p3-specification.zip:13-product-architecture/P3-atlas-v2/P3-SPECIFICATION.md (frozen); 06-BRIEFS/mvp-fifteen/03-artifact-atlas.md; site PR #4,Write question-first copy for Artifact Atlas v2 only from accepted records; use NONE LOCATED until those records exist.,"Typed time-space map with eight non-equivalent movement/attestation/unknown layers, record drawer and non-map alternative.",Provide a child/classroom entry only after the adult evidence set for artifact atlas v2 is stable; do not simplify evidence.,"Object/image/text/map rights, manipulation disclosure and accessible alternatives required for Artifact Atlas v2.",Audited records + source viewer + visual/accessibility rule + acceptance test for Artifact Atlas v2.,RELEASE 1,flagship,BL-25 is assigned as flagship because its nearest credible public contribution is public investigation/instrument; prerequisites are named rather than hidden.
BL-26,PROVE IT,public investigation/instrument,Full 89-item master backlog; September 4 reconciliation; deck/handoffs/current repositories as item-relevant,BL-26,Preserve the full intent and provenance of BL-26: PROVE IT. Do not equate a related file with completion.,public; children 8–11 through different actions; classroom; scholarly; institutional as applicable,keeladi.html; the-unread-script.html; what-varna-meant.html,melakeela-p1-p3-specification.zip:13-product-architecture/P2-correction-system/P2-SPECIFICATION.md; 06-BRIEFS/mvp-fifteen/07-keeladi.md; accepted investigation record set NONE LOCATED,NONE LOCATED,Item-specific coverage: keeladi.html; the-unread-script.html; what-varna-meant.html; melakeela-p1-p3-specification.zip:13-product-architecture/P2-correction-system/P2-SPECIFICATION.md; 06-BRIEFS/mvp-fifteen/07-keeladi.md; accepted investigation record set NONE LOCATED,separate record-level determination required,Museum copy for PROVE IT is required and cannot outrun accepted evidence.,NONE LOCATED; product gate remains unmet unless the full backlog item acceptance condition is demonstrated.,partial / unbuilt / deferred as stated; never inferred from filename,Inherited work recorded for BL-26: This is the signature public interaction and should be demonstrated with one bounded case before generali,Missing for BL-26: an accepted output and demonstrable completion gate for PROVE IT; current route expression is keeladi.html; the-unread-script.html; what-varna-meant.html.,Risk specific to BL-26: confusing existing pages/components with delivery of PROVE IT; conflicts must follow owner decisions then exact files.,melakeela-p1-p3-specification.zip:13-product-architecture/P2-correction-system/P2-SPECIFICATION.md; 06-BRIEFS/mvp-fifteen/07-keeladi.md; accepted investigation record set NONE LOCATED,Write question-first copy for PROVE IT only from accepted records; use NONE LOCATED until those records exist.,"Bounded PROVE IT sequence: claim, observation, support, complication, unknown, museum interpretation and what would change it.",Provide a child/classroom entry only after the adult evidence set for prove it is stable; do not simplify evidence.,Source and asset rights review required before any public expression of PROVE IT; NONE LOCATED if no asset is used.,Audited records + source viewer + visual/accessibility rule + acceptance test for PROVE IT.,RELEASE 1,flagship,BL-26 is assigned as flagship because its nearest credible public contribution is public investigation/instrument; prerequisites are named rather than hidden.
BL-27; BL-38,WATER — first flagship Living World,public investigation/instrument,Full 89-item master backlog; September 4 reconciliation; deck/handoffs/current repositories as item-relevant,BL-27; BL-38,Preserve the full intent and provenance of BL-27; BL-38: WATER — first flagship Living World. Do not equate a related file with completion.,public; children 8–11 through different actions; classroom; scholarly; institutional as applicable,the-water-city.html,06-BRIEFS/mvp-fifteen/09-the-water-city.md; Institutional Vision Deck WATER sequence; accepted WATER record set NONE LOCATED,NONE LOCATED,Item-specific coverage: the-water-city.html; 06-BRIEFS/mvp-fifteen/09-the-water-city.md; Institutional Vision Deck WATER sequence; accepted WATER record set NONE LOCATED,separate record-level determination required,Museum copy for WATER — first flagship Living World is required and cannot outrun accepted evidence.,NONE LOCATED; product gate remains unmet unless the full backlog item acceptance condition is demonstrated.,partial / unbuilt / deferred as stated; never inferred from filename,"Inherited work recorded for BL-27; BL-38: WATER is the strongest proposed first Living World, connecting Dholavira, palaeoclimate, engineering, South Indian water infrastructure, Tamil sources and Chennai hydrology. The continuity belongs initially to the human problem, not automatically to one civili BL-38 provenance: Same research programme as item 27, but here WATER is the first repeatable Living World model rather than merely one flagship exhibit.",Missing for BL-27; BL-38: an accepted output and demonstrable completion gate for WATER — first flagship Living World; current route expression is the-water-city.html.,Risk specific to BL-27; BL-38: confusing existing pages/components with delivery of WATER — first flagship Living World; conflicts must follow owner decisions then exact files.,06-BRIEFS/mvp-fifteen/09-the-water-city.md; Institutional Vision Deck WATER sequence; accepted WATER record set NONE LOCATED,Write question-first copy for WATER — first flagship Living World only from accepted records; use NONE LOCATED until those records exist.,"WATER world joining dated environment, settlement, crop, storage, labour, ritual, text and memory records without period collapse.",Provide a child/classroom entry only after the adult evidence set for water — first flagship living world is stable; do not simplify evidence.,"Object/image/text/map rights, manipulation disclosure and accessible alternatives required for WATER — first flagship Living World.",Audited records + source viewer + visual/accessibility rule + acceptance test for WATER — first flagship Living World.,RELEASE 1,flagship,BL-27; BL-38 is assigned as flagship because its nearest credible public contribution is public investigation/instrument; prerequisites are named rather than hidden.
BL-28,Object-first routes,public investigation/instrument,Full 89-item master backlog; September 4 reconciliation; deck/handoffs/current repositories as item-relevant,BL-28,Preserve the full intent and provenance of BL-28: Object-first routes. Do not equate a related file with completion.,public; children 8–11 through different actions; classroom; scholarly; institutional as applicable,before-the-indus.html; brahmi.html; keeladi.html; the-lost-harp.html,13-PRODUCT-ARCHITECTURE/museum-framework.md; site:prototypes/; 01-INHERITED/curatorial-audit-v1.1/environment-map.csv; no final visual approval,"site main prototypes/a1-threshold…c-semantic (experimental; merged, not approved)",Item-specific coverage: before-the-indus.html; brahmi.html; keeladi.html; the-lost-harp.html; 13-PRODUCT-ARCHITECTURE/museum-framework.md; site:prototypes/; 01-INHERITED/curatorial-audit-v1.1/environment-map.csv; no final visual approval,separate record-level determination required,Museum copy for Object-first routes is required and cannot outrun accepted evidence.,"site main prototypes/a1-threshold…c-semantic (experimental; merged, not approved); product gate remains unmet unless the full backlog item acceptance condition is demonstrated.",partial / unbuilt / deferred as stated; never inferred from filename,"Inherited work recorded for BL-28: The current site has often behaved like a large set of equal essay cards. The intended doors are OBJECTS, PLACES, WORDS, TEXTS, QUESTIONS and INVESTIGATIONS.",Missing for BL-28: an accepted output and demonstrable completion gate for Object-first routes; current route expression is before-the-indus.html; brahmi.html; keeladi.html; the-lost-harp.html.,Risk specific to BL-28: confusing existing pages/components with delivery of Object-first routes; conflicts must follow owner decisions then exact files.,13-PRODUCT-ARCHITECTURE/museum-framework.md; site:prototypes/; 01-INHERITED/curatorial-audit-v1.1/environment-map.csv; no final visual approval,Write question-first copy for Object-first routes only from accepted records; use NONE LOCATED until those records exist.,Purpose-built interface for “Object-first routes”; reuse the record viewer and visual field only where its evidence relation earns them.,Provide a child/classroom entry only after the adult evidence set for object-first routes is stable; do not simplify evidence.,"Object/image/text/map rights, manipulation disclosure and accessible alternatives required for Object-first routes.","Programme brief, exact evidence/asset inputs and release acceptance test for Object-first routes.",RELEASE 2,expanded programme,BL-28 is assigned as expanded programme because its nearest credible public contribution is public investigation/instrument; prerequisites are named rather than hidden.
BL-29,Layered depth,public investigation/instrument,Full 89-item master backlog; September 4 reconciliation; deck/handoffs/current repositories as item-relevant,BL-29,Preserve the full intent and provenance of BL-29: Layered depth. Do not equate a related file with completion.,public; children 8–11 through different actions; classroom; scholarly; institutional as applicable,enter.html; index.html; keeladi.html,13-PRODUCT-ARCHITECTURE/museum-framework.md; site:prototypes/; 01-INHERITED/curatorial-audit-v1.1/environment-map.csv; no final visual approval,"site main prototypes/a1-threshold…c-semantic (experimental; merged, not approved)",Item-specific coverage: enter.html; index.html; keeladi.html; 13-PRODUCT-ARCHITECTURE/museum-framework.md; site:prototypes/; 01-INHERITED/curatorial-audit-v1.1/environment-map.csv; no final visual approval,separate record-level determination required,Museum copy for Layered depth is required and cannot outrun accepted evidence.,"site main prototypes/a1-threshold…c-semantic (experimental; merged, not approved); product gate remains unmet unless the full backlog item acceptance condition is demonstrated.",partial / unbuilt / deferred as stated; never inferred from filename,"Inherited work recorded for BL-29: The target model is ENCOUNTER (seconds), DISCOVER (minutes), INVESTIGATE, EVIDENCE and RESEARCH using the same underlying records.",Missing for BL-29: an accepted output and demonstrable completion gate for Layered depth; current route expression is enter.html; index.html; keeladi.html.,Risk specific to BL-29: confusing existing pages/components with delivery of Layered depth; conflicts must follow owner decisions then exact files.,13-PRODUCT-ARCHITECTURE/museum-framework.md; site:prototypes/; 01-INHERITED/curatorial-audit-v1.1/environment-map.csv; no final visual approval,Write question-first copy for Layered depth only from accepted records; use NONE LOCATED until those records exist.,Purpose-built interface for “Layered depth”; reuse the record viewer and visual field only where its evidence relation earns them.,Provide a child/classroom entry only after the adult evidence set for layered depth is stable; do not simplify evidence.,Source and asset rights review required before any public expression of Layered depth; NONE LOCATED if no asset is used.,"Programme brief, exact evidence/asset inputs and release acceptance test for Layered depth.",RELEASE 2,expanded programme,BL-29 is assigned as expanded programme because its nearest credible public contribution is public investigation/instrument; prerequisites are named rather than hidden.
BL-30,Time-Space Explorer,public investigation/instrument,Full 89-item master backlog; September 4 reconciliation; deck/handoffs/current repositories as item-relevant,BL-30,Preserve the full intent and provenance of BL-30: Time-Space Explorer. Do not equate a related file with completion.,public; children 8–11 through different actions; classroom; scholarly; institutional as applicable,artifact-atlas.html; geography-in-vedic-texts.html,site:artifact-atlas.html; site:assets/js/artifact-atlas.js; melakeela-p1-p3-specification.zip:13-product-architecture/P3-atlas-v2/P3-SPECIFICATION.md (frozen); 06-BRIEFS/mvp-fifteen/03-artifact-atlas.md; site PR #4,melakeela-p1-p3-specification.zip and research-batch-1 architecture (frozen conceptual drafts),Item-specific coverage: artifact-atlas.html; geography-in-vedic-texts.html; site:artifact-atlas.html; site:assets/js/artifact-atlas.js; melakeela-p1-p3-specification.zip:13-product-architecture/P3-atlas-v2/P3-SPECIFICATION.md (frozen); 06-BRIEFS/mvp-fifteen/03-artifact-atlas.md; site PR #4,separate record-level determination required,Museum copy for Time-Space Explorer is required and cannot outrun accepted evidence.,melakeela-p1-p3-specification.zip and research-batch-1 architecture (frozen conceptual drafts); product gate remains unmet unless the full backlog item acceptance condition is demonstrated.,partial / unbuilt / deferred as stated; never inferred from filename,"Inherited work recorded for BL-30: A static timeline cannot express different archaeological, textual, linguistic, genetic and environmental clocks.",Missing for BL-30: an accepted output and demonstrable completion gate for Time-Space Explorer; current route expression is artifact-atlas.html; geography-in-vedic-texts.html.,Risk specific to BL-30: confusing existing pages/components with delivery of Time-Space Explorer; conflicts must follow owner decisions then exact files.,site:artifact-atlas.html; site:assets/js/artifact-atlas.js; melakeela-p1-p3-specification.zip:13-product-architecture/P3-atlas-v2/P3-SPECIFICATION.md (frozen); 06-BRIEFS/mvp-fifteen/03-artifact-atlas.md; site PR #4,Write question-first copy for Time-Space Explorer only from accepted records; use NONE LOCATED until those records exist.,"Typed time-space map with eight non-equivalent movement/attestation/unknown layers, record drawer and non-map alternative.",Provide a child/classroom entry only after the adult evidence set for time-space explorer is stable; do not simplify evidence.,Source and asset rights review required before any public expression of Time-Space Explorer; NONE LOCATED if no asset is used.,"Programme brief, exact evidence/asset inputs and release acceptance test for Time-Space Explorer.",RELEASE 2,expanded programme,BL-30 is assigned as expanded programme because its nearest credible public contribution is public investigation/instrument; prerequisites are named rather than hidden.
BL-31,Primary-source viewer,public investigation/instrument,Full 89-item master backlog; September 4 reconciliation; deck/handoffs/current repositories as item-relevant,BL-31,Preserve the full intent and provenance of BL-31: Primary-source viewer. Do not equate a related file with completion.,public; children 8–11 through different actions; classroom; scholarly; institutional as applicable,sources.html; the-ledger.html,Current sources/search/ledger/research-index assets; page-evidence.json; MVP ledger brief,NONE LOCATED,Item-specific coverage: sources.html; the-ledger.html; Current sources/search/ledger/research-index assets; page-evidence.json; MVP ledger brief,separate record-level determination required,Museum copy for Primary-source viewer is required and cannot outrun accepted evidence.,NONE LOCATED; product gate remains unmet unless the full backlog item acceptance condition is demonstrated.,partial / unbuilt / deferred as stated; never inferred from filename,Inherited work recorded for BL-31: Required sequence: IMAGE → ORIGINAL → TRANSLITERATION → TRANSLATION → VARIANTS → INTERPRETATION → CLAIMS USING THIS RECORD.,Missing for BL-31: an accepted output and demonstrable completion gate for Primary-source viewer; current route expression is sources.html; the-ledger.html.,Risk specific to BL-31: confusing existing pages/components with delivery of Primary-source viewer; conflicts must follow owner decisions then exact files.,Current sources/search/ledger/research-index assets; page-evidence.json; MVP ledger brief,Write question-first copy for Primary-source viewer only from accepted records; use NONE LOCATED until those records exist.,Purpose-built interface for “Primary-source viewer”; reuse the record viewer and visual field only where its evidence relation earns them.,Provide a child/classroom entry only after the adult evidence set for primary-source viewer is stable; do not simplify evidence.,"Object/image/text/map rights, manipulation disclosure and accessible alternatives required for Primary-source viewer.","Programme brief, exact evidence/asset inputs and release acceptance test for Primary-source viewer.",RELEASE 1,enabler,BL-31 is assigned as enabler because its nearest credible public contribution is public investigation/instrument; prerequisites are named rather than hidden.
BL-32,Search becomes evidence search,public investigation/instrument,Full 89-item master backlog; September 4 reconciliation; deck/handoffs/current repositories as item-relevant,BL-32,Preserve the full intent and provenance of BL-32: Search becomes evidence search. Do not equate a related file with completion.,public; children 8–11 through different actions; classroom; scholarly; institutional as applicable,research-index.html; search.html,Current sources/search/ledger/research-index assets; page-evidence.json; MVP ledger brief,NONE LOCATED,Item-specific coverage: research-index.html; search.html; Current sources/search/ledger/research-index assets; page-evidence.json; MVP ledger brief,separate record-level determination required,Museum copy for Search becomes evidence search is required and cannot outrun accepted evidence.,NONE LOCATED; product gate remains unmet unless the full backlog item acceptance condition is demonstrated.,partial / unbuilt / deferred as stated; never inferred from filename,Inherited work recorded for BL-32: Search was previously reported broken under CSP and conceptually returned pages rather than evidence relationships. Current state must be rechecked.,Missing for BL-32: an accepted output and demonstrable completion gate for Search becomes evidence search; current route expression is research-index.html; search.html.,Risk specific to BL-32: confusing existing pages/components with delivery of Search becomes evidence search; conflicts must follow owner decisions then exact files.,Current sources/search/ledger/research-index assets; page-evidence.json; MVP ledger brief,Write question-first copy for Search becomes evidence search only from accepted records; use NONE LOCATED until those records exist.,Purpose-built interface for “Search becomes evidence search”; reuse the record viewer and visual field only where its evidence relation earns them.,Provide a child/classroom entry only after the adult evidence set for search becomes evidence search is stable; do not simplify evidence.,Source and asset rights review required before any public expression of Search becomes evidence search; NONE LOCATED if no asset is used.,"Programme brief, exact evidence/asset inputs and release acceptance test for Search becomes evidence search.",RELEASE 2,expanded programme,BL-32 is assigned as expanded programme because its nearest credible public contribution is public investigation/instrument; prerequisites are named rather than hidden.
BL-33,First children’s vertical slice,child/classroom experience,Full 89-item master backlog; September 4 reconciliation; deck/handoffs/current repositories as item-relevant,BL-33,Preserve the full intent and provenance of BL-33: First children’s vertical slice. Do not equate a related file with completion.,public; children 8–11 through different actions; classroom; scholarly; institutional as applicable,keeladi.html,MVP Keezhadi brief; inherited child concepts; tested child evidence set NONE LOCATED,"source-repair/P1–P3 09-public-experience child-entry and mobile-flow (provisional, not for publication)",Item-specific coverage: keeladi.html; MVP Keezhadi brief; inherited child concepts; tested child evidence set NONE LOCATED,separate record-level determination required,Museum copy for First children’s vertical slice is required and cannot outrun accepted evidence.,"source-repair/P1–P3 09-public-experience child-entry and mobile-flow (provisional, not for publication); product gate remains unmet unless the full backlog item acceptance condition is demonstrated.",partial / unbuilt / deferred as stated; never inferred from filename,"Inherited work recorded for BL-33: The intended audience is initially ages 8–11, in English and French, with the same evidence underneath the adult museum. Kee",Missing for BL-33: an accepted output and demonstrable completion gate for First children’s vertical slice; current route expression is keeladi.html.,Risk specific to BL-33: confusing existing pages/components with delivery of First children’s vertical slice; conflicts must follow owner decisions then exact files.,MVP Keezhadi brief; inherited child concepts; tested child evidence set NONE LOCATED,Write question-first copy for First children’s vertical slice only from accepted records; use NONE LOCATED until those records exist.,"Same evidence as adult experience through dig, sort, compare, certainty choice and local Field Bag actions.",Primary audience proof: ages 8–11 use the same records for first children’s vertical slice through different actions; classroom version adds group roles.,"Child safeguarding, consented testing, local-only storage and no behavioural profiling required for First children’s vertical slice.",Keezhadi evidence set → interaction prototype → child test 1 → revision → child/classroom test 2 for First children’s vertical slice.,RELEASE 1,audience validation,BL-33 is assigned as audience validation because its nearest credible public contribution is child/classroom experience; prerequisites are named rather than hidden.
BL-34,My Field Bag,child/classroom experience,Full 89-item master backlog; September 4 reconciliation; deck/handoffs/current repositories as item-relevant,BL-34,Preserve the full intent and provenance of BL-34: My Field Bag. Do not equate a related file with completion.,public; children 8–11 through different actions; classroom; scholarly; institutional as applicable,NONE LOCATED,MVP Keezhadi brief; inherited child concepts; tested child evidence set NONE LOCATED,"source-repair/P1–P3 09-public-experience child-entry and mobile-flow (provisional, not for publication)",Item-specific coverage: NONE LOCATED; MVP Keezhadi brief; inherited child concepts; tested child evidence set NONE LOCATED,separate record-level determination required,Museum copy for My Field Bag is required and cannot outrun accepted evidence.,"source-repair/P1–P3 09-public-experience child-entry and mobile-flow (provisional, not for publication); product gate remains unmet unless the full backlog item acceptance condition is demonstrated.",partial / unbuilt / deferred as stated; never inferred from filename,"Inherited work recorded for BL-34: Visitors save objects, words, places, evidence, claims and questions; later the system can reveal relationships and disputes.",Missing for BL-34: an accepted output and demonstrable completion gate for My Field Bag; current route expression is NONE LOCATED.,Risk specific to BL-34: confusing planning language with delivery of My Field Bag; conflicts must follow owner decisions then exact files.,MVP Keezhadi brief; inherited child concepts; tested child evidence set NONE LOCATED,Write question-first copy for My Field Bag only from accepted records; use NONE LOCATED until those records exist.,"Same evidence as adult experience through dig, sort, compare, certainty choice and local Field Bag actions.",Primary audience proof: ages 8–11 use the same records for my field bag through different actions; classroom version adds group roles.,"Child safeguarding, consented testing, local-only storage and no behavioural profiling required for My Field Bag.",Keezhadi evidence set → interaction prototype → child test 1 → revision → child/classroom test 2 for My Field Bag.,RELEASE 1,audience validation,BL-34 is assigned as audience validation because its nearest credible public contribution is child/classroom experience; prerequisites are named rather than hidden.
BL-35,Child certainty vocabulary,child/classroom experience,Full 89-item master backlog; September 4 reconciliation; deck/handoffs/current repositories as item-relevant,BL-35,Preserve the full intent and provenance of BL-35: Child certainty vocabulary. Do not equate a related file with completion.,public; children 8–11 through different actions; classroom; scholarly; institutional as applicable,NONE LOCATED,MVP Keezhadi brief; inherited child concepts; tested child evidence set NONE LOCATED,"source-repair/P1–P3 09-public-experience child-entry and mobile-flow (provisional, not for publication)",Item-specific coverage: NONE LOCATED; MVP Keezhadi brief; inherited child concepts; tested child evidence set NONE LOCATED,separate record-level determination required,Museum copy for Child certainty vocabulary is required and cannot outrun accepted evidence.,"source-repair/P1–P3 09-public-experience child-entry and mobile-flow (provisional, not for publication); product gate remains unmet unless the full backlog item acceptance condition is demonstrated.",partial / unbuilt / deferred as stated; never inferred from filename,Inherited work recorded for BL-35: Working language is FOUND / WE THINK / MAYBE / WE DON’T KNOW.,Missing for BL-35: an accepted output and demonstrable completion gate for Child certainty vocabulary; current route expression is NONE LOCATED.,Risk specific to BL-35: confusing planning language with delivery of Child certainty vocabulary; conflicts must follow owner decisions then exact files.,MVP Keezhadi brief; inherited child concepts; tested child evidence set NONE LOCATED,Write question-first copy for Child certainty vocabulary only from accepted records; use NONE LOCATED until those records exist.,"Same evidence as adult experience through dig, sort, compare, certainty choice and local Field Bag actions.",Primary audience proof: ages 8–11 use the same records for child certainty vocabulary through different actions; classroom version adds group roles.,"Child safeguarding, consented testing, local-only storage and no behavioural profiling required for Child certainty vocabulary.",Keezhadi evidence set → interaction prototype → child test 1 → revision → child/classroom test 2 for Child certainty vocabulary.,RELEASE 1,audience validation,BL-35 is assigned as audience validation because its nearest credible public contribution is child/classroom experience; prerequisites are named rather than hidden.
BL-36,Children on the design team,child/classroom experience,Full 89-item master backlog; September 4 reconciliation; deck/handoffs/current repositories as item-relevant,BL-36,Preserve the full intent and provenance of BL-36: Children on the design team. Do not equate a related file with completion.,public; children 8–11 through different actions; classroom; scholarly; institutional as applicable,NONE LOCATED,MVP Keezhadi brief; inherited child concepts; tested child evidence set NONE LOCATED,"source-repair/P1–P3 09-public-experience child-entry and mobile-flow (provisional, not for publication)",Item-specific coverage: NONE LOCATED; MVP Keezhadi brief; inherited child concepts; tested child evidence set NONE LOCATED,separate record-level determination required,Museum copy for Children on the design team is required and cannot outrun accepted evidence.,"source-repair/P1–P3 09-public-experience child-entry and mobile-flow (provisional, not for publication); product gate remains unmet unless the full backlog item acceptance condition is demonstrated.",partial / unbuilt / deferred as stated; never inferred from filename,"Inherited work recorded for BL-36: Testing after completion is inadequate. Children should influence interaction, comprehension and curiosity during design.",Missing for BL-36: an accepted output and demonstrable completion gate for Children on the design team; current route expression is NONE LOCATED.,Risk specific to BL-36: confusing planning language with delivery of Children on the design team; conflicts must follow owner decisions then exact files.,MVP Keezhadi brief; inherited child concepts; tested child evidence set NONE LOCATED,Write question-first copy for Children on the design team only from accepted records; use NONE LOCATED until those records exist.,"Same evidence as adult experience through dig, sort, compare, certainty choice and local Field Bag actions.",Primary audience proof: ages 8–11 use the same records for children on the design team through different actions; classroom version adds group roles.,"Child safeguarding, consented testing, local-only storage and no behavioural profiling required for Children on the design team.",Keezhadi evidence set → interaction prototype → child test 1 → revision → child/classroom test 2 for Children on the design team.,RELEASE 1,audience validation,BL-36 is assigned as audience validation because its nearest credible public contribution is child/classroom experience; prerequisites are named rather than hidden.
BL-37,Classroom mode,child/classroom experience,Full 89-item master backlog; September 4 reconciliation; deck/handoffs/current repositories as item-relevant,BL-37,Preserve the full intent and provenance of BL-37: Classroom mode. Do not equate a related file with completion.,public; children 8–11 through different actions; classroom; scholarly; institutional as applicable,keeladi.html; the-water-city.html,MVP Keezhadi brief; inherited child concepts; tested child evidence set NONE LOCATED,"source-repair/P1–P3 09-public-experience child-entry and mobile-flow (provisional, not for publication)",Item-specific coverage: keeladi.html; the-water-city.html; MVP Keezhadi brief; inherited child concepts; tested child evidence set NONE LOCATED,separate record-level determination required,Museum copy for Classroom mode is required and cannot outrun accepted evidence.,"source-repair/P1–P3 09-public-experience child-entry and mobile-flow (provisional, not for publication); product gate remains unmet unless the full backlog item acceptance condition is demonstrated.",partial / unbuilt / deferred as stated; never inferred from filename,"Inherited work recorded for BL-37: The goal is investigation—“Was this site literate? Test the evidence”—rather than passive reading comprehension. Wineburg/DIG, Seixas, Gibson and Peck are relevant evaluation leads.",Missing for BL-37: an accepted output and demonstrable completion gate for Classroom mode; current route expression is keeladi.html; the-water-city.html.,Risk specific to BL-37: confusing existing pages/components with delivery of Classroom mode; conflicts must follow owner decisions then exact files.,MVP Keezhadi brief; inherited child concepts; tested child evidence set NONE LOCATED,Write question-first copy for Classroom mode only from accepted records; use NONE LOCATED until those records exist.,"Same evidence as adult experience through dig, sort, compare, certainty choice and local Field Bag actions.",Primary audience proof: ages 8–11 use the same records for classroom mode through different actions; classroom version adds group roles.,"Child safeguarding, consented testing, local-only storage and no behavioural profiling required for Classroom mode.",Keezhadi evidence set → interaction prototype → child test 1 → revision → child/classroom test 2 for Classroom mode.,RELEASE 1,audience validation,BL-37 is assigned as audience validation because its nearest credible public contribution is child/classroom experience; prerequisites are named rather than hidden.
BL-39,FOOD,Living World,Full 89-item master backlog; September 4 reconciliation; deck/handoffs/current repositories as item-relevant,BL-39,Preserve the full intent and provenance of BL-39: FOOD. Do not equate a related file with completion.,public; children 8–11 through different actions; classroom; scholarly; institutional as applicable,material-culture-ancient-south-asia.html; paid-in-cattle.html,Current thematic pages; accepted cross-period flagship record set NONE LOCATED,NONE LOCATED,Item-specific coverage: material-culture-ancient-south-asia.html; paid-in-cattle.html; Current thematic pages; accepted cross-period flagship record set NONE LOCATED,separate record-level determination required,Museum copy for FOOD is required and cannot outrun accepted evidence.,NONE LOCATED; product gate remains unmet unless the full backlog item acceptance condition is demonstrated.,partial / unbuilt / deferred as stated; never inferred from filename,"Inherited work recorded for BL-39: Proposed chain includes grain, archaeobotany, domestication, agriculture, ecology, trade, food texts, cuisine, labour and modern food systems. Indus lipid studies illustrate both potential and limits.",Missing for BL-39: an accepted output and demonstrable completion gate for FOOD; current route expression is material-culture-ancient-south-asia.html; paid-in-cattle.html.,Risk specific to BL-39: confusing existing pages/components with delivery of FOOD; conflicts must follow owner decisions then exact files.,Current thematic pages; accepted cross-period flagship record set NONE LOCATED,Write question-first copy for FOOD only from accepted records; use NONE LOCATED until those records exist.,Purpose-built interface for “FOOD”; reuse the record viewer and visual field only where its evidence relation earns them.,Provide a child/classroom entry only after the adult evidence set for food is stable; do not simplify evidence.,"Object/image/text/map rights, manipulation disclosure and accessible alternatives required for FOOD.","Programme brief, exact evidence/asset inputs and release acceptance test for FOOD.",RELEASE 2,expanded programme,BL-39 is assigned as expanded programme because its nearest credible public contribution is Living World; prerequisites are named rather than hidden.
BL-40,LANGUAGE,Living World,Full 89-item master backlog; September 4 reconciliation; deck/handoffs/current repositories as item-relevant,BL-40,Preserve the full intent and provenance of BL-40: LANGUAGE. Do not equate a related file with completion.,public; children 8–11 through different actions; classroom; scholarly; institutional as applicable,dravidian-sounds-sanskrit-lacks.html; mlecha.html; the-languages-we-lost.html; the-northwest-cousin.html,Current thematic pages; accepted cross-period flagship record set NONE LOCATED,NONE LOCATED,Item-specific coverage: dravidian-sounds-sanskrit-lacks.html; mlecha.html; the-languages-we-lost.html; the-northwest-cousin.html; Current thematic pages; accepted cross-period flagship record set NONE LOCATED,separate record-level determination required,Museum copy for LANGUAGE is required and cannot outrun accepted evidence.,NONE LOCATED; product gate remains unmet unless the full backlog item acceptance condition is demonstrated.,partial / unbuilt / deferred as stated; never inferred from filename,"Inherited work recorded for BL-40: This may become the strongest long-term Living World: inscription, attestation, sound change, borrowing, script, literature and contemporary speech. It connects items 9–17 and Atlas v2.",Missing for BL-40: an accepted output and demonstrable completion gate for LANGUAGE; current route expression is dravidian-sounds-sanskrit-lacks.html; mlecha.html; the-languages-we-lost.html; the-northwest-cousin.html.,Risk specific to BL-40: confusing existing pages/components with delivery of LANGUAGE; conflicts must follow owner decisions then exact files.,Current thematic pages; accepted cross-period flagship record set NONE LOCATED,Write question-first copy for LANGUAGE only from accepted records; use NONE LOCATED until those records exist.,Purpose-built interface for “LANGUAGE”; reuse the record viewer and visual field only where its evidence relation earns them.,Provide a child/classroom entry only after the adult evidence set for language is stable; do not simplify evidence.,"Object/image/text/map rights, manipulation disclosure and accessible alternatives required for LANGUAGE.","Programme brief, exact evidence/asset inputs and release acceptance test for LANGUAGE.",RELEASE 2,expanded programme,BL-40 is assigned as expanded programme because its nearest credible public contribution is Living World; prerequisites are named rather than hidden.
BL-41,About Veḷi,institutional capability,Full 89-item master backlog; September 4 reconciliation; deck/handoffs/current repositories as item-relevant,BL-41,Preserve the full intent and provenance of BL-41: About Veḷi. Do not equate a related file with completion.,public; children 8–11 through different actions; classroom; scholarly; institutional as applicable,veli.html,13-PRODUCT-ARCHITECTURE/museum-framework.md; 09-DECISIONS/OWNER-DECISIONS.csv; 02-SOURCES/access-ledger.csv; rights/community/funding implementation record NONE LOCATED where applicable,NONE LOCATED,Item-specific coverage: veli.html; 13-PRODUCT-ARCHITECTURE/museum-framework.md; 09-DECISIONS/OWNER-DECISIONS.csv; 02-SOURCES/access-ledger.csv; rights/community/funding implementation record NONE LOCATED where applicable,separate record-level determination required,Museum copy for About Veḷi is required and cannot outrun accepted evidence.,NONE LOCATED; product gate remains unmet unless the full backlog item acceptance condition is demonstrated.,partial / unbuilt / deferred as stated; never inferred from filename,"Inherited work recorded for BL-41: Intended sections include purpose, method, standards, governance, independence, people, advisers, partners, rights, corrections and research agenda. Institutional maturity must not be fabricated.",Missing for BL-41: an accepted output and demonstrable completion gate for About Veḷi; current route expression is veli.html.,Risk specific to BL-41: confusing existing pages/components with delivery of About Veḷi; conflicts must follow owner decisions then exact files.,13-PRODUCT-ARCHITECTURE/museum-framework.md; 09-DECISIONS/OWNER-DECISIONS.csv; 02-SOURCES/access-ledger.csv; rights/community/funding implementation record NONE LOCATED where applicable,Write question-first copy for About Veḷi only from accepted records; use NONE LOCATED until those records exist.,Purpose-built interface for “About Veḷi”; reuse the record viewer and visual field only where its evidence relation earns them.,No standalone child build required for about veḷi; expose it through an approved investigation when relevant.,Source and asset rights review required before any public expression of About Veḷi; NONE LOCATED if no asset is used.,"Programme brief, exact evidence/asset inputs and release acceptance test for About Veḷi.",RELEASE 1,enabler,BL-41 is assigned as enabler because its nearest credible public contribution is institutional capability; prerequisites are named rather than hidden.
BL-42,Scholarly governance,institutional capability,Full 89-item master backlog; September 4 reconciliation; deck/handoffs/current repositories as item-relevant,BL-42,Preserve the full intent and provenance of BL-42: Scholarly governance. Do not equate a related file with completion.,public; children 8–11 through different actions; classroom; scholarly; institutional as applicable,research-index.html; sources.html; the-ledger.html,13-PRODUCT-ARCHITECTURE/museum-framework.md; 09-DECISIONS/OWNER-DECISIONS.csv; 02-SOURCES/access-ledger.csv; rights/community/funding implementation record NONE LOCATED where applicable,NONE LOCATED,Item-specific coverage: research-index.html; sources.html; the-ledger.html; 13-PRODUCT-ARCHITECTURE/museum-framework.md; 09-DECISIONS/OWNER-DECISIONS.csv; 02-SOURCES/access-ledger.csv; rights/community/funding implementation record NONE LOCATED where applicable,separate record-level determination required,Museum copy for Scholarly governance is required and cannot outrun accepted evidence.,NONE LOCATED; product gate remains unmet unless the full backlog item acceptance condition is demonstrated.,partial / unbuilt / deferred as stated; never inferred from filename,"Inherited work recorded for BL-42: Preferred model is a small working structure: core editorial/research team, discipline reviewers, project advisers, Children’s Council and Community/Living Knowledge Council—not a prestige board.",Missing for BL-42: an accepted output and demonstrable completion gate for Scholarly governance; current route expression is research-index.html; sources.html; the-ledger.html.,Risk specific to BL-42: confusing existing pages/components with delivery of Scholarly governance; conflicts must follow owner decisions then exact files.,13-PRODUCT-ARCHITECTURE/museum-framework.md; 09-DECISIONS/OWNER-DECISIONS.csv; 02-SOURCES/access-ledger.csv; rights/community/funding implementation record NONE LOCATED where applicable,Write question-first copy for Scholarly governance only from accepted records; use NONE LOCATED until those records exist.,Purpose-built interface for “Scholarly governance”; reuse the record viewer and visual field only where its evidence relation earns them.,No standalone child build required for scholarly governance; expose it through an approved investigation when relevant.,Source and asset rights review required before any public expression of Scholarly governance; NONE LOCATED if no asset is used.,"Programme brief, exact evidence/asset inputs and release acceptance test for Scholarly governance.",RELEASE 2,expanded programme,BL-42 is assigned as expanded programme because its nearest credible public contribution is institutional capability; prerequisites are named rather than hidden.
BL-43,Correction policy,institutional capability,Full 89-item master backlog; September 4 reconciliation; deck/handoffs/current repositories as item-relevant,BL-43,Preserve the full intent and provenance of BL-43: Correction policy. Do not equate a related file with completion.,public; children 8–11 through different actions; classroom; scholarly; institutional as applicable,sources.html; the-ledger.html,"melakeela-p1-p3-specification.zip:13-product-architecture/P1-evidence-data-architecture/P1-SPECIFICATION.md (frozen, unapproved); 13-PRODUCT-ARCHITECTURE/museum-framework.md; site:assets/data/page-evidence.json",melakeela-p1-p3-specification.zip and research-batch-1 architecture (frozen conceptual drafts),"Item-specific coverage: sources.html; the-ledger.html; melakeela-p1-p3-specification.zip:13-product-architecture/P1-evidence-data-architecture/P1-SPECIFICATION.md (frozen, unapproved); 13-PRODUCT-ARCHITECTURE/museum-framework.md; site:assets/data/page-evidence.json",separate record-level determination required,Museum copy for Correction policy is required and cannot outrun accepted evidence.,melakeela-p1-p3-specification.zip and research-batch-1 architecture (frozen conceptual drafts); product gate remains unmet unless the full backlog item acceptance condition is demonstrated.,partial / unbuilt / deferred as stated; never inferred from filename,Inherited work recorded for BL-43: “Challenge this claim” is a core credibility feature. Earlier project corrections demonstrate the need for public revision rather than silent replacement.,Missing for BL-43: an accepted output and demonstrable completion gate for Correction policy; current route expression is sources.html; the-ledger.html.,Risk specific to BL-43: confusing existing pages/components with delivery of Correction policy; conflicts must follow owner decisions then exact files.,"melakeela-p1-p3-specification.zip:13-product-architecture/P1-evidence-data-architecture/P1-SPECIFICATION.md (frozen, unapproved); 13-PRODUCT-ARCHITECTURE/museum-framework.md; site:assets/data/page-evidence.json",Write question-first copy for Correction policy only from accepted records; use NONE LOCATED until those records exist.,Purpose-built interface for “Correction policy”; reuse the record viewer and visual field only where its evidence relation earns them.,No standalone child build required for correction policy; expose it through an approved investigation when relevant.,Source and asset rights review required before any public expression of Correction policy; NONE LOCATED if no asset is used.,"Programme brief, exact evidence/asset inputs and release acceptance test for Correction policy.",RELEASE 1,safety correction,BL-43 is assigned as safety correction because its nearest credible public contribution is institutional capability; prerequisites are named rather than hidden.
BL-44,Funding independence,institutional capability,Full 89-item master backlog; September 4 reconciliation; deck/handoffs/current repositories as item-relevant,BL-44,Preserve the full intent and provenance of BL-44: Funding independence. Do not equate a related file with completion.,public; children 8–11 through different actions; classroom; scholarly; institutional as applicable,NONE LOCATED,13-PRODUCT-ARCHITECTURE/museum-framework.md; 09-DECISIONS/OWNER-DECISIONS.csv; 02-SOURCES/access-ledger.csv; rights/community/funding implementation record NONE LOCATED where applicable,NONE LOCATED,Item-specific coverage: NONE LOCATED; 13-PRODUCT-ARCHITECTURE/museum-framework.md; 09-DECISIONS/OWNER-DECISIONS.csv; 02-SOURCES/access-ledger.csv; rights/community/funding implementation record NONE LOCATED where applicable,separate record-level determination required,Museum copy for Funding independence is required and cannot outrun accepted evidence.,NONE LOCATED; product gate remains unmet unless the full backlog item acceptance condition is demonstrated.,partial / unbuilt / deferred as stated; never inferred from filename,"Inherited work recorded for BL-44: Funding cannot purchase interpretation. The rule must apply symmetrically to governments, universities, communities, foundations, donors and commercial partners.",Missing for BL-44: an accepted output and demonstrable completion gate for Funding independence; current route expression is NONE LOCATED.,Risk specific to BL-44: confusing planning language with delivery of Funding independence; conflicts must follow owner decisions then exact files.,13-PRODUCT-ARCHITECTURE/museum-framework.md; 09-DECISIONS/OWNER-DECISIONS.csv; 02-SOURCES/access-ledger.csv; rights/community/funding implementation record NONE LOCATED where applicable,Write question-first copy for Funding independence only from accepted records; use NONE LOCATED until those records exist.,Purpose-built interface for “Funding independence”; reuse the record viewer and visual field only where its evidence relation earns them.,No standalone child build required for funding independence; expose it through an approved investigation when relevant.,Source and asset rights review required before any public expression of Funding independence; NONE LOCATED if no asset is used.,"Programme brief, exact evidence/asset inputs and release acceptance test for Funding independence.",RELEASE 2,expanded programme,BL-44 is assigned as expanded programme because its nearest credible public contribution is institutional capability; prerequisites are named rather than hidden.
BL-45,Community authority,institutional capability,Full 89-item master backlog; September 4 reconciliation; deck/handoffs/current repositories as item-relevant,BL-45,Preserve the full intent and provenance of BL-45: Community authority. Do not equate a related file with completion.,public; children 8–11 through different actions; classroom; scholarly; institutional as applicable,the-proxy.html; the-third-party.html,13-PRODUCT-ARCHITECTURE/museum-framework.md; 09-DECISIONS/OWNER-DECISIONS.csv; 02-SOURCES/access-ledger.csv; rights/community/funding implementation record NONE LOCATED where applicable,NONE LOCATED,Item-specific coverage: the-proxy.html; the-third-party.html; 13-PRODUCT-ARCHITECTURE/museum-framework.md; 09-DECISIONS/OWNER-DECISIONS.csv; 02-SOURCES/access-ledger.csv; rights/community/funding implementation record NONE LOCATED where applicable,separate record-level determination required,Museum copy for Community authority is required and cannot outrun accepted evidence.,NONE LOCATED; product gate remains unmet unless the full backlog item acceptance condition is demonstrated.,partial / unbuilt / deferred as stated; never inferred from filename,"Inherited work recorded for BL-45: Living knowledge requires consent, attribution, withdrawal, sensitive-knowledge rules and benefit/compensation. Community authority does not create an unlimited veto over public historical evidence.",Missing for BL-45: an accepted output and demonstrable completion gate for Community authority; current route expression is the-proxy.html; the-third-party.html.,Risk specific to BL-45: confusing existing pages/components with delivery of Community authority; conflicts must follow owner decisions then exact files.,13-PRODUCT-ARCHITECTURE/museum-framework.md; 09-DECISIONS/OWNER-DECISIONS.csv; 02-SOURCES/access-ledger.csv; rights/community/funding implementation record NONE LOCATED where applicable,Write question-first copy for Community authority only from accepted records; use NONE LOCATED until those records exist.,Purpose-built interface for “Community authority”; reuse the record viewer and visual field only where its evidence relation earns them.,No standalone child build required for community authority; expose it through an approved investigation when relevant.,"Named consent, attribution, payment/licence, privacy and withdrawal terms are load-bearing for Community authority; prospective relationships cannot be presented as existing.","Programme brief, exact evidence/asset inputs and release acceptance test for Community authority.",RELEASE 2,expanded programme,BL-45 is assigned as expanded programme because its nearest credible public contribution is institutional capability; prerequisites are named rather than hidden.
BL-46,Rights architecture,institutional capability,Full 89-item master backlog; September 4 reconciliation; deck/handoffs/current repositories as item-relevant,BL-46,Preserve the full intent and provenance of BL-46: Rights architecture. Do not equate a related file with completion.,public; children 8–11 through different actions; classroom; scholarly; institutional as applicable,artifact-atlas.html; music.html; the-lost-harp.html,13-PRODUCT-ARCHITECTURE/museum-framework.md; 09-DECISIONS/OWNER-DECISIONS.csv; 02-SOURCES/access-ledger.csv; rights/community/funding implementation record NONE LOCATED where applicable,NONE LOCATED,Item-specific coverage: artifact-atlas.html; music.html; the-lost-harp.html; 13-PRODUCT-ARCHITECTURE/museum-framework.md; 09-DECISIONS/OWNER-DECISIONS.csv; 02-SOURCES/access-ledger.csv; rights/community/funding implementation record NONE LOCATED where applicable,separate record-level determination required,Museum copy for Rights architecture is required and cannot outrun accepted evidence.,NONE LOCATED; product gate remains unmet unless the full backlog item acceptance condition is demonstrated.,partial / unbuilt / deferred as stated; never inferred from filename,"Inherited work recorded for BL-46: Museum partnerships require owner/custodian, source, copyright, license, reuse, attribution and downloadability at record level.",Missing for BL-46: an accepted output and demonstrable completion gate for Rights architecture; current route expression is artifact-atlas.html; music.html; the-lost-harp.html.,Risk specific to BL-46: confusing existing pages/components with delivery of Rights architecture; conflicts must follow owner decisions then exact files.,13-PRODUCT-ARCHITECTURE/museum-framework.md; 09-DECISIONS/OWNER-DECISIONS.csv; 02-SOURCES/access-ledger.csv; rights/community/funding implementation record NONE LOCATED where applicable,Write question-first copy for Rights architecture only from accepted records; use NONE LOCATED until those records exist.,Purpose-built interface for “Rights architecture”; reuse the record viewer and visual field only where its evidence relation earns them.,No standalone child build required for rights architecture; expose it through an approved investigation when relevant.,"Named consent, attribution, payment/licence, privacy and withdrawal terms are load-bearing for Rights architecture; prospective relationships cannot be presented as existing.","Programme brief, exact evidence/asset inputs and release acceptance test for Rights architecture.",RELEASE 1,safety correction,BL-46 is assigned as safety correction because its nearest credible public contribution is institutional capability; prerequisites are named rather than hidden.
BL-47,Move content toward structured data,product/access capability,Full 89-item master backlog; September 4 reconciliation; deck/handoffs/current repositories as item-relevant,BL-47,Preserve the full intent and provenance of BL-47: Move content toward structured data. Do not equate a related file with completion.,public; children 8–11 through different actions; classroom; scholarly; institutional as applicable,artifact-atlas.html; search.html; sources.html,"melakeela-p1-p3-specification.zip:13-product-architecture/P1-evidence-data-architecture/P1-SPECIFICATION.md (frozen, unapproved); 13-PRODUCT-ARCHITECTURE/museum-framework.md; site:assets/data/page-evidence.json",melakeela-p1-p3-specification.zip and research-batch-1 architecture (frozen conceptual drafts),"Item-specific coverage: artifact-atlas.html; search.html; sources.html; melakeela-p1-p3-specification.zip:13-product-architecture/P1-evidence-data-architecture/P1-SPECIFICATION.md (frozen, unapproved); 13-PRODUCT-ARCHITECTURE/museum-framework.md; site:assets/data/page-evidence.json",separate record-level determination required,Museum copy for Move content toward structured data is required and cannot outrun accepted evidence.,melakeela-p1-p3-specification.zip and research-batch-1 architecture (frozen conceptual drafts); product gate remains unmet unless the full backlog item acceptance condition is demonstrated.,partial / unbuilt / deferred as stated; never inferred from filename,Inherited work recorded for BL-47: The present site has more than one historical page/route inventory and substantial page-specific HTML. A wholesale rewrite is neither authori,Missing for BL-47: an accepted output and demonstrable completion gate for Move content toward structured data; current route expression is artifact-atlas.html; search.html; sources.html.,Risk specific to BL-47: confusing existing pages/components with delivery of Move content toward structured data; conflicts must follow owner decisions then exact files.,"melakeela-p1-p3-specification.zip:13-product-architecture/P1-evidence-data-architecture/P1-SPECIFICATION.md (frozen, unapproved); 13-PRODUCT-ARCHITECTURE/museum-framework.md; site:assets/data/page-evidence.json",Write question-first copy for Move content toward structured data only from accepted records; use NONE LOCATED until those records exist.,Purpose-built interface for “Move content toward structured data”; reuse the record viewer and visual field only where its evidence relation earns them.,No standalone child build required for move content toward structured data; expose it through an approved investigation when relevant.,Source and asset rights review required before any public expression of Move content toward structured data; NONE LOCATED if no asset is used.,"Accepted minimal record contract and migration audit; frozen P1–P3 draft is input, not authority, for Move content toward structured data.",RELEASE 1,enabler,BL-47 is assigned as enabler because its nearest credible public contribution is product/access capability; prerequisites are named rather than hidden.
BL-48,Stable IDs,product/access capability,Full 89-item master backlog; September 4 reconciliation; deck/handoffs/current repositories as item-relevant,BL-48,Preserve the full intent and provenance of BL-48: Stable IDs. Do not equate a related file with completion.,public; children 8–11 through different actions; classroom; scholarly; institutional as applicable,artifact-atlas.html; the-ledger.html,"melakeela-p1-p3-specification.zip:13-product-architecture/P1-evidence-data-architecture/P1-SPECIFICATION.md (frozen, unapproved); 13-PRODUCT-ARCHITECTURE/museum-framework.md; site:assets/data/page-evidence.json",melakeela-p1-p3-specification.zip and research-batch-1 architecture (frozen conceptual drafts),"Item-specific coverage: artifact-atlas.html; the-ledger.html; melakeela-p1-p3-specification.zip:13-product-architecture/P1-evidence-data-architecture/P1-SPECIFICATION.md (frozen, unapproved); 13-PRODUCT-ARCHITECTURE/museum-framework.md; site:assets/data/page-evidence.json",separate record-level determination required,Museum copy for Stable IDs is required and cannot outrun accepted evidence.,melakeela-p1-p3-specification.zip and research-batch-1 architecture (frozen conceptual drafts); product gate remains unmet unless the full backlog item acceptance condition is demonstrated.,partial / unbuilt / deferred as stated; never inferred from filename,"Inherited work recorded for BL-48: Conceptual forms include `VELI-SITE`, `VELI-OBJ`, `VELI-TEXT`, `VELI-CLAIM`, `VELI-REL`.",Missing for BL-48: an accepted output and demonstrable completion gate for Stable IDs; current route expression is artifact-atlas.html; the-ledger.html.,Risk specific to BL-48: confusing existing pages/components with delivery of Stable IDs; conflicts must follow owner decisions then exact files.,"melakeela-p1-p3-specification.zip:13-product-architecture/P1-evidence-data-architecture/P1-SPECIFICATION.md (frozen, unapproved); 13-PRODUCT-ARCHITECTURE/museum-framework.md; site:assets/data/page-evidence.json",Write question-first copy for Stable IDs only from accepted records; use NONE LOCATED until those records exist.,Purpose-built interface for “Stable IDs”; reuse the record viewer and visual field only where its evidence relation earns them.,No standalone child build required for stable ids; expose it through an approved investigation when relevant.,Source and asset rights review required before any public expression of Stable IDs; NONE LOCATED if no asset is used.,"Accepted minimal record contract and migration audit; frozen P1–P3 draft is input, not authority, for Stable IDs.",RELEASE 1,enabler,BL-48 is assigned as enabler because its nearest credible public contribution is product/access capability; prerequisites are named rather than hidden.
BL-49,Generated Research Index,product/access capability,Full 89-item master backlog; September 4 reconciliation; deck/handoffs/current repositories as item-relevant,BL-49,Preserve the full intent and provenance of BL-49: Generated Research Index. Do not equate a related file with completion.,public; children 8–11 through different actions; classroom; scholarly; institutional as applicable,research-index.html,Current sources/search/ledger/research-index assets; page-evidence.json; MVP ledger brief,NONE LOCATED,Item-specific coverage: research-index.html; Current sources/search/ledger/research-index assets; page-evidence.json; MVP ledger brief,separate record-level determination required,Museum copy for Generated Research Index is required and cannot outrun accepted evidence.,NONE LOCATED; product gate remains unmet unless the full backlog item acceptance condition is demonstrated.,partial / unbuilt / deferred as stated; never inferred from filename,"Inherited work recorded for BL-49: Manually maintained counts and inventories have repeatedly diverged. The Research Index should expose the corpus, while the public foyer remains curated.",Missing for BL-49: an accepted output and demonstrable completion gate for Generated Research Index; current route expression is research-index.html.,Risk specific to BL-49: confusing existing pages/components with delivery of Generated Research Index; conflicts must follow owner decisions then exact files.,Current sources/search/ledger/research-index assets; page-evidence.json; MVP ledger brief,Write question-first copy for Generated Research Index only from accepted records; use NONE LOCATED until those records exist.,Purpose-built interface for “Generated Research Index”; reuse the record viewer and visual field only where its evidence relation earns them.,No standalone child build required for generated research index; expose it through an approved investigation when relevant.,Source and asset rights review required before any public expression of Generated Research Index; NONE LOCATED if no asset is used.,"Programme brief, exact evidence/asset inputs and release acceptance test for Generated Research Index.",RELEASE 2,expanded programme,BL-49 is assigned as expanded programme because its nearest credible public contribution is product/access capability; prerequisites are named rather than hidden.
BL-50,Data export,product/access capability,Full 89-item master backlog; September 4 reconciliation; deck/handoffs/current repositories as item-relevant,BL-50,Preserve the full intent and provenance of BL-50: Data export. Do not equate a related file with completion.,public; children 8–11 through different actions; classroom; scholarly; institutional as applicable,NONE LOCATED,"melakeela-p1-p3-specification.zip:13-product-architecture/P1-evidence-data-architecture/P1-SPECIFICATION.md (frozen, unapproved); 13-PRODUCT-ARCHITECTURE/museum-framework.md; site:assets/data/page-evidence.json",melakeela-p1-p3-specification.zip and research-batch-1 architecture (frozen conceptual drafts),"Item-specific coverage: NONE LOCATED; melakeela-p1-p3-specification.zip:13-product-architecture/P1-evidence-data-architecture/P1-SPECIFICATION.md (frozen, unapproved); 13-PRODUCT-ARCHITECTURE/museum-framework.md; site:assets/data/page-evidence.json",separate record-level determination required,Museum copy for Data export is required and cannot outrun accepted evidence.,melakeela-p1-p3-specification.zip and research-batch-1 architecture (frozen conceptual drafts); product gate remains unmet unless the full backlog item acceptance condition is demonstrated.,partial / unbuilt / deferred as stated; never inferred from filename,"Inherited work recorded for BL-50: CSV, JSON and citation export are central to the claim of research infrastructure.",Missing for BL-50: an accepted output and demonstrable completion gate for Data export; current route expression is NONE LOCATED.,Risk specific to BL-50: confusing planning language with delivery of Data export; conflicts must follow owner decisions then exact files.,"melakeela-p1-p3-specification.zip:13-product-architecture/P1-evidence-data-architecture/P1-SPECIFICATION.md (frozen, unapproved); 13-PRODUCT-ARCHITECTURE/museum-framework.md; site:assets/data/page-evidence.json",Write question-first copy for Data export only from accepted records; use NONE LOCATED until those records exist.,Purpose-built interface for “Data export”; reuse the record viewer and visual field only where its evidence relation earns them.,No standalone child build required for data export; expose it through an approved investigation when relevant.,Source and asset rights review required before any public expression of Data export; NONE LOCATED if no asset is used.,"Programme brief, exact evidence/asset inputs and release acceptance test for Data export.",RELEASE 2,expanded programme,BL-50 is assigned as expanded programme because its nearest credible public contribution is product/access capability; prerequisites are named rather than hidden.
BL-51,API,product/access capability,Full 89-item master backlog; September 4 reconciliation; deck/handoffs/current repositories as item-relevant,BL-51,Preserve the full intent and provenance of BL-51: API. Do not equate a related file with completion.,public; children 8–11 through different actions; classroom; scholarly; institutional as applicable,NONE LOCATED,"melakeela-p1-p3-specification.zip:13-product-architecture/P1-evidence-data-architecture/P1-SPECIFICATION.md (frozen, unapproved); 13-PRODUCT-ARCHITECTURE/museum-framework.md; site:assets/data/page-evidence.json",melakeela-p1-p3-specification.zip and research-batch-1 architecture (frozen conceptual drafts),"Item-specific coverage: NONE LOCATED; melakeela-p1-p3-specification.zip:13-product-architecture/P1-evidence-data-architecture/P1-SPECIFICATION.md (frozen, unapproved); 13-PRODUCT-ARCHITECTURE/museum-framework.md; site:assets/data/page-evidence.json",separate record-level determination required,Museum copy for API is required and cannot outrun accepted evidence.,melakeela-p1-p3-specification.zip and research-batch-1 architecture (frozen conceptual drafts); product gate remains unmet unless the full backlog item acceptance condition is demonstrated.,partial / unbuilt / deferred as stated; never inferred from filename,Inherited work recorded for BL-51: Design toward an API but do not prioriti,Missing for BL-51: an accepted output and demonstrable completion gate for API; current route expression is NONE LOCATED.,Risk specific to BL-51: confusing planning language with delivery of API; conflicts must follow owner decisions then exact files.,"melakeela-p1-p3-specification.zip:13-product-architecture/P1-evidence-data-architecture/P1-SPECIFICATION.md (frozen, unapproved); 13-PRODUCT-ARCHITECTURE/museum-framework.md; site:assets/data/page-evidence.json",Write question-first copy for API only from accepted records; use NONE LOCATED until those records exist.,Purpose-built interface for “API”; reuse the record viewer and visual field only where its evidence relation earns them.,No standalone child build required for api; expose it through an approved investigation when relevant.,Source and asset rights review required before any public expression of API; NONE LOCATED if no asset is used.,"Programme brief, exact evidence/asset inputs and release acceptance test for API.",RELEASE 2,expanded programme,BL-51 is assigned as expanded programme because its nearest credible public contribution is product/access capability; prerequisites are named rather than hidden.
BL-52,Provenance down to citation location,product/access capability,Full 89-item master backlog; September 4 reconciliation; deck/handoffs/current repositories as item-relevant,BL-52,Preserve the full intent and provenance of BL-52: Provenance down to citation location. Do not equate a related file with completion.,public; children 8–11 through different actions; classroom; scholarly; institutional as applicable,sources.html; the-ledger.html,"melakeela-p1-p3-specification.zip:13-product-architecture/P1-evidence-data-architecture/P1-SPECIFICATION.md (frozen, unapproved); 13-PRODUCT-ARCHITECTURE/museum-framework.md; site:assets/data/page-evidence.json",melakeela-p1-p3-specification.zip and research-batch-1 architecture (frozen conceptual drafts),"Item-specific coverage: sources.html; the-ledger.html; melakeela-p1-p3-specification.zip:13-product-architecture/P1-evidence-data-architecture/P1-SPECIFICATION.md (frozen, unapproved); 13-PRODUCT-ARCHITECTURE/museum-framework.md; site:assets/data/page-evidence.json",separate record-level determination required,Museum copy for Provenance down to citation location is required and cannot outrun accepted evidence.,melakeela-p1-p3-specification.zip and research-batch-1 architecture (frozen conceptual drafts); product gate remains unmet unless the full backlog item acceptance condition is demonstrated.,partial / unbuilt / deferred as stated; never inferred from filename,Inherited work recorded for BL-52: Required chains include paper → page → figure/table → observation; text → verse/section → edition → translation; dataset → sample/row → analysis.,Missing for BL-52: an accepted output and demonstrable completion gate for Provenance down to citation location; current route expression is sources.html; the-ledger.html.,Risk specific to BL-52: confusing existing pages/components with delivery of Provenance down to citation location; conflicts must follow owner decisions then exact files.,"melakeela-p1-p3-specification.zip:13-product-architecture/P1-evidence-data-architecture/P1-SPECIFICATION.md (frozen, unapproved); 13-PRODUCT-ARCHITECTURE/museum-framework.md; site:assets/data/page-evidence.json",Write question-first copy for Provenance down to citation location only from accepted records; use NONE LOCATED until those records exist.,Purpose-built interface for “Provenance down to citation location”; reuse the record viewer and visual field only where its evidence relation earns them.,No standalone child build required for provenance down to citation location; expose it through an approved investigation when relevant.,Source and asset rights review required before any public expression of Provenance down to citation location; NONE LOCATED if no asset is used.,"Accepted minimal record contract and migration audit; frozen P1–P3 draft is input, not authority, for Provenance down to citation location.",RELEASE 1,enabler,BL-52 is assigned as enabler because its nearest credible public contribution is product/access capability; prerequisites are named rather than hidden.
BL-53,Keep the four-door concept—for now,product/access capability,Full 89-item master backlog; September 4 reconciliation; deck/handoffs/current repositories as item-relevant,BL-53,Preserve the full intent and provenance of BL-53: Keep the four-door concept—for now. Do not equate a related file with completion.,public; children 8–11 through different actions; classroom; scholarly; institutional as applicable,enter.html; index.html,13-PRODUCT-ARCHITECTURE/museum-framework.md; site:prototypes/; 01-INHERITED/curatorial-audit-v1.1/environment-map.csv; no final visual approval,"site main prototypes/a1-threshold…c-semantic (experimental; merged, not approved)",Item-specific coverage: enter.html; index.html; 13-PRODUCT-ARCHITECTURE/museum-framework.md; site:prototypes/; 01-INHERITED/curatorial-audit-v1.1/environment-map.csv; no final visual approval,separate record-level determination required,Museum copy for Keep the four-door concept—for now is required and cannot outrun accepted evidence.,"site main prototypes/a1-threshold…c-semantic (experimental; merged, not approved); product gate remains unmet unless the full backlog item acceptance condition is demonstrated.",partial / unbuilt / deferred as stated; never inferred from filename,"Inherited work recorded for BL-53: EXPLORE / EXHIBITS / EVIDENCE / LEARN remains understandable. Alternatives such as INVESTIGATE and DECODE are hypotheses, not approved replacements.",Missing for BL-53: an accepted output and demonstrable completion gate for Keep the four-door concept—for now; current route expression is enter.html; index.html.,Risk specific to BL-53: confusing existing pages/components with delivery of Keep the four-door concept—for now; conflicts must follow owner decisions then exact files.,13-PRODUCT-ARCHITECTURE/museum-framework.md; site:prototypes/; 01-INHERITED/curatorial-audit-v1.1/environment-map.csv; no final visual approval,Write question-first copy for Keep the four-door concept—for now only from accepted records; use NONE LOCATED until those records exist.,Purpose-built interface for “Keep the four-door concept—for now”; reuse the record viewer and visual field only where its evidence relation earns them.,No standalone child build required for keep the four-door concept—for now; expose it through an approved investigation when relevant.,Source and asset rights review required before any public expression of Keep the four-door concept—for now; NONE LOCATED if no asset is used.,"Programme brief, exact evidence/asset inputs and release acceptance test for Keep the four-door concept—for now.",RELEASE 2,expanded programme,BL-53 is assigned as expanded programme because its nearest credible public contribution is product/access capability; prerequisites are named rather than hidden.
BL-54,Stop surfacing all pages equally,product/access capability,Full 89-item master backlog; September 4 reconciliation; deck/handoffs/current repositories as item-relevant,BL-54,Preserve the full intent and provenance of BL-54: Stop surfacing all pages equally. Do not equate a related file with completion.,public; children 8–11 through different actions; classroom; scholarly; institutional as applicable,exhibits.html; explore.html,13-PRODUCT-ARCHITECTURE/museum-framework.md; site:prototypes/; 01-INHERITED/curatorial-audit-v1.1/environment-map.csv; no final visual approval,NONE LOCATED,Item-specific coverage: exhibits.html; explore.html; 13-PRODUCT-ARCHITECTURE/museum-framework.md; site:prototypes/; 01-INHERITED/curatorial-audit-v1.1/environment-map.csv; no final visual approval,separate record-level determination required,Museum copy for Stop surfacing all pages equally is required and cannot outrun accepted evidence.,NONE LOCATED; product gate remains unmet unless the full backlog item acceptance condition is demonstrated.,partial / unbuilt / deferred as stated; never inferred from filename,"Inherited work recorded for BL-54: The museum may contain 100+ routes, but should curate roughly 8–12 flagship investigations while preserving research access to the rest.",Missing for BL-54: an accepted output and demonstrable completion gate for Stop surfacing all pages equally; current route expression is exhibits.html; explore.html.,Risk specific to BL-54: confusing existing pages/components with delivery of Stop surfacing all pages equally; conflicts must follow owner decisions then exact files.,13-PRODUCT-ARCHITECTURE/museum-framework.md; site:prototypes/; 01-INHERITED/curatorial-audit-v1.1/environment-map.csv; no final visual approval,Write question-first copy for Stop surfacing all pages equally only from accepted records; use NONE LOCATED until those records exist.,Purpose-built interface for “Stop surfacing all pages equally”; reuse the record viewer and visual field only where its evidence relation earns them.,No standalone child build required for stop surfacing all pages equally; expose it through an approved investigation when relevant.,Source and asset rights review required before any public expression of Stop surfacing all pages equally; NONE LOCATED if no asset is used.,"Programme brief, exact evidence/asset inputs and release acceptance test for Stop surfacing all pages equally.",RELEASE 2,expanded programme,BL-54 is assigned as expanded programme because its nearest credible public contribution is product/access capability; prerequisites are named rather than hidden.
BL-55,Related material should be evidence-driven,product/access capability,Full 89-item master backlog; September 4 reconciliation; deck/handoffs/current repositories as item-relevant,BL-55,Preserve the full intent and provenance of BL-55: Related material should be evidence-driven. Do not equate a related file with completion.,public; children 8–11 through different actions; classroom; scholarly; institutional as applicable,exhibits.html; research-index.html,13-PRODUCT-ARCHITECTURE/museum-framework.md; site:prototypes/; 01-INHERITED/curatorial-audit-v1.1/environment-map.csv; no final visual approval,NONE LOCATED,Item-specific coverage: exhibits.html; research-index.html; 13-PRODUCT-ARCHITECTURE/museum-framework.md; site:prototypes/; 01-INHERITED/curatorial-audit-v1.1/environment-map.csv; no final visual approval,separate record-level determination required,Museum copy for Related material should be evidence-driven is required and cannot outrun accepted evidence.,NONE LOCATED; product gate remains unmet unless the full backlog item acceptance condition is demonstrated.,partial / unbuilt / deferred as stated; never inferred from filename,"Inherited work recorded for BL-55: Replace generic “related stories” with SAME RECORD, COMPETING CLAIM, SAME SITE, SAME PERIOD, SAME WORD and COUNTER-EVIDENCE.",Missing for BL-55: an accepted output and demonstrable completion gate for Related material should be evidence-driven; current route expression is exhibits.html; research-index.html.,Risk specific to BL-55: confusing existing pages/components with delivery of Related material should be evidence-driven; conflicts must follow owner decisions then exact files.,13-PRODUCT-ARCHITECTURE/museum-framework.md; site:prototypes/; 01-INHERITED/curatorial-audit-v1.1/environment-map.csv; no final visual approval,Write question-first copy for Related material should be evidence-driven only from accepted records; use NONE LOCATED until those records exist.,Purpose-built interface for “Related material should be evidence-driven”; reuse the record viewer and visual field only where its evidence relation earns them.,No standalone child build required for related material should be evidence-driven; expose it through an approved investigation when relevant.,Source and asset rights review required before any public expression of Related material should be evidence-driven; NONE LOCATED if no asset is used.,"Programme brief, exact evidence/asset inputs and release acceptance test for Related material should be evidence-driven.",RELEASE 2,expanded programme,BL-55 is assigned as expanded programme because its nearest credible public contribution is product/access capability; prerequisites are named rather than hidden.
BL-56,Mobile becomes intentional,product/access capability,Full 89-item master backlog; September 4 reconciliation; deck/handoffs/current repositories as item-relevant,BL-56,Preserve the full intent and provenance of BL-56: Mobile becomes intentional. Do not equate a related file with completion.,public; children 8–11 through different actions; classroom; scholarly; institutional as applicable,artifact-atlas.html; index.html,13-PRODUCT-ARCHITECTURE/museum-framework.md; site:prototypes/; 01-INHERITED/curatorial-audit-v1.1/environment-map.csv; no final visual approval,"site main prototypes/a1-threshold…c-semantic (experimental; merged, not approved)",Item-specific coverage: artifact-atlas.html; index.html; 13-PRODUCT-ARCHITECTURE/museum-framework.md; site:prototypes/; 01-INHERITED/curatorial-audit-v1.1/environment-map.csv; no final visual approval,separate record-level determination required,Museum copy for Mobile becomes intentional is required and cannot outrun accepted evidence.,"site main prototypes/a1-threshold…c-semantic (experimental; merged, not approved); product gate remains unmet unless the full backlog item acceptance condition is demonstrated.",partial / unbuilt / deferred as stated; never inferred from filename,"Inherited work recorded for BL-56: Atlas, PROVE IT, primary-source viewer, Field Bag and language tools cannot merely shrink desktop layouts.",Missing for BL-56: an accepted output and demonstrable completion gate for Mobile becomes intentional; current route expression is artifact-atlas.html; index.html.,Risk specific to BL-56: confusing existing pages/components with delivery of Mobile becomes intentional; conflicts must follow owner decisions then exact files.,13-PRODUCT-ARCHITECTURE/museum-framework.md; site:prototypes/; 01-INHERITED/curatorial-audit-v1.1/environment-map.csv; no final visual approval,Write question-first copy for Mobile becomes intentional only from accepted records; use NONE LOCATED until those records exist.,Purpose-built interface for “Mobile becomes intentional”; reuse the record viewer and visual field only where its evidence relation earns them.,No standalone child build required for mobile becomes intentional; expose it through an approved investigation when relevant.,Source and asset rights review required before any public expression of Mobile becomes intentional; NONE LOCATED if no asset is used.,"Programme brief, exact evidence/asset inputs and release acceptance test for Mobile becomes intentional.",RELEASE 2,expanded programme,BL-56 is assigned as expanded programme because its nearest credible public contribution is product/access capability; prerequisites are named rather than hidden.
BL-57,Accessibility becomes evidentiary,product/access capability,Full 89-item master backlog; September 4 reconciliation; deck/handoffs/current repositories as item-relevant,BL-57,Preserve the full intent and provenance of BL-57: Accessibility becomes evidentiary. Do not equate a related file with completion.,public; children 8–11 through different actions; classroom; scholarly; institutional as applicable,artifact-atlas.html; index.html; keeladi.html,13-PRODUCT-ARCHITECTURE/museum-framework.md; site:prototypes/; 01-INHERITED/curatorial-audit-v1.1/environment-map.csv; no final visual approval,"site main prototypes/a1-threshold…c-semantic (experimental; merged, not approved)",Item-specific coverage: artifact-atlas.html; index.html; keeladi.html; 13-PRODUCT-ARCHITECTURE/museum-framework.md; site:prototypes/; 01-INHERITED/curatorial-audit-v1.1/environment-map.csv; no final visual approval,separate record-level determination required,Museum copy for Accessibility becomes evidentiary is required and cannot outrun accepted evidence.,"site main prototypes/a1-threshold…c-semantic (experimental; merged, not approved); product gate remains unmet unless the full backlog item acceptance condition is demonstrated.",partial / unbuilt / deferred as stated; never inferred from filename,"Inherited work recorded for BL-57: Alt text must carry the features that matter—such as marks, placement and break edges—not merely name an “ancient pot.” Reconstructed audio is not historical evidence.",Missing for BL-57: an accepted output and demonstrable completion gate for Accessibility becomes evidentiary; current route expression is artifact-atlas.html; index.html; keeladi.html.,Risk specific to BL-57: confusing existing pages/components with delivery of Accessibility becomes evidentiary; conflicts must follow owner decisions then exact files.,13-PRODUCT-ARCHITECTURE/museum-framework.md; site:prototypes/; 01-INHERITED/curatorial-audit-v1.1/environment-map.csv; no final visual approval,Write question-first copy for Accessibility becomes evidentiary only from accepted records; use NONE LOCATED until those records exist.,Purpose-built interface for “Accessibility becomes evidentiary”; reuse the record viewer and visual field only where its evidence relation earns them.,No standalone child build required for accessibility becomes evidentiary; expose it through an approved investigation when relevant.,Source and asset rights review required before any public expression of Accessibility becomes evidentiary; NONE LOCATED if no asset is used.,"Programme brief, exact evidence/asset inputs and release acceptance test for Accessibility becomes evidentiary.",RELEASE 1,safety correction,BL-57 is assigned as safety correction because its nearest credible public contribution is product/access capability; prerequisites are named rather than hidden.
BL-58,Multilingual architecture,product/access capability,Full 89-item master backlog; September 4 reconciliation; deck/handoffs/current repositories as item-relevant,BL-58,Preserve the full intent and provenance of BL-58: Multilingual architecture. Do not equate a related file with completion.,public; children 8–11 through different actions; classroom; scholarly; institutional as applicable,NONE LOCATED,13-PRODUCT-ARCHITECTURE/museum-framework.md; 09-DECISIONS/OWNER-DECISIONS.csv; 02-SOURCES/access-ledger.csv; rights/community/funding implementation record NONE LOCATED where applicable,NONE LOCATED,Item-specific coverage: NONE LOCATED; 13-PRODUCT-ARCHITECTURE/museum-framework.md; 09-DECISIONS/OWNER-DECISIONS.csv; 02-SOURCES/access-ledger.csv; rights/community/funding implementation record NONE LOCATED where applicable,separate record-level determination required,Museum copy for Multilingual architecture is required and cannot outrun accepted evidence.,NONE LOCATED; product gate remains unmet unless the full backlog item acceptance condition is demonstrated.,partial / unbuilt / deferred as stated; never inferred from filename,"Inherited work recorded for BL-58: English and French are required for the first children’s experience; Tamil is strategically essential, with later South Asian languages. Independent cloned sites would fracture corrections.",Missing for BL-58: an accepted output and demonstrable completion gate for Multilingual architecture; current route expression is NONE LOCATED.,Risk specific to BL-58: confusing planning language with delivery of Multilingual architecture; conflicts must follow owner decisions then exact files.,13-PRODUCT-ARCHITECTURE/museum-framework.md; 09-DECISIONS/OWNER-DECISIONS.csv; 02-SOURCES/access-ledger.csv; rights/community/funding implementation record NONE LOCATED where applicable,Write question-first copy for Multilingual architecture only from accepted records; use NONE LOCATED until those records exist.,Purpose-built interface for “Multilingual architecture”; reuse the record viewer and visual field only where its evidence relation earns them.,No standalone child build required for multilingual architecture; expose it through an approved investigation when relevant.,"Named consent, attribution, payment/licence, privacy and withdrawal terms are load-bearing for Multilingual architecture; prospective relationships cannot be presented as existing.","Programme brief, exact evidence/asset inputs and release acceptance test for Multilingual architecture.",RELEASE 2,expanded programme,BL-58 is assigned as expanded programme because its nearest credible public contribution is product/access capability; prerequisites are named rather than hidden.
BL-59,Bring THE FIELD REVEALS THE RECORD into the product,visual requirement,Full 89-item master backlog; September 4 reconciliation; deck/handoffs/current repositories as item-relevant,BL-59,Preserve the full intent and provenance of BL-59: Bring THE FIELD REVEALS THE RECORD into the product. Do not equate a related file with completion.,public; children 8–11 through different actions; classroom; scholarly; institutional as applicable,index.html; veli.html,13-PRODUCT-ARCHITECTURE/museum-framework.md; site:prototypes/; 01-INHERITED/curatorial-audit-v1.1/environment-map.csv; no final visual approval,"site main prototypes/a1-threshold…c-semantic (experimental; merged, not approved)",Item-specific coverage: index.html; veli.html; 13-PRODUCT-ARCHITECTURE/museum-framework.md; site:prototypes/; 01-INHERITED/curatorial-audit-v1.1/environment-map.csv; no final visual approval,separate record-level determination required,Museum copy for Bring THE FIELD REVEALS THE RECORD into the product is required and cannot outrun accepted evidence.,"site main prototypes/a1-threshold…c-semantic (experimental; merged, not approved); product gate remains unmet unless the full backlog item acceptance condition is demonstrated.",partial / unbuilt / deferred as stated; never inferred from filename,"Inherited work recorded for BL-59: One direction uses a vast dark unresolved field where records emerge; another Veḷi doctrine insists the normal state be open, luminous and ecological, reserving compression/dark institutional grids for extraction. The owner also prefers nocturnal vastness with selective neon/cyber accents. These are unresolved visual tensions, not permission for uniform darkness.",Missing for BL-59: an accepted output and demonstrable completion gate for Bring THE FIELD REVEALS THE RECORD into the product; current route expression is index.html; veli.html.,Risk specific to BL-59: confusing existing pages/components with delivery of Bring THE FIELD REVEALS THE RECORD into the product; conflicts must follow owner decisions then exact files.,13-PRODUCT-ARCHITECTURE/museum-framework.md; site:prototypes/; 01-INHERITED/curatorial-audit-v1.1/environment-map.csv; no final visual approval,Write question-first copy for Bring THE FIELD REVEALS THE RECORD into the product only from accepted records; use NONE LOCATED until those records exist.,Purpose-built interface for “Bring THE FIELD REVEALS THE RECORD into the product”; reuse the record viewer and visual field only where its evidence relation earns them.,No standalone child build required for bring the field reveals the record into the product; expose it through an approved investigation when relevant.,Source and asset rights review required before any public expression of Bring THE FIELD REVEALS THE RECORD into the product; NONE LOCATED if no asset is used.,"Programme brief, exact evidence/asset inputs and release acceptance test for Bring THE FIELD REVEALS THE RECORD into the product.",RELEASE 2,expanded programme,BL-59 is assigned as expanded programme because its nearest credible public contribution is visual requirement; prerequisites are named rather than hidden.
BL-60,OBJECT,visual requirement,Full 89-item master backlog; September 4 reconciliation; deck/handoffs/current repositories as item-relevant,BL-60,Preserve the full intent and provenance of BL-60: OBJECT. Do not equate a related file with completion.,public; children 8–11 through different actions; classroom; scholarly; institutional as applicable,before-the-indus.html; brahmi.html; keeladi.html,13-PRODUCT-ARCHITECTURE/museum-framework.md; site:prototypes/; 01-INHERITED/curatorial-audit-v1.1/environment-map.csv; no final visual approval,"site main prototypes/a1-threshold…c-semantic (experimental; merged, not approved)",Item-specific coverage: before-the-indus.html; brahmi.html; keeladi.html; 13-PRODUCT-ARCHITECTURE/museum-framework.md; site:prototypes/; 01-INHERITED/curatorial-audit-v1.1/environment-map.csv; no final visual approval,separate record-level determination required,Museum copy for OBJECT is required and cannot outrun accepted evidence.,"site main prototypes/a1-threshold…c-semantic (experimental; merged, not approved); product gate remains unmet unless the full backlog item acceptance condition is demonstrated.",partial / unbuilt / deferred as stated; never inferred from filename,"Inherited work recorded for BL-60: Object first, metadata later; material detail should carry visual weight rather than sit inside card soup.",Missing for BL-60: an accepted output and demonstrable completion gate for OBJECT; current route expression is before-the-indus.html; brahmi.html; keeladi.html.,Risk specific to BL-60: confusing existing pages/components with delivery of OBJECT; conflicts must follow owner decisions then exact files.,13-PRODUCT-ARCHITECTURE/museum-framework.md; site:prototypes/; 01-INHERITED/curatorial-audit-v1.1/environment-map.csv; no final visual approval,Write question-first copy for OBJECT only from accepted records; use NONE LOCATED until those records exist.,Purpose-built interface for “OBJECT”; reuse the record viewer and visual field only where its evidence relation earns them.,No standalone child build required for object; expose it through an approved investigation when relevant.,"Object/image/text/map rights, manipulation disclosure and accessible alternatives required for OBJECT.","Programme brief, exact evidence/asset inputs and release acceptance test for OBJECT.",RELEASE 2,expanded programme,BL-60 is assigned as expanded programme because its nearest credible public contribution is visual requirement; prerequisites are named rather than hidden.
BL-61,FIELD,visual requirement,Full 89-item master backlog; September 4 reconciliation; deck/handoffs/current repositories as item-relevant,BL-61,Preserve the full intent and provenance of BL-61: FIELD. Do not equate a related file with completion.,public; children 8–11 through different actions; classroom; scholarly; institutional as applicable,artifact-atlas.html; tinai.html,13-PRODUCT-ARCHITECTURE/museum-framework.md; site:prototypes/; 01-INHERITED/curatorial-audit-v1.1/environment-map.csv; no final visual approval,"site main prototypes/a1-threshold…c-semantic (experimental; merged, not approved)",Item-specific coverage: artifact-atlas.html; tinai.html; 13-PRODUCT-ARCHITECTURE/museum-framework.md; site:prototypes/; 01-INHERITED/curatorial-audit-v1.1/environment-map.csv; no final visual approval,separate record-level determination required,Museum copy for FIELD is required and cannot outrun accepted evidence.,"site main prototypes/a1-threshold…c-semantic (experimental; merged, not approved); product gate remains unmet unless the full backlog item acceptance condition is demonstrated.",partial / unbuilt / deferred as stated; never inferred from filename,"Inherited work recorded for BL-61: Geography, water, time, excavation, landscape, migration and trade should become interfaces, not thumbnail maps inside cards.",Missing for BL-61: an accepted output and demonstrable completion gate for FIELD; current route expression is artifact-atlas.html; tinai.html.,Risk specific to BL-61: confusing existing pages/components with delivery of FIELD; conflicts must follow owner decisions then exact files.,13-PRODUCT-ARCHITECTURE/museum-framework.md; site:prototypes/; 01-INHERITED/curatorial-audit-v1.1/environment-map.csv; no final visual approval,Write question-first copy for FIELD only from accepted records; use NONE LOCATED until those records exist.,Purpose-built interface for “FIELD”; reuse the record viewer and visual field only where its evidence relation earns them.,No standalone child build required for field; expose it through an approved investigation when relevant.,Source and asset rights review required before any public expression of FIELD; NONE LOCATED if no asset is used.,"Programme brief, exact evidence/asset inputs and release acceptance test for FIELD.",RELEASE 2,expanded programme,BL-61 is assigned as expanded programme because its nearest credible public contribution is visual requirement; prerequisites are named rather than hidden.
BL-62,EVIDENCE,visual requirement,Full 89-item master backlog; September 4 reconciliation; deck/handoffs/current repositories as item-relevant,BL-62,Preserve the full intent and provenance of BL-62: EVIDENCE. Do not equate a related file with completion.,public; children 8–11 through different actions; classroom; scholarly; institutional as applicable,sources.html; the-ledger.html,13-PRODUCT-ARCHITECTURE/museum-framework.md; site:prototypes/; 01-INHERITED/curatorial-audit-v1.1/environment-map.csv; no final visual approval,"site main prototypes/a1-threshold…c-semantic (experimental; merged, not approved)",Item-specific coverage: sources.html; the-ledger.html; 13-PRODUCT-ARCHITECTURE/museum-framework.md; site:prototypes/; 01-INHERITED/curatorial-audit-v1.1/environment-map.csv; no final visual approval,separate record-level determination required,Museum copy for EVIDENCE is required and cannot outrun accepted evidence.,"site main prototypes/a1-threshold…c-semantic (experimental; merged, not approved); product gate remains unmet unless the full backlog item acceptance condition is demonstrated.",partial / unbuilt / deferred as stated; never inferred from filename,Inherited work recorded for BL-62: Desired feel is scientific publishing × forensic documentation × museum accession × editorial design—not SaaS dashboards.,Missing for BL-62: an accepted output and demonstrable completion gate for EVIDENCE; current route expression is sources.html; the-ledger.html.,Risk specific to BL-62: confusing existing pages/components with delivery of EVIDENCE; conflicts must follow owner decisions then exact files.,13-PRODUCT-ARCHITECTURE/museum-framework.md; site:prototypes/; 01-INHERITED/curatorial-audit-v1.1/environment-map.csv; no final visual approval,Write question-first copy for EVIDENCE only from accepted records; use NONE LOCATED until those records exist.,Purpose-built interface for “EVIDENCE”; reuse the record viewer and visual field only where its evidence relation earns them.,No standalone child build required for evidence; expose it through an approved investigation when relevant.,Source and asset rights review required before any public expression of EVIDENCE; NONE LOCATED if no asset is used.,"Programme brief, exact evidence/asset inputs and release acceptance test for EVIDENCE.",RELEASE 2,expanded programme,BL-62 is assigned as expanded programme because its nearest credible public contribution is visual requirement; prerequisites are named rather than hidden.
BL-63,CONSTELLATION,visual requirement,Full 89-item master backlog; September 4 reconciliation; deck/handoffs/current repositories as item-relevant,BL-63,Preserve the full intent and provenance of BL-63: CONSTELLATION. Do not equate a related file with completion.,public; children 8–11 through different actions; classroom; scholarly; institutional as applicable,artifact-atlas.html; the-ledger.html,13-PRODUCT-ARCHITECTURE/museum-framework.md; site:prototypes/; 01-INHERITED/curatorial-audit-v1.1/environment-map.csv; no final visual approval,"site main prototypes/a1-threshold…c-semantic (experimental; merged, not approved)",Item-specific coverage: artifact-atlas.html; the-ledger.html; 13-PRODUCT-ARCHITECTURE/museum-framework.md; site:prototypes/; 01-INHERITED/curatorial-audit-v1.1/environment-map.csv; no final visual approval,separate record-level determination required,Museum copy for CONSTELLATION is required and cannot outrun accepted evidence.,"site main prototypes/a1-threshold…c-semantic (experimental; merged, not approved); product gate remains unmet unless the full backlog item acceptance condition is demonstrated.",partial / unbuilt / deferred as stated; never inferred from filename,"Inherited work recorded for BL-63: Relationships appear only when earned. Edges may break, stop, compete or remain unresolved.",Missing for BL-63: an accepted output and demonstrable completion gate for CONSTELLATION; current route expression is artifact-atlas.html; the-ledger.html.,Risk specific to BL-63: confusing existing pages/components with delivery of CONSTELLATION; conflicts must follow owner decisions then exact files.,13-PRODUCT-ARCHITECTURE/museum-framework.md; site:prototypes/; 01-INHERITED/curatorial-audit-v1.1/environment-map.csv; no final visual approval,Write question-first copy for CONSTELLATION only from accepted records; use NONE LOCATED until those records exist.,Purpose-built interface for “CONSTELLATION”; reuse the record viewer and visual field only where its evidence relation earns them.,No standalone child build required for constellation; expose it through an approved investigation when relevant.,Source and asset rights review required before any public expression of CONSTELLATION; NONE LOCATED if no asset is used.,"Programme brief, exact evidence/asset inputs and release acceptance test for CONSTELLATION.",RELEASE 2,expanded programme,BL-63 is assigned as expanded programme because its nearest credible public contribution is visual requirement; prerequisites are named rather than hidden.
BL-64,Redesign the header,visual requirement,Full 89-item master backlog; September 4 reconciliation; deck/handoffs/current repositories as item-relevant,BL-64,Preserve the full intent and provenance of BL-64: Redesign the header. Do not equate a related file with completion.,public; children 8–11 through different actions; classroom; scholarly; institutional as applicable,enter.html; index.html,13-PRODUCT-ARCHITECTURE/museum-framework.md; site:prototypes/; 01-INHERITED/curatorial-audit-v1.1/environment-map.csv; no final visual approval,"site main prototypes/a1-threshold…c-semantic (experimental; merged, not approved)",Item-specific coverage: enter.html; index.html; 13-PRODUCT-ARCHITECTURE/museum-framework.md; site:prototypes/; 01-INHERITED/curatorial-audit-v1.1/environment-map.csv; no final visual approval,separate record-level determination required,Museum copy for Redesign the header is required and cannot outrun accepted evidence.,"site main prototypes/a1-threshold…c-semantic (experimental; merged, not approved); product gate remains unmet unless the full backlog item acceptance condition is demonstrated.",partial / unbuilt / deferred as stated; never inferred from filename,"Inherited work recorded for BL-64: Prior direction favors one restrained line—MelaKeela / Veḷi, Search, Menu—and removal of competing sticky headers. The threshold may omit conventional navigation.",Missing for BL-64: an accepted output and demonstrable completion gate for Redesign the header; current route expression is enter.html; index.html.,Risk specific to BL-64: confusing existing pages/components with delivery of Redesign the header; conflicts must follow owner decisions then exact files.,13-PRODUCT-ARCHITECTURE/museum-framework.md; site:prototypes/; 01-INHERITED/curatorial-audit-v1.1/environment-map.csv; no final visual approval,Write question-first copy for Redesign the header only from accepted records; use NONE LOCATED until those records exist.,Purpose-built interface for “Redesign the header”; reuse the record viewer and visual field only where its evidence relation earns them.,No standalone child build required for redesign the header; expose it through an approved investigation when relevant.,Source and asset rights review required before any public expression of Redesign the header; NONE LOCATED if no asset is used.,"Programme brief, exact evidence/asset inputs and release acceptance test for Redesign the header.",RELEASE 2,expanded programme,BL-64 is assigned as expanded programme because its nearest credible public contribution is visual requirement; prerequisites are named rather than hidden.
BL-65,Reduce interface chrome,visual requirement,Full 89-item master backlog; September 4 reconciliation; deck/handoffs/current repositories as item-relevant,BL-65,Preserve the full intent and provenance of BL-65: Reduce interface chrome. Do not equate a related file with completion.,public; children 8–11 through different actions; classroom; scholarly; institutional as applicable,enter.html; exhibits.html; index.html,13-PRODUCT-ARCHITECTURE/museum-framework.md; site:prototypes/; 01-INHERITED/curatorial-audit-v1.1/environment-map.csv; no final visual approval,"site main prototypes/a1-threshold…c-semantic (experimental; merged, not approved)",Item-specific coverage: enter.html; exhibits.html; index.html; 13-PRODUCT-ARCHITECTURE/museum-framework.md; site:prototypes/; 01-INHERITED/curatorial-audit-v1.1/environment-map.csv; no final visual approval,separate record-level determination required,Museum copy for Reduce interface chrome is required and cannot outrun accepted evidence.,"site main prototypes/a1-threshold…c-semantic (experimental; merged, not approved); product gate remains unmet unless the full backlog item acceptance condition is demonstrated.",partial / unbuilt / deferred as stated; never inferred from filename,"Inherited work recorded for BL-65: Avoid card soup, repeated borders, stacked headings, duplicate method rows and “explanation of the explanation.”",Missing for BL-65: an accepted output and demonstrable completion gate for Reduce interface chrome; current route expression is enter.html; exhibits.html; index.html.,Risk specific to BL-65: confusing existing pages/components with delivery of Reduce interface chrome; conflicts must follow owner decisions then exact files.,13-PRODUCT-ARCHITECTURE/museum-framework.md; site:prototypes/; 01-INHERITED/curatorial-audit-v1.1/environment-map.csv; no final visual approval,Write question-first copy for Reduce interface chrome only from accepted records; use NONE LOCATED until those records exist.,Purpose-built interface for “Reduce interface chrome”; reuse the record viewer and visual field only where its evidence relation earns them.,No standalone child build required for reduce interface chrome; expose it through an approved investigation when relevant.,Source and asset rights review required before any public expression of Reduce interface chrome; NONE LOCATED if no asset is used.,"Programme brief, exact evidence/asset inputs and release acceptance test for Reduce interface chrome.",RELEASE 2,expanded programme,BL-65 is assigned as expanded programme because its nearest credible public contribution is visual requirement; prerequisites are named rather than hidden.
BL-66,3D object inspection,advanced experience/capability,Full 89-item master backlog; September 4 reconciliation; deck/handoffs/current repositories as item-relevant,BL-66,Preserve the full intent and provenance of BL-66: 3D object inspection. Do not equate a related file with completion.,public; children 8–11 through different actions; classroom; scholarly; institutional as applicable,artifact-atlas.html; keeladi.html,Inherited/deck concept and partial page assets; approved implementation/research contract NONE LOCATED,NONE LOCATED,Item-specific coverage: artifact-atlas.html; keeladi.html; Inherited/deck concept and partial page assets; approved implementation/research contract NONE LOCATED,separate record-level determination required,Museum copy for 3D object inspection is required and cannot outrun accepted evidence.,NONE LOCATED; product gate remains unmet unless the full backlog item acceptance condition is demonstrated.,partial / unbuilt / deferred as stated; never inferred from filename,"Inherited work recorded for BL-66: Useful only for objects where shape, tool marks, inscription placement or manufacture benefits from photogrammetry.",Missing for BL-66: an accepted output and demonstrable completion gate for 3D object inspection; current route expression is artifact-atlas.html; keeladi.html.,Risk specific to BL-66: confusing existing pages/components with delivery of 3D object inspection; conflicts must follow owner decisions then exact files.,Inherited/deck concept and partial page assets; approved implementation/research contract NONE LOCATED,Write question-first copy for 3D object inspection only from accepted records; use NONE LOCATED until those records exist.,Purpose-built interface for “3D object inspection”; reuse the record viewer and visual field only where its evidence relation earns them.,No standalone child build required for 3d object inspection; expose it through an approved investigation when relevant.,"Object/image/text/map rights, manipulation disclosure and accessible alternatives required for 3D object inspection.","Programme brief, exact evidence/asset inputs and release acceptance test for 3D object inspection.",RELEASE 2,expanded programme,BL-66 is assigned as expanded programme because its nearest credible public contribution is advanced experience/capability; prerequisites are named rather than hidden.
BL-67,Excavation simulation,advanced experience/capability,Full 89-item master backlog; September 4 reconciliation; deck/handoffs/current repositories as item-relevant,BL-67,Preserve the full intent and provenance of BL-67: Excavation simulation. Do not equate a related file with completion.,public; children 8–11 through different actions; classroom; scholarly; institutional as applicable,before-the-indus.html; keeladi.html,Inherited/deck concept and partial page assets; approved implementation/research contract NONE LOCATED,NONE LOCATED,Item-specific coverage: before-the-indus.html; keeladi.html; Inherited/deck concept and partial page assets; approved implementation/research contract NONE LOCATED,separate record-level determination required,Museum copy for Excavation simulation is required and cannot outrun accepted evidence.,NONE LOCATED; product gate remains unmet unless the full backlog item acceptance condition is demonstrated.,partial / unbuilt / deferred as stated; never inferred from filename,Inherited work recorded for BL-67: Intended to teach why context matters more than treasure.,Missing for BL-67: an accepted output and demonstrable completion gate for Excavation simulation; current route expression is before-the-indus.html; keeladi.html.,Risk specific to BL-67: confusing existing pages/components with delivery of Excavation simulation; conflicts must follow owner decisions then exact files.,Inherited/deck concept and partial page assets; approved implementation/research contract NONE LOCATED,Write question-first copy for Excavation simulation only from accepted records; use NONE LOCATED until those records exist.,Purpose-built interface for “Excavation simulation”; reuse the record viewer and visual field only where its evidence relation earns them.,No standalone child build required for excavation simulation; expose it through an approved investigation when relevant.,"Object/image/text/map rights, manipulation disclosure and accessible alternatives required for Excavation simulation.","Programme brief, exact evidence/asset inputs and release acceptance test for Excavation simulation.",RELEASE 2,expanded programme,BL-67 is assigned as expanded programme because its nearest credible public contribution is advanced experience/capability; prerequisites are named rather than hidden.
BL-68,Script laboratory,advanced experience/capability,Full 89-item master backlog; September 4 reconciliation; deck/handoffs/current repositories as item-relevant,BL-68,Preserve the full intent and provenance of BL-68: Script laboratory. Do not equate a related file with completion.,public; children 8–11 through different actions; classroom; scholarly; institutional as applicable,brahmi.html; one-script-many-kingdoms.html,Inherited/deck concept and partial page assets; approved implementation/research contract NONE LOCATED,NONE LOCATED,Item-specific coverage: brahmi.html; one-script-many-kingdoms.html; Inherited/deck concept and partial page assets; approved implementation/research contract NONE LOCATED,separate record-level determination required,Museum copy for Script laboratory is required and cannot outrun accepted evidence.,NONE LOCATED; product gate remains unmet unless the full backlog item acceptance condition is demonstrated.,partial / unbuilt / deferred as stated; never inferred from filename,"Inherited work recorded for BL-68: Tamil-Brāhmī, Brāhmī and later scripts need palaeographic comparison tied to inscriptions and contested dates.",Missing for BL-68: an accepted output and demonstrable completion gate for Script laboratory; current route expression is brahmi.html; one-script-many-kingdoms.html.,Risk specific to BL-68: confusing existing pages/components with delivery of Script laboratory; conflicts must follow owner decisions then exact files.,Inherited/deck concept and partial page assets; approved implementation/research contract NONE LOCATED,Write question-first copy for Script laboratory only from accepted records; use NONE LOCATED until those records exist.,Purpose-built interface for “Script laboratory”; reuse the record viewer and visual field only where its evidence relation earns them.,No standalone child build required for script laboratory; expose it through an approved investigation when relevant.,"Object/image/text/map rights, manipulation disclosure and accessible alternatives required for Script laboratory.","Programme brief, exact evidence/asset inputs and release acceptance test for Script laboratory.",RELEASE 2,expanded programme,BL-68 is assigned as expanded programme because its nearest credible public contribution is advanced experience/capability; prerequisites are named rather than hidden.
BL-69,Audio language layer,advanced experience/capability,Full 89-item master backlog; September 4 reconciliation; deck/handoffs/current repositories as item-relevant,BL-69,Preserve the full intent and provenance of BL-69: Audio language layer. Do not equate a related file with completion.,public; children 8–11 through different actions; classroom; scholarly; institutional as applicable,dravidian-sounds-sanskrit-lacks.html; music.html; the-lost-harp.html,Inherited/deck concept and partial page assets; approved implementation/research contract NONE LOCATED,NONE LOCATED,Item-specific coverage: dravidian-sounds-sanskrit-lacks.html; music.html; the-lost-harp.html; Inherited/deck concept and partial page assets; approved implementation/research contract NONE LOCATED,separate record-level determination required,Museum copy for Audio language layer is required and cannot outrun accepted evidence.,NONE LOCATED; product gate remains unmet unless the full backlog item acceptance condition is demonstrated.,partial / unbuilt / deferred as stated; never inferred from filename,"Inherited work recorded for BL-69: Pronunciation, poetry and inscription readings could deepen access, but reconstructed forms must be labelled and community recordings require consent.",Missing for BL-69: an accepted output and demonstrable completion gate for Audio language layer; current route expression is dravidian-sounds-sanskrit-lacks.html; music.html; the-lost-harp.html.,Risk specific to BL-69: confusing existing pages/components with delivery of Audio language layer; conflicts must follow owner decisions then exact files.,Inherited/deck concept and partial page assets; approved implementation/research contract NONE LOCATED,Write question-first copy for Audio language layer only from accepted records; use NONE LOCATED until those records exist.,Purpose-built interface for “Audio language layer”; reuse the record viewer and visual field only where its evidence relation earns them.,No standalone child build required for audio language layer; expose it through an approved investigation when relevant.,"Named consent, attribution, payment/licence, privacy and withdrawal terms are load-bearing for Audio language layer; prospective relationships cannot be presented as existing.","Programme brief, exact evidence/asset inputs and release acceptance test for Audio language layer.",RELEASE 2,expanded programme,BL-69 is assigned as expanded programme because its nearest credible public contribution is advanced experience/capability; prerequisites are named rather than hidden.
BL-70,Spatial audio,advanced experience/capability,Full 89-item master backlog; September 4 reconciliation; deck/handoffs/current repositories as item-relevant,BL-70,Preserve the full intent and provenance of BL-70: Spatial audio. Do not equate a related file with completion.,public; children 8–11 through different actions; classroom; scholarly; institutional as applicable,music.html; the-lost-harp.html,Inherited/deck concept and partial page assets; approved implementation/research contract NONE LOCATED,NONE LOCATED,Item-specific coverage: music.html; the-lost-harp.html; Inherited/deck concept and partial page assets; approved implementation/research contract NONE LOCATED,separate record-level determination required,Museum copy for Spatial audio is required and cannot outrun accepted evidence.,NONE LOCATED; product gate remains unmet unless the full backlog item acceptance condition is demonstrated.,partial / unbuilt / deferred as stated; never inferred from filename,"Inherited work recorded for BL-70: Proposed for landscapes/exhibitions where defensible, not as atmosphere by default.",Missing for BL-70: an accepted output and demonstrable completion gate for Spatial audio; current route expression is music.html; the-lost-harp.html.,Risk specific to BL-70: confusing existing pages/components with delivery of Spatial audio; conflicts must follow owner decisions then exact files.,Inherited/deck concept and partial page assets; approved implementation/research contract NONE LOCATED,Write question-first copy for Spatial audio only from accepted records; use NONE LOCATED until those records exist.,Purpose-built interface for “Spatial audio”; reuse the record viewer and visual field only where its evidence relation earns them.,No standalone child build required for spatial audio; expose it through an approved investigation when relevant.,"Named consent, attribution, payment/licence, privacy and withdrawal terms are load-bearing for Spatial audio; prospective relationships cannot be presented as existing.","Programme brief, exact evidence/asset inputs and release acceptance test for Spatial audio.",RELEASE 2,expanded programme,BL-70 is assigned as expanded programme because its nearest credible public contribution is advanced experience/capability; prerequisites are named rather than hidden.
BL-71,Personalized Evidence Constellation,advanced experience/capability,Full 89-item master backlog; September 4 reconciliation; deck/handoffs/current repositories as item-relevant,BL-71,Preserve the full intent and provenance of BL-71: Personalized Evidence Constellation. Do not equate a related file with completion.,public; children 8–11 through different actions; classroom; scholarly; institutional as applicable,NONE LOCATED,Inherited/deck concept and partial page assets; approved implementation/research contract NONE LOCATED,NONE LOCATED,Item-specific coverage: NONE LOCATED; Inherited/deck concept and partial page assets; approved implementation/research contract NONE LOCATED,separate record-level determination required,Museum copy for Personalized Evidence Constellation is required and cannot outrun accepted evidence.,NONE LOCATED; product gate remains unmet unless the full backlog item acceptance condition is demonstrated.,partial / unbuilt / deferred as stated; never inferred from filename,Inherited work recorded for BL-71: Field Bag may eventually become a personal graph showing relationships and disputes.,Missing for BL-71: an accepted output and demonstrable completion gate for Personalized Evidence Constellation; current route expression is NONE LOCATED.,Risk specific to BL-71: confusing planning language with delivery of Personalized Evidence Constellation; conflicts must follow owner decisions then exact files.,Inherited/deck concept and partial page assets; approved implementation/research contract NONE LOCATED,Write question-first copy for Personalized Evidence Constellation only from accepted records; use NONE LOCATED until those records exist.,Purpose-built interface for “Personalized Evidence Constellation”; reuse the record viewer and visual field only where its evidence relation earns them.,No standalone child build required for personalized evidence constellation; expose it through an approved investigation when relevant.,Source and asset rights review required before any public expression of Personalized Evidence Constellation; NONE LOCATED if no asset is used.,"Programme brief, exact evidence/asset inputs and release acceptance test for Personalized Evidence Constellation.",RELEASE 2,expanded programme,BL-71 is assigned as expanded programme because its nearest credible public contribution is advanced experience/capability; prerequisites are named rather than hidden.
BL-72,Research workspaces,advanced experience/capability,Full 89-item master backlog; September 4 reconciliation; deck/handoffs/current repositories as item-relevant,BL-72,Preserve the full intent and provenance of BL-72: Research workspaces. Do not equate a related file with completion.,public; children 8–11 through different actions; classroom; scholarly; institutional as applicable,NONE LOCATED,Inherited/deck concept and partial page assets; approved implementation/research contract NONE LOCATED,NONE LOCATED,Item-specific coverage: NONE LOCATED; Inherited/deck concept and partial page assets; approved implementation/research contract NONE LOCATED,separate record-level determination required,Museum copy for Research workspaces is required and cannot outrun accepted evidence.,NONE LOCATED; product gate remains unmet unless the full backlog item acceptance condition is demonstrated.,partial / unbuilt / deferred as stated; never inferred from filename,"Inherited work recorded for BL-72: Saved queries, collections, citations and comparisons are valuable for researchers but could distract from proving the public museum loop.",Missing for BL-72: an accepted output and demonstrable completion gate for Research workspaces; current route expression is NONE LOCATED.,Risk specific to BL-72: confusing planning language with delivery of Research workspaces; conflicts must follow owner decisions then exact files.,Inherited/deck concept and partial page assets; approved implementation/research contract NONE LOCATED,Write question-first copy for Research workspaces only from accepted records; use NONE LOCATED until those records exist.,Purpose-built interface for “Research workspaces”; reuse the record viewer and visual field only where its evidence relation earns them.,No standalone child build required for research workspaces; expose it through an approved investigation when relevant.,Source and asset rights review required before any public expression of Research workspaces; NONE LOCATED if no asset is used.,"Programme brief, exact evidence/asset inputs and release acceptance test for Research workspaces.",RELEASE 2,expanded programme,BL-72 is assigned as expanded programme because its nearest credible public contribution is advanced experience/capability; prerequisites are named rather than hidden.
BL-73,Institutional collections integrations,advanced experience/capability,Full 89-item master backlog; September 4 reconciliation; deck/handoffs/current repositories as item-relevant,BL-73,Preserve the full intent and provenance of BL-73: Institutional collections integrations. Do not equate a related file with completion.,public; children 8–11 through different actions; classroom; scholarly; institutional as applicable,NONE LOCATED,Inherited/deck concept and partial page assets; approved implementation/research contract NONE LOCATED,NONE LOCATED,Item-specific coverage: NONE LOCATED; Inherited/deck concept and partial page assets; approved implementation/research contract NONE LOCATED,separate record-level determination required,Museum copy for Institutional collections integrations is required and cannot outrun accepted evidence.,NONE LOCATED; product gate remains unmet unless the full backlog item acceptance condition is demonstrated.,partial / unbuilt / deferred as stated; never inferred from filename,"Inherited work recorded for BL-73: IIIF/APIs may connect partner collections, but catalog records reproduce institutional omissions and rights constraints.",Missing for BL-73: an accepted output and demonstrable completion gate for Institutional collections integrations; current route expression is NONE LOCATED.,Risk specific to BL-73: confusing planning language with delivery of Institutional collections integrations; conflicts must follow owner decisions then exact files.,Inherited/deck concept and partial page assets; approved implementation/research contract NONE LOCATED,Write question-first copy for Institutional collections integrations only from accepted records; use NONE LOCATED until those records exist.,Purpose-built interface for “Institutional collections integrations”; reuse the record viewer and visual field only where its evidence relation earns them.,No standalone child build required for institutional collections integrations; expose it through an approved investigation when relevant.,"Named consent, attribution, payment/licence, privacy and withdrawal terms are load-bearing for Institutional collections integrations; prospective relationships cannot be presented as existing.","Programme brief, exact evidence/asset inputs and release acceptance test for Institutional collections integrations.",RELEASE 2,expanded programme,BL-73 is assigned as expanded programme because its nearest credible public contribution is advanced experience/capability; prerequisites are named rather than hidden.
BL-74,Public contribution,advanced experience/capability,Full 89-item master backlog; September 4 reconciliation; deck/handoffs/current repositories as item-relevant,BL-74,Preserve the full intent and provenance of BL-74: Public contribution. Do not equate a related file with completion.,public; children 8–11 through different actions; classroom; scholarly; institutional as applicable,NONE LOCATED,Inherited/deck concept and partial page assets; approved implementation/research contract NONE LOCATED,NONE LOCATED,Item-specific coverage: NONE LOCATED; Inherited/deck concept and partial page assets; approved implementation/research contract NONE LOCATED,separate record-level determination required,Museum copy for Public contribution is required and cannot outrun accepted evidence.,NONE LOCATED; product gate remains unmet unless the full backlog item acceptance condition is demonstrated.,partial / unbuilt / deferred as stated; never inferred from filename,"Inherited work recorded for BL-74: Possible uses include corrections, annotation and community documentation; moderation and consent are essential.",Missing for BL-74: an accepted output and demonstrable completion gate for Public contribution; current route expression is NONE LOCATED.,Risk specific to BL-74: confusing planning language with delivery of Public contribution; conflicts must follow owner decisions then exact files.,Inherited/deck concept and partial page assets; approved implementation/research contract NONE LOCATED,Write question-first copy for Public contribution only from accepted records; use NONE LOCATED until those records exist.,Purpose-built interface for “Public contribution”; reuse the record viewer and visual field only where its evidence relation earns them.,No standalone child build required for public contribution; expose it through an approved investigation when relevant.,"Named consent, attribution, payment/licence, privacy and withdrawal terms are load-bearing for Public contribution; prospective relationships cannot be presented as existing.","Programme brief, exact evidence/asset inputs and release acceptance test for Public contribution.",RELEASE 2,expanded programme,BL-74 is assigned as expanded programme because its nearest credible public contribution is advanced experience/capability; prerequisites are named rather than hidden.
BL-75,AI-assisted research interface,advanced experience/capability,Full 89-item master backlog; September 4 reconciliation; deck/handoffs/current repositories as item-relevant,BL-75,Preserve the full intent and provenance of BL-75: AI-assisted research interface. Do not equate a related file with completion.,public; children 8–11 through different actions; classroom; scholarly; institutional as applicable,NONE LOCATED,Inherited/deck concept and partial page assets; approved implementation/research contract NONE LOCATED,NONE LOCATED,Item-specific coverage: NONE LOCATED; Inherited/deck concept and partial page assets; approved implementation/research contract NONE LOCATED,separate record-level determination required,Museum copy for AI-assisted research interface is required and cannot outrun accepted evidence.,NONE LOCATED; product gate remains unmet unless the full backlog item acceptance condition is demonstrated.,partial / unbuilt / deferred as stated; never inferred from filename,Inherited work recorded for BL-75: Desired query example: “Show every record used to connect Tamil maritime vocabulary to trade.” Standing rule: **AI manufactures possibilities; humans authori,Missing for BL-75: an accepted output and demonstrable completion gate for AI-assisted research interface; current route expression is NONE LOCATED.,Risk specific to BL-75: confusing planning language with delivery of AI-assisted research interface; conflicts must follow owner decisions then exact files.,Inherited/deck concept and partial page assets; approved implementation/research contract NONE LOCATED,Write question-first copy for AI-assisted research interface only from accepted records; use NONE LOCATED until those records exist.,Purpose-built interface for “AI-assisted research interface”; reuse the record viewer and visual field only where its evidence relation earns them.,No standalone child build required for ai-assisted research interface; expose it through an approved investigation when relevant.,Source and asset rights review required before any public expression of AI-assisted research interface; NONE LOCATED if no asset is used.,"Programme brief, exact evidence/asset inputs and release acceptance test for AI-assisted research interface.",RELEASE 2,expanded programme,BL-75 is assigned as expanded programme because its nearest credible public contribution is advanced experience/capability; prerequisites are named rather than hidden.
BL-76,Full VR ancient city,deferred concept,Full 89-item master backlog; September 4 reconciliation; deck/handoffs/current repositories as item-relevant,BL-76,Preserve the full intent and provenance of BL-76: Full VR ancient city. Do not equate a related file with completion.,public; children 8–11 through different actions; classroom; scholarly; institutional as applicable,NONE LOCATED,Deferred by full backlog; no prerequisite research authorised,NONE LOCATED,Item-specific coverage: NONE LOCATED; Deferred by full backlog; no prerequisite research authorised,separate record-level determination required,Museum copy for Full VR ancient city is not authorised and cannot outrun accepted evidence.,NONE LOCATED; product gate remains unmet unless the full backlog item acceptance condition is demonstrated.,partial / unbuilt / deferred as stated; never inferred from filename,"Inherited work recorded for BL-76: Do not build. It is expensive, speculative and not MelaKeela’s current moat. Revisit only after evidence-constrained spatial reconstruction and core web investigations succeed.",Missing for BL-76: an accepted output and demonstrable completion gate for Full VR ancient city; current route expression is NONE LOCATED.,Risk specific to BL-76: confusing planning language with delivery of Full VR ancient city; conflicts must follow owner decisions then exact files.,Deferred by full backlog; no prerequisite research authorised,Write question-first copy for Full VR ancient city only from accepted records; use NONE LOCATED until those records exist.,No visual commission for deferred concept “Full VR ancient city” before prerequisite proof releases and owner reauthorization.,No standalone child build required for full vr ancient city; expose it through an approved investigation when relevant.,Source and asset rights review required before any public expression of Full VR ancient city; NONE LOCATED if no asset is used.,"Release 1 evidence and audience proof, cost review and fresh owner authorization before Full VR ancient city.",DO NOT BUILD YET,deferred,BL-76 is assigned as deferred because its nearest credible public contribution is deferred concept; prerequisites are named rather than hidden.
BL-77,AI historical characters,deferred concept,Full 89-item master backlog; September 4 reconciliation; deck/handoffs/current repositories as item-relevant,BL-77,Preserve the full intent and provenance of BL-77: AI historical characters. Do not equate a related file with completion.,public; children 8–11 through different actions; classroom; scholarly; institutional as applicable,NONE LOCATED,Deferred by full backlog; no prerequisite research authorised,NONE LOCATED,Item-specific coverage: NONE LOCATED; Deferred by full backlog; no prerequisite research authorised,separate record-level determination required,Museum copy for AI historical characters is not authorised and cannot outrun accepted evidence.,NONE LOCATED; product gate remains unmet unless the full backlog item acceptance condition is demonstrated.,partial / unbuilt / deferred as stated; never inferred from filename,"Inherited work recorded for BL-77: Do not build. Invented dialogue would make fabricated interiority more salient than evidence, especially for subaltern lives. Any future use must visibly separate dramatic fiction from the record.",Missing for BL-77: an accepted output and demonstrable completion gate for AI historical characters; current route expression is NONE LOCATED.,Risk specific to BL-77: confusing planning language with delivery of AI historical characters; conflicts must follow owner decisions then exact files.,Deferred by full backlog; no prerequisite research authorised,Write question-first copy for AI historical characters only from accepted records; use NONE LOCATED until those records exist.,No visual commission for deferred concept “AI historical characters” before prerequisite proof releases and owner reauthorization.,No standalone child build required for ai historical characters; expose it through an approved investigation when relevant.,Source and asset rights review required before any public expression of AI historical characters; NONE LOCATED if no asset is used.,"Release 1 evidence and audience proof, cost review and fresh owner authorization before AI historical characters.",DO NOT BUILD YET,deferred,BL-77 is assigned as deferred because its nearest credible public contribution is deferred concept; prerequisites are named rather than hidden.
BL-78,Giant speculative reconstructions,deferred concept,Full 89-item master backlog; September 4 reconciliation; deck/handoffs/current repositories as item-relevant,BL-78,Preserve the full intent and provenance of BL-78: Giant speculative reconstructions. Do not equate a related file with completion.,public; children 8–11 through different actions; classroom; scholarly; institutional as applicable,NONE LOCATED,Deferred by full backlog; no prerequisite research authorised,NONE LOCATED,Item-specific coverage: NONE LOCATED; Deferred by full backlog; no prerequisite research authorised,separate record-level determination required,Museum copy for Giant speculative reconstructions is not authorised and cannot outrun accepted evidence.,NONE LOCATED; product gate remains unmet unless the full backlog item acceptance condition is demonstrated.,partial / unbuilt / deferred as stated; never inferred from filename,"Inherited work recorded for BL-78: Do not build until archaeological constraints, alternatives and uncertainty can be communicated. Prefer fragments, fields and bounded reconstructions.",Missing for BL-78: an accepted output and demonstrable completion gate for Giant speculative reconstructions; current route expression is NONE LOCATED.,Risk specific to BL-78: confusing planning language with delivery of Giant speculative reconstructions; conflicts must follow owner decisions then exact files.,Deferred by full backlog; no prerequisite research authorised,Write question-first copy for Giant speculative reconstructions only from accepted records; use NONE LOCATED until those records exist.,No visual commission for deferred concept “Giant speculative reconstructions” before prerequisite proof releases and owner reauthorization.,No standalone child build required for giant speculative reconstructions; expose it through an approved investigation when relevant.,Source and asset rights review required before any public expression of Giant speculative reconstructions; NONE LOCATED if no asset is used.,"Release 1 evidence and audience proof, cost review and fresh owner authorization before Giant speculative reconstructions.",DO NOT BUILD YET,deferred,BL-78 is assigned as deferred because its nearest credible public contribution is deferred concept; prerequisites are named rather than hidden.
BL-79,Multiplayer,deferred concept,Full 89-item master backlog; September 4 reconciliation; deck/handoffs/current repositories as item-relevant,BL-79,Preserve the full intent and provenance of BL-79: Multiplayer. Do not equate a related file with completion.,public; children 8–11 through different actions; classroom; scholarly; institutional as applicable,NONE LOCATED,Deferred by full backlog; no prerequisite research authorised,NONE LOCATED,Item-specific coverage: NONE LOCATED; Deferred by full backlog; no prerequisite research authorised,separate record-level determination required,Museum copy for Multiplayer is not authorised and cannot outrun accepted evidence.,NONE LOCATED; product gate remains unmet unless the full backlog item acceptance condition is demonstrated.,partial / unbuilt / deferred as stated; never inferred from filename,Inherited work recorded for BL-79: Do not build without a demonstrated learning or research need. Collaboration can first occur through classroom comparison and shared evidence discussions.,Missing for BL-79: an accepted output and demonstrable completion gate for Multiplayer; current route expression is NONE LOCATED.,Risk specific to BL-79: confusing planning language with delivery of Multiplayer; conflicts must follow owner decisions then exact files.,Deferred by full backlog; no prerequisite research authorised,Write question-first copy for Multiplayer only from accepted records; use NONE LOCATED until those records exist.,No visual commission for deferred concept “Multiplayer” before prerequisite proof releases and owner reauthorization.,No standalone child build required for multiplayer; expose it through an approved investigation when relevant.,Source and asset rights review required before any public expression of Multiplayer; NONE LOCATED if no asset is used.,"Release 1 evidence and audience proof, cost review and fresh owner authorization before Multiplayer.",DO NOT BUILD YET,deferred,BL-79 is assigned as deferred because its nearest credible public contribution is deferred concept; prerequisites are named rather than hidden.
BL-80,Gamification economy,deferred concept,Full 89-item master backlog; September 4 reconciliation; deck/handoffs/current repositories as item-relevant,BL-80,Preserve the full intent and provenance of BL-80: Gamification economy. Do not equate a related file with completion.,public; children 8–11 through different actions; classroom; scholarly; institutional as applicable,NONE LOCATED,Deferred by full backlog; no prerequisite research authorised,NONE LOCATED,Item-specific coverage: NONE LOCATED; Deferred by full backlog; no prerequisite research authorised,separate record-level determination required,Museum copy for Gamification economy is not authorised and cannot outrun accepted evidence.,NONE LOCATED; product gate remains unmet unless the full backlog item acceptance condition is demonstrated.,partial / unbuilt / deferred as stated; never inferred from filename,"Inherited work recorded for BL-80: No coins, XP, streaks or leaderboards. Curiosity, interpretation and revision are the reward; point systems would distort uncertain evidence into answer harvesting.",Missing for BL-80: an accepted output and demonstrable completion gate for Gamification economy; current route expression is NONE LOCATED.,Risk specific to BL-80: confusing planning language with delivery of Gamification economy; conflicts must follow owner decisions then exact files.,Deferred by full backlog; no prerequisite research authorised,Write question-first copy for Gamification economy only from accepted records; use NONE LOCATED until those records exist.,No visual commission for deferred concept “Gamification economy” before prerequisite proof releases and owner reauthorization.,No standalone child build required for gamification economy; expose it through an approved investigation when relevant.,Source and asset rights review required before any public expression of Gamification economy; NONE LOCATED if no asset is used.,"Release 1 evidence and audience proof, cost review and fresh owner authorization before Gamification economy.",DO NOT BUILD YET,deferred,BL-80 is assigned as deferred because its nearest credible public contribution is deferred concept; prerequisites are named rather than hidden.
BL-81,Native app,deferred concept,Full 89-item master backlog; September 4 reconciliation; deck/handoffs/current repositories as item-relevant,BL-81,Preserve the full intent and provenance of BL-81: Native app. Do not equate a related file with completion.,public; children 8–11 through different actions; classroom; scholarly; institutional as applicable,NONE LOCATED,Deferred by full backlog; no prerequisite research authorised,NONE LOCATED,Item-specific coverage: NONE LOCATED; Deferred by full backlog; no prerequisite research authorised,separate record-level determination required,Museum copy for Native app is not authorised and cannot outrun accepted evidence.,NONE LOCATED; product gate remains unmet unless the full backlog item acceptance condition is demonstrated.,partial / unbuilt / deferred as stated; never inferred from filename,Inherited work recorded for BL-81: Do not duplicate an immature web product. Prove the responsive web experience and actual recurring need first.,Missing for BL-81: an accepted output and demonstrable completion gate for Native app; current route expression is NONE LOCATED.,Risk specific to BL-81: confusing planning language with delivery of Native app; conflicts must follow owner decisions then exact files.,Deferred by full backlog; no prerequisite research authorised,Write question-first copy for Native app only from accepted records; use NONE LOCATED until those records exist.,No visual commission for deferred concept “Native app” before prerequisite proof releases and owner reauthorization.,No standalone child build required for native app; expose it through an approved investigation when relevant.,Source and asset rights review required before any public expression of Native app; NONE LOCATED if no asset is used.,"Release 1 evidence and audience proof, cost review and fresh owner authorization before Native app.",DO NOT BUILD YET,deferred,BL-81 is assigned as deferred because its nearest credible public contribution is deferred concept; prerequisites are named rather than hidden.
BL-82,100-page visual redesign,deferred concept,Full 89-item master backlog; September 4 reconciliation; deck/handoffs/current repositories as item-relevant,BL-82,Preserve the full intent and provenance of BL-82: 100-page visual redesign. Do not equate a related file with completion.,public; children 8–11 through different actions; classroom; scholarly; institutional as applicable,academia-battlefield.html; ancient-south-asian-astronomy.html; artifact-atlas.html; authorship-attribution-ancient-texts.html; before-the-indus.html; beneath-both-waves.html; birth-was-not-always-destiny.html; brahmavadini.html; brahmi.html; bronkhorst.html; caste-enforcement-mechanism.html; caste-survives-conversion.html; caste-vocabulary-curve.html; caste-was-law.html; chains-of-transmission.html; climbing-the-ladder.html; counted-as-nothing.html; criminalised-today.html; dasa-forts-rigveda.html; dravidian-sky.html; dravidian-sounds-sanskrit-lacks.html; elamo-dravidian-hypothesis.html; endogamy-clock.html; enter.html; excavation-bias-funding.html; exhibits.html; explore.html; foreign-accounts-ancient-india.html; forest-peoples-sanskrit-record.html; four-varnas-one-verse.html; geography-in-vedic-texts.html; gotra.html; how-buddhism-left.html; index.html; indology.html; indus-to-vedic-gap.html; jatization.html; keeladi.html; kinship-terms-south-asia.html; kural.html; manuscript-custody.html; material-culture-ancient-south-asia.html; meluhha-trade.html; mitanni.html; mlecha.html; music.html; naming-in-ancient-india.html; non-brahmanical-legal-traditions.html; one-script-many-kingdoms.html; oral-traditions-unwritten.html; origin-myths.html; paid-in-cattle.html; panini.html; priority-claims-south-asia.html; rakhigarhi.html; research-index.html; rigveda-geography.html; rigveda-outsider-contempt-count.html; rigveda-word-collocations.html; sacred-ash.html; sanskritisation-of-place-names.html; search.html; siddha-and-ayurveda.html; sources.html; steppe.html; the-borrowed-ancestor.html; the-borrowed-lineage.html; the-broken-chain.html; the-computed-dawn.html; the-deep-root.html; the-definition.html; the-eastern-tradition.html; the-expansions.html; the-father-tongue.html; the-fifth-was-a-guess.html; the-genome-of-caste.html; the-gods-people-had.html; the-grants-that-survived.html; the-guilds-and-the-raid.html; the-killed.html; the-king-they-claimed.html; the-languages-we-lost.html; the-late-hymn.html; the-later-count.html; the-ledger.html; the-lost-harp.html; the-lost-materialists.html; the-margins.html; the-markers-themselves.html; the-maternal-line.html; the-medicine-question.html; the-narrowing.html; the-nine-enemies.html; the-northwest-cousin.html; the-other-half.html; the-plateau.html; the-proxy.html; the-seal-still-holds.html; the-shape-of-a-grave.html; the-survey-not-done.html; the-third-party.html; the-third-tradition.html; the-three-ancestries.html; the-uneven-arrival.html; the-unread-script.html; the-vedda.html; the-vocabulary-curve.html; the-water-city.html; the-womb-doctrine.html; the-words-of-caste.html; therigatha.html; they-already-knew.html; tinai.html; two-archaeologists.html; two-classical-languages.html; two-scarcities.html; vedic-corpus-insertions.html; vedic-interpolations.html; vedic-ritual-economy.html; vedism-is-not-hinduism.html; veli.html; visvamitra.html; voice-authority-ancient-texts.html; what-survived-the-archive.html; what-the-children-are-taught.html; what-travelled.html; what-varna-meant.html; when-the-mixing-stopped.html; where-music-begins.html; who-named-india.html; who-was-allowed-to-know.html; who-writes-the-textbook.html; why-the-ranked-defend-the-ranking.html,Deferred by full backlog; no prerequisite research authorised,NONE LOCATED,Item-specific coverage: academia-battlefield.html; ancient-south-asian-astronomy.html; artifact-atlas.html; authorship-attribution-ancient-texts.html; before-the-indus.html; beneath-both-waves.html; birth-was-not-always-destiny.html; brahmavadini.html; brahmi.html; bronkhorst.html; caste-enforcement-mechanism.html; caste-survives-conversion.html; caste-vocabulary-curve.html; caste-was-law.html; chains-of-transmission.html; climbing-the-ladder.html; counted-as-nothing.html; criminalised-today.html; dasa-forts-rigveda.html; dravidian-sky.html; dravidian-sounds-sanskrit-lacks.html; elamo-dravidian-hypothesis.html; endogamy-clock.html; enter.html; excavation-bias-funding.html; exhibits.html; explore.html; foreign-accounts-ancient-india.html; forest-peoples-sanskrit-record.html; four-varnas-one-verse.html; geography-in-vedic-texts.html; gotra.html; how-buddhism-left.html; index.html; indology.html; indus-to-vedic-gap.html; jatization.html; keeladi.html; kinship-terms-south-asia.html; kural.html; manuscript-custody.html; material-culture-ancient-south-asia.html; meluhha-trade.html; mitanni.html; mlecha.html; music.html; naming-in-ancient-india.html; non-brahmanical-legal-traditions.html; one-script-many-kingdoms.html; oral-traditions-unwritten.html; origin-myths.html; paid-in-cattle.html; panini.html; priority-claims-south-asia.html; rakhigarhi.html; research-index.html; rigveda-geography.html; rigveda-outsider-contempt-count.html; rigveda-word-collocations.html; sacred-ash.html; sanskritisation-of-place-names.html; search.html; siddha-and-ayurveda.html; sources.html; steppe.html; the-borrowed-ancestor.html; the-borrowed-lineage.html; the-broken-chain.html; the-computed-dawn.html; the-deep-root.html; the-definition.html; the-eastern-tradition.html; the-expansions.html; the-father-tongue.html; the-fifth-was-a-guess.html; the-genome-of-caste.html; the-gods-people-had.html; the-grants-that-survived.html; the-guilds-and-the-raid.html; the-killed.html; the-king-they-claimed.html; the-languages-we-lost.html; the-late-hymn.html; the-later-count.html; the-ledger.html; the-lost-harp.html; the-lost-materialists.html; the-margins.html; the-markers-themselves.html; the-maternal-line.html; the-medicine-question.html; the-narrowing.html; the-nine-enemies.html; the-northwest-cousin.html; the-other-half.html; the-plateau.html; the-proxy.html; the-seal-still-holds.html; the-shape-of-a-grave.html; the-survey-not-done.html; the-third-party.html; the-third-tradition.html; the-three-ancestries.html; the-uneven-arrival.html; the-unread-script.html; the-vedda.html; the-vocabulary-curve.html; the-water-city.html; the-womb-doctrine.html; the-words-of-caste.html; therigatha.html; they-already-knew.html; tinai.html; two-archaeologists.html; two-classical-languages.html; two-scarcities.html; vedic-corpus-insertions.html; vedic-interpolations.html; vedic-ritual-economy.html; vedism-is-not-hinduism.html; veli.html; visvamitra.html; voice-authority-ancient-texts.html; what-survived-the-archive.html; what-the-children-are-taught.html; what-travelled.html; what-varna-meant.html; when-the-mixing-stopped.html; where-music-begins.html; who-named-india.html; who-was-allowed-to-know.html; who-writes-the-textbook.html; why-the-ranked-defend-the-ranking.html; Deferred by full backlog; no prerequisite research authorised,separate record-level determination required,Museum copy for 100-page visual redesign is not authorised and cannot outrun accepted evidence.,NONE LOCATED; product gate remains unmet unless the full backlog item acceptance condition is demonstrated.,partial / unbuilt / deferred as stated; never inferred from filename,Inherited work recorded for BL-82: Do not reskin the whole inherited architecture. Approve the evidence model and three representative visual prototypes before migration.,Missing for BL-82: an accepted output and demonstrable completion gate for 100-page visual redesign; current route expression is academia-battlefield.html; ancient-south-asian-astronomy.html; artifact-atlas.html; authorship-attribution-ancient-texts.html; before-the-indus.html; beneath-both-waves.html; birth-was-not-always-destiny.html; brahmavadini.html; brahmi.html; bronkhorst.html; caste-enforcement-mechanism.html; caste-survives-conversion.html; caste-vocabulary-curve.html; caste-was-law.html; chains-of-transmission.html; climbing-the-ladder.html; counted-as-nothing.html; criminalised-today.html; dasa-forts-rigveda.html; dravidian-sky.html; dravidian-sounds-sanskrit-lacks.html; elamo-dravidian-hypothesis.html; endogamy-clock.html; enter.html; excavation-bias-funding.html; exhibits.html; explore.html; foreign-accounts-ancient-india.html; forest-peoples-sanskrit-record.html; four-varnas-one-verse.html; geography-in-vedic-texts.html; gotra.html; how-buddhism-left.html; index.html; indology.html; indus-to-vedic-gap.html; jatization.html; keeladi.html; kinship-terms-south-asia.html; kural.html; manuscript-custody.html; material-culture-ancient-south-asia.html; meluhha-trade.html; mitanni.html; mlecha.html; music.html; naming-in-ancient-india.html; non-brahmanical-legal-traditions.html; one-script-many-kingdoms.html; oral-traditions-unwritten.html; origin-myths.html; paid-in-cattle.html; panini.html; priority-claims-south-asia.html; rakhigarhi.html; research-index.html; rigveda-geography.html; rigveda-outsider-contempt-count.html; rigveda-word-collocations.html; sacred-ash.html; sanskritisation-of-place-names.html; search.html; siddha-and-ayurveda.html; sources.html; steppe.html; the-borrowed-ancestor.html; the-borrowed-lineage.html; the-broken-chain.html; the-computed-dawn.html; the-deep-root.html; the-definition.html; the-eastern-tradition.html; the-expansions.html; the-father-tongue.html; the-fifth-was-a-guess.html; the-genome-of-caste.html; the-gods-people-had.html; the-grants-that-survived.html; the-guilds-and-the-raid.html; the-killed.html; the-king-they-claimed.html; the-languages-we-lost.html; the-late-hymn.html; the-later-count.html; the-ledger.html; the-lost-harp.html; the-lost-materialists.html; the-margins.html; the-markers-themselves.html; the-maternal-line.html; the-medicine-question.html; the-narrowing.html; the-nine-enemies.html; the-northwest-cousin.html; the-other-half.html; the-plateau.html; the-proxy.html; the-seal-still-holds.html; the-shape-of-a-grave.html; the-survey-not-done.html; the-third-party.html; the-third-tradition.html; the-three-ancestries.html; the-uneven-arrival.html; the-unread-script.html; the-vedda.html; the-vocabulary-curve.html; the-water-city.html; the-womb-doctrine.html; the-words-of-caste.html; therigatha.html; they-already-knew.html; tinai.html; two-archaeologists.html; two-classical-languages.html; two-scarcities.html; vedic-corpus-insertions.html; vedic-interpolations.html; vedic-ritual-economy.html; vedism-is-not-hinduism.html; veli.html; visvamitra.html; voice-authority-ancient-texts.html; what-survived-the-archive.html; what-the-children-are-taught.html; what-travelled.html; what-varna-meant.html; when-the-mixing-stopped.html; where-music-begins.html; who-named-india.html; who-was-allowed-to-know.html; who-writes-the-textbook.html; why-the-ranked-defend-the-ranking.html.,Risk specific to BL-82: confusing existing pages/components with delivery of 100-page visual redesign; conflicts must follow owner decisions then exact files.,Deferred by full backlog; no prerequisite research authorised,Write question-first copy for 100-page visual redesign only from accepted records; use NONE LOCATED until those records exist.,No visual commission for deferred concept “100-page visual redesign” before prerequisite proof releases and owner reauthorization.,No standalone child build required for 100-page visual redesign; expose it through an approved investigation when relevant.,Source and asset rights review required before any public expression of 100-page visual redesign; NONE LOCATED if no asset is used.,"Release 1 evidence and audience proof, cost review and fresh owner authorization before 100-page visual redesign.",DO NOT BUILD YET,deferred,BL-82 is assigned as deferred because its nearest credible public contribution is deferred concept; prerequisites are named rather than hidden.
BL-83,Massive content expansion,deferred concept,Full 89-item master backlog; September 4 reconciliation; deck/handoffs/current repositories as item-relevant,BL-83,Preserve the full intent and provenance of BL-83: Massive content expansion. Do not equate a related file with completion.,public; children 8–11 through different actions; classroom; scholarly; institutional as applicable,academia-battlefield.html; ancient-south-asian-astronomy.html; artifact-atlas.html; authorship-attribution-ancient-texts.html; before-the-indus.html; beneath-both-waves.html; birth-was-not-always-destiny.html; brahmavadini.html; brahmi.html; bronkhorst.html; caste-enforcement-mechanism.html; caste-survives-conversion.html; caste-vocabulary-curve.html; caste-was-law.html; chains-of-transmission.html; climbing-the-ladder.html; counted-as-nothing.html; criminalised-today.html; dasa-forts-rigveda.html; dravidian-sky.html; dravidian-sounds-sanskrit-lacks.html; elamo-dravidian-hypothesis.html; endogamy-clock.html; enter.html; excavation-bias-funding.html; exhibits.html; explore.html; foreign-accounts-ancient-india.html; forest-peoples-sanskrit-record.html; four-varnas-one-verse.html; geography-in-vedic-texts.html; gotra.html; how-buddhism-left.html; index.html; indology.html; indus-to-vedic-gap.html; jatization.html; keeladi.html; kinship-terms-south-asia.html; kural.html; manuscript-custody.html; material-culture-ancient-south-asia.html; meluhha-trade.html; mitanni.html; mlecha.html; music.html; naming-in-ancient-india.html; non-brahmanical-legal-traditions.html; one-script-many-kingdoms.html; oral-traditions-unwritten.html; origin-myths.html; paid-in-cattle.html; panini.html; priority-claims-south-asia.html; rakhigarhi.html; research-index.html; rigveda-geography.html; rigveda-outsider-contempt-count.html; rigveda-word-collocations.html; sacred-ash.html; sanskritisation-of-place-names.html; search.html; siddha-and-ayurveda.html; sources.html; steppe.html; the-borrowed-ancestor.html; the-borrowed-lineage.html; the-broken-chain.html; the-computed-dawn.html; the-deep-root.html; the-definition.html; the-eastern-tradition.html; the-expansions.html; the-father-tongue.html; the-fifth-was-a-guess.html; the-genome-of-caste.html; the-gods-people-had.html; the-grants-that-survived.html; the-guilds-and-the-raid.html; the-killed.html; the-king-they-claimed.html; the-languages-we-lost.html; the-late-hymn.html; the-later-count.html; the-ledger.html; the-lost-harp.html; the-lost-materialists.html; the-margins.html; the-markers-themselves.html; the-maternal-line.html; the-medicine-question.html; the-narrowing.html; the-nine-enemies.html; the-northwest-cousin.html; the-other-half.html; the-plateau.html; the-proxy.html; the-seal-still-holds.html; the-shape-of-a-grave.html; the-survey-not-done.html; the-third-party.html; the-third-tradition.html; the-three-ancestries.html; the-uneven-arrival.html; the-unread-script.html; the-vedda.html; the-vocabulary-curve.html; the-water-city.html; the-womb-doctrine.html; the-words-of-caste.html; therigatha.html; they-already-knew.html; tinai.html; two-archaeologists.html; two-classical-languages.html; two-scarcities.html; vedic-corpus-insertions.html; vedic-interpolations.html; vedic-ritual-economy.html; vedism-is-not-hinduism.html; veli.html; visvamitra.html; voice-authority-ancient-texts.html; what-survived-the-archive.html; what-the-children-are-taught.html; what-travelled.html; what-varna-meant.html; when-the-mixing-stopped.html; where-music-begins.html; who-named-india.html; who-was-allowed-to-know.html; who-writes-the-textbook.html; why-the-ranked-defend-the-ranking.html,Deferred by full backlog; no prerequisite research authorised,NONE LOCATED,Item-specific coverage: academia-battlefield.html; ancient-south-asian-astronomy.html; artifact-atlas.html; authorship-attribution-ancient-texts.html; before-the-indus.html; beneath-both-waves.html; birth-was-not-always-destiny.html; brahmavadini.html; brahmi.html; bronkhorst.html; caste-enforcement-mechanism.html; caste-survives-conversion.html; caste-vocabulary-curve.html; caste-was-law.html; chains-of-transmission.html; climbing-the-ladder.html; counted-as-nothing.html; criminalised-today.html; dasa-forts-rigveda.html; dravidian-sky.html; dravidian-sounds-sanskrit-lacks.html; elamo-dravidian-hypothesis.html; endogamy-clock.html; enter.html; excavation-bias-funding.html; exhibits.html; explore.html; foreign-accounts-ancient-india.html; forest-peoples-sanskrit-record.html; four-varnas-one-verse.html; geography-in-vedic-texts.html; gotra.html; how-buddhism-left.html; index.html; indology.html; indus-to-vedic-gap.html; jatization.html; keeladi.html; kinship-terms-south-asia.html; kural.html; manuscript-custody.html; material-culture-ancient-south-asia.html; meluhha-trade.html; mitanni.html; mlecha.html; music.html; naming-in-ancient-india.html; non-brahmanical-legal-traditions.html; one-script-many-kingdoms.html; oral-traditions-unwritten.html; origin-myths.html; paid-in-cattle.html; panini.html; priority-claims-south-asia.html; rakhigarhi.html; research-index.html; rigveda-geography.html; rigveda-outsider-contempt-count.html; rigveda-word-collocations.html; sacred-ash.html; sanskritisation-of-place-names.html; search.html; siddha-and-ayurveda.html; sources.html; steppe.html; the-borrowed-ancestor.html; the-borrowed-lineage.html; the-broken-chain.html; the-computed-dawn.html; the-deep-root.html; the-definition.html; the-eastern-tradition.html; the-expansions.html; the-father-tongue.html; the-fifth-was-a-guess.html; the-genome-of-caste.html; the-gods-people-had.html; the-grants-that-survived.html; the-guilds-and-the-raid.html; the-killed.html; the-king-they-claimed.html; the-languages-we-lost.html; the-late-hymn.html; the-later-count.html; the-ledger.html; the-lost-harp.html; the-lost-materialists.html; the-margins.html; the-markers-themselves.html; the-maternal-line.html; the-medicine-question.html; the-narrowing.html; the-nine-enemies.html; the-northwest-cousin.html; the-other-half.html; the-plateau.html; the-proxy.html; the-seal-still-holds.html; the-shape-of-a-grave.html; the-survey-not-done.html; the-third-party.html; the-third-tradition.html; the-three-ancestries.html; the-uneven-arrival.html; the-unread-script.html; the-vedda.html; the-vocabulary-curve.html; the-water-city.html; the-womb-doctrine.html; the-words-of-caste.html; therigatha.html; they-already-knew.html; tinai.html; two-archaeologists.html; two-classical-languages.html; two-scarcities.html; vedic-corpus-insertions.html; vedic-interpolations.html; vedic-ritual-economy.html; vedism-is-not-hinduism.html; veli.html; visvamitra.html; voice-authority-ancient-texts.html; what-survived-the-archive.html; what-the-children-are-taught.html; what-travelled.html; what-varna-meant.html; when-the-mixing-stopped.html; where-music-begins.html; who-named-india.html; who-was-allowed-to-know.html; who-writes-the-textbook.html; why-the-ranked-defend-the-ranking.html; Deferred by full backlog; no prerequisite research authorised,separate record-level determination required,Museum copy for Massive content expansion is not authorised and cannot outrun accepted evidence.,NONE LOCATED; product gate remains unmet unless the full backlog item acceptance condition is demonstrated.,partial / unbuilt / deferred as stated; never inferred from filename,"Inherited work recorded for BL-83: Do not publish another hundred thin essays. Current marginal value lies in depth, correction, integration, objects, corpora and reusable investigations.",Missing for BL-83: an accepted output and demonstrable completion gate for Massive content expansion; current route expression is academia-battlefield.html; ancient-south-asian-astronomy.html; artifact-atlas.html; authorship-attribution-ancient-texts.html; before-the-indus.html; beneath-both-waves.html; birth-was-not-always-destiny.html; brahmavadini.html; brahmi.html; bronkhorst.html; caste-enforcement-mechanism.html; caste-survives-conversion.html; caste-vocabulary-curve.html; caste-was-law.html; chains-of-transmission.html; climbing-the-ladder.html; counted-as-nothing.html; criminalised-today.html; dasa-forts-rigveda.html; dravidian-sky.html; dravidian-sounds-sanskrit-lacks.html; elamo-dravidian-hypothesis.html; endogamy-clock.html; enter.html; excavation-bias-funding.html; exhibits.html; explore.html; foreign-accounts-ancient-india.html; forest-peoples-sanskrit-record.html; four-varnas-one-verse.html; geography-in-vedic-texts.html; gotra.html; how-buddhism-left.html; index.html; indology.html; indus-to-vedic-gap.html; jatization.html; keeladi.html; kinship-terms-south-asia.html; kural.html; manuscript-custody.html; material-culture-ancient-south-asia.html; meluhha-trade.html; mitanni.html; mlecha.html; music.html; naming-in-ancient-india.html; non-brahmanical-legal-traditions.html; one-script-many-kingdoms.html; oral-traditions-unwritten.html; origin-myths.html; paid-in-cattle.html; panini.html; priority-claims-south-asia.html; rakhigarhi.html; research-index.html; rigveda-geography.html; rigveda-outsider-contempt-count.html; rigveda-word-collocations.html; sacred-ash.html; sanskritisation-of-place-names.html; search.html; siddha-and-ayurveda.html; sources.html; steppe.html; the-borrowed-ancestor.html; the-borrowed-lineage.html; the-broken-chain.html; the-computed-dawn.html; the-deep-root.html; the-definition.html; the-eastern-tradition.html; the-expansions.html; the-father-tongue.html; the-fifth-was-a-guess.html; the-genome-of-caste.html; the-gods-people-had.html; the-grants-that-survived.html; the-guilds-and-the-raid.html; the-killed.html; the-king-they-claimed.html; the-languages-we-lost.html; the-late-hymn.html; the-later-count.html; the-ledger.html; the-lost-harp.html; the-lost-materialists.html; the-margins.html; the-markers-themselves.html; the-maternal-line.html; the-medicine-question.html; the-narrowing.html; the-nine-enemies.html; the-northwest-cousin.html; the-other-half.html; the-plateau.html; the-proxy.html; the-seal-still-holds.html; the-shape-of-a-grave.html; the-survey-not-done.html; the-third-party.html; the-third-tradition.html; the-three-ancestries.html; the-uneven-arrival.html; the-unread-script.html; the-vedda.html; the-vocabulary-curve.html; the-water-city.html; the-womb-doctrine.html; the-words-of-caste.html; therigatha.html; they-already-knew.html; tinai.html; two-archaeologists.html; two-classical-languages.html; two-scarcities.html; vedic-corpus-insertions.html; vedic-interpolations.html; vedic-ritual-economy.html; vedism-is-not-hinduism.html; veli.html; visvamitra.html; voice-authority-ancient-texts.html; what-survived-the-archive.html; what-the-children-are-taught.html; what-travelled.html; what-varna-meant.html; when-the-mixing-stopped.html; where-music-begins.html; who-named-india.html; who-was-allowed-to-know.html; who-writes-the-textbook.html; why-the-ranked-defend-the-ranking.html.,Risk specific to BL-83: confusing existing pages/components with delivery of Massive content expansion; conflicts must follow owner decisions then exact files.,Deferred by full backlog; no prerequisite research authorised,Write question-first copy for Massive content expansion only from accepted records; use NONE LOCATED until those records exist.,No visual commission for deferred concept “Massive content expansion” before prerequisite proof releases and owner reauthorization.,No standalone child build required for massive content expansion; expose it through an approved investigation when relevant.,Source and asset rights review required before any public expression of Massive content expansion; NONE LOCATED if no asset is used.,"Release 1 evidence and audience proof, cost review and fresh owner authorization before Massive content expansion.",DO NOT BUILD YET,deferred,BL-83 is assigned as deferred because its nearest credible public contribution is deferred concept; prerequisites are named rather than hidden.
BL-84,Full open API,deferred concept,Full 89-item master backlog; September 4 reconciliation; deck/handoffs/current repositories as item-relevant,BL-84,Preserve the full intent and provenance of BL-84: Full open API. Do not equate a related file with completion.,public; children 8–11 through different actions; classroom; scholarly; institutional as applicable,NONE LOCATED,Deferred by full backlog; no prerequisite research authorised,NONE LOCATED,Item-specific coverage: NONE LOCATED; Deferred by full backlog; no prerequisite research authorised,separate record-level determination required,Museum copy for Full open API is not authorised and cannot outrun accepted evidence.,NONE LOCATED; product gate remains unmet unless the full backlog item acceptance condition is demonstrated.,partial / unbuilt / deferred as stated; never inferred from filename,"Inherited work recorded for BL-84: Do not promise public API stability before schemas, rights and versioning mature. Internal query design may continue under item 51.",Missing for BL-84: an accepted output and demonstrable completion gate for Full open API; current route expression is NONE LOCATED.,Risk specific to BL-84: confusing planning language with delivery of Full open API; conflicts must follow owner decisions then exact files.,Deferred by full backlog; no prerequisite research authorised,Write question-first copy for Full open API only from accepted records; use NONE LOCATED until those records exist.,No visual commission for deferred concept “Full open API” before prerequisite proof releases and owner reauthorization.,No standalone child build required for full open api; expose it through an approved investigation when relevant.,Source and asset rights review required before any public expression of Full open API; NONE LOCATED if no asset is used.,"Release 1 evidence and audience proof, cost review and fresh owner authorization before Full open API.",DO NOT BUILD YET,deferred,BL-84 is assigned as deferred because its nearest credible public contribution is deferred concept; prerequisites are named rather than hidden.
BL-85,Full open-source commitment,deferred concept,Full 89-item master backlog; September 4 reconciliation; deck/handoffs/current repositories as item-relevant,BL-85,Preserve the full intent and provenance of BL-85: Full open-source commitment. Do not equate a related file with completion.,public; children 8–11 through different actions; classroom; scholarly; institutional as applicable,NONE LOCATED,Deferred by full backlog; no prerequisite research authorised,NONE LOCATED,Item-specific coverage: NONE LOCATED; Deferred by full backlog; no prerequisite research authorised,separate record-level determination required,Museum copy for Full open-source commitment is not authorised and cannot outrun accepted evidence.,NONE LOCATED; product gate remains unmet unless the full backlog item acceptance condition is demonstrated.,partial / unbuilt / deferred as stated; never inferred from filename,"Inherited work recorded for BL-85: Do not make a blanket commitment before separating code, data, licensed media, community knowledge and institutional partnership rights.",Missing for BL-85: an accepted output and demonstrable completion gate for Full open-source commitment; current route expression is NONE LOCATED.,Risk specific to BL-85: confusing planning language with delivery of Full open-source commitment; conflicts must follow owner decisions then exact files.,Deferred by full backlog; no prerequisite research authorised,Write question-first copy for Full open-source commitment only from accepted records; use NONE LOCATED until those records exist.,No visual commission for deferred concept “Full open-source commitment” before prerequisite proof releases and owner reauthorization.,No standalone child build required for full open-source commitment; expose it through an approved investigation when relevant.,Source and asset rights review required before any public expression of Full open-source commitment; NONE LOCATED if no asset is used.,"Release 1 evidence and audience proof, cost review and fresh owner authorization before Full open-source commitment.",DO NOT BUILD YET,deferred,BL-85 is assigned as deferred because its nearest credible public contribution is deferred concept; prerequisites are named rather than hidden.
BL-86,Huge advisory board,deferred concept,Full 89-item master backlog; September 4 reconciliation; deck/handoffs/current repositories as item-relevant,BL-86,Preserve the full intent and provenance of BL-86: Huge advisory board. Do not equate a related file with completion.,public; children 8–11 through different actions; classroom; scholarly; institutional as applicable,NONE LOCATED,Deferred by full backlog; no prerequisite research authorised,NONE LOCATED,Item-specific coverage: NONE LOCATED; Deferred by full backlog; no prerequisite research authorised,separate record-level determination required,Museum copy for Huge advisory board is not authorised and cannot outrun accepted evidence.,NONE LOCATED; product gate remains unmet unless the full backlog item acceptance condition is demonstrated.,partial / unbuilt / deferred as stated; never inferred from filename,Inherited work recorded for BL-86: Do not assemble prestige names without working roles. Build case-specific review relationships and accountable governance first.,Missing for BL-86: an accepted output and demonstrable completion gate for Huge advisory board; current route expression is NONE LOCATED.,Risk specific to BL-86: confusing planning language with delivery of Huge advisory board; conflicts must follow owner decisions then exact files.,Deferred by full backlog; no prerequisite research authorised,Write question-first copy for Huge advisory board only from accepted records; use NONE LOCATED until those records exist.,No visual commission for deferred concept “Huge advisory board” before prerequisite proof releases and owner reauthorization.,No standalone child build required for huge advisory board; expose it through an approved investigation when relevant.,Source and asset rights review required before any public expression of Huge advisory board; NONE LOCATED if no asset is used.,"Release 1 evidence and audience proof, cost review and fresh owner authorization before Huge advisory board.",DO NOT BUILD YET,deferred,BL-86 is assigned as deferred because its nearest credible public contribution is deferred concept; prerequisites are named rather than hidden.
BL-87,Permanent physical museum,deferred concept,Full 89-item master backlog; September 4 reconciliation; deck/handoffs/current repositories as item-relevant,BL-87,Preserve the full intent and provenance of BL-87: Permanent physical museum. Do not equate a related file with completion.,public; children 8–11 through different actions; classroom; scholarly; institutional as applicable,NONE LOCATED,Deferred by full backlog; no prerequisite research authorised,NONE LOCATED,Item-specific coverage: NONE LOCATED; Deferred by full backlog; no prerequisite research authorised,separate record-level determination required,Museum copy for Permanent physical museum is not authorised and cannot outrun accepted evidence.,NONE LOCATED; product gate remains unmet unless the full backlog item acceptance condition is demonstrated.,partial / unbuilt / deferred as stated; never inferred from filename,Inherited work recorded for BL-87: Do not pursue now. Digital-first is an advantage; temporary installations or partnerships can be evaluated later.,Missing for BL-87: an accepted output and demonstrable completion gate for Permanent physical museum; current route expression is NONE LOCATED.,Risk specific to BL-87: confusing planning language with delivery of Permanent physical museum; conflicts must follow owner decisions then exact files.,Deferred by full backlog; no prerequisite research authorised,Write question-first copy for Permanent physical museum only from accepted records; use NONE LOCATED until those records exist.,No visual commission for deferred concept “Permanent physical museum” before prerequisite proof releases and owner reauthorization.,No standalone child build required for permanent physical museum; expose it through an approved investigation when relevant.,Source and asset rights review required before any public expression of Permanent physical museum; NONE LOCATED if no asset is used.,"Release 1 evidence and audience proof, cost review and fresh owner authorization before Permanent physical museum.",DO NOT BUILD YET,deferred,BL-87 is assigned as deferred because its nearest credible public contribution is deferred concept; prerequisites are named rather than hidden.
BL-88,Twelve Living Worlds,deferred concept,Full 89-item master backlog; September 4 reconciliation; deck/handoffs/current repositories as item-relevant,BL-88,Preserve the full intent and provenance of BL-88: Twelve Living Worlds. Do not equate a related file with completion.,public; children 8–11 through different actions; classroom; scholarly; institutional as applicable,the-water-city.html,Deferred by full backlog; no prerequisite research authorised,NONE LOCATED,Item-specific coverage: the-water-city.html; Deferred by full backlog; no prerequisite research authorised,separate record-level determination required,Museum copy for Twelve Living Worlds is not authorised and cannot outrun accepted evidence.,NONE LOCATED; product gate remains unmet unless the full backlog item acceptance condition is demonstrated.,partial / unbuilt / deferred as stated; never inferred from filename,"Inherited work recorded for BL-88: Do not build simultaneously. Prove WATER, FOOD and LANGUAGE, beginning with one complete world and one reusable pattern.",Missing for BL-88: an accepted output and demonstrable completion gate for Twelve Living Worlds; current route expression is the-water-city.html.,Risk specific to BL-88: confusing existing pages/components with delivery of Twelve Living Worlds; conflicts must follow owner decisions then exact files.,Deferred by full backlog; no prerequisite research authorised,Write question-first copy for Twelve Living Worlds only from accepted records; use NONE LOCATED until those records exist.,No visual commission for deferred concept “Twelve Living Worlds” before prerequisite proof releases and owner reauthorization.,No standalone child build required for twelve living worlds; expose it through an approved investigation when relevant.,Source and asset rights review required before any public expression of Twelve Living Worlds; NONE LOCATED if no asset is used.,"Release 1 evidence and audience proof, cost review and fresh owner authorization before Twelve Living Worlds.",DO NOT BUILD YET,deferred,BL-88 is assigned as deferred because its nearest credible public contribution is deferred concept; prerequisites are named rather than hidden.
BL-89,Every audience simultaneously,deferred concept,Full 89-item master backlog; September 4 reconciliation; deck/handoffs/current repositories as item-relevant,BL-89,Preserve the full intent and provenance of BL-89: Every audience simultaneously. Do not equate a related file with completion.,public; children 8–11 through different actions; classroom; scholarly; institutional as applicable,enter.html; index.html; keeladi.html; the-water-city.html,Deferred by full backlog; no prerequisite research authorised,NONE LOCATED,Item-specific coverage: enter.html; index.html; keeladi.html; the-water-city.html; Deferred by full backlog; no prerequisite research authorised,separate record-level determination required,Museum copy for Every audience simultaneously is not authorised and cannot outrun accepted evidence.,NONE LOCATED; product gate remains unmet unless the full backlog item acceptance condition is demonstrated.,partial / unbuilt / deferred as stated; never inferred from filename,Inherited work recorded for BL-89: Do not optimi,Missing for BL-89: an accepted output and demonstrable completion gate for Every audience simultaneously; current route expression is enter.html; index.html; keeladi.html; the-water-city.html.,Risk specific to BL-89: confusing existing pages/components with delivery of Every audience simultaneously; conflicts must follow owner decisions then exact files.,Deferred by full backlog; no prerequisite research authorised,Write question-first copy for Every audience simultaneously only from accepted records; use NONE LOCATED until those records exist.,No visual commission for deferred concept “Every audience simultaneously” before prerequisite proof releases and owner reauthorization.,No standalone child build required for every audience simultaneously; expose it through an approved investigation when relevant.,Source and asset rights review required before any public expression of Every audience simultaneously; NONE LOCATED if no asset is used.,"Release 1 evidence and audience proof, cost review and fresh owner authorization before Every audience simultaneously.",DO NOT BUILD YET,deferred,BL-89 is assigned as deferred because its nearest credible public contribution is deferred concept; prerequisites are named rather than hidden.
