route,recommended_route_action,what_it_does,programme_coverage,load_bearing_claims,known_inaccuracies,missing_evidence,research_dependencies,missing_visitor_action,recommended_visual_treatment,related_routes,recommended_release,release_role,inspection_basis,claim_audit_scope,source_url
academia-battlefield.html,REFRAME,Published genetics page; 1321 visible words; H1: The science of ancestry is a battlefield. Read it accordingly.,BL-1; BL-5; BL-19; BL-22; BL-26; BL-30; BL-31; BL-52,The science of ancestry is a battlefield. Read it accordingly. | One fact detonates every purity myth. | The pressure runs in every direction. | Which way does the fear push? Know this before you read.,"Institutional pressure may be context, but motive narratives cannot replace methods/data adjudication.","Resolve the named correction before prominence; bind every changed claim to locator, evidence role, counter-evidence and revision.",03-REGISTERS/inherited-claims.csv; 04-AUDITS/REAUDIT-QUEUE.csv; CORRECTIONS-PENDING.md; NONE LOCATED for an accepted methods-qualified genetics synthesis,"Separate sampled person, modelled ancestry, population history, language and identity.","Sample-to-model comparison showing sample place/date, method, confidence and limits; ancestry components never rendered as peoples or languages. For this route, centre the composition on “Ancient DNA and Nationalism: Why Ancestry Is Fought Over”.",beneath-both-waves.html; endogamy-clock.html; gotra.html; steppe.html; the-definition.html; the-expansions.html; the-genome-of-caste.html,RELEASE 1,safety correction,"Direct structural inspection at prior root-page SHA e6b6b67…; current site delta adds only prototypes, so root body is unchanged. 18 links; scripts assets/js/mk-shell.js.",Deep claim audit completed for named risk/correction pages; otherwise coverage inspection only.,https://github.com/melakeela/site/blob/769a6f646de8f6cd5e9e76874bad5c0ab12a32cc/academia-battlefield.html
ancient-south-asian-astronomy.html,KEEP AS CONTEXT,"Published science practice page; 3854 visible words; H1: Two skies, one calendar.",BL-18; BL-26; BL-31; BL-52; BL-69,"Two skies, one calendar. | The oldest Indian astronomy text has no astrology in it | Who actually built horoscopic astrology | Where the nakṣatras actually first appear",No specific factual error established here; later claim audit remains required.,Convert the load-bearing propositions on Star Names and Sky Knowledge in Ancient South Asia into claim-to-record links; structural citation signals (6) are not verification.,03-REGISTERS/inherited-claims.csv; 02-SOURCES/access-ledger.csv; NONE LOCATED for accepted astronomy/music/medical source programmes,"Inspect the object or instrument, test a reconstruction and separate historical evidence from present practice.","Instrument/object/source comparison with reconstruction labels, safety limits and rights; recreated sound or practice is never presented as survival without evidence. For this route, centre the composition on “Star Names and Sky Knowledge in Ancient South Asia”.",dravidian-sky.html; siddha-and-ayurveda.html; the-medicine-question.html,RELEASE 2,retained context,"Direct structural inspection at prior root-page SHA e6b6b67…; current site delta adds only prototypes, so root body is unchanged. 44 links; scripts assets/js/mk-shell.js.",Deep claim audit completed for named risk/correction pages; otherwise coverage inspection only.,https://github.com/melakeela/site/blob/769a6f646de8f6cd5e9e76874bad5c0ab12a32cc/ancient-south-asian-astronomy.html
artifact-atlas.html,REDESIGN,Published evidence page; 51 visible words; H1: NONE,BL-20; BL-21; BL-22; BL-23; BL-24; BL-25; BL-31; BL-32; BL-47; BL-48; BL-49; BL-52,Artifact Atlas: 175 Ancient South Asian Sites Mapped,"Live metadata says 175 sites/315 windows, body derives 158 sites, and open site PR #4 measures 158 records/326 class-windows/15 classes/99 dated. D-034 remains open; no number is accepted merely because it is measured.","Resolve the named correction before prominence; bind every changed claim to locator, evidence role, counter-evidence and revision.",Open site PR #4 correction dossier; 06-BRIEFS/mvp-fifteen/03-artifact-atlas.md; 13-PRODUCT-ARCHITECTURE/museum-framework.md; 06-BRIEFS/mvp-fifteen/03-artifact-atlas.md; 06-BRIEFS/mvp-fifteen/06-the-ledger.md; site:assets/data/page-evidence.json,"Open one record, inspect its locator and evidence role, compare a counter-record, then follow its revision history.","Record table plus expandable locator/source-ancestry drawer; relationships appear only after their evidence links and uncertainty are visible. For this route, centre the composition on “Artifact Atlas: 175 Ancient South Asian Sites Mapped”.",research-index.html; search.html; sources.html; the-ledger.html,RELEASE 1,flagship,"Direct structural inspection at prior root-page SHA e6b6b67…; current site delta adds only prototypes, so root body is unchanged. 14 links; scripts assets/js/artifact-atlas.js; assets/js/mk-shell.js.",Deep claim audit completed for named risk/correction pages; otherwise coverage inspection only.,https://github.com/melakeela/site/blob/769a6f646de8f6cd5e9e76874bad5c0ab12a32cc/artifact-atlas.html
authorship-attribution-ancient-texts.html,KEEP AS CONTEXT,"Published archive power page; 1407 visible words; H1: Credit attaches to whoever wrote it down — and to the last one who did, over the first.",BL-6; BL-18; BL-26; BL-31; BL-42; BL-43; BL-45; BL-52; BL-55,"Credit attaches to whoever wrote it down — and to the last one who did, over the first. | Worked chains | The pattern in the names themselves | It is not only a colonial pathology",No specific factual error established here; later claim audit remains required.,Convert the load-bearing propositions on Who Gets Credit: Attribution in Ancient Indian Texts into claim-to-record links; structural citation signals (6) are not verification.,04-AUDITS/ARCHIVE-AND-POWER-AUDIT.csv; 04-AUDITS/BIAS-FAILURE-LOG.csv; 06-BRIEFS/mvp-fifteen/14-custody.md; 06-BRIEFS/mvp-fifteen/15-the-archive.md,"Trace a claim backward through author, archive, translation, funding and omission.","Source-genealogy network showing who recorded, preserved, translated, funded and excluded; motive appears only when documented. For this route, centre the composition on “Who Gets Credit: Attribution in Ancient Indian Texts”.",chains-of-transmission.html; foreign-accounts-ancient-india.html; forest-peoples-sanskrit-record.html; indology.html; manuscript-custody.html; naming-in-ancient-india.html; oral-traditions-unwritten.html,RELEASE 2,retained context,"Direct structural inspection at prior root-page SHA e6b6b67…; current site delta adds only prototypes, so root body is unchanged. 43 links; scripts assets/js/mk-shell.js.",Deep claim audit completed for named risk/correction pages; otherwise coverage inspection only.,https://github.com/melakeela/site/blob/769a6f646de8f6cd5e9e76874bad5c0ab12a32cc/authorship-attribution-ancient-texts.html
before-the-indus.html,HOLD,"Published indus archaeology page; 1954 visible words; H1: Before the Indus, the graves already faced the sun.",BL-11; BL-18; BL-25; BL-26; BL-27; BL-28; BL-30; BL-31; BL-66; BL-67,"Before the Indus, the graves already faced the sun. | One of the deepest human landscapes on Earth. | The Baghor stone. | Who claimed her later.",No specific factual error established here; later claim audit remains required.,Convert the load-bearing propositions on Before the Indus: Baghor Shrine and Mesolithic Sun Graves into claim-to-record links; structural citation signals (11) are not verification.,06-BRIEFS/mvp-fifteen/08-before-the-indus.md; 06-BRIEFS/mvp-fifteen/07-keeladi.md; 06-BRIEFS/mvp-fifteen/08-before-the-indus.md; 06-BRIEFS/mvp-fifteen/09-the-water-city.md; 03-REGISTERS/inherited-claims.csv; 02-SOURCES/access-ledger.csv,"Excavate context, date the layer and decide what the object can and cannot establish.","Excavation/context view with trench, layer, object, date range and alternative reading; movement maps separate material from people and language. For this route, centre the composition on “Before the Indus: Baghor Shrine and Mesolithic Sun Graves”.",brahmi.html; excavation-bias-funding.html; indus-to-vedic-gap.html; keeladi.html; material-culture-ancient-south-asia.html; meluhha-trade.html; one-script-many-kingdoms.html,RELEASE 1,safety correction,"Direct structural inspection at prior root-page SHA e6b6b67…; current site delta adds only prototypes, so root body is unchanged. 20 links; scripts assets/js/mk-shell.js.",Deep claim audit completed for named risk/correction pages; otherwise coverage inspection only.,https://github.com/melakeela/site/blob/769a6f646de8f6cd5e9e76874bad5c0ab12a32cc/before-the-indus.html
beneath-both-waves.html,KEEP AS CONTEXT,"Published genetics page; 1959 visible words; H1: Two waves of men arrived. The people beneath both are in the hills, carrying the oldest lineages on the subcontinent.",BL-1; BL-5; BL-19; BL-22; BL-26; BL-30; BL-31; BL-52,"Two waves of men arrived. The people beneath both are in the hills, carrying the oldest lineages on the subcontinent. | The three layers. | Every lineage, cross-referenced. | Four questions the table raises.",No specific factual error established here; later claim audit remains required.,Convert the load-bearing propositions on Beneath Both Waves: The Forager Lineages of South Asia into claim-to-record links; structural citation signals (3) are not verification.,03-REGISTERS/inherited-claims.csv; 04-AUDITS/REAUDIT-QUEUE.csv; CORRECTIONS-PENDING.md; NONE LOCATED for an accepted methods-qualified genetics synthesis,"Separate sampled person, modelled ancestry, population history, language and identity.","Sample-to-model comparison showing sample place/date, method, confidence and limits; ancestry components never rendered as peoples or languages. For this route, centre the composition on “Beneath Both Waves: The Forager Lineages of South Asia”.",academia-battlefield.html; endogamy-clock.html; gotra.html; steppe.html; the-definition.html; the-expansions.html; the-genome-of-caste.html,RELEASE 2,retained context,"Direct structural inspection at prior root-page SHA e6b6b67…; current site delta adds only prototypes, so root body is unchanged. 16 links; scripts assets/js/mk-shell.js; assets/js/mk-exhibit.js; assets/js/mk-ai.js.",Deep claim audit completed for named risk/correction pages; otherwise coverage inspection only.,https://github.com/melakeela/site/blob/769a6f646de8f6cd5e9e76874bad5c0ab12a32cc/beneath-both-waves.html
birth-was-not-always-destiny.html,CORRECT CLAIMS,Published caste law page; 1159 visible words; H1: Caste was not always by birth. The rigidity was imposed — against a reality that kept breaking it.,BL-1; BL-5; BL-6; BL-18; BL-26; BL-31; BL-52,"Caste was not always by birth. The rigidity was imposed — against a reality that kept breaking it. | The tradition's own greatest authors crossed varṇa. | The law codes contradict themselves. | Liberal, then rigid.",Mobility or semantic change in selected records does not establish one universal transition from fluidity to imposed birth hierarchy.,"Resolve the named correction before prominence; bind every changed claim to locator, evidence role, counter-evidence and revision.",03-REGISTERS/rigveda-varna.csv; rigveda-varna-occurrences.csv; CORRECTIONS-PENDING.md; 03-REGISTERS/inherited-claims.csv,Track one term or institution across dated records and identify where the archive cannot support continuity.,"Term-and-institution timeline with place/genre/date filters, counterexamples and archive gaps; avoid a single inevitable curve. For this route, centre the composition on “Caste by Birth Was Imposed Later, Not Original”.",caste-enforcement-mechanism.html; caste-survives-conversion.html; caste-was-law.html; climbing-the-ladder.html; counted-as-nothing.html; jatization.html; non-brahmanical-legal-traditions.html,RELEASE 1,safety correction,"Direct structural inspection at prior root-page SHA e6b6b67…; current site delta adds only prototypes, so root body is unchanged. 20 links; scripts assets/js/mk-shell.js.",Deep claim audit completed for named risk/correction pages; otherwise coverage inspection only.,https://github.com/melakeela/site/blob/769a6f646de8f6cd5e9e76874bad5c0ab12a32cc/birth-was-not-always-destiny.html
brahmavadini.html,KEEP AS CONTEXT,"Published religion text page; 1622 visible words; H1: The exclusion of women is the middle of the story, not the beginning.",BL-6; BL-15; BL-16; BL-17; BL-18; BL-31; BL-52,"The exclusion of women is the middle of the story, not the beginning. | The women in the Rigveda | Brahmavādinī | The Upaniṣadic women",No specific factual error established here; later claim audit remains required.,"Convert the load-bearing propositions on Brahmavadini: Women Who Studied the Vedas, and the Closing into claim-to-record links; structural citation signals (3) are not verification.",03-REGISTERS/inherited-claims.csv; 02-SOURCES/access-ledger.csv; NONE LOCATED for accepted Pāli/Prakrit/Jain/Aśokan/Chinese-pilgrim corpus parity,"Compare who is speaking and whether the source is self-description, opponent report or later transmission.","Parallel source/voice viewer that distinguishes self-description, rival report, later commentary and modern reconstruction. For this route, centre the composition on “Brahmavadini: Women Who Studied the Vedas, and the Closing”.",bronkhorst.html; how-buddhism-left.html; panini.html; the-broken-chain.html; the-computed-dawn.html; the-eastern-tradition.html; the-gods-people-had.html,RELEASE 2,retained context,"Direct structural inspection at prior root-page SHA e6b6b67…; current site delta adds only prototypes, so root body is unchanged. 45 links; scripts assets/js/mk-shell.js.",Deep claim audit completed for named risk/correction pages; otherwise coverage inspection only.,https://github.com/melakeela/site/blob/769a6f646de8f6cd5e9e76874bad5c0ab12a32cc/brahmavadini.html
brahmi.html,KEEP AS CONTEXT,Published indus archaeology page; 2224 visible words; H1: The earliest surviving names for the script come from a Buddhist list and a Jain story.,BL-11; BL-18; BL-25; BL-26; BL-27; BL-28; BL-30; BL-31; BL-66; BL-67,"The earliest surviving names for the script come from a Buddhist list and a Jain story. | Where the name comes from | The two lists, and what they name | The graffiti question",No specific factual error established here; later claim audit remains required.,"Convert the load-bearing propositions on Brahmi Script: Origins, Naming, and the Tamil Dating Fight into claim-to-record links; structural citation signals (6) are not verification.",06-BRIEFS/mvp-fifteen/07-keeladi.md; 06-BRIEFS/mvp-fifteen/08-before-the-indus.md; 06-BRIEFS/mvp-fifteen/09-the-water-city.md; 03-REGISTERS/inherited-claims.csv; 02-SOURCES/access-ledger.csv,"Excavate context, date the layer and decide what the object can and cannot establish.","Excavation/context view with trench, layer, object, date range and alternative reading; movement maps separate material from people and language. For this route, centre the composition on “Brahmi Script: Origins, Naming, and the Tamil Dating Fight”.",before-the-indus.html; excavation-bias-funding.html; indus-to-vedic-gap.html; keeladi.html; material-culture-ancient-south-asia.html; meluhha-trade.html; one-script-many-kingdoms.html,RELEASE 2,retained context,"Direct structural inspection at prior root-page SHA e6b6b67…; current site delta adds only prototypes, so root body is unchanged. 31 links; scripts assets/js/mk-shell.js.",Deep claim audit completed for named risk/correction pages; otherwise coverage inspection only.,https://github.com/melakeela/site/blob/769a6f646de8f6cd5e9e76874bad5c0ab12a32cc/brahmi.html
bronkhorst.html,KEEP AS CONTEXT,"Published religion text page; 2252 visible words; H1: The scholar this platform leans on, examined the way we examine everyone else.",BL-6; BL-15; BL-16; BL-17; BL-18; BL-31; BL-52,"The scholar this platform leans on, examined the way we examine everyone else. | Who he was. | The thesis. | How the field received it.",No specific factual error established here; later claim audit remains required.,Convert the load-bearing propositions on Bronkhorst and Greater Magadha: Auditing a Source We Rely On into claim-to-record links; structural citation signals (21) are not verification.,03-REGISTERS/inherited-claims.csv; 02-SOURCES/access-ledger.csv; NONE LOCATED for accepted Pāli/Prakrit/Jain/Aśokan/Chinese-pilgrim corpus parity,"Compare who is speaking and whether the source is self-description, opponent report or later transmission.","Parallel source/voice viewer that distinguishes self-description, rival report, later commentary and modern reconstruction. For this route, centre the composition on “Bronkhorst and Greater Magadha: Auditing a Source We Rely On”.",brahmavadini.html; how-buddhism-left.html; panini.html; the-broken-chain.html; the-computed-dawn.html; the-eastern-tradition.html; the-gods-people-had.html,RELEASE 2,retained context,"Direct structural inspection at prior root-page SHA e6b6b67…; current site delta adds only prototypes, so root body is unchanged. 20 links; scripts assets/js/mk-shell.js.",Deep claim audit completed for named risk/correction pages; otherwise coverage inspection only.,https://github.com/melakeela/site/blob/769a6f646de8f6cd5e9e76874bad5c0ab12a32cc/bronkhorst.html
caste-enforcement-mechanism.html,KEEP AS CONTEXT,"Published caste law page; 1700 visible words; H1: Ask who benefits from the critique, and you can predict what it leaves standing.",BL-1; BL-5; BL-6; BL-18; BL-26; BL-31; BL-52,"Ask who benefits from the critique, and you can predict what it leaves standing. | “Vedic” is a custody label that reads as an origin label. | Patronage is the variable that predicts canonisation. | Source becomes stain: places turn into categories of defective birth.",No specific factual error established here; later claim audit remains required.,Convert the load-bearing propositions on The Mechanism: How Social Hierarchy Was Enforced into claim-to-record links; structural citation signals (6) are not verification.,03-REGISTERS/rigveda-varna.csv; rigveda-varna-occurrences.csv; CORRECTIONS-PENDING.md; 03-REGISTERS/inherited-claims.csv,Track one term or institution across dated records and identify where the archive cannot support continuity.,"Term-and-institution timeline with place/genre/date filters, counterexamples and archive gaps; avoid a single inevitable curve. For this route, centre the composition on “The Mechanism: How Social Hierarchy Was Enforced”.",birth-was-not-always-destiny.html; caste-survives-conversion.html; caste-was-law.html; climbing-the-ladder.html; counted-as-nothing.html; jatization.html; non-brahmanical-legal-traditions.html,RELEASE 2,retained context,"Direct structural inspection at prior root-page SHA e6b6b67…; current site delta adds only prototypes, so root body is unchanged. 48 links; scripts assets/js/caste-enforcement-mechanism.js; assets/js/mk-shell.js.",Deep claim audit completed for named risk/correction pages; otherwise coverage inspection only.,https://github.com/melakeela/site/blob/769a6f646de8f6cd5e9e76874bad5c0ab12a32cc/caste-enforcement-mechanism.html
caste-survives-conversion.html,KEEP AS CONTEXT,"Published caste law page; 1521 visible words; H1: If caste were a Hindu doctrine, leaving Hinduism would end it. Millions of people have run that experiment.",BL-1; BL-5; BL-6; BL-18; BL-26; BL-31; BL-52,"If caste were a Hindu doctrine, leaving Hinduism would end it. Millions of people have run that experiment. | The rule. | What is documented inside each community. | The detail that decides it.",No specific factual error established here; later claim audit remains required.,Convert the load-bearing propositions on Caste Survives Conversion: The Test the Law Refuses into claim-to-record links; structural citation signals (5) are not verification.,03-REGISTERS/rigveda-varna.csv; rigveda-varna-occurrences.csv; CORRECTIONS-PENDING.md; 03-REGISTERS/inherited-claims.csv,Track one term or institution across dated records and identify where the archive cannot support continuity.,"Term-and-institution timeline with place/genre/date filters, counterexamples and archive gaps; avoid a single inevitable curve. For this route, centre the composition on “Caste Survives Conversion: The Test the Law Refuses”.",birth-was-not-always-destiny.html; caste-enforcement-mechanism.html; caste-was-law.html; climbing-the-ladder.html; counted-as-nothing.html; jatization.html; non-brahmanical-legal-traditions.html,RELEASE 2,retained context,"Direct structural inspection at prior root-page SHA e6b6b67…; current site delta adds only prototypes, so root body is unchanged. 26 links; scripts assets/js/mk-shell.js; assets/js/mk-exhibit.js.",Deep claim audit completed for named risk/correction pages; otherwise coverage inspection only.,https://github.com/melakeela/site/blob/769a6f646de8f6cd5e9e76874bad5c0ab12a32cc/caste-survives-conversion.html
caste-vocabulary-curve.html,DEEPEN,"Published rigveda page; 4199 visible words; H1: Caste was built, and the build is visible in the vocabulary.",BL-1; BL-2; BL-5; BL-6; BL-12; BL-18; BL-31; BL-52,"Caste was built, and the build is visible in the vocabulary. | The table | What the curve shows | And dharma is the runaway term",No specific factual error established here; later claim audit remains required.,Convert the load-bearing propositions on The Caste Vocabulary Curve Across the Vedic Corpus into claim-to-record links; structural citation signals (6) are not verification.,03-REGISTERS/rigveda-pur-family.csv; 03-REGISTERS/rigveda-pur-passages.csv; 03-REGISTERS/rigveda-varna.csv; 03-REGISTERS/rigveda-varna-occurrences.csv; 04-AUDITS/rigveda-pur-family-method.md; 06-BRIEFS/pur-4j-corpus.md; open research PR #30,Test a public count by inspecting included and excluded occurrences in context.,"Searchable verse/source viewer with lemma, form, translation variants, passage context and counted/not-counted reason; never use book order as a date axis. For this route, centre the composition on “The Caste Vocabulary Curve Across the Vedic Corpus”.",criminalised-today.html; dasa-forts-rigveda.html; four-varnas-one-verse.html; geography-in-vedic-texts.html; mitanni.html; mlecha.html; paid-in-cattle.html,RELEASE 2,retained context,"Direct structural inspection at prior root-page SHA e6b6b67…; current site delta adds only prototypes, so root body is unchanged. 48 links; scripts assets/js/mk-shell.js.",Deep claim audit completed for named risk/correction pages; otherwise coverage inspection only.,https://github.com/melakeela/site/blob/769a6f646de8f6cd5e9e76874bad5c0ab12a32cc/caste-vocabulary-curve.html
caste-was-law.html,KEEP AS CONTEXT,"Published caste law page; 1994 visible words; H1: Caste was abuse, encoded as law, disguised as religion.",BL-1; BL-5; BL-6; BL-18; BL-26; BL-31; BL-52,"Caste was abuse, encoded as law, disguised as religion. | The law was written by the class it protected. | The protections they wrote for themselves. | Punishment scaled by birth.",No specific factual error established here; later claim audit remains required.,Convert the load-bearing propositions on Caste Was Law: Differential Punishment in the Dharmasastra into claim-to-record links; structural citation signals (21) are not verification.,03-REGISTERS/rigveda-varna.csv; rigveda-varna-occurrences.csv; CORRECTIONS-PENDING.md; 03-REGISTERS/inherited-claims.csv,Track one term or institution across dated records and identify where the archive cannot support continuity.,"Term-and-institution timeline with place/genre/date filters, counterexamples and archive gaps; avoid a single inevitable curve. For this route, centre the composition on “Caste Was Law: Differential Punishment in the Dharmasastra”.",birth-was-not-always-destiny.html; caste-enforcement-mechanism.html; caste-survives-conversion.html; climbing-the-ladder.html; counted-as-nothing.html; jatization.html; non-brahmanical-legal-traditions.html,RELEASE 2,retained context,"Direct structural inspection at prior root-page SHA e6b6b67…; current site delta adds only prototypes, so root body is unchanged. 19 links; scripts assets/js/mk-shell.js.",Deep claim audit completed for named risk/correction pages; otherwise coverage inspection only.,https://github.com/melakeela/site/blob/769a6f646de8f6cd5e9e76874bad5c0ab12a32cc/caste-was-law.html
chains-of-transmission.html,KEEP AS CONTEXT,"Published archive power page; 1675 visible words; H1: A formal science of citing your sources, developed in Arabic.",BL-6; BL-18; BL-26; BL-31; BL-42; BL-43; BL-45; BL-52; BL-55,"A formal science of citing your sources, developed in Arabic. | Isnād | How old is the modern footnote? | What the curriculum was actually built from",No specific factual error established here; later claim audit remains required.,Convert the load-bearing propositions on Isnad and Chains of Transmission in Text Criticism into claim-to-record links; structural citation signals (12) are not verification.,04-AUDITS/ARCHIVE-AND-POWER-AUDIT.csv; 04-AUDITS/BIAS-FAILURE-LOG.csv; 06-BRIEFS/mvp-fifteen/14-custody.md; 06-BRIEFS/mvp-fifteen/15-the-archive.md,"Trace a claim backward through author, archive, translation, funding and omission.","Source-genealogy network showing who recorded, preserved, translated, funded and excluded; motive appears only when documented. For this route, centre the composition on “Isnad and Chains of Transmission in Text Criticism”.",authorship-attribution-ancient-texts.html; foreign-accounts-ancient-india.html; forest-peoples-sanskrit-record.html; indology.html; manuscript-custody.html; naming-in-ancient-india.html; oral-traditions-unwritten.html,RELEASE 2,retained context,"Direct structural inspection at prior root-page SHA e6b6b67…; current site delta adds only prototypes, so root body is unchanged. 43 links; scripts assets/js/mk-shell.js.",Deep claim audit completed for named risk/correction pages; otherwise coverage inspection only.,https://github.com/melakeela/site/blob/769a6f646de8f6cd5e9e76874bad5c0ab12a32cc/chains-of-transmission.html
climbing-the-ladder.html,KEEP AS CONTEXT,Published caste law page; 1568 visible words; H1: Not everyone tried to break the ladder. Many tried to climb it.,BL-1; BL-5; BL-6; BL-18; BL-26; BL-31; BL-52,"Not everyone tried to break the ladder. Many tried to climb it. | They claimed warrior status, not priest. | The strategy, in practice. | The problem with climbing.",No specific factual error established here; later claim audit remains required.,Convert the load-bearing propositions on Climbing the Ladder: Sanskritisation and Its Price into claim-to-record links; structural citation signals (4) are not verification.,03-REGISTERS/rigveda-varna.csv; rigveda-varna-occurrences.csv; CORRECTIONS-PENDING.md; 03-REGISTERS/inherited-claims.csv,Track one term or institution across dated records and identify where the archive cannot support continuity.,"Term-and-institution timeline with place/genre/date filters, counterexamples and archive gaps; avoid a single inevitable curve. For this route, centre the composition on “Climbing the Ladder: Sanskritisation and Its Price”.",birth-was-not-always-destiny.html; caste-enforcement-mechanism.html; caste-survives-conversion.html; caste-was-law.html; counted-as-nothing.html; jatization.html; non-brahmanical-legal-traditions.html,RELEASE 2,retained context,"Direct structural inspection at prior root-page SHA e6b6b67…; current site delta adds only prototypes, so root body is unchanged. 22 links; scripts assets/js/mk-shell.js.",Deep claim audit completed for named risk/correction pages; otherwise coverage inspection only.,https://github.com/melakeela/site/blob/769a6f646de8f6cd5e9e76874bad5c0ab12a32cc/climbing-the-ladder.html
counted-as-nothing.html,KEEP AS CONTEXT,"Published caste law page; 1506 visible words; H1: The government reports that no manual scavengers exist, and reports the deaths in the same reply.",BL-1; BL-5; BL-6; BL-18; BL-26; BL-31; BL-52,"The government reports that no manual scavengers exist, and reports the deaths in the same reply. | The definition that does it. | The counts. | What the Court has said.",No specific factual error established here; later claim audit remains required.,Convert the load-bearing propositions on Counted as Nothing: How a Death Stops Being Manual Scavenging into claim-to-record links; structural citation signals (7) are not verification.,03-REGISTERS/rigveda-varna.csv; rigveda-varna-occurrences.csv; CORRECTIONS-PENDING.md; 03-REGISTERS/inherited-claims.csv,Track one term or institution across dated records and identify where the archive cannot support continuity.,"Term-and-institution timeline with place/genre/date filters, counterexamples and archive gaps; avoid a single inevitable curve. For this route, centre the composition on “Counted as Nothing: How a Death Stops Being Manual Scavenging”.",birth-was-not-always-destiny.html; caste-enforcement-mechanism.html; caste-survives-conversion.html; caste-was-law.html; climbing-the-ladder.html; jatization.html; non-brahmanical-legal-traditions.html,RELEASE 2,retained context,"Direct structural inspection at prior root-page SHA e6b6b67…; current site delta adds only prototypes, so root body is unchanged. 25 links; scripts assets/js/mk-shell.js; assets/js/mk-exhibit.js.",Deep claim audit completed for named risk/correction pages; otherwise coverage inspection only.,https://github.com/melakeela/site/blob/769a6f646de8f6cd5e9e76874bad5c0ab12a32cc/counted-as-nothing.html
criminalised-today.html,HOLD,"Published rigveda page; 1847 visible words; H1: Some of what the sacred texts prescribe, modern India makes a crime.",BL-1; BL-2; BL-5; BL-6; BL-12; BL-18; BL-31; BL-52,"Some of what the sacred texts prescribe, modern India makes a crime. | The laws. | The man who drew the line, and was killed for it. | The line runs back to the ancient economy.",No specific factual error established here; later claim audit remains required.,Convert the load-bearing propositions on Vedic Ritual That Modern Indian Law Would Criminalise into claim-to-record links; structural citation signals (7) are not verification.,03-REGISTERS/rigveda-pur-family.csv; 03-REGISTERS/rigveda-pur-passages.csv; 03-REGISTERS/rigveda-varna.csv; 03-REGISTERS/rigveda-varna-occurrences.csv; 04-AUDITS/rigveda-pur-family-method.md; 06-BRIEFS/pur-4j-corpus.md; open research PR #30,Test a public count by inspecting included and excluded occurrences in context.,"Searchable verse/source viewer with lemma, form, translation variants, passage context and counted/not-counted reason; never use book order as a date axis. For this route, centre the composition on “Vedic Ritual That Modern Indian Law Would Criminalise”.",caste-vocabulary-curve.html; dasa-forts-rigveda.html; four-varnas-one-verse.html; geography-in-vedic-texts.html; mitanni.html; mlecha.html; paid-in-cattle.html,RELEASE 1,safety correction,"Direct structural inspection at prior root-page SHA e6b6b67…; current site delta adds only prototypes, so root body is unchanged. 18 links; scripts assets/js/mk-shell.js.",Deep claim audit completed for named risk/correction pages; otherwise coverage inspection only.,https://github.com/melakeela/site/blob/769a6f646de8f6cd5e9e76874bad5c0ab12a32cc/criminalised-today.html
dasa-forts-rigveda.html,CORRECT CLAIMS,"Published rigveda page; 2821 visible words; H1: Ninety-nine forts, in Indus country, three centuries too late.",BL-1; BL-2; BL-5; BL-6; BL-12; BL-18; BL-31; BL-52,"Ninety-nine forts, in Indus country, three centuries too late. | By maṇḍala | The chronology problem | The right neighbourhood, the wrong century.","Open site PR #4 finds “150 mentions,” the 99-for-one-patron framing and Book 1/10 concentration unsupported by current registers. The “three centuries” claim is a different chronological question and is not repaired by relative strata data.","Resolve the named correction before prominence; bind every changed claim to locator, evidence role, counter-evidence and revision.",Open site PR #4 correction dossier; 03-REGISTERS/rigveda-pur-family.csv; 03-REGISTERS/rigveda-pur-passages.csv; 03-REGISTERS/rigveda-varna.csv; 03-REGISTERS/rigveda-varna-occurrences.csv; 04-AUDITS/rigveda-pur-family-method.md; 06-BRIEFS/pur-4j-corpus.md; open research PR #30,Test a public count by inspecting included and excluded occurrences in context.,"Searchable verse/source viewer with lemma, form, translation variants, passage context and counted/not-counted reason; never use book order as a date axis. For this route, centre the composition on “The Dasa Forts: Indus Country, But Centuries Too Late”.",caste-vocabulary-curve.html; criminalised-today.html; four-varnas-one-verse.html; geography-in-vedic-texts.html; mitanni.html; mlecha.html; paid-in-cattle.html,RELEASE 1,safety correction,"Direct structural inspection at prior root-page SHA e6b6b67…; current site delta adds only prototypes, so root body is unchanged. 46 links; scripts assets/js/mk-shell.js.",Deep claim audit completed for named risk/correction pages; otherwise coverage inspection only.,https://github.com/melakeela/site/blob/769a6f646de8f6cd5e9e76874bad5c0ab12a32cc/dasa-forts-rigveda.html
dravidian-sky.html,KEEP AS CONTEXT,"Published science practice page; 1651 visible words; H1: A complete sky vocabulary, a landscape time-system, and a hereditary non-Brahmin astronomer caste.",BL-18; BL-26; BL-31; BL-52; BL-69,"A complete sky vocabulary, a landscape time-system, and a hereditary non-Brahmin astronomer caste. | The lexicon | Tiṇai — time built out of landscape | The Indus question",No specific factual error established here; later claim audit remains required.,Convert the load-bearing propositions on Dravidian Star Names and Indigenous South Indian Astronomy into claim-to-record links; structural citation signals (2) are not verification.,03-REGISTERS/inherited-claims.csv; 02-SOURCES/access-ledger.csv; NONE LOCATED for accepted astronomy/music/medical source programmes,"Inspect the object or instrument, test a reconstruction and separate historical evidence from present practice.","Instrument/object/source comparison with reconstruction labels, safety limits and rights; recreated sound or practice is never presented as survival without evidence. For this route, centre the composition on “Dravidian Star Names and Indigenous South Indian Astronomy”.",ancient-south-asian-astronomy.html; siddha-and-ayurveda.html; the-medicine-question.html,RELEASE 2,retained context,"Direct structural inspection at prior root-page SHA e6b6b67…; current site delta adds only prototypes, so root body is unchanged. 45 links; scripts assets/js/mk-shell.js.",Deep claim audit completed for named risk/correction pages; otherwise coverage inspection only.,https://github.com/melakeela/site/blob/769a6f646de8f6cd5e9e76874bad5c0ab12a32cc/dravidian-sky.html
dravidian-sounds-sanskrit-lacks.html,CORRECT CLAIMS,Published dravidian page; 1971 visible words; H1: What the mouth does to a name.,BL-9; BL-10; BL-11; BL-13; BL-14; BL-18; BL-31; BL-40; BL-58; BL-69,What the mouth does to a name. | Sindhu | Tamiḻ | Meluhha,No specific factual error established here; later claim audit remains required.,Convert the load-bearing propositions on Sound Changes: Dravidian Phonemes Sanskrit Could Not Write into claim-to-record links; structural citation signals (2) are not verification.,06-BRIEFS/mvp-fifteen/11-sound-changes.md; 03-REGISTERS/domain-e-claims.csv; 03-REGISTERS/domain-e-measurements.csv; 03-REGISTERS/domain-m-brahui-position.csv; 04-AUDITS/domain-m-adversarial-review-2026-09-07.md; 05-HOLDS/HOLD-004-north-dravidian-comparative-evidence.md; open research PR #22,"Compare forms and choose which history each observation supports, complicates or cannot decide.","Side-by-side form/sound table with audio only where consented; map attestation, contact and proposed shift separately; no family-tree certainty from lexical counts. For this route, centre the composition on “Sound Changes: Dravidian Phonemes Sanskrit Could Not Write”.",elamo-dravidian-hypothesis.html; kinship-terms-south-asia.html; the-deep-root.html; the-father-tongue.html; the-languages-we-lost.html; the-northwest-cousin.html; the-plateau.html,RELEASE 1,safety correction,"Direct structural inspection at prior root-page SHA e6b6b67…; current site delta adds only prototypes, so root body is unchanged. 45 links; scripts assets/js/mk-shell.js.",Deep claim audit completed for named risk/correction pages; otherwise coverage inspection only.,https://github.com/melakeela/site/blob/769a6f646de8f6cd5e9e76874bad5c0ab12a32cc/dravidian-sounds-sanskrit-lacks.html
elamo-dravidian-hypothesis.html,KEEP AS CONTEXT,"Published dravidian page; 2142 visible words; H1: The working language of the Persian empire, written for 2,300 years and still partly undeciphered.",BL-9; BL-10; BL-11; BL-13; BL-14; BL-18; BL-31; BL-40; BL-58; BL-69,"The working language of the Persian empire, written for 2,300 years and still partly undeciphered. | The basics | Three scripts, and only one of them was ever easy | The Achaemenid archive — and a correction",Elamo-Dravidian remains a disputed proposal; archaeology and genetics cannot independently assign language.,"Resolve the named correction before prominence; bind every changed claim to locator, evidence role, counter-evidence and revision.",03-REGISTERS/domain-e-claims.csv; 03-REGISTERS/domain-e-measurements.csv; 03-REGISTERS/domain-m-brahui-position.csv; 04-AUDITS/domain-m-adversarial-review-2026-09-07.md; 05-HOLDS/HOLD-004-north-dravidian-comparative-evidence.md; open research PR #22,"Compare forms and choose which history each observation supports, complicates or cannot decide.","Side-by-side form/sound table with audio only where consented; map attestation, contact and proposed shift separately; no family-tree certainty from lexical counts. For this route, centre the composition on “Elamite and Dravidian: The Contested Language Link”.",dravidian-sounds-sanskrit-lacks.html; kinship-terms-south-asia.html; the-deep-root.html; the-father-tongue.html; the-languages-we-lost.html; the-northwest-cousin.html; the-plateau.html,RELEASE 1,safety correction,"Direct structural inspection at prior root-page SHA e6b6b67…; current site delta adds only prototypes, so root body is unchanged. 44 links; scripts assets/js/mk-shell.js.",Deep claim audit completed for named risk/correction pages; otherwise coverage inspection only.,https://github.com/melakeela/site/blob/769a6f646de8f6cd5e9e76874bad5c0ab12a32cc/elamo-dravidian-hypothesis.html
endogamy-clock.html,KEEP AS CONTEXT,Published genetics page; 1087 visible words; H1: “When mixing stopped” means two completely different things in this dataset.,BL-1; BL-5; BL-19; BL-22; BL-26; BL-30; BL-31; BL-52,"“When mixing stopped” means two completely different things in this dataset. | First: what mixed, and in what order | Now the groups — split by what their date actually means | How conclusive are these dates? Less than they look.",No specific factual error established here; later claim audit remains required.,Convert the load-bearing propositions on Dating Caste Endogamy in the Genome into claim-to-record links; structural citation signals (3) are not verification.,03-REGISTERS/inherited-claims.csv; 04-AUDITS/REAUDIT-QUEUE.csv; CORRECTIONS-PENDING.md; NONE LOCATED for an accepted methods-qualified genetics synthesis,"Separate sampled person, modelled ancestry, population history, language and identity.","Sample-to-model comparison showing sample place/date, method, confidence and limits; ancestry components never rendered as peoples or languages. For this route, centre the composition on “Dating Caste Endogamy in the Genome”.",academia-battlefield.html; beneath-both-waves.html; gotra.html; steppe.html; the-definition.html; the-expansions.html; the-genome-of-caste.html,RELEASE 2,retained context,"Direct structural inspection at prior root-page SHA e6b6b67…; current site delta adds only prototypes, so root body is unchanged. 45 links; scripts assets/js/endogamy-clock.js; assets/js/mk-shell.js.",Deep claim audit completed for named risk/correction pages; otherwise coverage inspection only.,https://github.com/melakeela/site/blob/769a6f646de8f6cd5e9e76874bad5c0ab12a32cc/endogamy-clock.html
enter.html,REDESIGN,Published threshold page; 1062 visible words; H1: Four ways in.,BL-7; BL-8; BL-28; BL-41; BL-53; BL-59,"Four ways in. | Evidence, and what it will not support. | Things you operate | Things you read",No specific factual error established here; later claim audit remains required.,"Convert the load-bearing propositions on Enter Veli: Explore, Exhibits, Evidence, Learn into claim-to-record links; structural citation signals (11) are not verification.",06-BRIEFS/mvp-fifteen/02-enter.md; 13-PRODUCT-ARCHITECTURE/museum-framework.md; 06-BRIEFS/mvp-fifteen/01-index.md; 06-BRIEFS/mvp-fifteen/02-enter.md; 06-BRIEFS/mvp-fifteen/04-veli.md,Choose a record or question and cross into its evidence trail.,"A single real record enters an unresolved field; reveal coordinates, date, source and question sequentially; test the merged A/B/C prototypes without declaring a final theme. For this route, centre the composition on “Enter Veli: Explore, Exhibits, Evidence, Learn”.",exhibits.html; explore.html; index.html; veli.html,RELEASE 2,retained context,"Direct structural inspection at prior root-page SHA e6b6b67…; current site delta adds only prototypes, so root body is unchanged. 138 links; scripts assets/js/mk-shell.js.",Deep claim audit completed for named risk/correction pages; otherwise coverage inspection only.,https://github.com/melakeela/site/blob/769a6f646de8f6cd5e9e76874bad5c0ab12a32cc/enter.html
excavation-bias-funding.html,KEEP AS CONTEXT,Published indus archaeology page; 1118 visible words; H1: Many gaps in this record follow the money and the politics of excavation.,BL-11; BL-18; BL-25; BL-26; BL-27; BL-28; BL-30; BL-31; BL-66; BL-67,"Many gaps in this record follow the money and the politics of excavation. | The mechanism | Keeladi | The same filters, applied to this platform",No specific factual error established here; later claim audit remains required.,Convert the load-bearing propositions on Excavation Bias: Who Funds Digs and Why Keeladi Waits into claim-to-record links; structural citation signals (4) are not verification.,06-BRIEFS/mvp-fifteen/07-keeladi.md; 06-BRIEFS/mvp-fifteen/08-before-the-indus.md; 06-BRIEFS/mvp-fifteen/09-the-water-city.md; 03-REGISTERS/inherited-claims.csv; 02-SOURCES/access-ledger.csv,"Excavate context, date the layer and decide what the object can and cannot establish.","Excavation/context view with trench, layer, object, date range and alternative reading; movement maps separate material from people and language. For this route, centre the composition on “Excavation Bias: Who Funds Digs and Why Keeladi Waits”.",before-the-indus.html; brahmi.html; indus-to-vedic-gap.html; keeladi.html; material-culture-ancient-south-asia.html; meluhha-trade.html; one-script-many-kingdoms.html,RELEASE 2,retained context,"Direct structural inspection at prior root-page SHA e6b6b67…; current site delta adds only prototypes, so root body is unchanged. 46 links; scripts assets/js/mk-shell.js.",Deep claim audit completed for named risk/correction pages; otherwise coverage inspection only.,https://github.com/melakeela/site/blob/769a6f646de8f6cd5e9e76874bad5c0ab12a32cc/excavation-bias-funding.html
exhibits.html,REDESIGN,"Published threshold page; 2091 visible words; H1: Six lines of enquiry, each followed through the sources.",BL-7; BL-8; BL-28; BL-41; BL-53; BL-59,"Six lines of enquiry, each followed through the sources. | Caste — how it was built | The Rigveda and its world | Deep history and archaeology",No specific factual error established here; later claim audit remains required.,"Convert the load-bearing propositions on Exhibits: the arguments, grouped by what they follow into claim-to-record links; structural citation signals (4) are not verification.",13-PRODUCT-ARCHITECTURE/museum-framework.md; 06-BRIEFS/mvp-fifteen/01-index.md; 06-BRIEFS/mvp-fifteen/02-enter.md; 06-BRIEFS/mvp-fifteen/04-veli.md,Choose a record or question and cross into its evidence trail.,"A single real record enters an unresolved field; reveal coordinates, date, source and question sequentially; test the merged A/B/C prototypes without declaring a final theme. For this route, centre the composition on “Exhibits: the arguments, grouped by what they follow”.",enter.html; explore.html; index.html; veli.html,RELEASE 2,retained context,"Direct structural inspection at prior root-page SHA e6b6b67…; current site delta adds only prototypes, so root body is unchanged. 143 links; scripts assets/js/mk-shell.js.",Deep claim audit completed for named risk/correction pages; otherwise coverage inspection only.,https://github.com/melakeela/site/blob/769a6f646de8f6cd5e9e76874bad5c0ab12a32cc/exhibits.html
explore.html,REDESIGN,"Published threshold page; 796 visible words; H1: Things you can operate, not just read.",BL-7; BL-8; BL-28; BL-41; BL-53; BL-59,"Things you can operate, not just read. | The map | Instruments | Evidence and indexes",No specific factual error established here; later claim audit remains required.,"Convert the load-bearing propositions on Explore Mela Keela: the atlas, the instruments, the evidence into claim-to-record links; structural citation signals (5) are not verification.",13-PRODUCT-ARCHITECTURE/museum-framework.md; 06-BRIEFS/mvp-fifteen/01-index.md; 06-BRIEFS/mvp-fifteen/02-enter.md; 06-BRIEFS/mvp-fifteen/04-veli.md,Choose a record or question and cross into its evidence trail.,"A single real record enters an unresolved field; reveal coordinates, date, source and question sequentially; test the merged A/B/C prototypes without declaring a final theme. For this route, centre the composition on “Explore Mela Keela: the atlas, the instruments, the evidence”.",enter.html; exhibits.html; index.html; veli.html,RELEASE 2,retained context,"Direct structural inspection at prior root-page SHA e6b6b67…; current site delta adds only prototypes, so root body is unchanged. 50 links; scripts assets/js/mk-shell.js.",Deep claim audit completed for named risk/correction pages; otherwise coverage inspection only.,https://github.com/melakeela/site/blob/769a6f646de8f6cd5e9e76874bad5c0ab12a32cc/explore.html
foreign-accounts-ancient-india.html,KEEP AS CONTEXT,Published archive power page; 1664 visible words; H1: Three Chinese monks spent fifty years in India and wrote it all down.,BL-6; BL-18; BL-26; BL-31; BL-42; BL-43; BL-45; BL-52; BL-55,"Three Chinese monks spent fifty years in India and wrote it all down. | Eleven centuries of contact | The three | Faxian, and untouchability at c. 400 CE",No specific factual error established here; later claim audit remains required.,Convert the load-bearing propositions on Foreign Visitors' Accounts of Ancient India into claim-to-record links; structural citation signals (6) are not verification.,04-AUDITS/ARCHIVE-AND-POWER-AUDIT.csv; 04-AUDITS/BIAS-FAILURE-LOG.csv; 06-BRIEFS/mvp-fifteen/14-custody.md; 06-BRIEFS/mvp-fifteen/15-the-archive.md,"Trace a claim backward through author, archive, translation, funding and omission.","Source-genealogy network showing who recorded, preserved, translated, funded and excluded; motive appears only when documented. For this route, centre the composition on “Foreign Visitors' Accounts of Ancient India”.",authorship-attribution-ancient-texts.html; chains-of-transmission.html; forest-peoples-sanskrit-record.html; indology.html; manuscript-custody.html; naming-in-ancient-india.html; oral-traditions-unwritten.html,RELEASE 2,retained context,"Direct structural inspection at prior root-page SHA e6b6b67…; current site delta adds only prototypes, so root body is unchanged. 35 links; scripts assets/js/mk-shell.js.",Deep claim audit completed for named risk/correction pages; otherwise coverage inspection only.,https://github.com/melakeela/site/blob/769a6f646de8f6cd5e9e76874bad5c0ab12a32cc/foreign-accounts-ancient-india.html
forest-peoples-sanskrit-record.html,DEEPEN,Published archive power page; 1721 visible words; H1: Āraṇya “the elsewhere”,BL-6; BL-18; BL-26; BL-31; BL-42; BL-43; BL-45; BL-52; BL-55,Āraṇya “the elsewhere” | The tradition named its metaphysical revolution after the place its ritual system treated as outside. | And then they burned it. | The same forest is the source of the knowledge and the target of the violence.,No specific factual error established here; later claim audit remains required.,Convert the load-bearing propositions on Forest Peoples in the Sanskrit Record into claim-to-record links; structural citation signals (4) are not verification.,04-AUDITS/ARCHIVE-AND-POWER-AUDIT.csv; 04-AUDITS/BIAS-FAILURE-LOG.csv; 06-BRIEFS/mvp-fifteen/14-custody.md; 06-BRIEFS/mvp-fifteen/15-the-archive.md,"Trace a claim backward through author, archive, translation, funding and omission.","Source-genealogy network showing who recorded, preserved, translated, funded and excluded; motive appears only when documented. For this route, centre the composition on “Forest Peoples in the Sanskrit Record”.",authorship-attribution-ancient-texts.html; chains-of-transmission.html; foreign-accounts-ancient-india.html; indology.html; manuscript-custody.html; naming-in-ancient-india.html; oral-traditions-unwritten.html,RELEASE 2,retained context,"Direct structural inspection at prior root-page SHA e6b6b67…; current site delta adds only prototypes, so root body is unchanged. 46 links; scripts assets/js/forest-peoples-sanskrit-record.js; assets/js/mk-shell.js.",Deep claim audit completed for named risk/correction pages; otherwise coverage inspection only.,https://github.com/melakeela/site/blob/769a6f646de8f6cd5e9e76874bad5c0ab12a32cc/forest-peoples-sanskrit-record.html
four-varnas-one-verse.html,DEEPEN,Published rigveda page; 2053 visible words; H1: The explicit fourfold varṇa scheme appears together in one Rigvedic verse.,BL-1; BL-2; BL-5; BL-6; BL-12; BL-18; BL-31; BL-52,"The explicit fourfold varṇa scheme appears together in one Rigvedic verse. | The full count, by book | What the earlier layer shows instead | Two schools, one doctrine, one accretion",No specific factual error established here; later claim audit remains required.,Convert the load-bearing propositions on The Four Varnas Appear Together in One Rigvedic Verse into claim-to-record links; structural citation signals (3) are not verification.,03-REGISTERS/rigveda-pur-family.csv; 03-REGISTERS/rigveda-pur-passages.csv; 03-REGISTERS/rigveda-varna.csv; 03-REGISTERS/rigveda-varna-occurrences.csv; 04-AUDITS/rigveda-pur-family-method.md; 06-BRIEFS/pur-4j-corpus.md; open research PR #30,Test a public count by inspecting included and excluded occurrences in context.,"Searchable verse/source viewer with lemma, form, translation variants, passage context and counted/not-counted reason; never use book order as a date axis. For this route, centre the composition on “The Four Varnas Appear Together in One Rigvedic Verse”.",caste-vocabulary-curve.html; criminalised-today.html; dasa-forts-rigveda.html; geography-in-vedic-texts.html; mitanni.html; mlecha.html; paid-in-cattle.html,RELEASE 2,retained context,"Direct structural inspection at prior root-page SHA e6b6b67…; current site delta adds only prototypes, so root body is unchanged. 46 links; scripts assets/js/mk-shell.js.",Deep claim audit completed for named risk/correction pages; otherwise coverage inspection only.,https://github.com/melakeela/site/blob/769a6f646de8f6cd5e9e76874bad5c0ab12a32cc/four-varnas-one-verse.html
geography-in-vedic-texts.html,CORRECT CLAIMS,Published rigveda page; 3285 visible words; H1: Two rivers carry the corpus: the Indus and the Sarasvatī.,BL-1; BL-2; BL-5; BL-6; BL-12; BL-18; BL-31; BL-52,Two rivers carry the corpus: the Indus and the Sarasvatī. | Rivers by maṇḍala | The northwest is in the oldest layer | Where the river names come from,Hydronym resemblance requires form-by-form chronology and alternatives; it does not decide inheritance or direction.,"Resolve the named correction before prominence; bind every changed claim to locator, evidence role, counter-evidence and revision.",03-REGISTERS/rigveda-pur-family.csv; 03-REGISTERS/rigveda-pur-passages.csv; 03-REGISTERS/rigveda-varna.csv; 03-REGISTERS/rigveda-varna-occurrences.csv; 04-AUDITS/rigveda-pur-family-method.md; 06-BRIEFS/pur-4j-corpus.md; open research PR #30,Test a public count by inspecting included and excluded occurrences in context.,"Searchable verse/source viewer with lemma, form, translation variants, passage context and counted/not-counted reason; never use book order as a date axis. For this route, centre the composition on “Mapping the Geography Inside the Vedic Texts”.",caste-vocabulary-curve.html; criminalised-today.html; dasa-forts-rigveda.html; four-varnas-one-verse.html; mitanni.html; mlecha.html; paid-in-cattle.html,RELEASE 1,safety correction,"Direct structural inspection at prior root-page SHA e6b6b67…; current site delta adds only prototypes, so root body is unchanged. 45 links; scripts assets/js/mk-shell.js.",Deep claim audit completed for named risk/correction pages; otherwise coverage inspection only.,https://github.com/melakeela/site/blob/769a6f646de8f6cd5e9e76874bad5c0ab12a32cc/geography-in-vedic-texts.html
gotra.html,DEEPEN,"Published genetics page; 896 visible words; H1: The founder effects are at the jāti, not the gotra — and that is exactly what the two rules predict.",BL-1; BL-5; BL-19; BL-22; BL-26; BL-30; BL-31; BL-52,"The founder effects are at the jāti, not the gotra — and that is exactly what the two rules predict. | What gotra claims | What the data does show | Limits",No specific factual error established here; later claim audit remains required.,Convert the load-bearing propositions on Gotra and Genetics: Lineage Exogamy in South Asian DNA into claim-to-record links; structural citation signals (2) are not verification.,03-REGISTERS/inherited-claims.csv; 04-AUDITS/REAUDIT-QUEUE.csv; CORRECTIONS-PENDING.md; NONE LOCATED for an accepted methods-qualified genetics synthesis,"Separate sampled person, modelled ancestry, population history, language and identity.","Sample-to-model comparison showing sample place/date, method, confidence and limits; ancestry components never rendered as peoples or languages. For this route, centre the composition on “Gotra and Genetics: Lineage Exogamy in South Asian DNA”.",academia-battlefield.html; beneath-both-waves.html; endogamy-clock.html; steppe.html; the-definition.html; the-expansions.html; the-genome-of-caste.html,RELEASE 2,retained context,"Direct structural inspection at prior root-page SHA e6b6b67…; current site delta adds only prototypes, so root body is unchanged. 36 links; scripts assets/js/mk-shell.js.",Deep claim audit completed for named risk/correction pages; otherwise coverage inspection only.,https://github.com/melakeela/site/blob/769a6f646de8f6cd5e9e76874bad5c0ab12a32cc/gotra.html
how-buddhism-left.html,KEEP AS CONTEXT,"Published religion text page; 1530 visible words; H1: A religion born in Bihar, dominant for a thousand years, and almost entirely gone from India by 1300.",BL-6; BL-15; BL-16; BL-17; BL-18; BL-31; BL-52,"A religion born in Bihar, dominant for a thousand years, and almost entirely gone from India by 1300. | The four explanations. | The structural weakness. | Absorption, which is not the same as defeat.",No specific factual error established here; later claim audit remains required.,Convert the load-bearing propositions on How Buddhism Left India: A Disappearance With No Single Cause into claim-to-record links; structural citation signals (6) are not verification.,03-REGISTERS/inherited-claims.csv; 02-SOURCES/access-ledger.csv; NONE LOCATED for accepted Pāli/Prakrit/Jain/Aśokan/Chinese-pilgrim corpus parity,"Compare who is speaking and whether the source is self-description, opponent report or later transmission.","Parallel source/voice viewer that distinguishes self-description, rival report, later commentary and modern reconstruction. For this route, centre the composition on “How Buddhism Left India: A Disappearance With No Single Cause”.",brahmavadini.html; bronkhorst.html; panini.html; the-broken-chain.html; the-computed-dawn.html; the-eastern-tradition.html; the-gods-people-had.html,RELEASE 2,retained context,"Direct structural inspection at prior root-page SHA e6b6b67…; current site delta adds only prototypes, so root body is unchanged. 29 links; scripts assets/js/mk-shell.js; assets/js/mk-exhibit.js; assets/js/mk-ai.js.",Deep claim audit completed for named risk/correction pages; otherwise coverage inspection only.,https://github.com/melakeela/site/blob/769a6f646de8f6cd5e9e76874bad5c0ab12a32cc/how-buddhism-left.html
index.html,REDESIGN,Published threshold page; 341 visible words; H1: Mela Keela — Veḷi: a digital museum of ancient South Asia,BL-7; BL-8; BL-28; BL-41; BL-53; BL-59,"Mela Keela — Veḷi: a digital museum of ancient South Asia | The siddhars gave the highest thing they knew the same name as an empty field. | A museum of ancient South Asia, and of what was kept out of it.",No specific factual error established here; later claim audit remains required.,Convert the load-bearing propositions on Veli: A Digital Museum of Ancient South Asia into claim-to-record links; structural citation signals (3) are not verification.,06-BRIEFS/mvp-fifteen/01-index.md; 13-PRODUCT-ARCHITECTURE/museum-framework.md; 06-BRIEFS/mvp-fifteen/01-index.md; 06-BRIEFS/mvp-fifteen/02-enter.md; 06-BRIEFS/mvp-fifteen/04-veli.md,Choose a record or question and cross into its evidence trail.,"A single real record enters an unresolved field; reveal coordinates, date, source and question sequentially; test the merged A/B/C prototypes without declaring a final theme. For this route, centre the composition on “Veli: A Digital Museum of Ancient South Asia”.",enter.html; exhibits.html; explore.html; veli.html,RELEASE 1,enabler,"Direct structural inspection at prior root-page SHA e6b6b67…; current site delta adds only prototypes, so root body is unchanged. 3 links; scripts assets/js/index.js; assets/js/mk-shell.js.",Deep claim audit completed for named risk/correction pages; otherwise coverage inspection only.,https://github.com/melakeela/site/blob/769a6f646de8f6cd5e9e76874bad5c0ab12a32cc/index.html
indology.html,REFRAME,"Published archive power page; 4026 visible words; H1: A discipline founded to run courts, which read one dead language and legislated for a subcontinent.",BL-6; BL-18; BL-26; BL-31; BL-42; BL-43; BL-45; BL-52; BL-55,"A discipline founded to run courts, which read one dead language and legislated for a subcontinent. | 1 · It began as a legal project | 2 · The canon was curated by interested parties | 3 · The attribution failure at the origin","Archive and colonial-category critique require documentary genealogy, not inferred collective motive.","Resolve the named correction before prominence; bind every changed claim to locator, evidence role, counter-evidence and revision.",04-AUDITS/ARCHIVE-AND-POWER-AUDIT.csv; 04-AUDITS/BIAS-FAILURE-LOG.csv; 06-BRIEFS/mvp-fifteen/14-custody.md; 06-BRIEFS/mvp-fifteen/15-the-archive.md,"Trace a claim backward through author, archive, translation, funding and omission.","Source-genealogy network showing who recorded, preserved, translated, funded and excluded; motive appears only when documented. For this route, centre the composition on “Western Indology and Its Asymmetric Evidence Standards”.",authorship-attribution-ancient-texts.html; chains-of-transmission.html; foreign-accounts-ancient-india.html; forest-peoples-sanskrit-record.html; manuscript-custody.html; naming-in-ancient-india.html; oral-traditions-unwritten.html,RELEASE 1,safety correction,"Direct structural inspection at prior root-page SHA e6b6b67…; current site delta adds only prototypes, so root body is unchanged. 48 links; scripts assets/js/mk-shell.js.",Deep claim audit completed for named risk/correction pages; otherwise coverage inspection only.,https://github.com/melakeela/site/blob/769a6f646de8f6cd5e9e76874bad5c0ab12a32cc/indology.html
indus-to-vedic-gap.html,KEEP AS CONTEXT,Published indus archaeology page; 1339 visible words; H1: Greek writing survives for 250 years and produces no literature. Then it stops for four centuries.,BL-11; BL-18; BL-25; BL-26; BL-27; BL-28; BL-30; BL-31; BL-66; BL-67,"Greek writing survives for 250 years and produces no literature. Then it stops for four centuries. | What the Aegean scripts actually contain | Then the writing stops | Where the first philosophers were, and what they were credited with taking",No specific factual error established here; later claim audit remains required.,Convert the load-bearing propositions on The Gap Between the Indus and the Vedic Texts into claim-to-record links; structural citation signals (3) are not verification.,06-BRIEFS/mvp-fifteen/07-keeladi.md; 06-BRIEFS/mvp-fifteen/08-before-the-indus.md; 06-BRIEFS/mvp-fifteen/09-the-water-city.md; 03-REGISTERS/inherited-claims.csv; 02-SOURCES/access-ledger.csv,"Excavate context, date the layer and decide what the object can and cannot establish.","Excavation/context view with trench, layer, object, date range and alternative reading; movement maps separate material from people and language. For this route, centre the composition on “The Gap Between the Indus and the Vedic Texts”.",before-the-indus.html; brahmi.html; excavation-bias-funding.html; keeladi.html; material-culture-ancient-south-asia.html; meluhha-trade.html; one-script-many-kingdoms.html,RELEASE 2,retained context,"Direct structural inspection at prior root-page SHA e6b6b67…; current site delta adds only prototypes, so root body is unchanged. 44 links; scripts assets/js/mk-shell.js.",Deep claim audit completed for named risk/correction pages; otherwise coverage inspection only.,https://github.com/melakeela/site/blob/769a6f646de8f6cd5e9e76874bad5c0ab12a32cc/indus-to-vedic-gap.html
jatization.html,KEEP AS CONTEXT,"Published caste law page; 1378 visible words; H1: A colour-word became a cage. Untouchability came last, and by design.",BL-1; BL-5; BL-6; BL-18; BL-26; BL-31; BL-52,"A colour-word became a cage. Untouchability came last, and by design. | The word for birth was rare, then everywhere. | Jātization: how varṇa froze. | The untouchable arrives last.",No specific factual error established here; later claim audit remains required.,Convert the load-bearing propositions on Jatization: How Varna Hardened into Birth-Bound Caste into claim-to-record links; structural citation signals (11) are not verification.,03-REGISTERS/rigveda-varna.csv; rigveda-varna-occurrences.csv; CORRECTIONS-PENDING.md; 03-REGISTERS/inherited-claims.csv,Track one term or institution across dated records and identify where the archive cannot support continuity.,"Term-and-institution timeline with place/genre/date filters, counterexamples and archive gaps; avoid a single inevitable curve. For this route, centre the composition on “Jatization: How Varna Hardened into Birth-Bound Caste”.",birth-was-not-always-destiny.html; caste-enforcement-mechanism.html; caste-survives-conversion.html; caste-was-law.html; climbing-the-ladder.html; counted-as-nothing.html; non-brahmanical-legal-traditions.html,RELEASE 2,retained context,"Direct structural inspection at prior root-page SHA e6b6b67…; current site delta adds only prototypes, so root body is unchanged. 21 links; scripts assets/js/mk-shell.js.",Deep claim audit completed for named risk/correction pages; otherwise coverage inspection only.,https://github.com/melakeela/site/blob/769a6f646de8f6cd5e9e76874bad5c0ab12a32cc/jatization.html
keeladi.html,CORRECT CLAIMS,Published indus archaeology page; 1305 visible words; H1: Keeladi: a literate southern city — and an excavation the state could not leave alone.,BL-11; BL-18; BL-25; BL-26; BL-27; BL-28; BL-30; BL-31; BL-66; BL-67,Keeladi: a literate southern city — and an excavation the state could not leave alone. | What came out of the ground. | The finding that mattered most: everyone could write. | Then the record itself became the story.,"The title asserts a literate Tamil city; marks/graffiti do not by themselves establish population-wide literacy, language or script identity.","Resolve the named correction before prominence; bind every changed claim to locator, evidence role, counter-evidence and revision.",06-BRIEFS/mvp-fifteen/07-keeladi.md; 06-BRIEFS/mvp-fifteen/07-keeladi.md; 06-BRIEFS/mvp-fifteen/08-before-the-indus.md; 06-BRIEFS/mvp-fifteen/09-the-water-city.md; 03-REGISTERS/inherited-claims.csv; 02-SOURCES/access-ledger.csv,"Excavate context, date the layer and decide what the object can and cannot establish.","Excavation/context view with trench, layer, object, date range and alternative reading; movement maps separate material from people and language. For this route, centre the composition on “Keeladi: A Literate Tamil City from 6th Century BCE”.",before-the-indus.html; brahmi.html; excavation-bias-funding.html; indus-to-vedic-gap.html; material-culture-ancient-south-asia.html; meluhha-trade.html; one-script-many-kingdoms.html,RELEASE 1,flagship,"Direct structural inspection at prior root-page SHA e6b6b67…; current site delta adds only prototypes, so root body is unchanged. 17 links; scripts assets/js/mk-shell.js.",Deep claim audit completed for named risk/correction pages; otherwise coverage inspection only.,https://github.com/melakeela/site/blob/769a6f646de8f6cd5e9e76874bad5c0ab12a32cc/keeladi.html
kinship-terms-south-asia.html,KEEP AS CONTEXT,"Published dravidian page; 6129 visible words; H1: Cousin marriage, polyandry and matriliny in South Asia — and why the north–south story does not survive contact with Iran.",BL-9; BL-10; BL-11; BL-13; BL-14; BL-18; BL-31; BL-40; BL-58; BL-69,"Cousin marriage, polyandry and matriliny in South Asia — and why the north–south story does not survive contact with Iran. | Xwēdōdah — the Iranian practice that breaks the framing | Close-kin marriage across the ancient world | Do the uniparental markers matter?",No specific factual error established here; later claim audit remains required.,Convert the load-bearing propositions on Kinship Terms and What They Reveal About Ancient Society into claim-to-record links; structural citation signals (7) are not verification.,03-REGISTERS/domain-e-claims.csv; 03-REGISTERS/domain-e-measurements.csv; 03-REGISTERS/domain-m-brahui-position.csv; 04-AUDITS/domain-m-adversarial-review-2026-09-07.md; 05-HOLDS/HOLD-004-north-dravidian-comparative-evidence.md; open research PR #22,"Compare forms and choose which history each observation supports, complicates or cannot decide.","Side-by-side form/sound table with audio only where consented; map attestation, contact and proposed shift separately; no family-tree certainty from lexical counts. For this route, centre the composition on “Kinship Terms and What They Reveal About Ancient Society”.",dravidian-sounds-sanskrit-lacks.html; elamo-dravidian-hypothesis.html; the-deep-root.html; the-father-tongue.html; the-languages-we-lost.html; the-northwest-cousin.html; the-plateau.html,RELEASE 2,retained context,"Direct structural inspection at prior root-page SHA e6b6b67…; current site delta adds only prototypes, so root body is unchanged. 45 links; scripts assets/js/mk-shell.js.",Deep claim audit completed for named risk/correction pages; otherwise coverage inspection only.,https://github.com/melakeela/site/blob/769a6f646de8f6cd5e9e76874bad5c0ab12a32cc/kinship-terms-south-asia.html
kural.html,KEEP AS CONTEXT,"Published tamil page; 952 visible words; H1: Thirteen hundred and thirty couplets on how to live, and the word for caste is not in any of them.",BL-14; BL-18; BL-31; BL-39; BL-40; BL-58; BL-61; BL-69,"Thirteen hundred and thirty couplets on how to live, and the word for caste is not in any of them. | Kuṟaḷ 972 | And 409, which goes further | What the text does have",No specific factual error established here; later claim audit remains required.,Convert the load-bearing propositions on Tirukkural: Tamil Ethics Without Caste or Ritual into claim-to-record links; structural citation signals (5) are not verification.,06-BRIEFS/mvp-fifteen/10-kural.md; 06-BRIEFS/mvp-fifteen/05-tinai.md; 06-BRIEFS/mvp-fifteen/10-kural.md; 06-BRIEFS/mvp-fifteen/11-sound-changes.md; 02-SOURCES/access-ledger.csv; NONE LOCATED for an accepted Tamil-corpus parity set,"Move among text, commentary, material setting and living interpretation without collapsing them.","Text/object/audio encounter separating early textual meaning, commentary, later/living interpretation and MelaKeela’s contemporary use; no generic landscape decoration. For this route, centre the composition on “Tirukkural: Tamil Ethics Without Caste or Ritual”.",music.html; the-guilds-and-the-raid.html; the-lost-harp.html; tinai.html; where-music-begins.html,RELEASE 2,retained context,"Direct structural inspection at prior root-page SHA e6b6b67…; current site delta adds only prototypes, so root body is unchanged. 29 links; scripts assets/js/mk-shell.js.",Deep claim audit completed for named risk/correction pages; otherwise coverage inspection only.,https://github.com/melakeela/site/blob/769a6f646de8f6cd5e9e76874bad5c0ab12a32cc/kural.html
manuscript-custody.html,KEEP AS CONTEXT,Published archive power page; 1383 visible words; H1: Every text was kept by someone with something at stake.,BL-6; BL-18; BL-26; BL-31; BL-42; BL-43; BL-45; BL-52; BL-55,Every text was kept by someone with something at stake. | The standing question: whose record is this? | The schism: what Yājñavalkya actually rejected | What happened to those who refused,No specific factual error established here; later claim audit remains required.,Convert the load-bearing propositions on Manuscript Custody: Who Held the Texts and Who Was Kept Out into claim-to-record links; structural citation signals (5) are not verification.,06-BRIEFS/mvp-fifteen/14-custody.md; 04-AUDITS/ARCHIVE-AND-POWER-AUDIT.csv; 04-AUDITS/BIAS-FAILURE-LOG.csv; 06-BRIEFS/mvp-fifteen/14-custody.md; 06-BRIEFS/mvp-fifteen/15-the-archive.md,"Trace a claim backward through author, archive, translation, funding and omission.","Source-genealogy network showing who recorded, preserved, translated, funded and excluded; motive appears only when documented. For this route, centre the composition on “Manuscript Custody: Who Held the Texts and Who Was Kept Out”.",authorship-attribution-ancient-texts.html; chains-of-transmission.html; foreign-accounts-ancient-india.html; forest-peoples-sanskrit-record.html; indology.html; naming-in-ancient-india.html; oral-traditions-unwritten.html,RELEASE 2,retained context,"Direct structural inspection at prior root-page SHA e6b6b67…; current site delta adds only prototypes, so root body is unchanged. 16 links; scripts assets/js/mk-shell.js.",Deep claim audit completed for named risk/correction pages; otherwise coverage inspection only.,https://github.com/melakeela/site/blob/769a6f646de8f6cd5e9e76874bad5c0ab12a32cc/manuscript-custody.html
material-culture-ancient-south-asia.html,KEEP AS CONTEXT,Published indus archaeology page; 1437 visible words; H1: No word for the plough until the last layer.,BL-11; BL-18; BL-25; BL-26; BL-27; BL-28; BL-30; BL-31; BL-66; BL-67,No word for the plough until the last layer. | Settlement — the inversion | Agriculture — the decisive absence | Trade — almost nothing,No specific factual error established here; later claim audit remains required.,Convert the load-bearing propositions on What They Had: Material Culture of Ancient South Asia into claim-to-record links; structural citation signals (2) are not verification.,06-BRIEFS/mvp-fifteen/07-keeladi.md; 06-BRIEFS/mvp-fifteen/08-before-the-indus.md; 06-BRIEFS/mvp-fifteen/09-the-water-city.md; 03-REGISTERS/inherited-claims.csv; 02-SOURCES/access-ledger.csv,"Excavate context, date the layer and decide what the object can and cannot establish.","Excavation/context view with trench, layer, object, date range and alternative reading; movement maps separate material from people and language. For this route, centre the composition on “What They Had: Material Culture of Ancient South Asia”.",before-the-indus.html; brahmi.html; excavation-bias-funding.html; indus-to-vedic-gap.html; keeladi.html; meluhha-trade.html; one-script-many-kingdoms.html,RELEASE 2,retained context,"Direct structural inspection at prior root-page SHA e6b6b67…; current site delta adds only prototypes, so root body is unchanged. 45 links; scripts assets/js/mk-shell.js.",Deep claim audit completed for named risk/correction pages; otherwise coverage inspection only.,https://github.com/melakeela/site/blob/769a6f646de8f6cd5e9e76874bad5c0ab12a32cc/material-culture-ancient-south-asia.html
meluhha-trade.html,KEEP AS CONTEXT,"Published indus archaeology page; 1684 visible words; H1: Meluhha: the Indus world, written down by its trading partners.",BL-11; BL-18; BL-25; BL-26; BL-27; BL-28; BL-30; BL-31; BL-66; BL-67,"Meluhha: the Indus world, written down by its trading partners. | The land the Sumerians called Meluhha. | The proof the Indus was there: its own seals turned up first. | The translator.",No specific factual error established here; later claim audit remains required.,Convert the load-bearing propositions on Meluhha Trade: The Indus Seen Through Mesopotamia into claim-to-record links; structural citation signals (12) are not verification.,06-BRIEFS/mvp-fifteen/07-keeladi.md; 06-BRIEFS/mvp-fifteen/08-before-the-indus.md; 06-BRIEFS/mvp-fifteen/09-the-water-city.md; 03-REGISTERS/inherited-claims.csv; 02-SOURCES/access-ledger.csv,"Excavate context, date the layer and decide what the object can and cannot establish.","Excavation/context view with trench, layer, object, date range and alternative reading; movement maps separate material from people and language. For this route, centre the composition on “Meluhha Trade: The Indus Seen Through Mesopotamia”.",before-the-indus.html; brahmi.html; excavation-bias-funding.html; indus-to-vedic-gap.html; keeladi.html; material-culture-ancient-south-asia.html; one-script-many-kingdoms.html,RELEASE 2,retained context,"Direct structural inspection at prior root-page SHA e6b6b67…; current site delta adds only prototypes, so root body is unchanged. 18 links; scripts assets/js/mk-shell.js.",Deep claim audit completed for named risk/correction pages; otherwise coverage inspection only.,https://github.com/melakeela/site/blob/769a6f646de8f6cd5e9e76874bad5c0ab12a32cc/meluhha-trade.html
mitanni.html,DEEPEN,"Published rigveda page; 902 visible words; H1: Mitra, Varuṇa, Indra and the Nāsatyas are invoked in a Hittite treaty in northern Syria.",BL-1; BL-2; BL-5; BL-6; BL-12; BL-18; BL-31; BL-52,"Mitra, Varuṇa, Indra and the Nāsatyas are invoked in a Hittite treaty in northern Syria. | What the documents say | What this does to the chronology | The detail that connects to this platform's own data",No specific factual error established here; later claim audit remains required.,Convert the load-bearing propositions on Mitanni: Indo-Aryan Names in a Syrian Kingdom into claim-to-record links; structural citation signals (3) are not verification.,03-REGISTERS/rigveda-pur-family.csv; 03-REGISTERS/rigveda-pur-passages.csv; 03-REGISTERS/rigveda-varna.csv; 03-REGISTERS/rigveda-varna-occurrences.csv; 04-AUDITS/rigveda-pur-family-method.md; 06-BRIEFS/pur-4j-corpus.md; open research PR #30,Test a public count by inspecting included and excluded occurrences in context.,"Searchable verse/source viewer with lemma, form, translation variants, passage context and counted/not-counted reason; never use book order as a date axis. For this route, centre the composition on “Mitanni: Indo-Aryan Names in a Syrian Kingdom”.",caste-vocabulary-curve.html; criminalised-today.html; dasa-forts-rigveda.html; four-varnas-one-verse.html; geography-in-vedic-texts.html; mlecha.html; paid-in-cattle.html,RELEASE 2,retained context,"Direct structural inspection at prior root-page SHA e6b6b67…; current site delta adds only prototypes, so root body is unchanged. 43 links; scripts assets/js/mk-shell.js.",Deep claim audit completed for named risk/correction pages; otherwise coverage inspection only.,https://github.com/melakeela/site/blob/769a6f646de8f6cd5e9e76874bad5c0ab12a32cc/mitanni.html
mlecha.html,DEEPEN,Published rigveda page; 51 visible words; H1: NONE,BL-1; BL-2; BL-5; BL-6; BL-12; BL-18; BL-31; BL-52,Mleccha: The Word for Those Who Spoke Wrongly,No specific factual error established here; later claim audit remains required.,Convert the load-bearing propositions on Mleccha: The Word for Those Who Spoke Wrongly into claim-to-record links; structural citation signals (1) are not verification.,03-REGISTERS/rigveda-pur-family.csv; 03-REGISTERS/rigveda-pur-passages.csv; 03-REGISTERS/rigveda-varna.csv; 03-REGISTERS/rigveda-varna-occurrences.csv; 04-AUDITS/rigveda-pur-family-method.md; 06-BRIEFS/pur-4j-corpus.md; open research PR #30,Test a public count by inspecting included and excluded occurrences in context.,"Searchable verse/source viewer with lemma, form, translation variants, passage context and counted/not-counted reason; never use book order as a date axis. For this route, centre the composition on “Mleccha: The Word for Those Who Spoke Wrongly”.",caste-vocabulary-curve.html; criminalised-today.html; dasa-forts-rigveda.html; four-varnas-one-verse.html; geography-in-vedic-texts.html; mitanni.html; paid-in-cattle.html,RELEASE 2,retained context,"Direct structural inspection at prior root-page SHA e6b6b67…; current site delta adds only prototypes, so root body is unchanged. 14 links; scripts assets/js/mlecha.js; assets/js/mk-shell.js.",Deep claim audit completed for named risk/correction pages; otherwise coverage inspection only.,https://github.com/melakeela/site/blob/769a6f646de8f6cd5e9e76874bad5c0ab12a32cc/mlecha.html
music.html,DEEPEN,Published tamil page; 1172 visible words; H1: The Tamil harp is extinct in India and still played in Burma.,BL-14; BL-18; BL-31; BL-39; BL-40; BL-58; BL-61; BL-69,The Tamil harp is extinct in India and still played in Burma. | The yāḻ | The saung-gauk | Paṇ and rāga,No specific factual error established here; later claim audit remains required.,Convert the load-bearing propositions on Tamil Pan to Raga: Music Systems of Ancient South Asia into claim-to-record links; structural citation signals (2) are not verification.,06-BRIEFS/mvp-fifteen/05-tinai.md; 06-BRIEFS/mvp-fifteen/10-kural.md; 06-BRIEFS/mvp-fifteen/11-sound-changes.md; 02-SOURCES/access-ledger.csv; NONE LOCATED for an accepted Tamil-corpus parity set,"Move among text, commentary, material setting and living interpretation without collapsing them.","Text/object/audio encounter separating early textual meaning, commentary, later/living interpretation and MelaKeela’s contemporary use; no generic landscape decoration. For this route, centre the composition on “Tamil Pan to Raga: Music Systems of Ancient South Asia”.",kural.html; the-guilds-and-the-raid.html; the-lost-harp.html; tinai.html; where-music-begins.html,RELEASE 2,retained context,"Direct structural inspection at prior root-page SHA e6b6b67…; current site delta adds only prototypes, so root body is unchanged. 43 links; scripts assets/js/mk-shell.js.",Deep claim audit completed for named risk/correction pages; otherwise coverage inspection only.,https://github.com/melakeela/site/blob/769a6f646de8f6cd5e9e76874bad5c0ab12a32cc/music.html
naming-in-ancient-india.html,CORRECT CLAIMS,Published archive power page; 1396 visible words; H1: Three of the named enemies have names Sanskrit cannot parse.,BL-6; BL-18; BL-26; BL-31; BL-42; BL-43; BL-45; BL-52; BL-55,"Three of the named enemies have names Sanskrit cannot parse. | Group one — transparent Sanskrit, and mostly about drought and harvest | Group two — no Sanskrit etymology, and these are the ones with forts | And the name on the other side",No specific factual error established here; later claim audit remains required.,Convert the load-bearing propositions on Names and Naming in the Ancient South Asian Record into claim-to-record links; structural citation signals (4) are not verification.,04-AUDITS/ARCHIVE-AND-POWER-AUDIT.csv; 04-AUDITS/BIAS-FAILURE-LOG.csv; 06-BRIEFS/mvp-fifteen/14-custody.md; 06-BRIEFS/mvp-fifteen/15-the-archive.md,"Trace a claim backward through author, archive, translation, funding and omission.","Source-genealogy network showing who recorded, preserved, translated, funded and excluded; motive appears only when documented. For this route, centre the composition on “Names and Naming in the Ancient South Asian Record”.",authorship-attribution-ancient-texts.html; chains-of-transmission.html; foreign-accounts-ancient-india.html; forest-peoples-sanskrit-record.html; indology.html; manuscript-custody.html; oral-traditions-unwritten.html,RELEASE 1,safety correction,"Direct structural inspection at prior root-page SHA e6b6b67…; current site delta adds only prototypes, so root body is unchanged. 44 links; scripts assets/js/mk-shell.js.",Deep claim audit completed for named risk/correction pages; otherwise coverage inspection only.,https://github.com/melakeela/site/blob/769a6f646de8f6cd5e9e76874bad5c0ab12a32cc/naming-in-ancient-india.html
non-brahmanical-legal-traditions.html,KEEP AS CONTEXT,Published caste law page; 2883 visible words; H1: Dozens of legal systems were operating. One was in a single volume. That one became law.,BL-1; BL-5; BL-6; BL-18; BL-26; BL-31; BL-52,Dozens of legal systems were operating. One was in a single volume. That one became law. | The nine most documented | The fuller list | Thesawalamai — what happens when a customary system IS codified,No specific factual error established here; later claim audit remains required.,Convert the load-bearing propositions on Law Beyond the Dharmasastra: Other Legal Traditions into claim-to-record links; structural citation signals (6) are not verification.,06-BRIEFS/mvp-fifteen/13-the-other-laws.md; 03-REGISTERS/rigveda-varna.csv; rigveda-varna-occurrences.csv; CORRECTIONS-PENDING.md; 03-REGISTERS/inherited-claims.csv,Track one term or institution across dated records and identify where the archive cannot support continuity.,"Term-and-institution timeline with place/genre/date filters, counterexamples and archive gaps; avoid a single inevitable curve. For this route, centre the composition on “Law Beyond the Dharmasastra: Other Legal Traditions”.",birth-was-not-always-destiny.html; caste-enforcement-mechanism.html; caste-survives-conversion.html; caste-was-law.html; climbing-the-ladder.html; counted-as-nothing.html; jatization.html,RELEASE 2,retained context,"Direct structural inspection at prior root-page SHA e6b6b67…; current site delta adds only prototypes, so root body is unchanged. 46 links; scripts assets/js/mk-shell.js.",Deep claim audit completed for named risk/correction pages; otherwise coverage inspection only.,https://github.com/melakeela/site/blob/769a6f646de8f6cd5e9e76874bad5c0ab12a32cc/non-brahmanical-legal-traditions.html
one-script-many-kingdoms.html,KEEP AS CONTEXT,"Published indus archaeology page; 1302 visible words; H1: One script, from Afghanistan to Tamil Nadu — across a line Aśoka called foreign.",BL-11; BL-18; BL-25; BL-26; BL-27; BL-28; BL-30; BL-31; BL-66; BL-67,"One script, from Afghanistan to Tamil Nadu — across a line Aśoka called foreign. | The reach. | The border the emperor drew himself. | And it may not have started in the north at all.",No specific factual error established here; later claim audit remains required.,"Convert the load-bearing propositions on Brahmi Crossed Borders: One Script, Many Kingdoms into claim-to-record links; structural citation signals (10) are not verification.",06-BRIEFS/mvp-fifteen/07-keeladi.md; 06-BRIEFS/mvp-fifteen/08-before-the-indus.md; 06-BRIEFS/mvp-fifteen/09-the-water-city.md; 03-REGISTERS/inherited-claims.csv; 02-SOURCES/access-ledger.csv,"Excavate context, date the layer and decide what the object can and cannot establish.","Excavation/context view with trench, layer, object, date range and alternative reading; movement maps separate material from people and language. For this route, centre the composition on “Brahmi Crossed Borders: One Script, Many Kingdoms”.",before-the-indus.html; brahmi.html; excavation-bias-funding.html; indus-to-vedic-gap.html; keeladi.html; material-culture-ancient-south-asia.html; meluhha-trade.html,RELEASE 2,retained context,"Direct structural inspection at prior root-page SHA e6b6b67…; current site delta adds only prototypes, so root body is unchanged. 19 links; scripts assets/js/mk-shell.js.",Deep claim audit completed for named risk/correction pages; otherwise coverage inspection only.,https://github.com/melakeela/site/blob/769a6f646de8f6cd5e9e76874bad5c0ab12a32cc/one-script-many-kingdoms.html
oral-traditions-unwritten.html,DEEPEN,Published archive power page; 1094 visible words; H1: Writing is not where things start. It is where claims start.,BL-6; BL-18; BL-26; BL-31; BL-42; BL-43; BL-45; BL-52; BL-55,"Writing is not where things start. It is where claims start. | The Piṅgala correction | What documentation actually selects for | The naming error, and the clearest case is a bird",No specific factual error established here; later claim audit remains required.,Convert the load-bearing propositions on The Unwritten: Oral Traditions That Left No Text into claim-to-record links; structural citation signals (2) are not verification.,04-AUDITS/ARCHIVE-AND-POWER-AUDIT.csv; 04-AUDITS/BIAS-FAILURE-LOG.csv; 06-BRIEFS/mvp-fifteen/14-custody.md; 06-BRIEFS/mvp-fifteen/15-the-archive.md,"Trace a claim backward through author, archive, translation, funding and omission.","Source-genealogy network showing who recorded, preserved, translated, funded and excluded; motive appears only when documented. For this route, centre the composition on “The Unwritten: Oral Traditions That Left No Text”.",authorship-attribution-ancient-texts.html; chains-of-transmission.html; foreign-accounts-ancient-india.html; forest-peoples-sanskrit-record.html; indology.html; manuscript-custody.html; naming-in-ancient-india.html,RELEASE 2,retained context,"Direct structural inspection at prior root-page SHA e6b6b67…; current site delta adds only prototypes, so root body is unchanged. 36 links; scripts assets/js/mk-shell.js.",Deep claim audit completed for named risk/correction pages; otherwise coverage inspection only.,https://github.com/melakeela/site/blob/769a6f646de8f6cd5e9e76874bad5c0ab12a32cc/oral-traditions-unwritten.html
origin-myths.html,KEEP AS CONTEXT,"Published archive power page; 1277 visible words; H1: Origin myths were made to order — divine ancestry, retrofitted for whoever needed legitimacy.",BL-6; BL-18; BL-26; BL-31; BL-42; BL-43; BL-45; BL-52; BL-55,"Origin myths were made to order — divine ancestry, retrofitted for whoever needed legitimacy. | Caught in the act: demons re-fathered as kings. | The template: descent from Brahmā. | The pattern the platform already documents.",No specific factual error established here; later claim audit remains required.,Convert the load-bearing propositions on Origin Myths Made to Order: Genealogies for Power into claim-to-record links; structural citation signals (7) are not verification.,04-AUDITS/ARCHIVE-AND-POWER-AUDIT.csv; 04-AUDITS/BIAS-FAILURE-LOG.csv; 06-BRIEFS/mvp-fifteen/14-custody.md; 06-BRIEFS/mvp-fifteen/15-the-archive.md,"Trace a claim backward through author, archive, translation, funding and omission.","Source-genealogy network showing who recorded, preserved, translated, funded and excluded; motive appears only when documented. For this route, centre the composition on “Origin Myths Made to Order: Genealogies for Power”.",authorship-attribution-ancient-texts.html; chains-of-transmission.html; foreign-accounts-ancient-india.html; forest-peoples-sanskrit-record.html; indology.html; manuscript-custody.html; naming-in-ancient-india.html,RELEASE 2,retained context,"Direct structural inspection at prior root-page SHA e6b6b67…; current site delta adds only prototypes, so root body is unchanged. 23 links; scripts assets/js/mk-shell.js.",Deep claim audit completed for named risk/correction pages; otherwise coverage inspection only.,https://github.com/melakeela/site/blob/769a6f646de8f6cd5e9e76874bad5c0ab12a32cc/origin-myths.html
paid-in-cattle.html,DEEPEN,Published rigveda page; 1345 visible words; H1: Poets sold reputation for livestock and itemised the fee in the hymn.,BL-1; BL-2; BL-5; BL-6; BL-12; BL-18; BL-31; BL-52,"Poets sold reputation for livestock and itemised the fee in the hymn. | The same institution, family-wide | Which version paid off most | RV 10.107 — read it as what it is",No specific factual error established here; later claim audit remains required.,Convert the load-bearing propositions on Paid in Cattle: What Vedic Poets Were Given for Hymns into claim-to-record links; structural citation signals (2) are not verification.,03-REGISTERS/rigveda-pur-family.csv; 03-REGISTERS/rigveda-pur-passages.csv; 03-REGISTERS/rigveda-varna.csv; 03-REGISTERS/rigveda-varna-occurrences.csv; 04-AUDITS/rigveda-pur-family-method.md; 06-BRIEFS/pur-4j-corpus.md; open research PR #30,Test a public count by inspecting included and excluded occurrences in context.,"Searchable verse/source viewer with lemma, form, translation variants, passage context and counted/not-counted reason; never use book order as a date axis. For this route, centre the composition on “Paid in Cattle: What Vedic Poets Were Given for Hymns”.",caste-vocabulary-curve.html; criminalised-today.html; dasa-forts-rigveda.html; four-varnas-one-verse.html; geography-in-vedic-texts.html; mitanni.html; mlecha.html,RELEASE 2,retained context,"Direct structural inspection at prior root-page SHA e6b6b67…; current site delta adds only prototypes, so root body is unchanged. 44 links; scripts assets/js/mk-shell.js.",Deep claim audit completed for named risk/correction pages; otherwise coverage inspection only.,https://github.com/melakeela/site/blob/769a6f646de8f6cd5e9e76874bad5c0ab12a32cc/paid-in-cattle.html
panini.html,DEEPEN,"Published religion text page; 3088 visible words; H1: Pāṇini, Tolkāppiyar, and everyone else who was analysing language.",BL-6; BL-15; BL-16; BL-17; BL-18; BL-31; BL-52,"Pāṇini, Tolkāppiyar, and everyone else who was analysing language. | The object itself | What it actually does | Now everything else, by date",No specific factual error established here; later claim audit remains required.,Convert the load-bearing propositions on Panini's Grammar and the Sanskrit It Standardised into claim-to-record links; structural citation signals (11) are not verification.,03-REGISTERS/inherited-claims.csv; 02-SOURCES/access-ledger.csv; NONE LOCATED for accepted Pāli/Prakrit/Jain/Aśokan/Chinese-pilgrim corpus parity,"Compare who is speaking and whether the source is self-description, opponent report or later transmission.","Parallel source/voice viewer that distinguishes self-description, rival report, later commentary and modern reconstruction. For this route, centre the composition on “Panini's Grammar and the Sanskrit It Standardised”.",brahmavadini.html; bronkhorst.html; how-buddhism-left.html; the-broken-chain.html; the-computed-dawn.html; the-eastern-tradition.html; the-gods-people-had.html,RELEASE 2,retained context,"Direct structural inspection at prior root-page SHA e6b6b67…; current site delta adds only prototypes, so root body is unchanged. 46 links; scripts assets/js/mk-shell.js.",Deep claim audit completed for named risk/correction pages; otherwise coverage inspection only.,https://github.com/melakeela/site/blob/769a6f646de8f6cd5e9e76874bad5c0ab12a32cc/panini.html
priority-claims-south-asia.html,KEEP AS CONTEXT,Published archive power page; 2181 visible words; H1: Who had it first.,BL-6; BL-18; BL-26; BL-31; BL-42; BL-43; BL-45; BL-52; BL-55,"Who had it first. | The test, run properly | The chronological constraint that settles the Indus question | What the Indus material actually shows",No specific factual error established here; later claim audit remains required.,Convert the load-bearing propositions on Who Had It First: Priority Claims in South Asian History into claim-to-record links; structural citation signals (4) are not verification.,04-AUDITS/ARCHIVE-AND-POWER-AUDIT.csv; 04-AUDITS/BIAS-FAILURE-LOG.csv; 06-BRIEFS/mvp-fifteen/14-custody.md; 06-BRIEFS/mvp-fifteen/15-the-archive.md,"Trace a claim backward through author, archive, translation, funding and omission.","Source-genealogy network showing who recorded, preserved, translated, funded and excluded; motive appears only when documented. For this route, centre the composition on “Who Had It First: Priority Claims in South Asian History”.",authorship-attribution-ancient-texts.html; chains-of-transmission.html; foreign-accounts-ancient-india.html; forest-peoples-sanskrit-record.html; indology.html; manuscript-custody.html; naming-in-ancient-india.html,RELEASE 2,retained context,"Direct structural inspection at prior root-page SHA e6b6b67…; current site delta adds only prototypes, so root body is unchanged. 47 links; scripts assets/js/mk-shell.js.",Deep claim audit completed for named risk/correction pages; otherwise coverage inspection only.,https://github.com/melakeela/site/blob/769a6f646de8f6cd5e9e76874bad5c0ab12a32cc/priority-claims-south-asia.html
rakhigarhi.html,DEEPEN,"Published indus archaeology page; 1928 visible words; H1: Twelve Indus-associated genomes, and steppe ancestry in none of them. What was done to the first of them, in seven stages.",BL-11; BL-18; BL-25; BL-26; BL-27; BL-28; BL-30; BL-31; BL-66; BL-67,"Twelve Indus-associated genomes, and steppe ancestry in none of them. What was done to the first of them, in seven stages. | The finding. | The seven stages. | What is not publicly corroborated.",No specific factual error established here; later claim audit remains required.,"Convert the load-bearing propositions on Rakhigarhi: One Genome, Seven Stages, and What Was Said into claim-to-record links; structural citation signals (12) are not verification.",06-BRIEFS/mvp-fifteen/07-keeladi.md; 06-BRIEFS/mvp-fifteen/08-before-the-indus.md; 06-BRIEFS/mvp-fifteen/09-the-water-city.md; 03-REGISTERS/inherited-claims.csv; 02-SOURCES/access-ledger.csv,"Excavate context, date the layer and decide what the object can and cannot establish.","Excavation/context view with trench, layer, object, date range and alternative reading; movement maps separate material from people and language. For this route, centre the composition on “Rakhigarhi: One Genome, Seven Stages, and What Was Said”.",before-the-indus.html; brahmi.html; excavation-bias-funding.html; indus-to-vedic-gap.html; keeladi.html; material-culture-ancient-south-asia.html; meluhha-trade.html,RELEASE 2,retained context,"Direct structural inspection at prior root-page SHA e6b6b67…; current site delta adds only prototypes, so root body is unchanged. 26 links; scripts assets/js/mk-shell.js; assets/js/mk-exhibit.js; assets/js/mk-ai.js.",Deep claim audit completed for named risk/correction pages; otherwise coverage inspection only.,https://github.com/melakeela/site/blob/769a6f646de8f6cd5e9e76874bad5c0ab12a32cc/rakhigarhi.html
research-index.html,REDESIGN,Published evidence page; 1911 visible words; H1: Research Index,BL-20; BL-21; BL-22; BL-23; BL-24; BL-25; BL-31; BL-32; BL-47; BL-48; BL-49; BL-52,Research Index,No specific factual error established here; later claim audit remains required.,Convert the load-bearing propositions on Research Index: Every Page on Mela Keela into claim-to-record links; structural citation signals (39) are not verification.,13-PRODUCT-ARCHITECTURE/museum-framework.md; 06-BRIEFS/mvp-fifteen/03-artifact-atlas.md; 06-BRIEFS/mvp-fifteen/06-the-ledger.md; site:assets/data/page-evidence.json,"Open one record, inspect its locator and evidence role, compare a counter-record, then follow its revision history.","Record table plus expandable locator/source-ancestry drawer; relationships appear only after their evidence links and uncertainty are visible. For this route, centre the composition on “Research Index: Every Page on Mela Keela”.",artifact-atlas.html; search.html; sources.html; the-ledger.html,RELEASE 2,retained context,"Direct structural inspection at prior root-page SHA e6b6b67…; current site delta adds only prototypes, so root body is unchanged. 142 links; scripts assets/js/research-index.js; assets/js/mk-shell.js.",Deep claim audit completed for named risk/correction pages; otherwise coverage inspection only.,https://github.com/melakeela/site/blob/769a6f646de8f6cd5e9e76874bad5c0ab12a32cc/research-index.html
rigveda-geography.html,REPLACE,Published rigveda page; 1444 visible words; H1: Status was contingent on real estate.,BL-1; BL-2; BL-5; BL-6; BL-12; BL-18; BL-31; BL-52,"Status was contingent on real estate. | The Chola land register | Where priests got land, and where they did not | The group with no tenure category at all","Route/title promise Rigvedic geography, but the inspected root-page H1/body concern Chola land tenure and diaspora. Replace; do not redirect the wrong content into evidence.","Resolve the named correction before prominence; bind every changed claim to locator, evidence role, counter-evidence and revision.",03-REGISTERS/rigveda-pur-family.csv; 03-REGISTERS/rigveda-pur-passages.csv; 03-REGISTERS/rigveda-varna.csv; 03-REGISTERS/rigveda-varna-occurrences.csv; 04-AUDITS/rigveda-pur-family-method.md; 06-BRIEFS/pur-4j-corpus.md; open research PR #30,Test a public count by inspecting included and excluded occurrences in context.,"Searchable verse/source viewer with lemma, form, translation variants, passage context and counted/not-counted reason; never use book order as a date axis. For this route, centre the composition on “The Land in the Rigveda: Rivers, Regions and Geography”.",caste-vocabulary-curve.html; criminalised-today.html; dasa-forts-rigveda.html; four-varnas-one-verse.html; geography-in-vedic-texts.html; mitanni.html; mlecha.html,RELEASE 1,safety correction,"Direct structural inspection at prior root-page SHA e6b6b67…; current site delta adds only prototypes, so root body is unchanged. 43 links; scripts assets/js/mk-shell.js.",Deep claim audit completed for named risk/correction pages; otherwise coverage inspection only.,https://github.com/melakeela/site/blob/769a6f646de8f6cd5e9e76874bad5c0ab12a32cc/rigveda-geography.html
rigveda-outsider-contempt-count.html,KEEP AS CONTEXT,Published rigveda page; 4071 visible words; H1: How much of the Rigveda is contempt for outsiders?,BL-1; BL-2; BL-5; BL-6; BL-12; BL-18; BL-31; BL-52,"How much of the Rigveda is contempt for outsiders? | What the Rigveda actually is | The real finding: small volume, total consequence | Who is loved, and who is hated",No specific factual error established here; later claim audit remains required.,Convert the load-bearing propositions on Counting Contempt for Outsiders in the Rigveda into claim-to-record links; structural citation signals (2) are not verification.,03-REGISTERS/rigveda-pur-family.csv; 03-REGISTERS/rigveda-pur-passages.csv; 03-REGISTERS/rigveda-varna.csv; 03-REGISTERS/rigveda-varna-occurrences.csv; 04-AUDITS/rigveda-pur-family-method.md; 06-BRIEFS/pur-4j-corpus.md; open research PR #30,Test a public count by inspecting included and excluded occurrences in context.,"Searchable verse/source viewer with lemma, form, translation variants, passage context and counted/not-counted reason; never use book order as a date axis. For this route, centre the composition on “Counting Contempt for Outsiders in the Rigveda”.",caste-vocabulary-curve.html; criminalised-today.html; dasa-forts-rigveda.html; four-varnas-one-verse.html; geography-in-vedic-texts.html; mitanni.html; mlecha.html,RELEASE 2,retained context,"Direct structural inspection at prior root-page SHA e6b6b67…; current site delta adds only prototypes, so root body is unchanged. 44 links; scripts assets/js/mk-shell.js.",Deep claim audit completed for named risk/correction pages; otherwise coverage inspection only.,https://github.com/melakeela/site/blob/769a6f646de8f6cd5e9e76874bad5c0ab12a32cc/rigveda-outsider-contempt-count.html
rigveda-word-collocations.html,KEEP AS CONTEXT,Published rigveda page; 1433 visible words; H1: Words keep company. The company tells you what they are.,BL-1; BL-2; BL-5; BL-6; BL-12; BL-18; BL-31; BL-52,Words keep company. The company tells you what they are. | Method | Rudra | Indra,No specific factual error established here; later claim audit remains required.,"Convert the load-bearing propositions on Word Company in the Rigveda: Gods, Enemies, Collocations into claim-to-record links; structural citation signals (2) are not verification.",03-REGISTERS/rigveda-pur-family.csv; 03-REGISTERS/rigveda-pur-passages.csv; 03-REGISTERS/rigveda-varna.csv; 03-REGISTERS/rigveda-varna-occurrences.csv; 04-AUDITS/rigveda-pur-family-method.md; 06-BRIEFS/pur-4j-corpus.md; open research PR #30,Test a public count by inspecting included and excluded occurrences in context.,"Searchable verse/source viewer with lemma, form, translation variants, passage context and counted/not-counted reason; never use book order as a date axis. For this route, centre the composition on “Word Company in the Rigveda: Gods, Enemies, Collocations”.",caste-vocabulary-curve.html; criminalised-today.html; dasa-forts-rigveda.html; four-varnas-one-verse.html; geography-in-vedic-texts.html; mitanni.html; mlecha.html,RELEASE 2,retained context,"Direct structural inspection at prior root-page SHA e6b6b67…; current site delta adds only prototypes, so root body is unchanged. 44 links; scripts assets/js/mk-shell.js.",Deep claim audit completed for named risk/correction pages; otherwise coverage inspection only.,https://github.com/melakeela/site/blob/769a6f646de8f6cd5e9e76874bad5c0ab12a32cc/rigveda-word-collocations.html
sacred-ash.html,KEEP AS CONTEXT,Published indus archaeology page; 2107 visible words; H1: Cattle dung was burned into mounds a thousand years before the first Vedic verse.,BL-11; BL-18; BL-25; BL-26; BL-27; BL-28; BL-30; BL-31; BL-66; BL-67,"Cattle dung was burned into mounds a thousand years before the first Vedic verse. | The ashmounds. | Two findings that change what the mounds were. | Not unique, and it does not need to be.",No specific factual error established here; later claim audit remains required.,Convert the load-bearing propositions on Sacred Ash: The Ashmounds and What They Do Not Prove into claim-to-record links; structural citation signals (16) are not verification.,06-BRIEFS/mvp-fifteen/07-keeladi.md; 06-BRIEFS/mvp-fifteen/08-before-the-indus.md; 06-BRIEFS/mvp-fifteen/09-the-water-city.md; 03-REGISTERS/inherited-claims.csv; 02-SOURCES/access-ledger.csv,"Excavate context, date the layer and decide what the object can and cannot establish.","Excavation/context view with trench, layer, object, date range and alternative reading; movement maps separate material from people and language. For this route, centre the composition on “Sacred Ash: The Ashmounds and What They Do Not Prove”.",before-the-indus.html; brahmi.html; excavation-bias-funding.html; indus-to-vedic-gap.html; keeladi.html; material-culture-ancient-south-asia.html; meluhha-trade.html,RELEASE 2,retained context,"Direct structural inspection at prior root-page SHA e6b6b67…; current site delta adds only prototypes, so root body is unchanged. 17 links; scripts assets/js/mk-shell.js.",Deep claim audit completed for named risk/correction pages; otherwise coverage inspection only.,https://github.com/melakeela/site/blob/769a6f646de8f6cd5e9e76874bad5c0ab12a32cc/sacred-ash.html
sanskritisation-of-place-names.html,KEEP AS CONTEXT,Published archive power page; 1748 visible words; H1: Nothing was forbidden. Everything was renamed.,BL-6; BL-18; BL-26; BL-31; BL-42; BL-43; BL-45; BL-52; BL-55,"Nothing was forbidden. Everything was renamed. | The move, at its clearest | The same move, eleven times | What became law",No specific factual error established here; later claim audit remains required.,"Convert the load-bearing propositions on The Renaming: Places, Peoples and Sanskritised Names into claim-to-record links; structural citation signals (2) are not verification.",04-AUDITS/ARCHIVE-AND-POWER-AUDIT.csv; 04-AUDITS/BIAS-FAILURE-LOG.csv; 06-BRIEFS/mvp-fifteen/14-custody.md; 06-BRIEFS/mvp-fifteen/15-the-archive.md,"Trace a claim backward through author, archive, translation, funding and omission.","Source-genealogy network showing who recorded, preserved, translated, funded and excluded; motive appears only when documented. For this route, centre the composition on “The Renaming: Places, Peoples and Sanskritised Names”.",authorship-attribution-ancient-texts.html; chains-of-transmission.html; foreign-accounts-ancient-india.html; forest-peoples-sanskrit-record.html; indology.html; manuscript-custody.html; naming-in-ancient-india.html,RELEASE 2,retained context,"Direct structural inspection at prior root-page SHA e6b6b67…; current site delta adds only prototypes, so root body is unchanged. 46 links; scripts assets/js/mk-shell.js.",Deep claim audit completed for named risk/correction pages; otherwise coverage inspection only.,https://github.com/melakeela/site/blob/769a6f646de8f6cd5e9e76874bad5c0ab12a32cc/sanskritisation-of-place-names.html
search.html,REDESIGN,Published evidence page; 152 visible words; H1: Find anything across the evidence.,BL-20; BL-21; BL-22; BL-23; BL-24; BL-25; BL-31; BL-32; BL-47; BL-48; BL-49; BL-52,Find anything across the evidence.,No specific factual error established here; later claim audit remains required.,Convert the load-bearing propositions on Search: Find Anything Across the Evidence into claim-to-record links; structural citation signals (1) are not verification.,13-PRODUCT-ARCHITECTURE/museum-framework.md; 06-BRIEFS/mvp-fifteen/03-artifact-atlas.md; 06-BRIEFS/mvp-fifteen/06-the-ledger.md; site:assets/data/page-evidence.json,"Open one record, inspect its locator and evidence role, compare a counter-record, then follow its revision history.","Record table plus expandable locator/source-ancestry drawer; relationships appear only after their evidence links and uncertainty are visible. For this route, centre the composition on “Search: Find Anything Across the Evidence”.",artifact-atlas.html; research-index.html; sources.html; the-ledger.html,RELEASE 1,enabler,"Direct structural inspection at prior root-page SHA e6b6b67…; current site delta adds only prototypes, so root body is unchanged. 15 links; scripts assets/js/search.js; assets/js/mk-shell.js.",Deep claim audit completed for named risk/correction pages; otherwise coverage inspection only.,https://github.com/melakeela/site/blob/769a6f646de8f6cd5e9e76874bad5c0ab12a32cc/search.html
siddha-and-ayurveda.html,DEEPEN,"Published science practice page; 3413 visible words; H1: Two medical traditions, compared on their own terms.",BL-18; BL-26; BL-31; BL-52; BL-69,"Two medical traditions, compared on their own terms. | Each tradition on its own terms. | What Siddha contributes that is genuinely its own. | The split has a date.",No specific factual error established here; later claim audit remains required.,Convert the load-bearing propositions on Siddha and Ayurveda Compared on Their Own Terms into claim-to-record links; structural citation signals (6) are not verification.,03-REGISTERS/inherited-claims.csv; 02-SOURCES/access-ledger.csv; NONE LOCATED for accepted astronomy/music/medical source programmes,"Inspect the object or instrument, test a reconstruction and separate historical evidence from present practice.","Instrument/object/source comparison with reconstruction labels, safety limits and rights; recreated sound or practice is never presented as survival without evidence. For this route, centre the composition on “Siddha and Ayurveda Compared on Their Own Terms”.",ancient-south-asian-astronomy.html; dravidian-sky.html; the-medicine-question.html,RELEASE 2,retained context,"Direct structural inspection at prior root-page SHA e6b6b67…; current site delta adds only prototypes, so root body is unchanged. 32 links; scripts assets/js/mk-shell.js.",Deep claim audit completed for named risk/correction pages; otherwise coverage inspection only.,https://github.com/melakeela/site/blob/769a6f646de8f6cd5e9e76874bad5c0ab12a32cc/siddha-and-ayurveda.html
sources.html,REDESIGN,"Published evidence page; 1603 visible words; H1: What is checked, what is not, and what was found.",BL-20; BL-21; BL-22; BL-23; BL-24; BL-25; BL-31; BL-32; BL-47; BL-48; BL-49; BL-52,"What is checked, what is not, and what was found. | The four questions. | Sources carrying weight. | Where an interest was found.",No specific factual error established here; later claim audit remains required.,Convert the load-bearing propositions on Sources: Four Questions Asked of Every One into claim-to-record links; structural citation signals (33) are not verification.,13-PRODUCT-ARCHITECTURE/museum-framework.md; 06-BRIEFS/mvp-fifteen/03-artifact-atlas.md; 06-BRIEFS/mvp-fifteen/06-the-ledger.md; site:assets/data/page-evidence.json,"Open one record, inspect its locator and evidence role, compare a counter-record, then follow its revision history.","Record table plus expandable locator/source-ancestry drawer; relationships appear only after their evidence links and uncertainty are visible. For this route, centre the composition on “Sources: Four Questions Asked of Every One”.",artifact-atlas.html; research-index.html; search.html; the-ledger.html,RELEASE 1,enabler,"Direct structural inspection at prior root-page SHA e6b6b67…; current site delta adds only prototypes, so root body is unchanged. 23 links; scripts assets/js/mk-shell.js.",Deep claim audit completed for named risk/correction pages; otherwise coverage inspection only.,https://github.com/melakeela/site/blob/769a6f646de8f6cd5e9e76874bad5c0ab12a32cc/sources.html
steppe.html,DEEPEN,"Published genetics page; 814 visible words; H1: The steppe evidence is a set of dated individuals, not a migration route.",BL-1; BL-5; BL-19; BL-22; BL-26; BL-30; BL-31; BL-52,"The steppe evidence is a set of dated individuals, not a migration route. | Why not an animation | What the data does support | What it does not support in either direction",No specific factual error established here; later claim audit remains required.,Convert the load-bearing propositions on Steppe Ancestry in South Asia: What the DNA Shows into claim-to-record links; structural citation signals (3) are not verification.,03-REGISTERS/inherited-claims.csv; 04-AUDITS/REAUDIT-QUEUE.csv; CORRECTIONS-PENDING.md; NONE LOCATED for an accepted methods-qualified genetics synthesis,"Separate sampled person, modelled ancestry, population history, language and identity.","Sample-to-model comparison showing sample place/date, method, confidence and limits; ancestry components never rendered as peoples or languages. For this route, centre the composition on “Steppe Ancestry in South Asia: What the DNA Shows”.",academia-battlefield.html; beneath-both-waves.html; endogamy-clock.html; gotra.html; the-definition.html; the-expansions.html; the-genome-of-caste.html,RELEASE 2,retained context,"Direct structural inspection at prior root-page SHA e6b6b67…; current site delta adds only prototypes, so root body is unchanged. 44 links; scripts assets/js/mk-shell.js.",Deep claim audit completed for named risk/correction pages; otherwise coverage inspection only.,https://github.com/melakeela/site/blob/769a6f646de8f6cd5e9e76874bad5c0ab12a32cc/steppe.html
the-borrowed-ancestor.html,KEEP AS CONTEXT,Published archive power page; 1884 visible words; H1: Their own heroes were merged into someone else's story.,BL-6; BL-18; BL-26; BL-31; BL-42; BL-43; BL-45; BL-52; BL-55,"Their own heroes were merged into someone else's story. | What the researchers found. | Why these communities, and why now. | What the Nishads already were, in the tradition.",No specific factual error established here; later claim audit remains required.,Convert the load-bearing propositions on The Borrowed Ancestor: How Local Myths Get Absorbed into claim-to-record links; structural citation signals (6) are not verification.,04-AUDITS/ARCHIVE-AND-POWER-AUDIT.csv; 04-AUDITS/BIAS-FAILURE-LOG.csv; 06-BRIEFS/mvp-fifteen/14-custody.md; 06-BRIEFS/mvp-fifteen/15-the-archive.md,"Trace a claim backward through author, archive, translation, funding and omission.","Source-genealogy network showing who recorded, preserved, translated, funded and excluded; motive appears only when documented. For this route, centre the composition on “The Borrowed Ancestor: How Local Myths Get Absorbed”.",authorship-attribution-ancient-texts.html; chains-of-transmission.html; foreign-accounts-ancient-india.html; forest-peoples-sanskrit-record.html; indology.html; manuscript-custody.html; naming-in-ancient-india.html,RELEASE 2,retained context,"Direct structural inspection at prior root-page SHA e6b6b67…; current site delta adds only prototypes, so root body is unchanged. 29 links; scripts assets/js/mk-shell.js.",Deep claim audit completed for named risk/correction pages; otherwise coverage inspection only.,https://github.com/melakeela/site/blob/769a6f646de8f6cd5e9e76874bad5c0ab12a32cc/the-borrowed-ancestor.html
the-borrowed-lineage.html,KEEP AS CONTEXT,"Published archive power page; 1527 visible words; H1: A retreat held under the Grace of the Siddhas, at which no siddhar is quoted.",BL-6; BL-18; BL-26; BL-31; BL-42; BL-43; BL-45; BL-52; BL-55,"A retreat held under the Grace of the Siddhas, at which no siddhar is quoted. | What is claimed. | What is absent. | The structure this platform already documents.",No specific factual error established here; later claim audit remains required.,Convert the load-bearing propositions on The Borrowed Lineage: Invoking the Siddhas Without Them into claim-to-record links; structural citation signals (6) are not verification.,04-AUDITS/ARCHIVE-AND-POWER-AUDIT.csv; 04-AUDITS/BIAS-FAILURE-LOG.csv; 06-BRIEFS/mvp-fifteen/14-custody.md; 06-BRIEFS/mvp-fifteen/15-the-archive.md,"Trace a claim backward through author, archive, translation, funding and omission.","Source-genealogy network showing who recorded, preserved, translated, funded and excluded; motive appears only when documented. For this route, centre the composition on “The Borrowed Lineage: Invoking the Siddhas Without Them”.",authorship-attribution-ancient-texts.html; chains-of-transmission.html; foreign-accounts-ancient-india.html; forest-peoples-sanskrit-record.html; indology.html; manuscript-custody.html; naming-in-ancient-india.html,RELEASE 2,retained context,"Direct structural inspection at prior root-page SHA e6b6b67…; current site delta adds only prototypes, so root body is unchanged. 22 links; scripts assets/js/mk-shell.js.",Deep claim audit completed for named risk/correction pages; otherwise coverage inspection only.,https://github.com/melakeela/site/blob/769a6f646de8f6cd5e9e76874bad5c0ab12a32cc/the-borrowed-lineage.html
the-broken-chain.html,KEEP AS CONTEXT,Published religion text page; 1596 visible words; H1: The same catastrophe ended both orders. The monks were back within a generation. The nuns were not.,BL-6; BL-15; BL-16; BL-17; BL-18; BL-31; BL-52,"The same catastrophe ended both orders. The monks were back within a generation. The nuns were not. | How ordination works. | Where it went, and when. | The asymmetry written into the founding.",No specific factual error established here; later claim audit remains required.,Convert the load-bearing propositions on The Broken Chain: The Order of Nuns That Could Not Return into claim-to-record links; structural citation signals (7) are not verification.,03-REGISTERS/inherited-claims.csv; 02-SOURCES/access-ledger.csv; NONE LOCATED for accepted Pāli/Prakrit/Jain/Aśokan/Chinese-pilgrim corpus parity,"Compare who is speaking and whether the source is self-description, opponent report or later transmission.","Parallel source/voice viewer that distinguishes self-description, rival report, later commentary and modern reconstruction. For this route, centre the composition on “The Broken Chain: The Order of Nuns That Could Not Return”.",brahmavadini.html; bronkhorst.html; how-buddhism-left.html; panini.html; the-computed-dawn.html; the-eastern-tradition.html; the-gods-people-had.html,RELEASE 2,retained context,"Direct structural inspection at prior root-page SHA e6b6b67…; current site delta adds only prototypes, so root body is unchanged. 26 links; scripts assets/js/mk-shell.js; assets/js/mk-exhibit.js; assets/js/mk-ai.js.",Deep claim audit completed for named risk/correction pages; otherwise coverage inspection only.,https://github.com/melakeela/site/blob/769a6f646de8f6cd5e9e76874bad5c0ab12a32cc/the-broken-chain.html
the-computed-dawn.html,KEEP AS CONTEXT,"Published religion text page; 1763 visible words; H1: The moment the world ""aged into darkness"" was never observed. It was calculated backward.",BL-6; BL-15; BL-16; BL-17; BL-18; BL-31; BL-52,"The moment the world ""aged into darkness"" was never observed. It was calculated backward. | The brilliance is real. Say that first. | The zero-point. | The planets were not there.",No specific factual error established here; later claim audit remains required.,Convert the load-bearing propositions on Aryabhata and the Kali Yuga Date That Was Calculated into claim-to-record links; structural citation signals (10) are not verification.,03-REGISTERS/inherited-claims.csv; 02-SOURCES/access-ledger.csv; NONE LOCATED for accepted Pāli/Prakrit/Jain/Aśokan/Chinese-pilgrim corpus parity,"Compare who is speaking and whether the source is self-description, opponent report or later transmission.","Parallel source/voice viewer that distinguishes self-description, rival report, later commentary and modern reconstruction. For this route, centre the composition on “Aryabhata and the Kali Yuga Date That Was Calculated”.",brahmavadini.html; bronkhorst.html; how-buddhism-left.html; panini.html; the-broken-chain.html; the-eastern-tradition.html; the-gods-people-had.html,RELEASE 2,retained context,"Direct structural inspection at prior root-page SHA e6b6b67…; current site delta adds only prototypes, so root body is unchanged. 21 links; scripts assets/js/mk-shell.js.",Deep claim audit completed for named risk/correction pages; otherwise coverage inspection only.,https://github.com/melakeela/site/blob/769a6f646de8f6cd5e9e76874bad5c0ab12a32cc/the-computed-dawn.html
the-deep-root.html,MERGE,Published dravidian page; 1774 visible words; H1: The deep root of Dravidian may point west — and four lines of evidence have been read that way.,BL-9; BL-10; BL-11; BL-13; BL-14; BL-18; BL-31; BL-40; BL-58; BL-69,"The deep root of Dravidian may point west — and four lines of evidence have been read that way. | The linguist's case: Dravidian is cousin to Elamite. | The geneticists arrived at the same place — twice, independently. | Four disciplines, one origin.",Cross-domain convergence risks making the disputed Elamo-Dravidian proposal appear multiply proven.,"Resolve the named correction before prominence; bind every changed claim to locator, evidence role, counter-evidence and revision.",03-REGISTERS/domain-e-claims.csv; 03-REGISTERS/domain-e-measurements.csv; 03-REGISTERS/domain-m-brahui-position.csv; 04-AUDITS/domain-m-adversarial-review-2026-09-07.md; 05-HOLDS/HOLD-004-north-dravidian-comparative-evidence.md; open research PR #22,"Compare forms and choose which history each observation supports, complicates or cannot decide.","Side-by-side form/sound table with audio only where consented; map attestation, contact and proposed shift separately; no family-tree certainty from lexical counts. For this route, centre the composition on “Elamo-Dravidian: Testing a Deep Language Connection”.",elamo-dravidian-hypothesis.html; dravidian-sounds-sanskrit-lacks.html; elamo-dravidian-hypothesis.html; kinship-terms-south-asia.html; the-father-tongue.html; the-languages-we-lost.html; the-northwest-cousin.html,RELEASE 1,safety correction,"Direct structural inspection at prior root-page SHA e6b6b67…; current site delta adds only prototypes, so root body is unchanged. 19 links; scripts assets/js/mk-shell.js.",Deep claim audit completed for named risk/correction pages; otherwise coverage inspection only.,https://github.com/melakeela/site/blob/769a6f646de8f6cd5e9e76874bad5c0ab12a32cc/the-deep-root.html
the-definition.html,REFRAME,Published genetics page; 2438 visible words; H1: Hindutva defined a Hindu as one whose fatherland and holy land are both India. The genome puts the Vedic fatherland on the steppe.,BL-1; BL-5; BL-19; BL-22; BL-26; BL-30; BL-31; BL-52,Hindutva defined a Hindu as one whose fatherland and holy land are both India. The genome puts the Vedic fatherland on the steppe. | The definition. | Applied to its authors. | The subordination clause.,"Analytical ancestry components cannot be rendered as peoples, languages or biological fatherlands.","Resolve the named correction before prominence; bind every changed claim to locator, evidence role, counter-evidence and revision.",03-REGISTERS/inherited-claims.csv; 04-AUDITS/REAUDIT-QUEUE.csv; CORRECTIONS-PENDING.md; NONE LOCATED for an accepted methods-qualified genetics synthesis,"Separate sampled person, modelled ancestry, population history, language and identity.","Sample-to-model comparison showing sample place/date, method, confidence and limits; ancestry components never rendered as peoples or languages. For this route, centre the composition on “The Definition: Hindutva's Own Test, Applied to Its Authors”.",academia-battlefield.html; beneath-both-waves.html; endogamy-clock.html; gotra.html; steppe.html; the-expansions.html; the-genome-of-caste.html,RELEASE 1,safety correction,"Direct structural inspection at prior root-page SHA e6b6b67…; current site delta adds only prototypes, so root body is unchanged. 24 links; scripts assets/js/mk-shell.js; assets/js/mk-exhibit.js.",Deep claim audit completed for named risk/correction pages; otherwise coverage inspection only.,https://github.com/melakeela/site/blob/769a6f646de8f6cd5e9e76874bad5c0ab12a32cc/the-definition.html
the-eastern-tradition.html,DEEPEN,Published religion text page; 1296 visible words; H1: The Buddha and Mahāvīra were not reforming Hinduism. They were speaking from a different world.,BL-6; BL-15; BL-16; BL-17; BL-18; BL-31; BL-52,"The Buddha and Mahāvīra were not reforming Hinduism. They were speaking from a different world. | Greater Magadha. | The ideas were theirs, not borrowed. | The fight was social, not only spiritual.",No specific factual error established here; later claim audit remains required.,Convert the load-bearing propositions on Greater Magadha: Sramana Traditions Were Not Vedic Reform into claim-to-record links; structural citation signals (13) are not verification.,03-REGISTERS/inherited-claims.csv; 02-SOURCES/access-ledger.csv; NONE LOCATED for accepted Pāli/Prakrit/Jain/Aśokan/Chinese-pilgrim corpus parity,"Compare who is speaking and whether the source is self-description, opponent report or later transmission.","Parallel source/voice viewer that distinguishes self-description, rival report, later commentary and modern reconstruction. For this route, centre the composition on “Greater Magadha: Sramana Traditions Were Not Vedic Reform”.",brahmavadini.html; bronkhorst.html; how-buddhism-left.html; panini.html; the-broken-chain.html; the-computed-dawn.html; the-gods-people-had.html,RELEASE 2,retained context,"Direct structural inspection at prior root-page SHA e6b6b67…; current site delta adds only prototypes, so root body is unchanged. 18 links; scripts assets/js/mk-shell.js.",Deep claim audit completed for named risk/correction pages; otherwise coverage inspection only.,https://github.com/melakeela/site/blob/769a6f646de8f6cd5e9e76874bad5c0ab12a32cc/the-eastern-tradition.html
the-expansions.html,KEEP AS CONTEXT,"Published genetics page; 1448 visible words; H1: It was not three expansions. It is one pattern, five thousand years long, and it has not stopped.",BL-1; BL-5; BL-19; BL-22; BL-26; BL-30; BL-31; BL-52,"It was not three expansions. It is one pattern, five thousand years long, and it has not stopped. | Before the steppe. | Every expansion. | The two nobody names.",No specific factual error established here; later claim audit remains required.,"Convert the load-bearing propositions on The Expansions: Indo-European, From the Volga to Everywhere into claim-to-record links; structural citation signals (7) are not verification.",03-REGISTERS/inherited-claims.csv; 04-AUDITS/REAUDIT-QUEUE.csv; CORRECTIONS-PENDING.md; NONE LOCATED for an accepted methods-qualified genetics synthesis,"Separate sampled person, modelled ancestry, population history, language and identity.","Sample-to-model comparison showing sample place/date, method, confidence and limits; ancestry components never rendered as peoples or languages. For this route, centre the composition on “The Expansions: Indo-European, From the Volga to Everywhere”.",academia-battlefield.html; beneath-both-waves.html; endogamy-clock.html; gotra.html; steppe.html; the-definition.html; the-genome-of-caste.html,RELEASE 2,retained context,"Direct structural inspection at prior root-page SHA e6b6b67…; current site delta adds only prototypes, so root body is unchanged. 23 links; scripts assets/js/mk-shell.js; assets/js/mk-exhibit.js.",Deep claim audit completed for named risk/correction pages; otherwise coverage inspection only.,https://github.com/melakeela/site/blob/769a6f646de8f6cd5e9e76874bad5c0ab12a32cc/the-expansions.html
the-father-tongue.html,HOLD,Published dravidian page; 1366 visible words; H1: Eleven million people speak a language their fathers brought and their mothers never spoke.,BL-9; BL-10; BL-11; BL-13; BL-14; BL-18; BL-31; BL-40; BL-58; BL-69,"Eleven million people speak a language their fathers brought and their mothers never spoke. | The split record. | When, and how many. | The direction is contested, and honestly so.",No specific factual error established here; later claim audit remains required.,Convert the load-bearing propositions on The Father Tongue: The Arrival That Ended Up at the Bottom into claim-to-record links; structural citation signals (6) are not verification.,03-REGISTERS/domain-e-claims.csv; 03-REGISTERS/domain-e-measurements.csv; 03-REGISTERS/domain-m-brahui-position.csv; 04-AUDITS/domain-m-adversarial-review-2026-09-07.md; 05-HOLDS/HOLD-004-north-dravidian-comparative-evidence.md; open research PR #22,"Compare forms and choose which history each observation supports, complicates or cannot decide.","Side-by-side form/sound table with audio only where consented; map attestation, contact and proposed shift separately; no family-tree certainty from lexical counts. For this route, centre the composition on “The Father Tongue: The Arrival That Ended Up at the Bottom”.",dravidian-sounds-sanskrit-lacks.html; elamo-dravidian-hypothesis.html; kinship-terms-south-asia.html; the-deep-root.html; the-languages-we-lost.html; the-northwest-cousin.html; the-plateau.html,RELEASE 1,safety correction,"Direct structural inspection at prior root-page SHA e6b6b67…; current site delta adds only prototypes, so root body is unchanged. 26 links; scripts assets/js/mk-shell.js; assets/js/mk-exhibit.js; assets/js/mk-ai.js.",Deep claim audit completed for named risk/correction pages; otherwise coverage inspection only.,https://github.com/melakeela/site/blob/769a6f646de8f6cd5e9e76874bad5c0ab12a32cc/the-father-tongue.html
the-fifth-was-a-guess.html,KEEP AS CONTEXT,Published caste law page; 1380 visible words; H1: The fifth varṇa entered Sanskrit as one man's guess about an ambiguous phrase.,BL-1; BL-5; BL-6; BL-18; BL-26; BL-31; BL-52,The fifth varṇa entered Sanskrit as one man's guess about an ambiguous phrase. | What the Rigveda actually says. | Where the fifth comes from. | Then the etymologists supply the insult.,No specific factual error established here; later claim audit remains required.,Convert the load-bearing propositions on The Fifth Was a Guess: How the Outcaste Entered the Scheme into claim-to-record links; structural citation signals (4) are not verification.,03-REGISTERS/rigveda-varna.csv; rigveda-varna-occurrences.csv; CORRECTIONS-PENDING.md; 03-REGISTERS/inherited-claims.csv,Track one term or institution across dated records and identify where the archive cannot support continuity.,"Term-and-institution timeline with place/genre/date filters, counterexamples and archive gaps; avoid a single inevitable curve. For this route, centre the composition on “The Fifth Was a Guess: How the Outcaste Entered the Scheme”.",birth-was-not-always-destiny.html; caste-enforcement-mechanism.html; caste-survives-conversion.html; caste-was-law.html; climbing-the-ladder.html; counted-as-nothing.html; jatization.html,RELEASE 2,retained context,"Direct structural inspection at prior root-page SHA e6b6b67…; current site delta adds only prototypes, so root body is unchanged. 20 links; scripts assets/js/mk-shell.js.",Deep claim audit completed for named risk/correction pages; otherwise coverage inspection only.,https://github.com/melakeela/site/blob/769a6f646de8f6cd5e9e76874bad5c0ab12a32cc/the-fifth-was-a-guess.html
the-genome-of-caste.html,KEEP AS CONTEXT,Published genetics page; 1454 visible words; H1: Caste is written in the genome — and the two sexes are written differently.,BL-1; BL-5; BL-19; BL-22; BL-26; BL-30; BL-31; BL-52,"Caste is written in the genome — and the two sexes are written differently. | The marriage rules, read off the chromosomes. | The sexes leave different traces. | The complication the platform will not hide.",No specific factual error established here; later claim audit remains required.,"Convert the load-bearing propositions on Caste in the Genome: Gotra, Endogamy and Sex Difference into claim-to-record links; structural citation signals (6) are not verification.",03-REGISTERS/inherited-claims.csv; 04-AUDITS/REAUDIT-QUEUE.csv; CORRECTIONS-PENDING.md; NONE LOCATED for an accepted methods-qualified genetics synthesis,"Separate sampled person, modelled ancestry, population history, language and identity.","Sample-to-model comparison showing sample place/date, method, confidence and limits; ancestry components never rendered as peoples or languages. For this route, centre the composition on “Caste in the Genome: Gotra, Endogamy and Sex Difference”.",academia-battlefield.html; beneath-both-waves.html; endogamy-clock.html; gotra.html; steppe.html; the-definition.html; the-expansions.html,RELEASE 2,retained context,"Direct structural inspection at prior root-page SHA e6b6b67…; current site delta adds only prototypes, so root body is unchanged. 23 links; scripts assets/js/mk-shell.js.",Deep claim audit completed for named risk/correction pages; otherwise coverage inspection only.,https://github.com/melakeela/site/blob/769a6f646de8f6cd5e9e76874bad5c0ab12a32cc/the-genome-of-caste.html
the-gods-people-had.html,KEEP AS CONTEXT,Published religion text page; 1342 visible words; H1: The oldest large stone figures in India are not Vedic gods and not buddhas. They are tree spirits.,BL-6; BL-15; BL-16; BL-17; BL-18; BL-31; BL-52,The oldest large stone figures in India are not Vedic gods and not buddhas. They are tree spirits. | What they were. | The sculptural record. | Absorbed three times over.,No specific factual error established here; later claim audit remains required.,Convert the load-bearing propositions on The Gods People Had: Yakṣas Before Anyone Else Arrived into claim-to-record links; structural citation signals (4) are not verification.,03-REGISTERS/inherited-claims.csv; 02-SOURCES/access-ledger.csv; NONE LOCATED for accepted Pāli/Prakrit/Jain/Aśokan/Chinese-pilgrim corpus parity,"Compare who is speaking and whether the source is self-description, opponent report or later transmission.","Parallel source/voice viewer that distinguishes self-description, rival report, later commentary and modern reconstruction. For this route, centre the composition on “The Gods People Had: Yakṣas Before Anyone Else Arrived”.",brahmavadini.html; bronkhorst.html; how-buddhism-left.html; panini.html; the-broken-chain.html; the-computed-dawn.html; the-eastern-tradition.html,RELEASE 2,retained context,"Direct structural inspection at prior root-page SHA e6b6b67…; current site delta adds only prototypes, so root body is unchanged. 25 links; scripts assets/js/mk-shell.js; assets/js/mk-exhibit.js.",Deep claim audit completed for named risk/correction pages; otherwise coverage inspection only.,https://github.com/melakeela/site/blob/769a6f646de8f6cd5e9e76874bad5c0ab12a32cc/the-gods-people-had.html
the-grants-that-survived.html,KEEP AS CONTEXT,"Published caste law page; 1510 visible words; H1: The Ājīvikas left no documents. The land grants survive in tens of thousands, because a tax-free title is worth keeping.",BL-1; BL-5; BL-6; BL-18; BL-26; BL-31; BL-52,"The Ājīvikas left no documents. The land grants survive in tens of thousands, because a tax-free title is worth keeping. | The instruments. | The conversion. | The scale.",No specific factual error established here; later claim audit remains required.,Convert the load-bearing propositions on The Grants That Survived: Ritual Rank Converted Into Land into claim-to-record links; structural citation signals (6) are not verification.,03-REGISTERS/rigveda-varna.csv; rigveda-varna-occurrences.csv; CORRECTIONS-PENDING.md; 03-REGISTERS/inherited-claims.csv,Track one term or institution across dated records and identify where the archive cannot support continuity.,"Term-and-institution timeline with place/genre/date filters, counterexamples and archive gaps; avoid a single inevitable curve. For this route, centre the composition on “The Grants That Survived: Ritual Rank Converted Into Land”.",birth-was-not-always-destiny.html; caste-enforcement-mechanism.html; caste-survives-conversion.html; caste-was-law.html; climbing-the-ladder.html; counted-as-nothing.html; jatization.html,RELEASE 2,retained context,"Direct structural inspection at prior root-page SHA e6b6b67…; current site delta adds only prototypes, so root body is unchanged. 28 links; scripts assets/js/mk-shell.js; assets/js/mk-exhibit.js.",Deep claim audit completed for named risk/correction pages; otherwise coverage inspection only.,https://github.com/melakeela/site/blob/769a6f646de8f6cd5e9e76874bad5c0ab12a32cc/the-grants-that-survived.html
the-guilds-and-the-raid.html,KEEP AS CONTEXT,"Published tamil page; 1315 visible words; H1: Tamil merchants ran the Bay of Bengal for centuries. One year of it involved burning ports, and that is the year everyone knows.",BL-14; BL-18; BL-31; BL-39; BL-40; BL-58; BL-61; BL-69,"Tamil merchants ran the Bay of Bengal for centuries. One year of it involved burning ports, and that is the year everyone knows. | The network. | The raid. | The standard this platform has to apply.",No specific factual error established here; later claim audit remains required.,Convert the load-bearing propositions on The Guilds and the Raid: Tamil Reach Across the Bay into claim-to-record links; structural citation signals (3) are not verification.,06-BRIEFS/mvp-fifteen/05-tinai.md; 06-BRIEFS/mvp-fifteen/10-kural.md; 06-BRIEFS/mvp-fifteen/11-sound-changes.md; 02-SOURCES/access-ledger.csv; NONE LOCATED for an accepted Tamil-corpus parity set,"Move among text, commentary, material setting and living interpretation without collapsing them.","Text/object/audio encounter separating early textual meaning, commentary, later/living interpretation and MelaKeela’s contemporary use; no generic landscape decoration. For this route, centre the composition on “The Guilds and the Raid: Tamil Reach Across the Bay”.",kural.html; music.html; the-lost-harp.html; tinai.html; where-music-begins.html,RELEASE 2,retained context,"Direct structural inspection at prior root-page SHA e6b6b67…; current site delta adds only prototypes, so root body is unchanged. 19 links; scripts assets/js/mk-shell.js.",Deep claim audit completed for named risk/correction pages; otherwise coverage inspection only.,https://github.com/melakeela/site/blob/769a6f646de8f6cd5e9e76874bad5c0ab12a32cc/the-guilds-and-the-raid.html
the-killed.html,CORRECT CLAIMS,"Published rigveda page; 1478 visible words; H1: The named enemies hold forts, grain, wives and sons — and the hymns celebrate killing them for pay.",BL-1; BL-2; BL-5; BL-6; BL-12; BL-18; BL-31; BL-52,"The named enemies hold forts, grain, wives and sons — and the hymns celebrate killing them for pay. | The pairing is the finding | The individual dossiers | Three details that change the reading",No specific factual error established here; later claim audit remains required.,Convert the load-bearing propositions on The Named Enemies of the Rigveda and Who Was Paid into claim-to-record links; structural citation signals (2) are not verification.,03-REGISTERS/rigveda-pur-family.csv; 03-REGISTERS/rigveda-pur-passages.csv; 03-REGISTERS/rigveda-varna.csv; 03-REGISTERS/rigveda-varna-occurrences.csv; 04-AUDITS/rigveda-pur-family-method.md; 06-BRIEFS/pur-4j-corpus.md; open research PR #30,Test a public count by inspecting included and excluded occurrences in context.,"Searchable verse/source viewer with lemma, form, translation variants, passage context and counted/not-counted reason; never use book order as a date axis. For this route, centre the composition on “The Named Enemies of the Rigveda and Who Was Paid”.",caste-vocabulary-curve.html; criminalised-today.html; dasa-forts-rigveda.html; four-varnas-one-verse.html; geography-in-vedic-texts.html; mitanni.html; mlecha.html,RELEASE 1,safety correction,"Direct structural inspection at prior root-page SHA e6b6b67…; current site delta adds only prototypes, so root body is unchanged. 44 links; scripts assets/js/mk-shell.js.",Deep claim audit completed for named risk/correction pages; otherwise coverage inspection only.,https://github.com/melakeela/site/blob/769a6f646de8f6cd5e9e76874bad5c0ab12a32cc/the-killed.html
the-king-they-claimed.html,KEEP AS CONTEXT,Published archive power page; 1436 visible words; H1: They built a party around their own forgotten king. Then others claimed him.,BL-6; BL-18; BL-26; BL-31; BL-42; BL-43; BL-45; BL-52; BL-55,They built a party around their own forgotten king. Then others claimed him. | What the community did. | The counter-history tradition. | The capture.,No specific factual error established here; later claim audit remains required.,Convert the load-bearing propositions on The King They Claimed: Suheldev and the Rajbhars into claim-to-record links; structural citation signals (4) are not verification.,04-AUDITS/ARCHIVE-AND-POWER-AUDIT.csv; 04-AUDITS/BIAS-FAILURE-LOG.csv; 06-BRIEFS/mvp-fifteen/14-custody.md; 06-BRIEFS/mvp-fifteen/15-the-archive.md,"Trace a claim backward through author, archive, translation, funding and omission.","Source-genealogy network showing who recorded, preserved, translated, funded and excluded; motive appears only when documented. For this route, centre the composition on “The King They Claimed: Suheldev and the Rajbhars”.",authorship-attribution-ancient-texts.html; chains-of-transmission.html; foreign-accounts-ancient-india.html; forest-peoples-sanskrit-record.html; indology.html; manuscript-custody.html; naming-in-ancient-india.html,RELEASE 2,retained context,"Direct structural inspection at prior root-page SHA e6b6b67…; current site delta adds only prototypes, so root body is unchanged. 21 links; scripts assets/js/mk-shell.js.",Deep claim audit completed for named risk/correction pages; otherwise coverage inspection only.,https://github.com/melakeela/site/blob/769a6f646de8f6cd5e9e76874bad5c0ab12a32cc/the-king-they-claimed.html
the-languages-we-lost.html,KEEP AS CONTEXT,"Published dravidian page; 2061 visible words; H1: Four languages still speak, and no one knows their relatives.",BL-9; BL-10; BL-11; BL-13; BL-14; BL-18; BL-31; BL-40; BL-58; BL-69,"Four languages still speak, and no one knows their relatives. | The isolates. | The field looked past them — on purpose. | The clearest loss: the Vedda tongue.",No specific factual error established here; later claim audit remains required.,"Convert the load-bearing propositions on Language Isolates of South Asia: Burushaski, Kusunda, Nihali into claim-to-record links; structural citation signals (10) are not verification.",06-BRIEFS/mvp-fifteen/12-the-languages-we-lost.md; 03-REGISTERS/domain-e-claims.csv; 03-REGISTERS/domain-e-measurements.csv; 03-REGISTERS/domain-m-brahui-position.csv; 04-AUDITS/domain-m-adversarial-review-2026-09-07.md; 05-HOLDS/HOLD-004-north-dravidian-comparative-evidence.md; open research PR #22,"Compare forms and choose which history each observation supports, complicates or cannot decide.","Side-by-side form/sound table with audio only where consented; map attestation, contact and proposed shift separately; no family-tree certainty from lexical counts. For this route, centre the composition on “Language Isolates of South Asia: Burushaski, Kusunda, Nihali”.",dravidian-sounds-sanskrit-lacks.html; elamo-dravidian-hypothesis.html; kinship-terms-south-asia.html; the-deep-root.html; the-father-tongue.html; the-northwest-cousin.html; the-plateau.html,RELEASE 2,retained context,"Direct structural inspection at prior root-page SHA e6b6b67…; current site delta adds only prototypes, so root body is unchanged. 21 links; scripts assets/js/mk-shell.js.",Deep claim audit completed for named risk/correction pages; otherwise coverage inspection only.,https://github.com/melakeela/site/blob/769a6f646de8f6cd5e9e76874bad5c0ab12a32cc/the-languages-we-lost.html
the-late-hymn.html,DEEPEN,Published rigveda page; 1263 visible words; H1: The whole hierarchy enters in one late hymn.,BL-1; BL-2; BL-5; BL-6; BL-12; BL-18; BL-31; BL-52,"The whole hierarchy enters in one late hymn. | Ten books, and only the last one ranks people. | It is not just late. It reads as inserted. | The tell: there was no room below the third class.",No specific factual error established here; later claim audit remains required.,Convert the load-bearing propositions on Purusha Sukta: The Caste Hymn Was Added Late into claim-to-record links; structural citation signals (11) are not verification.,03-REGISTERS/rigveda-pur-family.csv; 03-REGISTERS/rigveda-pur-passages.csv; 03-REGISTERS/rigveda-varna.csv; 03-REGISTERS/rigveda-varna-occurrences.csv; 04-AUDITS/rigveda-pur-family-method.md; 06-BRIEFS/pur-4j-corpus.md; open research PR #30,Test a public count by inspecting included and excluded occurrences in context.,"Searchable verse/source viewer with lemma, form, translation variants, passage context and counted/not-counted reason; never use book order as a date axis. For this route, centre the composition on “Purusha Sukta: The Caste Hymn Was Added Late”.",caste-vocabulary-curve.html; criminalised-today.html; dasa-forts-rigveda.html; four-varnas-one-verse.html; geography-in-vedic-texts.html; mitanni.html; mlecha.html,RELEASE 2,retained context,"Direct structural inspection at prior root-page SHA e6b6b67…; current site delta adds only prototypes, so root body is unchanged. 18 links; scripts assets/js/mk-shell.js.",Deep claim audit completed for named risk/correction pages; otherwise coverage inspection only.,https://github.com/melakeela/site/blob/769a6f646de8f6cd5e9e76874bad5c0ab12a32cc/the-late-hymn.html
the-later-count.html,KEEP AS CONTEXT,"Published rigveda page; 966 visible words; H1: Even in the later Vedic corpus, the four castes are thin, ritual, and rare.",BL-1; BL-2; BL-5; BL-6; BL-12; BL-18; BL-31; BL-52,"Even in the later Vedic corpus, the four castes are thin, ritual, and rare. | The count. | What the numbers say. | The four-varṇa order clusters in exactly two places.",No specific factual error established here; later claim audit remains required.,Convert the load-bearing propositions on Counting Varna in the Taittiriya Samhita: A Thin Record into claim-to-record links; structural citation signals (2) are not verification.,03-REGISTERS/rigveda-pur-family.csv; 03-REGISTERS/rigveda-pur-passages.csv; 03-REGISTERS/rigveda-varna.csv; 03-REGISTERS/rigveda-varna-occurrences.csv; 04-AUDITS/rigveda-pur-family-method.md; 06-BRIEFS/pur-4j-corpus.md; open research PR #30,Test a public count by inspecting included and excluded occurrences in context.,"Searchable verse/source viewer with lemma, form, translation variants, passage context and counted/not-counted reason; never use book order as a date axis. For this route, centre the composition on “Counting Varna in the Taittiriya Samhita: A Thin Record”.",caste-vocabulary-curve.html; criminalised-today.html; dasa-forts-rigveda.html; four-varnas-one-verse.html; geography-in-vedic-texts.html; mitanni.html; mlecha.html,RELEASE 2,retained context,"Direct structural inspection at prior root-page SHA e6b6b67…; current site delta adds only prototypes, so root body is unchanged. 18 links; scripts assets/js/mk-shell.js.",Deep claim audit completed for named risk/correction pages; otherwise coverage inspection only.,https://github.com/melakeela/site/blob/769a6f646de8f6cd5e9e76874bad5c0ab12a32cc/the-later-count.html
the-ledger.html,REDESIGN,Published evidence page; 1379 visible words; H1: The Ledger.,BL-20; BL-21; BL-22; BL-23; BL-24; BL-25; BL-31; BL-32; BL-47; BL-48; BL-49; BL-52,"The Ledger. | Why rank sources at all? | What a strong negative looks like. | Every source, graded.",No specific factual error established here; later claim audit remains required.,Convert the load-bearing propositions on The Source Ledger: Ranking Evidence and Checking Scholars into claim-to-record links; structural citation signals (31) are not verification.,06-BRIEFS/mvp-fifteen/06-the-ledger.md; 13-PRODUCT-ARCHITECTURE/museum-framework.md; 06-BRIEFS/mvp-fifteen/03-artifact-atlas.md; 06-BRIEFS/mvp-fifteen/06-the-ledger.md; site:assets/data/page-evidence.json,"Open one record, inspect its locator and evidence role, compare a counter-record, then follow its revision history.","Record table plus expandable locator/source-ancestry drawer; relationships appear only after their evidence links and uncertainty are visible. For this route, centre the composition on “The Source Ledger: Ranking Evidence and Checking Scholars”.",artifact-atlas.html; research-index.html; search.html; sources.html,RELEASE 1,enabler,"Direct structural inspection at prior root-page SHA e6b6b67…; current site delta adds only prototypes, so root body is unchanged. 18 links; scripts assets/js/the-ledger.js; assets/js/mk-shell.js.",Deep claim audit completed for named risk/correction pages; otherwise coverage inspection only.,https://github.com/melakeela/site/blob/769a6f646de8f6cd5e9e76874bad5c0ab12a32cc/the-ledger.html
the-lost-harp.html,DEEPEN,"Published tamil page; 1467 visible words; H1: An instrument with six named varieties, tuned to five landscapes. Nobody alive plays it.",BL-14; BL-18; BL-31; BL-39; BL-40; BL-58; BL-61; BL-69,"An instrument with six named varieties, tuned to five landscapes. Nobody alive plays it. | What existed. | Who played it. | Tamil had its own theory of instruments.",No specific factual error established here; later claim audit remains required.,Convert the load-bearing propositions on The Lost Harp: The Yāḻ and What Extinction Looks Like into claim-to-record links; structural citation signals (11) are not verification.,06-BRIEFS/mvp-fifteen/05-tinai.md; 06-BRIEFS/mvp-fifteen/10-kural.md; 06-BRIEFS/mvp-fifteen/11-sound-changes.md; 02-SOURCES/access-ledger.csv; NONE LOCATED for an accepted Tamil-corpus parity set,"Move among text, commentary, material setting and living interpretation without collapsing them.","Text/object/audio encounter separating early textual meaning, commentary, later/living interpretation and MelaKeela’s contemporary use; no generic landscape decoration. For this route, centre the composition on “The Lost Harp: The Yāḻ and What Extinction Looks Like”.",kural.html; music.html; the-guilds-and-the-raid.html; tinai.html; where-music-begins.html,RELEASE 2,retained context,"Direct structural inspection at prior root-page SHA e6b6b67…; current site delta adds only prototypes, so root body is unchanged. 23 links; scripts assets/js/mk-shell.js.",Deep claim audit completed for named risk/correction pages; otherwise coverage inspection only.,https://github.com/melakeela/site/blob/769a6f646de8f6cd5e9e76874bad5c0ab12a32cc/the-lost-harp.html
the-lost-materialists.html,KEEP AS CONTEXT,"Published religion text page; 1468 visible words; H1: India had a school that denied gods, karma and scripture. We know it only from the books written to destroy it.",BL-6; BL-15; BL-16; BL-17; BL-18; BL-31; BL-52,"India had a school that denied gods, karma and scripture. We know it only from the books written to destroy it. | What it held. | What survives. | The problem with the quotations.",No specific factual error established here; later claim audit remains required.,"Convert the load-bearing propositions on The Lost Materialists: Cārvāka, Known Only From Refutations into claim-to-record links; structural citation signals (9) are not verification.",03-REGISTERS/inherited-claims.csv; 02-SOURCES/access-ledger.csv; NONE LOCATED for accepted Pāli/Prakrit/Jain/Aśokan/Chinese-pilgrim corpus parity,"Compare who is speaking and whether the source is self-description, opponent report or later transmission.","Parallel source/voice viewer that distinguishes self-description, rival report, later commentary and modern reconstruction. For this route, centre the composition on “The Lost Materialists: Cārvāka, Known Only From Refutations”.",brahmavadini.html; bronkhorst.html; how-buddhism-left.html; panini.html; the-broken-chain.html; the-computed-dawn.html; the-eastern-tradition.html,RELEASE 2,retained context,"Direct structural inspection at prior root-page SHA e6b6b67…; current site delta adds only prototypes, so root body is unchanged. 24 links; scripts assets/js/mk-shell.js; assets/js/mk-exhibit.js.",Deep claim audit completed for named risk/correction pages; otherwise coverage inspection only.,https://github.com/melakeela/site/blob/769a6f646de8f6cd5e9e76874bad5c0ab12a32cc/the-lost-materialists.html
the-margins.html,KEEP AS CONTEXT,Published genetics page; 1499 visible words; H1: The oldest lineages on earth survive on the land nobody wanted.,BL-1; BL-5; BL-19; BL-22; BL-26; BL-30; BL-31; BL-52,"The oldest lineages on earth survive on the land nobody wanted. | The mechanism, drawn. | Every continent. | What else the margin preserved.",No specific factual error established here; later claim audit remains required.,"Convert the load-bearing propositions on The Margins: Where the Oldest Lineages Survive, and Why into claim-to-record links; structural citation signals (3) are not verification.",03-REGISTERS/inherited-claims.csv; 04-AUDITS/REAUDIT-QUEUE.csv; CORRECTIONS-PENDING.md; NONE LOCATED for an accepted methods-qualified genetics synthesis,"Separate sampled person, modelled ancestry, population history, language and identity.","Sample-to-model comparison showing sample place/date, method, confidence and limits; ancestry components never rendered as peoples or languages. For this route, centre the composition on “The Margins: Where the Oldest Lineages Survive, and Why”.",academia-battlefield.html; beneath-both-waves.html; endogamy-clock.html; gotra.html; steppe.html; the-definition.html; the-expansions.html,RELEASE 2,retained context,"Direct structural inspection at prior root-page SHA e6b6b67…; current site delta adds only prototypes, so root body is unchanged. 25 links; scripts assets/js/mk-shell.js; assets/js/mk-exhibit.js.",Deep claim audit completed for named risk/correction pages; otherwise coverage inspection only.,https://github.com/melakeela/site/blob/769a6f646de8f6cd5e9e76874bad5c0ab12a32cc/the-margins.html
the-markers-themselves.html,CORRECT CLAIMS,"Published genetics page; 4341 visible words; H1: Eighty-one per cent of Tamil male lineages are indigenous, and castes and tribes carry the same ones.",BL-1; BL-5; BL-19; BL-22; BL-26; BL-30; BL-31; BL-52,"Eighty-one per cent of Tamil male lineages are indigenous, and castes and tribes carry the same ones. | The lineages. | The finding that matters most. | The groups, and what each carries.","Y-lineage evidence cannot stand for autosomal ancestry, whole populations, caste or language.","Resolve the named correction before prominence; bind every changed claim to locator, evidence role, counter-evidence and revision.",03-REGISTERS/inherited-claims.csv; 04-AUDITS/REAUDIT-QUEUE.csv; CORRECTIONS-PENDING.md; NONE LOCATED for an accepted methods-qualified genetics synthesis,"Separate sampled person, modelled ancestry, population history, language and identity.","Sample-to-model comparison showing sample place/date, method, confidence and limits; ancestry components never rendered as peoples or languages. For this route, centre the composition on “The Markers Themselves: Y-Lineages Across Caste and Tribe”.",academia-battlefield.html; beneath-both-waves.html; endogamy-clock.html; gotra.html; steppe.html; the-definition.html; the-expansions.html,RELEASE 1,safety correction,"Direct structural inspection at prior root-page SHA e6b6b67…; current site delta adds only prototypes, so root body is unchanged. 20 links; scripts assets/js/mk-shell.js; assets/js/mk-exhibit.js; assets/js/mk-ai.js.",Deep claim audit completed for named risk/correction pages; otherwise coverage inspection only.,https://github.com/melakeela/site/blob/769a6f646de8f6cd5e9e76874bad5c0ab12a32cc/the-markers-themselves.html
the-maternal-line.html,KEEP AS CONTEXT,"Published genetics page; 1539 visible words; H1: Every caste's maternal lineages are old, local and shared. Only the men were sorted.",BL-1; BL-5; BL-19; BL-22; BL-26; BL-30; BL-31; BL-52,"Every caste's maternal lineages are old, local and shared. Only the men were sorted. | The asymmetry. | What that looks like in South Asia. | Three mechanisms.",No specific factual error established here; later claim audit remains required.,Convert the load-bearing propositions on The Maternal Line: What the Women's Record Refuses into claim-to-record links; structural citation signals (4) are not verification.,03-REGISTERS/inherited-claims.csv; 04-AUDITS/REAUDIT-QUEUE.csv; CORRECTIONS-PENDING.md; NONE LOCATED for an accepted methods-qualified genetics synthesis,"Separate sampled person, modelled ancestry, population history, language and identity.","Sample-to-model comparison showing sample place/date, method, confidence and limits; ancestry components never rendered as peoples or languages. For this route, centre the composition on “The Maternal Line: What the Women's Record Refuses”.",academia-battlefield.html; beneath-both-waves.html; endogamy-clock.html; gotra.html; steppe.html; the-definition.html; the-expansions.html,RELEASE 2,retained context,"Direct structural inspection at prior root-page SHA e6b6b67…; current site delta adds only prototypes, so root body is unchanged. 25 links; scripts assets/js/mk-shell.js; assets/js/mk-exhibit.js; assets/js/mk-ai.js.",Deep claim audit completed for named risk/correction pages; otherwise coverage inspection only.,https://github.com/melakeela/site/blob/769a6f646de8f6cd5e9e76874bad5c0ab12a32cc/the-maternal-line.html
the-medicine-question.html,MERGE,"Published science practice page; 1723 visible words; H1: Traditional medicine, taken seriously — which means taken critically.",BL-18; BL-26; BL-31; BL-52; BL-69,"Traditional medicine, taken seriously — which means taken critically. | The stakes are not academic. | What shows real effect. | The harm is real, and partly by design.",No specific factual error established here; later claim audit remains required.,"Convert the load-bearing propositions on Ayurveda and Siddha: Evidence, Efficacy and Heavy Metals into claim-to-record links; structural citation signals (12) are not verification.",03-REGISTERS/inherited-claims.csv; 02-SOURCES/access-ledger.csv; NONE LOCATED for accepted astronomy/music/medical source programmes,"Inspect the object or instrument, test a reconstruction and separate historical evidence from present practice.","Instrument/object/source comparison with reconstruction labels, safety limits and rights; recreated sound or practice is never presented as survival without evidence. For this route, centre the composition on “Ayurveda and Siddha: Evidence, Efficacy and Heavy Metals”.",siddha-and-ayurveda.html; ancient-south-asian-astronomy.html; dravidian-sky.html; siddha-and-ayurveda.html,RELEASE 2,retained context,"Direct structural inspection at prior root-page SHA e6b6b67…; current site delta adds only prototypes, so root body is unchanged. 20 links; scripts assets/js/mk-shell.js.",Deep claim audit completed for named risk/correction pages; otherwise coverage inspection only.,https://github.com/melakeela/site/blob/769a6f646de8f6cd5e9e76874bad5c0ab12a32cc/the-medicine-question.html
the-narrowing.html,KEEP AS CONTEXT,"Published religion text page; 1382 visible words; H1: Women's status did not fade with time. It was narrowed, on purpose, as land and priesthood hardened.",BL-6; BL-15; BL-16; BL-17; BL-18; BL-31; BL-52,"Women's status did not fade with time. It was narrowed, on purpose, as land and priesthood hardened. | The early layer: women in the open. | The narrowing. | The mechanism: property and priesthood.",No specific factual error established here; later claim audit remains required.,Convert the load-bearing propositions on How Women's Status Declined in Ancient India into claim-to-record links; structural citation signals (14) are not verification.,03-REGISTERS/inherited-claims.csv; 02-SOURCES/access-ledger.csv; NONE LOCATED for accepted Pāli/Prakrit/Jain/Aśokan/Chinese-pilgrim corpus parity,"Compare who is speaking and whether the source is self-description, opponent report or later transmission.","Parallel source/voice viewer that distinguishes self-description, rival report, later commentary and modern reconstruction. For this route, centre the composition on “How Women's Status Declined in Ancient India”.",brahmavadini.html; bronkhorst.html; how-buddhism-left.html; panini.html; the-broken-chain.html; the-computed-dawn.html; the-eastern-tradition.html,RELEASE 2,retained context,"Direct structural inspection at prior root-page SHA e6b6b67…; current site delta adds only prototypes, so root body is unchanged. 20 links; scripts assets/js/mk-shell.js.",Deep claim audit completed for named risk/correction pages; otherwise coverage inspection only.,https://github.com/melakeela/site/blob/769a6f646de8f6cd5e9e76874bad5c0ab12a32cc/the-narrowing.html
the-nine-enemies.html,MERGE,Published rigveda page; 1715 visible words; H1: Nine men are named as enemies. Each death has a beneficiary.,BL-1; BL-2; BL-5; BL-6; BL-12; BL-18; BL-31; BL-52,Nine men are named as enemies. Each death has a beneficiary. | The pairing is the finding. | The roster. | They are killed in their sleep.,No specific factual error established here; later claim audit remains required.,"Convert the load-bearing propositions on The Nine Named Enemies of the Rigveda, and Who Was Paid into claim-to-record links; structural citation signals (2) are not verification.",03-REGISTERS/rigveda-pur-family.csv; 03-REGISTERS/rigveda-pur-passages.csv; 03-REGISTERS/rigveda-varna.csv; 03-REGISTERS/rigveda-varna-occurrences.csv; 04-AUDITS/rigveda-pur-family-method.md; 06-BRIEFS/pur-4j-corpus.md; open research PR #30,Test a public count by inspecting included and excluded occurrences in context.,"Searchable verse/source viewer with lemma, form, translation variants, passage context and counted/not-counted reason; never use book order as a date axis. For this route, centre the composition on “The Nine Named Enemies of the Rigveda, and Who Was Paid”.",the-killed.html; caste-vocabulary-curve.html; criminalised-today.html; dasa-forts-rigveda.html; four-varnas-one-verse.html; geography-in-vedic-texts.html; mitanni.html,RELEASE 2,retained context,"Direct structural inspection at prior root-page SHA e6b6b67…; current site delta adds only prototypes, so root body is unchanged. 19 links; scripts assets/js/mk-shell.js.",Deep claim audit completed for named risk/correction pages; otherwise coverage inspection only.,https://github.com/melakeela/site/blob/769a6f646de8f6cd5e9e76874bad5c0ab12a32cc/the-nine-enemies.html
the-northwest-cousin.html,CORRECT CLAIMS,Published dravidian page; 1792 visible words; H1: A Dravidian language is spoken in Balochistan. It shares 191 roots with Tamil.,BL-9; BL-10; BL-11; BL-13; BL-14; BL-18; BL-31; BL-40; BL-58; BL-69,A Dravidian language is spoken in Balochistan. It shares 191 roots with Tamil. | The count. | The caveat that has to come with it. | What the distribution means.,"The shipped digitisation reproduces 191/262 (72.9%), but “directly from the dictionary” obscures a secondary digitisation and other same-source-lineage scrapes yield 220/269 and 223/273. D-038 and Domain M blockers remain open.","Resolve the named correction before prominence; bind every changed claim to locator, evidence role, counter-evidence and revision.",Open site PR #4 correction dossier; 03-REGISTERS/domain-e-claims.csv; 03-REGISTERS/domain-e-measurements.csv; 03-REGISTERS/domain-m-brahui-position.csv; 04-AUDITS/domain-m-adversarial-review-2026-09-07.md; 05-HOLDS/HOLD-004-north-dravidian-comparative-evidence.md; open research PR #22,"Compare forms and choose which history each observation supports, complicates or cannot decide.","Side-by-side form/sound table with audio only where consented; map attestation, contact and proposed shift separately; no family-tree certainty from lexical counts. For this route, centre the composition on “The Northwest Cousin: Brahui, Tamil and 191 Shared Roots”.",dravidian-sounds-sanskrit-lacks.html; elamo-dravidian-hypothesis.html; kinship-terms-south-asia.html; the-deep-root.html; the-father-tongue.html; the-languages-we-lost.html; the-plateau.html,RELEASE 1,safety correction,"Direct structural inspection at prior root-page SHA e6b6b67…; current site delta adds only prototypes, so root body is unchanged. 19 links; scripts assets/js/mk-shell.js; assets/js/mk-exhibit.js.",Deep claim audit completed for named risk/correction pages; otherwise coverage inspection only.,https://github.com/melakeela/site/blob/769a6f646de8f6cd5e9e76874bad5c0ab12a32cc/the-northwest-cousin.html
the-other-half.html,HOLD,Published indus archaeology page; 1580 visible words; H1: The two largest Indus cities are in Pakistan. So is the oldest farming village. Nobody there is sequencing them.,BL-11; BL-18; BL-25; BL-26; BL-27; BL-28; BL-30; BL-31; BL-66; BL-67,The two largest Indus cities are in Pakistan. So is the oldest farming village. Nobody there is sequencing them. | What Pakistan already did. | What it holds and does not study. | Why the incentive doesn't run the way it should.,No specific factual error established here; later claim audit remains required.,Convert the load-bearing propositions on The Other Half of the Indus: What Pakistan Holds into claim-to-record links; structural citation signals (6) are not verification.,06-BRIEFS/mvp-fifteen/07-keeladi.md; 06-BRIEFS/mvp-fifteen/08-before-the-indus.md; 06-BRIEFS/mvp-fifteen/09-the-water-city.md; 03-REGISTERS/inherited-claims.csv; 02-SOURCES/access-ledger.csv,"Excavate context, date the layer and decide what the object can and cannot establish.","Excavation/context view with trench, layer, object, date range and alternative reading; movement maps separate material from people and language. For this route, centre the composition on “The Other Half of the Indus: What Pakistan Holds”.",before-the-indus.html; brahmi.html; excavation-bias-funding.html; indus-to-vedic-gap.html; keeladi.html; material-culture-ancient-south-asia.html; meluhha-trade.html,RELEASE 1,safety correction,"Direct structural inspection at prior root-page SHA e6b6b67…; current site delta adds only prototypes, so root body is unchanged. 16 links; scripts assets/js/mk-shell.js; assets/js/mk-exhibit.js.",Deep claim audit completed for named risk/correction pages; otherwise coverage inspection only.,https://github.com/melakeela/site/blob/769a6f646de8f6cd5e9e76874bad5c0ab12a32cc/the-other-half.html
the-plateau.html,DEEPEN,Published dravidian page; 1828 visible words; H1: The ancestry that links Elam and the Indus was herding goats in the Zagros before farming reached either.,BL-9; BL-10; BL-11; BL-13; BL-14; BL-18; BL-31; BL-40; BL-58; BL-69,"The ancestry that links Elam and the Indus was herding goats in the Zagros before farming reached either. | What ""Iranian farmer"" ancestry actually is. | The site where they meet. | The Elamite genomes.",No specific factual error established here; later claim audit remains required.,"Convert the load-bearing propositions on The Plateau: Elam, the Indus, and the People Between into claim-to-record links; structural citation signals (5) are not verification.",03-REGISTERS/domain-e-claims.csv; 03-REGISTERS/domain-e-measurements.csv; 03-REGISTERS/domain-m-brahui-position.csv; 04-AUDITS/domain-m-adversarial-review-2026-09-07.md; 05-HOLDS/HOLD-004-north-dravidian-comparative-evidence.md; open research PR #22,"Compare forms and choose which history each observation supports, complicates or cannot decide.","Side-by-side form/sound table with audio only where consented; map attestation, contact and proposed shift separately; no family-tree certainty from lexical counts. For this route, centre the composition on “The Plateau: Elam, the Indus, and the People Between”.",dravidian-sounds-sanskrit-lacks.html; elamo-dravidian-hypothesis.html; kinship-terms-south-asia.html; the-deep-root.html; the-father-tongue.html; the-languages-we-lost.html; the-northwest-cousin.html,RELEASE 2,retained context,"Direct structural inspection at prior root-page SHA e6b6b67…; current site delta adds only prototypes, so root body is unchanged. 26 links; scripts assets/js/mk-shell.js; assets/js/mk-exhibit.js; assets/js/mk-ai.js.",Deep claim audit completed for named risk/correction pages; otherwise coverage inspection only.,https://github.com/melakeela/site/blob/769a6f646de8f6cd5e9e76874bad5c0ab12a32cc/the-plateau.html
the-proxy.html,HOLD,"Published genetics page; 2318 visible words; H1: A community used to model the Indus woman’s deep ancestry catches snakes for a living, and was told none of this.",BL-1; BL-5; BL-19; BL-22; BL-26; BL-30; BL-31; BL-52,"A community used to model the Indus woman’s deep ancestry catches snakes for a living, and was told none of this. | Three arrivals, and who was already there. | What the model actually does. | What the paper found, and what was announced.","Living communities cannot be collapsed into genetic, linguistic or cultural proxies for ancient populations; community authority and consent are unresolved.","Resolve the named correction before prominence; bind every changed claim to locator, evidence role, counter-evidence and revision.",03-REGISTERS/inherited-claims.csv; 04-AUDITS/REAUDIT-QUEUE.csv; CORRECTIONS-PENDING.md; NONE LOCATED for an accepted methods-qualified genetics synthesis,"Separate sampled person, modelled ancestry, population history, language and identity.","Sample-to-model comparison showing sample place/date, method, confidence and limits; ancestry components never rendered as peoples or languages. For this route, centre the composition on “The Proxy: Who Carries the Indus Woman's Ancestry Now”.",academia-battlefield.html; beneath-both-waves.html; endogamy-clock.html; gotra.html; steppe.html; the-definition.html; the-expansions.html,RELEASE 1,safety correction,"Direct structural inspection at prior root-page SHA e6b6b67…; current site delta adds only prototypes, so root body is unchanged. 17 links; scripts assets/js/mk-shell.js; assets/js/mk-exhibit.js; assets/js/mk-ai.js.",Deep claim audit completed for named risk/correction pages; otherwise coverage inspection only.,https://github.com/melakeela/site/blob/769a6f646de8f6cd5e9e76874bad5c0ab12a32cc/the-proxy.html
the-seal-still-holds.html,KEEP AS CONTEXT,Published indus archaeology page; 1399 visible words; H1: The genome dates the sealing to two thousand years ago. The survey data says it has not opened.,BL-11; BL-18; BL-25; BL-26; BL-27; BL-28; BL-30; BL-31; BL-66; BL-67,"The genome dates the sealing to two thousand years ago. The survey data says it has not opened. | The flat line. | By state, and how far apart they are. | Even crossing the line is usually arranged.",No specific factual error established here; later claim audit remains required.,Convert the load-bearing propositions on The Seal Still Holds: Endogamy Measured in the Present into claim-to-record links; structural citation signals (5) are not verification.,06-BRIEFS/mvp-fifteen/07-keeladi.md; 06-BRIEFS/mvp-fifteen/08-before-the-indus.md; 06-BRIEFS/mvp-fifteen/09-the-water-city.md; 03-REGISTERS/inherited-claims.csv; 02-SOURCES/access-ledger.csv,"Excavate context, date the layer and decide what the object can and cannot establish.","Excavation/context view with trench, layer, object, date range and alternative reading; movement maps separate material from people and language. For this route, centre the composition on “The Seal Still Holds: Endogamy Measured in the Present”.",before-the-indus.html; brahmi.html; excavation-bias-funding.html; indus-to-vedic-gap.html; keeladi.html; material-culture-ancient-south-asia.html; meluhha-trade.html,RELEASE 2,retained context,"Direct structural inspection at prior root-page SHA e6b6b67…; current site delta adds only prototypes, so root body is unchanged. 26 links; scripts assets/js/mk-shell.js; assets/js/mk-exhibit.js.",Deep claim audit completed for named risk/correction pages; otherwise coverage inspection only.,https://github.com/melakeela/site/blob/769a6f646de8f6cd5e9e76874bad5c0ab12a32cc/the-seal-still-holds.html
the-shape-of-a-grave.html,DEEPEN,"Published indus archaeology page; 1373 visible words; H1: A Bronze Age grave in Gujarat: a stone circle, a central pit, a cairn of laterite rubble on top.",BL-11; BL-18; BL-25; BL-26; BL-27; BL-28; BL-30; BL-31; BL-66; BL-67,"A Bronze Age grave in Gujarat: a stone circle, a central pit, a cairn of laterite rubble on top. | What the Harappan graves look like. | What the South Indian megaliths look like. | Why the resemblance cannot carry a claim of descent.",No specific factual error established here; later claim audit remains required.,Convert the load-bearing propositions on The Shape of a Grave: Indus Burials and the Megaliths into claim-to-record links; structural citation signals (1) are not verification.,06-BRIEFS/mvp-fifteen/07-keeladi.md; 06-BRIEFS/mvp-fifteen/08-before-the-indus.md; 06-BRIEFS/mvp-fifteen/09-the-water-city.md; 03-REGISTERS/inherited-claims.csv; 02-SOURCES/access-ledger.csv,"Excavate context, date the layer and decide what the object can and cannot establish.","Excavation/context view with trench, layer, object, date range and alternative reading; movement maps separate material from people and language. For this route, centre the composition on “The Shape of a Grave: Indus Burials and the Megaliths”.",before-the-indus.html; brahmi.html; excavation-bias-funding.html; indus-to-vedic-gap.html; keeladi.html; material-culture-ancient-south-asia.html; meluhha-trade.html,RELEASE 2,retained context,"Direct structural inspection at prior root-page SHA e6b6b67…; current site delta adds only prototypes, so root body is unchanged. 23 links; scripts assets/js/mk-shell.js.",Deep claim audit completed for named risk/correction pages; otherwise coverage inspection only.,https://github.com/melakeela/site/blob/769a6f646de8f6cd5e9e76874bad5c0ab12a32cc/the-shape-of-a-grave.html
the-survey-not-done.html,HOLD,"Published indus archaeology page; 1767 visible words; H1: One survey over Guatemala found 61,480 structures. Nothing comparable has been flown over the Indus or the Vaigai.",BL-11; BL-18; BL-25; BL-26; BL-27; BL-28; BL-30; BL-31; BL-66; BL-67,"One survey over Guatemala found 61,480 structures. Nothing comparable has been flown over the Indus or the Vaigai. | What one survey found. | The comparison South Asia has not made. | Why LiDAR alone is not enough.",No specific factual error established here; later claim audit remains required.,Convert the load-bearing propositions on The Survey Not Done: LiDAR and South Asia's Blind Spot into claim-to-record links; structural citation signals (1) are not verification.,06-BRIEFS/mvp-fifteen/07-keeladi.md; 06-BRIEFS/mvp-fifteen/08-before-the-indus.md; 06-BRIEFS/mvp-fifteen/09-the-water-city.md; 03-REGISTERS/inherited-claims.csv; 02-SOURCES/access-ledger.csv,"Excavate context, date the layer and decide what the object can and cannot establish.","Excavation/context view with trench, layer, object, date range and alternative reading; movement maps separate material from people and language. For this route, centre the composition on “The Survey Not Done: LiDAR and South Asia's Blind Spot”.",before-the-indus.html; brahmi.html; excavation-bias-funding.html; indus-to-vedic-gap.html; keeladi.html; material-culture-ancient-south-asia.html; meluhha-trade.html,RELEASE 1,safety correction,"Direct structural inspection at prior root-page SHA e6b6b67…; current site delta adds only prototypes, so root body is unchanged. 20 links; scripts assets/js/mk-shell.js.",Deep claim audit completed for named risk/correction pages; otherwise coverage inspection only.,https://github.com/melakeela/site/blob/769a6f646de8f6cd5e9e76874bad5c0ab12a32cc/the-survey-not-done.html
the-third-party.html,HOLD,Published archive power page; 1994 visible words; H1: India built genomic data sovereignty. It gave it to the state.,BL-6; BL-18; BL-26; BL-31; BL-42; BL-43; BL-45; BL-52; BL-55,"India built genomic data sovereignty. It gave it to the state. | What ""data sovereignty"" was invented to mean. | What India built instead. | The trap in the word.",No specific factual error established here; later claim audit remains required.,Convert the load-bearing propositions on The Third Party: Who Data Sovereignty Was Built For into claim-to-record links; structural citation signals (6) are not verification.,04-AUDITS/ARCHIVE-AND-POWER-AUDIT.csv; 04-AUDITS/BIAS-FAILURE-LOG.csv; 06-BRIEFS/mvp-fifteen/14-custody.md; 06-BRIEFS/mvp-fifteen/15-the-archive.md,"Trace a claim backward through author, archive, translation, funding and omission.","Source-genealogy network showing who recorded, preserved, translated, funded and excluded; motive appears only when documented. For this route, centre the composition on “The Third Party: Who Data Sovereignty Was Built For”.",authorship-attribution-ancient-texts.html; chains-of-transmission.html; foreign-accounts-ancient-india.html; forest-peoples-sanskrit-record.html; indology.html; manuscript-custody.html; naming-in-ancient-india.html,RELEASE 1,safety correction,"Direct structural inspection at prior root-page SHA e6b6b67…; current site delta adds only prototypes, so root body is unchanged. 25 links; scripts assets/js/mk-shell.js; assets/js/mk-exhibit.js; assets/js/mk-ai.js.",Deep claim audit completed for named risk/correction pages; otherwise coverage inspection only.,https://github.com/melakeela/site/blob/769a6f646de8f6cd5e9e76874bad5c0ab12a32cc/the-third-party.html
the-third-tradition.html,KEEP AS CONTEXT,Published religion text page; 1584 visible words; H1: Someone took a chisel to their name. The cuts were too deep to remove.,BL-6; BL-15; BL-16; BL-17; BL-18; BL-31; BL-52,Someone took a chisel to their name. The cuts were too deep to remove. | Who they were. | The chisel. | The evidence problem.,No specific factual error established here; later claim audit remains required.,"Convert the load-bearing propositions on The Third Tradition: The Ājīvikas, Known Only Through Rivals into claim-to-record links; structural citation signals (11) are not verification.",03-REGISTERS/inherited-claims.csv; 02-SOURCES/access-ledger.csv; NONE LOCATED for accepted Pāli/Prakrit/Jain/Aśokan/Chinese-pilgrim corpus parity,"Compare who is speaking and whether the source is self-description, opponent report or later transmission.","Parallel source/voice viewer that distinguishes self-description, rival report, later commentary and modern reconstruction. For this route, centre the composition on “The Third Tradition: The Ājīvikas, Known Only Through Rivals”.",brahmavadini.html; bronkhorst.html; how-buddhism-left.html; panini.html; the-broken-chain.html; the-computed-dawn.html; the-eastern-tradition.html,RELEASE 2,retained context,"Direct structural inspection at prior root-page SHA e6b6b67…; current site delta adds only prototypes, so root body is unchanged. 29 links; scripts assets/js/mk-shell.js; assets/js/mk-exhibit.js.",Deep claim audit completed for named risk/correction pages; otherwise coverage inspection only.,https://github.com/melakeela/site/blob/769a6f646de8f6cd5e9e76874bad5c0ab12a32cc/the-third-tradition.html
the-three-ancestries.html,DEEPEN,Published genetics page; 2109 visible words; H1: Three ancestries made South Asia. Then endogamy froze them in place.,BL-1; BL-5; BL-19; BL-22; BL-26; BL-30; BL-31; BL-52,"Three ancestries made South Asia. Then endogamy froze them in place. | The three sources. | ""Three"" is the cline — not everyone. | The oldest layer: one migration, 50,000 years ago.",No specific factual error established here; later claim audit remains required.,Convert the load-bearing propositions on Three Ancestries: How South Asian Genomes Were Formed into claim-to-record links; structural citation signals (27) are not verification.,03-REGISTERS/inherited-claims.csv; 04-AUDITS/REAUDIT-QUEUE.csv; CORRECTIONS-PENDING.md; NONE LOCATED for an accepted methods-qualified genetics synthesis,"Separate sampled person, modelled ancestry, population history, language and identity.","Sample-to-model comparison showing sample place/date, method, confidence and limits; ancestry components never rendered as peoples or languages. For this route, centre the composition on “Three Ancestries: How South Asian Genomes Were Formed”.",academia-battlefield.html; beneath-both-waves.html; endogamy-clock.html; gotra.html; steppe.html; the-definition.html; the-expansions.html,RELEASE 2,retained context,"Direct structural inspection at prior root-page SHA e6b6b67…; current site delta adds only prototypes, so root body is unchanged. 22 links; scripts assets/js/mk-shell.js.",Deep claim audit completed for named risk/correction pages; otherwise coverage inspection only.,https://github.com/melakeela/site/blob/769a6f646de8f6cd5e9e76874bad5c0ab12a32cc/the-three-ancestries.html
the-uneven-arrival.html,KEEP AS CONTEXT,Published genetics page; 1986 visible words; H1: The Hittites spoke Indo-European. Their DNA carries no steppe marker.,BL-1; BL-5; BL-19; BL-22; BL-26; BL-30; BL-31; BL-52,"The Hittites spoke Indo-European. Their DNA carries no steppe marker. | Four regions, four different answers. | What a zero does and does not mean. | What this does to the South Asian case.",No specific factual error established here; later claim audit remains required.,Convert the load-bearing propositions on Hittites Spoke Indo-European. Their DNA Lacks Steppe Markers into claim-to-record links; structural citation signals (17) are not verification.,03-REGISTERS/inherited-claims.csv; 04-AUDITS/REAUDIT-QUEUE.csv; CORRECTIONS-PENDING.md; NONE LOCATED for an accepted methods-qualified genetics synthesis,"Separate sampled person, modelled ancestry, population history, language and identity.","Sample-to-model comparison showing sample place/date, method, confidence and limits; ancestry components never rendered as peoples or languages. For this route, centre the composition on “Hittites Spoke Indo-European. Their DNA Lacks Steppe Markers”.",academia-battlefield.html; beneath-both-waves.html; endogamy-clock.html; gotra.html; steppe.html; the-definition.html; the-expansions.html,RELEASE 2,retained context,"Direct structural inspection at prior root-page SHA e6b6b67…; current site delta adds only prototypes, so root body is unchanged. 23 links; scripts assets/js/mk-shell.js.",Deep claim audit completed for named risk/correction pages; otherwise coverage inspection only.,https://github.com/melakeela/site/blob/769a6f646de8f6cd5e9e76874bad5c0ab12a32cc/the-uneven-arrival.html
the-unread-script.html,DEEPEN,"Published indus archaeology page; 1548 visible words; H1: Four thousand inscriptions. Average length, five signs. Not one sign has been deciphered.",BL-11; BL-18; BL-25; BL-26; BL-27; BL-28; BL-30; BL-31; BL-66; BL-67,"Four thousand inscriptions. Average length, five signs. Not one sign has been deciphered. | What actually exists. | Why brevity defeats decipherment. | Three positions.",No specific factual error established here; later claim audit remains required.,Convert the load-bearing propositions on The Unread Script: Why Nobody Can Be Proved Wrong into claim-to-record links; structural citation signals (6) are not verification.,06-BRIEFS/mvp-fifteen/07-keeladi.md; 06-BRIEFS/mvp-fifteen/08-before-the-indus.md; 06-BRIEFS/mvp-fifteen/09-the-water-city.md; 03-REGISTERS/inherited-claims.csv; 02-SOURCES/access-ledger.csv,"Excavate context, date the layer and decide what the object can and cannot establish.","Excavation/context view with trench, layer, object, date range and alternative reading; movement maps separate material from people and language. For this route, centre the composition on “The Unread Script: Why Nobody Can Be Proved Wrong”.",before-the-indus.html; brahmi.html; excavation-bias-funding.html; indus-to-vedic-gap.html; keeladi.html; material-culture-ancient-south-asia.html; meluhha-trade.html,RELEASE 2,retained context,"Direct structural inspection at prior root-page SHA e6b6b67…; current site delta adds only prototypes, so root body is unchanged. 23 links; scripts assets/js/mk-shell.js; assets/js/mk-exhibit.js.",Deep claim audit completed for named risk/correction pages; otherwise coverage inspection only.,https://github.com/melakeela/site/blob/769a6f646de8f6cd5e9e76874bad5c0ab12a32cc/the-unread-script.html
the-vedda.html,KEEP AS CONTEXT,"Published dravidian page; 1185 visible words; H1: The Vedda: an ancient population, and a language lost within living memory.",BL-9; BL-10; BL-11; BL-13; BL-14; BL-18; BL-31; BL-40; BL-58; BL-69,"The Vedda: an ancient population, and a language lost within living memory. | The island's oldest inhabitants. | A language that belonged to no family. | Erased from two identities at once.",No specific factual error established here; later claim audit remains required.,"Convert the load-bearing propositions on The Vedda of Sri Lanka: Ancient Ancestry, Lost Language into claim-to-record links; structural citation signals (10) are not verification.",03-REGISTERS/domain-e-claims.csv; 03-REGISTERS/domain-e-measurements.csv; 03-REGISTERS/domain-m-brahui-position.csv; 04-AUDITS/domain-m-adversarial-review-2026-09-07.md; 05-HOLDS/HOLD-004-north-dravidian-comparative-evidence.md; open research PR #22,"Compare forms and choose which history each observation supports, complicates or cannot decide.","Side-by-side form/sound table with audio only where consented; map attestation, contact and proposed shift separately; no family-tree certainty from lexical counts. For this route, centre the composition on “The Vedda of Sri Lanka: Ancient Ancestry, Lost Language”.",dravidian-sounds-sanskrit-lacks.html; elamo-dravidian-hypothesis.html; kinship-terms-south-asia.html; the-deep-root.html; the-father-tongue.html; the-languages-we-lost.html; the-northwest-cousin.html,RELEASE 2,retained context,"Direct structural inspection at prior root-page SHA e6b6b67…; current site delta adds only prototypes, so root body is unchanged. 15 links; scripts assets/js/mk-shell.js.",Deep claim audit completed for named risk/correction pages; otherwise coverage inspection only.,https://github.com/melakeela/site/blob/769a6f646de8f6cd5e9e76874bad5c0ab12a32cc/the-vedda.html
the-vocabulary-curve.html,DEEPEN,"Published rigveda page; 2226 visible words; H1: Śūdra appears once in the Rigveda. It appears 1,053 times in the law books.",BL-1; BL-2; BL-5; BL-6; BL-12; BL-18; BL-31; BL-52,"Śūdra appears once in the Rigveda. It appears 1,053 times in the law books. | The curve. | The first appearance of the outcaste. | The one Vedic occurrence, read.",No specific factual error established here; later claim audit remains required.,Convert the load-bearing propositions on The Vocabulary Curve: When Exclusion Enters the Texts into claim-to-record links; structural citation signals (1) are not verification.,03-REGISTERS/rigveda-pur-family.csv; 03-REGISTERS/rigveda-pur-passages.csv; 03-REGISTERS/rigveda-varna.csv; 03-REGISTERS/rigveda-varna-occurrences.csv; 04-AUDITS/rigveda-pur-family-method.md; 06-BRIEFS/pur-4j-corpus.md; open research PR #30,Test a public count by inspecting included and excluded occurrences in context.,"Searchable verse/source viewer with lemma, form, translation variants, passage context and counted/not-counted reason; never use book order as a date axis. For this route, centre the composition on “The Vocabulary Curve: When Exclusion Enters the Texts”.",caste-vocabulary-curve.html; criminalised-today.html; dasa-forts-rigveda.html; four-varnas-one-verse.html; geography-in-vedic-texts.html; mitanni.html; mlecha.html,RELEASE 2,retained context,"Direct structural inspection at prior root-page SHA e6b6b67…; current site delta adds only prototypes, so root body is unchanged. 24 links; scripts assets/js/mk-shell.js.",Deep claim audit completed for named risk/correction pages; otherwise coverage inspection only.,https://github.com/melakeela/site/blob/769a6f646de8f6cd5e9e76874bad5c0ab12a32cc/the-vocabulary-curve.html
the-water-city.html,DEEPEN,Published indus archaeology page; 1235 visible words; H1: The Indus built its cities around water — and left no palace to control it.,BL-11; BL-18; BL-25; BL-26; BL-27; BL-28; BL-30; BL-31; BL-66; BL-67,"The Indus built its cities around water — and left no palace to control it. | Water by gravity, waste by design. | Dholavira: a city engineered as a reservoir. | The part that isn't about engineering.",No specific factual error established here; later claim audit remains required.,"Convert the load-bearing propositions on Indus Water Engineering: Drains, Wells and No Palaces into claim-to-record links; structural citation signals (12) are not verification.",06-BRIEFS/mvp-fifteen/09-the-water-city.md; 06-BRIEFS/mvp-fifteen/07-keeladi.md; 06-BRIEFS/mvp-fifteen/08-before-the-indus.md; 06-BRIEFS/mvp-fifteen/09-the-water-city.md; 03-REGISTERS/inherited-claims.csv; 02-SOURCES/access-ledger.csv,"Excavate context, date the layer and decide what the object can and cannot establish.","Excavation/context view with trench, layer, object, date range and alternative reading; movement maps separate material from people and language. For this route, centre the composition on “Indus Water Engineering: Drains, Wells and No Palaces”.",before-the-indus.html; brahmi.html; excavation-bias-funding.html; indus-to-vedic-gap.html; keeladi.html; material-culture-ancient-south-asia.html; meluhha-trade.html,RELEASE 1,flagship,"Direct structural inspection at prior root-page SHA e6b6b67…; current site delta adds only prototypes, so root body is unchanged. 17 links; scripts assets/js/mk-shell.js.",Deep claim audit completed for named risk/correction pages; otherwise coverage inspection only.,https://github.com/melakeela/site/blob/769a6f646de8f6cd5e9e76874bad5c0ab12a32cc/the-water-city.html
the-womb-doctrine.html,KEEP AS CONTEXT,Published caste law page; 1348 visible words; H1: Caste-by-rebirth is one school's insertion — not shared scripture.,BL-1; BL-5; BL-6; BL-18; BL-26; BL-31; BL-52,"Caste-by-rebirth is one school's insertion — not shared scripture. | Two texts, one doctrine, one difference. | The finding. | And the Bṛhadāraṇyaka says the opposite, elsewhere.",No specific factual error established here; later claim audit remains required.,"Convert the load-bearing propositions on Caste Rebirth Appears in One Upanishad, Not Its Parallel into claim-to-record links; structural citation signals (5) are not verification.",03-REGISTERS/rigveda-varna.csv; rigveda-varna-occurrences.csv; CORRECTIONS-PENDING.md; 03-REGISTERS/inherited-claims.csv,Track one term or institution across dated records and identify where the archive cannot support continuity.,"Term-and-institution timeline with place/genre/date filters, counterexamples and archive gaps; avoid a single inevitable curve. For this route, centre the composition on “Caste Rebirth Appears in One Upanishad, Not Its Parallel”.",birth-was-not-always-destiny.html; caste-enforcement-mechanism.html; caste-survives-conversion.html; caste-was-law.html; climbing-the-ladder.html; counted-as-nothing.html; jatization.html,RELEASE 2,retained context,"Direct structural inspection at prior root-page SHA e6b6b67…; current site delta adds only prototypes, so root body is unchanged. 21 links; scripts assets/js/mk-shell.js.",Deep claim audit completed for named risk/correction pages; otherwise coverage inspection only.,https://github.com/melakeela/site/blob/769a6f646de8f6cd5e9e76874bad5c0ab12a32cc/the-womb-doctrine.html
the-words-of-caste.html,KEEP AS CONTEXT,Published rigveda page; 1428 visible words; H1: The words of caste were innocent first.,BL-1; BL-2; BL-5; BL-6; BL-12; BL-18; BL-31; BL-52,"The words of caste were innocent first. | One root, and a family of meanings. | The words, before and after. | Varṇa was a classifying word, not a caste word.",No specific factual error established here; later claim audit remains required.,"Convert the load-bearing propositions on The Vocabulary of Caste: Vis, Jati, Varna, Gotra into claim-to-record links; structural citation signals (12) are not verification.",03-REGISTERS/rigveda-pur-family.csv; 03-REGISTERS/rigveda-pur-passages.csv; 03-REGISTERS/rigveda-varna.csv; 03-REGISTERS/rigveda-varna-occurrences.csv; 04-AUDITS/rigveda-pur-family-method.md; 06-BRIEFS/pur-4j-corpus.md; open research PR #30,Test a public count by inspecting included and excluded occurrences in context.,"Searchable verse/source viewer with lemma, form, translation variants, passage context and counted/not-counted reason; never use book order as a date axis. For this route, centre the composition on “The Vocabulary of Caste: Vis, Jati, Varna, Gotra”.",caste-vocabulary-curve.html; criminalised-today.html; dasa-forts-rigveda.html; four-varnas-one-verse.html; geography-in-vedic-texts.html; mitanni.html; mlecha.html,RELEASE 2,retained context,"Direct structural inspection at prior root-page SHA e6b6b67…; current site delta adds only prototypes, so root body is unchanged. 21 links; scripts assets/js/mk-shell.js.",Deep claim audit completed for named risk/correction pages; otherwise coverage inspection only.,https://github.com/melakeela/site/blob/769a6f646de8f6cd5e9e76874bad5c0ab12a32cc/the-words-of-caste.html
therigatha.html,KEEP AS CONTEXT,Published religion text page; 1413 visible words; H1: Seventy-three poems by named women — and most people have never read one.,BL-6; BL-15; BL-16; BL-17; BL-18; BL-31; BL-52,"Seventy-three poems by named women — and most people have never read one. | Freedom described as the end of housework | Grief, treated as the way in | Women who were valued for their appearance, taking that valuation apart",No specific factual error established here; later claim audit remains required.,Convert the load-bearing propositions on Therigatha: Poems by the First Buddhist Women into claim-to-record links; structural citation signals (3) are not verification.,03-REGISTERS/inherited-claims.csv; 02-SOURCES/access-ledger.csv; NONE LOCATED for accepted Pāli/Prakrit/Jain/Aśokan/Chinese-pilgrim corpus parity,"Compare who is speaking and whether the source is self-description, opponent report or later transmission.","Parallel source/voice viewer that distinguishes self-description, rival report, later commentary and modern reconstruction. For this route, centre the composition on “Therigatha: Poems by the First Buddhist Women”.",brahmavadini.html; bronkhorst.html; how-buddhism-left.html; panini.html; the-broken-chain.html; the-computed-dawn.html; the-eastern-tradition.html,RELEASE 2,retained context,"Direct structural inspection at prior root-page SHA e6b6b67…; current site delta adds only prototypes, so root body is unchanged. 43 links; scripts assets/js/mk-shell.js.",Deep claim audit completed for named risk/correction pages; otherwise coverage inspection only.,https://github.com/melakeela/site/blob/769a6f646de8f6cd5e9e76874bad5c0ab12a32cc/therigatha.html
they-already-knew.html,KEEP AS CONTEXT,"Published caste law page; 1717 visible words; H1: They already knew. In 1873, they said it out loud.",BL-1; BL-5; BL-6; BL-18; BL-26; BL-31; BL-52,"They already knew. In 1873, they said it out loud. | Phule, 1873. | Periyar, and a movement that reached millions. | What they built.",No specific factual error established here; later claim audit remains required.,Convert the load-bearing propositions on They Already Knew: Anti-Caste Movements and What Followed into claim-to-record links; structural citation signals (4) are not verification.,03-REGISTERS/rigveda-varna.csv; rigveda-varna-occurrences.csv; CORRECTIONS-PENDING.md; 03-REGISTERS/inherited-claims.csv,Track one term or institution across dated records and identify where the archive cannot support continuity.,"Term-and-institution timeline with place/genre/date filters, counterexamples and archive gaps; avoid a single inevitable curve. For this route, centre the composition on “They Already Knew: Anti-Caste Movements and What Followed”.",birth-was-not-always-destiny.html; caste-enforcement-mechanism.html; caste-survives-conversion.html; caste-was-law.html; climbing-the-ladder.html; counted-as-nothing.html; jatization.html,RELEASE 2,retained context,"Direct structural inspection at prior root-page SHA e6b6b67…; current site delta adds only prototypes, so root body is unchanged. 21 links; scripts assets/js/mk-shell.js.",Deep claim audit completed for named risk/correction pages; otherwise coverage inspection only.,https://github.com/melakeela/site/blob/769a6f646de8f6cd5e9e76874bad5c0ab12a32cc/they-already-knew.html
tinai.html,DEEPEN,Published tamil page; 1768 visible words; H1: Tiṇai: a poetics that thinks with the land.,BL-14; BL-18; BL-31; BL-39; BL-40; BL-58; BL-61; BL-69,"Tiṇai: a poetics that thinks with the land. | Five landscapes, five interior weathers. | The land keeps time, and measures feeling. | Not backdrop — habitat. The oikos.",No specific factual error established here; later claim audit remains required.,Convert the load-bearing propositions on Tinai: The Tamil Poetics of Five Landscapes into claim-to-record links; structural citation signals (13) are not verification.,06-BRIEFS/mvp-fifteen/05-tinai.md; 06-BRIEFS/mvp-fifteen/05-tinai.md; 06-BRIEFS/mvp-fifteen/10-kural.md; 06-BRIEFS/mvp-fifteen/11-sound-changes.md; 02-SOURCES/access-ledger.csv; NONE LOCATED for an accepted Tamil-corpus parity set,"Move among text, commentary, material setting and living interpretation without collapsing them.","Text/object/audio encounter separating early textual meaning, commentary, later/living interpretation and MelaKeela’s contemporary use; no generic landscape decoration. For this route, centre the composition on “Tinai: The Tamil Poetics of Five Landscapes”.",kural.html; music.html; the-guilds-and-the-raid.html; the-lost-harp.html; where-music-begins.html,RELEASE 2,retained context,"Direct structural inspection at prior root-page SHA e6b6b67…; current site delta adds only prototypes, so root body is unchanged. 18 links; scripts assets/js/mk-shell.js.",Deep claim audit completed for named risk/correction pages; otherwise coverage inspection only.,https://github.com/melakeela/site/blob/769a6f646de8f6cd5e9e76874bad5c0ab12a32cc/tinai.html
two-archaeologists.html,REFRAME,Published archive power page; 2077 visible words; H1: Two archaeologists dug at Rakhigarhi. One got a national museum. The other got transferred four times.,BL-6; BL-18; BL-26; BL-31; BL-42; BL-43; BL-45; BL-52; BL-55,"Two archaeologists dug at Rakhigarhi. One got a national museum. The other got transferred four times. | The two techniques. | What ""no significant findings"" concealed. | The wider cast.",Biographical contrast cannot by itself establish that institutional position caused conclusions.,"Resolve the named correction before prominence; bind every changed claim to locator, evidence role, counter-evidence and revision.",04-AUDITS/ARCHIVE-AND-POWER-AUDIT.csv; 04-AUDITS/BIAS-FAILURE-LOG.csv; 06-BRIEFS/mvp-fifteen/14-custody.md; 06-BRIEFS/mvp-fifteen/15-the-archive.md,"Trace a claim backward through author, archive, translation, funding and omission.","Source-genealogy network showing who recorded, preserved, translated, funded and excluded; motive appears only when documented. For this route, centre the composition on “Two Archaeologists: Who Gets the Museum, Who Gets Moved”.",authorship-attribution-ancient-texts.html; chains-of-transmission.html; foreign-accounts-ancient-india.html; forest-peoples-sanskrit-record.html; indology.html; manuscript-custody.html; naming-in-ancient-india.html,RELEASE 1,safety correction,"Direct structural inspection at prior root-page SHA e6b6b67…; current site delta adds only prototypes, so root body is unchanged. 25 links; scripts assets/js/mk-shell.js; assets/js/mk-exhibit.js; assets/js/mk-ai.js.",Deep claim audit completed for named risk/correction pages; otherwise coverage inspection only.,https://github.com/melakeela/site/blob/769a6f646de8f6cd5e9e76874bad5c0ab12a32cc/two-archaeologists.html
two-classical-languages.html,CORRECT CLAIMS,"Published dravidian page; 2828 visible words; H1: Two classical languages, built the same way.",BL-9; BL-10; BL-11; BL-13; BL-14; BL-18; BL-31; BL-40; BL-58; BL-69,"Two classical languages, built the same way. | What is genuinely shared | What each language could not account for | Where the aspirates and the clusters come from",No specific factual error established here; later claim audit remains required.,Convert the load-bearing propositions on Sanskrit and Tamil: Two Classical Languages Compared into claim-to-record links; structural citation signals (6) are not verification.,03-REGISTERS/domain-e-claims.csv; 03-REGISTERS/domain-e-measurements.csv; 03-REGISTERS/domain-m-brahui-position.csv; 04-AUDITS/domain-m-adversarial-review-2026-09-07.md; 05-HOLDS/HOLD-004-north-dravidian-comparative-evidence.md; open research PR #22,"Compare forms and choose which history each observation supports, complicates or cannot decide.","Side-by-side form/sound table with audio only where consented; map attestation, contact and proposed shift separately; no family-tree certainty from lexical counts. For this route, centre the composition on “Sanskrit and Tamil: Two Classical Languages Compared”.",dravidian-sounds-sanskrit-lacks.html; elamo-dravidian-hypothesis.html; kinship-terms-south-asia.html; the-deep-root.html; the-father-tongue.html; the-languages-we-lost.html; the-northwest-cousin.html,RELEASE 1,safety correction,"Direct structural inspection at prior root-page SHA e6b6b67…; current site delta adds only prototypes, so root body is unchanged. 44 links; scripts assets/js/mk-shell.js.",Deep claim audit completed for named risk/correction pages; otherwise coverage inspection only.,https://github.com/melakeela/site/blob/769a6f646de8f6cd5e9e76874bad5c0ab12a32cc/two-classical-languages.html
two-scarcities.html,KEEP AS CONTEXT,"Published indus archaeology page; 1390 visible words; H1: Sixty-one skeletons gave one genome, by physics. Thirteen thousand artefacts gave ""nothing,"" by decision.",BL-11; BL-18; BL-25; BL-26; BL-27; BL-28; BL-30; BL-31; BL-66; BL-67,"Sixty-one skeletons gave one genome, by physics. Thirteen thousand artefacts gave ""nothing,"" by decision. | Two funnels. | Side by side. | Why the two techniques.",No specific factual error established here; later claim audit remains required.,"Convert the load-bearing propositions on Two Scarcities: Real at Rakhigarhi, Made at Keeladi into claim-to-record links; structural citation signals (5) are not verification.",06-BRIEFS/mvp-fifteen/07-keeladi.md; 06-BRIEFS/mvp-fifteen/08-before-the-indus.md; 06-BRIEFS/mvp-fifteen/09-the-water-city.md; 03-REGISTERS/inherited-claims.csv; 02-SOURCES/access-ledger.csv,"Excavate context, date the layer and decide what the object can and cannot establish.","Excavation/context view with trench, layer, object, date range and alternative reading; movement maps separate material from people and language. For this route, centre the composition on “Two Scarcities: Real at Rakhigarhi, Made at Keeladi”.",before-the-indus.html; brahmi.html; excavation-bias-funding.html; indus-to-vedic-gap.html; keeladi.html; material-culture-ancient-south-asia.html; meluhha-trade.html,RELEASE 2,retained context,"Direct structural inspection at prior root-page SHA e6b6b67…; current site delta adds only prototypes, so root body is unchanged. 24 links; scripts assets/js/mk-shell.js; assets/js/mk-exhibit.js.",Deep claim audit completed for named risk/correction pages; otherwise coverage inspection only.,https://github.com/melakeela/site/blob/769a6f646de8f6cd5e9e76874bad5c0ab12a32cc/two-scarcities.html
vedic-corpus-insertions.html,MERGE,"Published rigveda page; 1293 visible words; H1: A war story, with a law code bolted on.",BL-1; BL-2; BL-5; BL-6; BL-12; BL-18; BL-31; BL-52,"A war story, with a law code bolted on. | The epic states its own growth | Where the additions sit | The Bhārgava layer",No specific factual error established here; later claim audit remains required.,Convert the load-bearing propositions on Interpolations: Passages Added to the Vedic Corpus into claim-to-record links; structural citation signals (3) are not verification.,03-REGISTERS/rigveda-pur-family.csv; 03-REGISTERS/rigveda-pur-passages.csv; 03-REGISTERS/rigveda-varna.csv; 03-REGISTERS/rigveda-varna-occurrences.csv; 04-AUDITS/rigveda-pur-family-method.md; 06-BRIEFS/pur-4j-corpus.md; open research PR #30,Test a public count by inspecting included and excluded occurrences in context.,"Searchable verse/source viewer with lemma, form, translation variants, passage context and counted/not-counted reason; never use book order as a date axis. For this route, centre the composition on “Interpolations: Passages Added to the Vedic Corpus”.",vedic-interpolations.html; caste-vocabulary-curve.html; criminalised-today.html; dasa-forts-rigveda.html; four-varnas-one-verse.html; geography-in-vedic-texts.html; mitanni.html,RELEASE 2,retained context,"Direct structural inspection at prior root-page SHA e6b6b67…; current site delta adds only prototypes, so root body is unchanged. 43 links; scripts assets/js/mk-shell.js.",Deep claim audit completed for named risk/correction pages; otherwise coverage inspection only.,https://github.com/melakeela/site/blob/769a6f646de8f6cd5e9e76874bad5c0ab12a32cc/vedic-corpus-insertions.html
vedic-interpolations.html,KEEP AS CONTEXT,Published rigveda page; 1305 visible words; H1: Sixteen places where the record was adjusted.,BL-1; BL-2; BL-5; BL-6; BL-12; BL-18; BL-31; BL-52,"Sixteen places where the record was adjusted. | How the entries are graded | The catalogue | The two directions, and both are used",No specific factual error established here; later claim audit remains required.,Convert the load-bearing propositions on The Edits: Later Insertions in the Vedic Corpus into claim-to-record links; structural citation signals (4) are not verification.,03-REGISTERS/rigveda-pur-family.csv; 03-REGISTERS/rigveda-pur-passages.csv; 03-REGISTERS/rigveda-varna.csv; 03-REGISTERS/rigveda-varna-occurrences.csv; 04-AUDITS/rigveda-pur-family-method.md; 06-BRIEFS/pur-4j-corpus.md; open research PR #30,Test a public count by inspecting included and excluded occurrences in context.,"Searchable verse/source viewer with lemma, form, translation variants, passage context and counted/not-counted reason; never use book order as a date axis. For this route, centre the composition on “The Edits: Later Insertions in the Vedic Corpus”.",caste-vocabulary-curve.html; criminalised-today.html; dasa-forts-rigveda.html; four-varnas-one-verse.html; geography-in-vedic-texts.html; mitanni.html; mlecha.html,RELEASE 2,retained context,"Direct structural inspection at prior root-page SHA e6b6b67…; current site delta adds only prototypes, so root body is unchanged. 47 links; scripts assets/js/mk-shell.js.",Deep claim audit completed for named risk/correction pages; otherwise coverage inspection only.,https://github.com/melakeela/site/blob/769a6f646de8f6cd5e9e76874bad5c0ab12a32cc/vedic-interpolations.html
vedic-ritual-economy.html,KEEP AS CONTEXT,Published rigveda page; 2275 visible words; H1: One party bought immortality. The other party got it.,BL-1; BL-2; BL-5; BL-6; BL-12; BL-18; BL-31; BL-52,"One party bought immortality. The other party got it. | What this would be called today | Two firms, one client | The schism, as the tradition itself tells it",No specific factual error established here; later claim audit remains required.,Convert the load-bearing propositions on The Ritual Economy: Immortality Bought and Sold into claim-to-record links; structural citation signals (2) are not verification.,03-REGISTERS/rigveda-pur-family.csv; 03-REGISTERS/rigveda-pur-passages.csv; 03-REGISTERS/rigveda-varna.csv; 03-REGISTERS/rigveda-varna-occurrences.csv; 04-AUDITS/rigveda-pur-family-method.md; 06-BRIEFS/pur-4j-corpus.md; open research PR #30,Test a public count by inspecting included and excluded occurrences in context.,"Searchable verse/source viewer with lemma, form, translation variants, passage context and counted/not-counted reason; never use book order as a date axis. For this route, centre the composition on “The Ritual Economy: Immortality Bought and Sold”.",caste-vocabulary-curve.html; criminalised-today.html; dasa-forts-rigveda.html; four-varnas-one-verse.html; geography-in-vedic-texts.html; mitanni.html; mlecha.html,RELEASE 2,retained context,"Direct structural inspection at prior root-page SHA e6b6b67…; current site delta adds only prototypes, so root body is unchanged. 45 links; scripts assets/js/mk-shell.js.",Deep claim audit completed for named risk/correction pages; otherwise coverage inspection only.,https://github.com/melakeela/site/blob/769a6f646de8f6cd5e9e76874bad5c0ab12a32cc/vedic-ritual-economy.html
vedism-is-not-hinduism.html,KEEP AS CONTEXT,Published rigveda page; 2151 visible words; H1: The Buddha was not arguing with Hinduism. There was no such thing.,BL-1; BL-2; BL-5; BL-6; BL-12; BL-18; BL-31; BL-52,The Buddha was not arguing with Hinduism. There was no such thing. | Three things | Why Aśoka pairs them at all | Samaṇa or śramaṇa,No specific factual error established here; later claim audit remains required.,Convert the load-bearing propositions on Vedism Is Not Hinduism: Distinguishing the Traditions into claim-to-record links; structural citation signals (2) are not verification.,03-REGISTERS/rigveda-pur-family.csv; 03-REGISTERS/rigveda-pur-passages.csv; 03-REGISTERS/rigveda-varna.csv; 03-REGISTERS/rigveda-varna-occurrences.csv; 04-AUDITS/rigveda-pur-family-method.md; 06-BRIEFS/pur-4j-corpus.md; open research PR #30,Test a public count by inspecting included and excluded occurrences in context.,"Searchable verse/source viewer with lemma, form, translation variants, passage context and counted/not-counted reason; never use book order as a date axis. For this route, centre the composition on “Vedism Is Not Hinduism: Distinguishing the Traditions”.",caste-vocabulary-curve.html; criminalised-today.html; dasa-forts-rigveda.html; four-varnas-one-verse.html; geography-in-vedic-texts.html; mitanni.html; mlecha.html,RELEASE 2,retained context,"Direct structural inspection at prior root-page SHA e6b6b67…; current site delta adds only prototypes, so root body is unchanged. 47 links; scripts assets/js/mk-shell.js.",Deep claim audit completed for named risk/correction pages; otherwise coverage inspection only.,https://github.com/melakeela/site/blob/769a6f646de8f6cd5e9e76874bad5c0ab12a32cc/vedism-is-not-hinduism.html
veli.html,KEEP AS CONTEXT,"Published threshold page; 1119 visible words; H1: Veḷi means empty, open, outside, clear, light and true — and those are one word, not six.",BL-7; BL-8; BL-28; BL-41; BL-53; BL-59,"Veḷi means empty, open, outside, clear, light and true — and those are one word, not six. | What the dictionary holds | Veṭṭaveḷi | The double edge",No specific factual error established here; later claim audit remains required.,"Convert the load-bearing propositions on Veli: The Open, and What Was Put Outside into claim-to-record links; structural citation signals (2) are not verification.",06-BRIEFS/mvp-fifteen/04-veli.md; 13-PRODUCT-ARCHITECTURE/museum-framework.md; 06-BRIEFS/mvp-fifteen/01-index.md; 06-BRIEFS/mvp-fifteen/02-enter.md; 06-BRIEFS/mvp-fifteen/04-veli.md,Choose a record or question and cross into its evidence trail.,"A single real record enters an unresolved field; reveal coordinates, date, source and question sequentially; test the merged A/B/C prototypes without declaring a final theme. For this route, centre the composition on “Veli: The Open, and What Was Put Outside”.",enter.html; exhibits.html; explore.html; index.html,RELEASE 1,enabler,"Direct structural inspection at prior root-page SHA e6b6b67…; current site delta adds only prototypes, so root body is unchanged. 44 links; scripts assets/js/mk-shell.js.",Deep claim audit completed for named risk/correction pages; otherwise coverage inspection only.,https://github.com/melakeela/site/blob/769a6f646de8f6cd5e9e76874bad5c0ab12a32cc/veli.html
visvamitra.html,KEEP AS CONTEXT,Published rigveda page; 1151 visible words; H1: The holiest verse in Brahmanism was written by a warrior.,BL-1; BL-2; BL-5; BL-6; BL-12; BL-18; BL-31; BL-52,"The holiest verse in Brahmanism was written by a warrior. | The verse, and whose book it is in. | What the tradition itself says happened. | The warrior-poet in the Rigveda.",No specific factual error established here; later claim audit remains required.,Convert the load-bearing propositions on Visvamitra: The Warrior Who Composed the Gayatri into claim-to-record links; structural citation signals (2) are not verification.,03-REGISTERS/rigveda-pur-family.csv; 03-REGISTERS/rigveda-pur-passages.csv; 03-REGISTERS/rigveda-varna.csv; 03-REGISTERS/rigveda-varna-occurrences.csv; 04-AUDITS/rigveda-pur-family-method.md; 06-BRIEFS/pur-4j-corpus.md; open research PR #30,Test a public count by inspecting included and excluded occurrences in context.,"Searchable verse/source viewer with lemma, form, translation variants, passage context and counted/not-counted reason; never use book order as a date axis. For this route, centre the composition on “Visvamitra: The Warrior Who Composed the Gayatri”.",caste-vocabulary-curve.html; criminalised-today.html; dasa-forts-rigveda.html; four-varnas-one-verse.html; geography-in-vedic-texts.html; mitanni.html; mlecha.html,RELEASE 2,retained context,"Direct structural inspection at prior root-page SHA e6b6b67…; current site delta adds only prototypes, so root body is unchanged. 18 links; scripts assets/js/mk-shell.js.",Deep claim audit completed for named risk/correction pages; otherwise coverage inspection only.,https://github.com/melakeela/site/blob/769a6f646de8f6cd5e9e76874bad5c0ab12a32cc/visvamitra.html
voice-authority-ancient-texts.html,KEEP AS CONTEXT,Published archive power page; 2197 visible words; H1: The passages that bind hardest are the ones nobody signed.,BL-6; BL-18; BL-26; BL-31; BL-42; BL-43; BL-45; BL-52; BL-55,"The passages that bind hardest are the ones nobody signed. | The āśrama system is not Vedic | Tested, not asserted | Renunciation was not theirs, and the system is the accommodation",No specific factual error established here; later claim audit remains required.,Convert the load-bearing propositions on Who Is Speaking: Voice and Authority in Ancient Texts into claim-to-record links; structural citation signals (3) are not verification.,04-AUDITS/ARCHIVE-AND-POWER-AUDIT.csv; 04-AUDITS/BIAS-FAILURE-LOG.csv; 06-BRIEFS/mvp-fifteen/14-custody.md; 06-BRIEFS/mvp-fifteen/15-the-archive.md,"Trace a claim backward through author, archive, translation, funding and omission.","Source-genealogy network showing who recorded, preserved, translated, funded and excluded; motive appears only when documented. For this route, centre the composition on “Who Is Speaking: Voice and Authority in Ancient Texts”.",authorship-attribution-ancient-texts.html; chains-of-transmission.html; foreign-accounts-ancient-india.html; forest-peoples-sanskrit-record.html; indology.html; manuscript-custody.html; naming-in-ancient-india.html,RELEASE 2,retained context,"Direct structural inspection at prior root-page SHA e6b6b67…; current site delta adds only prototypes, so root body is unchanged. 46 links; scripts assets/js/mk-shell.js.",Deep claim audit completed for named risk/correction pages; otherwise coverage inspection only.,https://github.com/melakeela/site/blob/769a6f646de8f6cd5e9e76874bad5c0ab12a32cc/voice-authority-ancient-texts.html
what-survived-the-archive.html,DEEPEN,Published archive power page; 2125 visible words; H1: Everything that survives — and how little of it has been opened.,BL-6; BL-18; BL-26; BL-31; BL-42; BL-43; BL-45; BL-52; BL-55,"Everything that survives — and how little of it has been opened. | The bodies of evidence — the full list | Outsider accounts credit the wrong place too | The eight best-documented bodies, in detail",No specific factual error established here; later claim audit remains required.,"Convert the load-bearing propositions on The Archive: What Survived, What Was Lost, and Why into claim-to-record links; structural citation signals (6) are not verification.",06-BRIEFS/mvp-fifteen/15-the-archive.md; 04-AUDITS/ARCHIVE-AND-POWER-AUDIT.csv; 04-AUDITS/BIAS-FAILURE-LOG.csv; 06-BRIEFS/mvp-fifteen/14-custody.md; 06-BRIEFS/mvp-fifteen/15-the-archive.md,"Trace a claim backward through author, archive, translation, funding and omission.","Source-genealogy network showing who recorded, preserved, translated, funded and excluded; motive appears only when documented. For this route, centre the composition on “The Archive: What Survived, What Was Lost, and Why”.",authorship-attribution-ancient-texts.html; chains-of-transmission.html; foreign-accounts-ancient-india.html; forest-peoples-sanskrit-record.html; indology.html; manuscript-custody.html; naming-in-ancient-india.html,RELEASE 2,retained context,"Direct structural inspection at prior root-page SHA e6b6b67…; current site delta adds only prototypes, so root body is unchanged. 37 links; scripts assets/js/mk-shell.js.",Deep claim audit completed for named risk/correction pages; otherwise coverage inspection only.,https://github.com/melakeela/site/blob/769a6f646de8f6cd5e9e76874bad5c0ab12a32cc/what-survived-the-archive.html
what-the-children-are-taught.html,KEEP AS CONTEXT,Published archive power page; 1328 visible words; H1: A civilisation was renamed in a textbook for eleven-year-olds.,BL-6; BL-18; BL-26; BL-31; BL-42; BL-43; BL-45; BL-52; BL-55,A civilisation was renamed in a textbook for eleven-year-olds. | What changed. | Who decided. | Who objected.,No specific factual error established here; later claim audit remains required.,"Convert the load-bearing propositions on What Indian Children Are Taught, and What Is Left Out into claim-to-record links; structural citation signals (3) are not verification.",04-AUDITS/ARCHIVE-AND-POWER-AUDIT.csv; 04-AUDITS/BIAS-FAILURE-LOG.csv; 06-BRIEFS/mvp-fifteen/14-custody.md; 06-BRIEFS/mvp-fifteen/15-the-archive.md,"Trace a claim backward through author, archive, translation, funding and omission.","Source-genealogy network showing who recorded, preserved, translated, funded and excluded; motive appears only when documented. For this route, centre the composition on “What Indian Children Are Taught, and What Is Left Out”.",authorship-attribution-ancient-texts.html; chains-of-transmission.html; foreign-accounts-ancient-india.html; forest-peoples-sanskrit-record.html; indology.html; manuscript-custody.html; naming-in-ancient-india.html,RELEASE 2,retained context,"Direct structural inspection at prior root-page SHA e6b6b67…; current site delta adds only prototypes, so root body is unchanged. 27 links; scripts assets/js/mk-shell.js.",Deep claim audit completed for named risk/correction pages; otherwise coverage inspection only.,https://github.com/melakeela/site/blob/769a6f646de8f6cd5e9e76874bad5c0ab12a32cc/what-the-children-are-taught.html
what-travelled.html,KEEP AS CONTEXT,"Published religion text page; 1459 visible words; H1: Sanskrit, Śiva, the Buddha and the temple all crossed the ocean. The brahmanical social order did not.",BL-6; BL-15; BL-16; BL-17; BL-18; BL-31; BL-52,"Sanskrit, Śiva, the Buddha and the temple all crossed the ocean. The brahmanical social order did not. | What went, and what stayed | Where the tradition ended up | What modern popular practice actually descends from",No specific factual error established here; later claim audit remains required.,Convert the load-bearing propositions on What Travelled: Indian Culture Across Asia and What Did Not into claim-to-record links; structural citation signals (4) are not verification.,03-REGISTERS/inherited-claims.csv; 02-SOURCES/access-ledger.csv; NONE LOCATED for accepted Pāli/Prakrit/Jain/Aśokan/Chinese-pilgrim corpus parity,"Compare who is speaking and whether the source is self-description, opponent report or later transmission.","Parallel source/voice viewer that distinguishes self-description, rival report, later commentary and modern reconstruction. For this route, centre the composition on “What Travelled: Indian Culture Across Asia and What Did Not”.",brahmavadini.html; bronkhorst.html; how-buddhism-left.html; panini.html; the-broken-chain.html; the-computed-dawn.html; the-eastern-tradition.html,RELEASE 2,retained context,"Direct structural inspection at prior root-page SHA e6b6b67…; current site delta adds only prototypes, so root body is unchanged. 32 links; scripts assets/js/mk-shell.js.",Deep claim audit completed for named risk/correction pages; otherwise coverage inspection only.,https://github.com/melakeela/site/blob/769a6f646de8f6cd5e9e76874bad5c0ab12a32cc/what-travelled.html
what-varna-meant.html,CORRECT CLAIMS,Published rigveda page; 1536 visible words; H1: Varṇa means colour. It never means occupation.,BL-1; BL-2; BL-5; BL-6; BL-12; BL-18; BL-31; BL-52,"Varṇa means colour. It never means occupation. | All 23, by sense | Kṣatra: 44 occurrences, and it is a property of gods | Kṣatriya: 9 occurrences, and most of them are gods too","The total 23 reproduces, but the live list and corpus register are not the same 23; RV 4.5.13 is absent from the page and RV 1.113.6 absent from the corpus list. Sense sorting remains unverified.","Resolve the named correction before prominence; bind every changed claim to locator, evidence role, counter-evidence and revision.",Open site PR #4 correction dossier; 03-REGISTERS/rigveda-pur-family.csv; 03-REGISTERS/rigveda-pur-passages.csv; 03-REGISTERS/rigveda-varna.csv; 03-REGISTERS/rigveda-varna-occurrences.csv; 04-AUDITS/rigveda-pur-family-method.md; 06-BRIEFS/pur-4j-corpus.md; open research PR #30,Test a public count by inspecting included and excluded occurrences in context.,"Searchable verse/source viewer with lemma, form, translation variants, passage context and counted/not-counted reason; never use book order as a date axis. For this route, centre the composition on “What Varna Meant in the Rigveda: All 23 Occurrences”.",caste-vocabulary-curve.html; criminalised-today.html; dasa-forts-rigveda.html; four-varnas-one-verse.html; geography-in-vedic-texts.html; mitanni.html; mlecha.html,RELEASE 1,safety correction,"Direct structural inspection at prior root-page SHA e6b6b67…; current site delta adds only prototypes, so root body is unchanged. 43 links; scripts assets/js/mk-shell.js.",Deep claim audit completed for named risk/correction pages; otherwise coverage inspection only.,https://github.com/melakeela/site/blob/769a6f646de8f6cd5e9e76874bad5c0ab12a32cc/what-varna-meant.html
when-the-mixing-stopped.html,DEEPEN,Published dravidian page; 4373 visible words; H1: A community of five million people descends from about a hundred.,BL-9; BL-10; BL-11; BL-13; BL-14; BL-18; BL-31; BL-40; BL-58; BL-69,A community of five million people descends from about a hundred. | The Vysya founder event. | But the Vysya are not an oppressed caste. | When the mixing stopped.,No specific factual error established here; later claim audit remains required.,Convert the load-bearing propositions on When the Mixing Stopped: Founder Events and Dravidian into claim-to-record links; structural citation signals (8) are not verification.,03-REGISTERS/domain-e-claims.csv; 03-REGISTERS/domain-e-measurements.csv; 03-REGISTERS/domain-m-brahui-position.csv; 04-AUDITS/domain-m-adversarial-review-2026-09-07.md; 05-HOLDS/HOLD-004-north-dravidian-comparative-evidence.md; open research PR #22,"Compare forms and choose which history each observation supports, complicates or cannot decide.","Side-by-side form/sound table with audio only where consented; map attestation, contact and proposed shift separately; no family-tree certainty from lexical counts. For this route, centre the composition on “When the Mixing Stopped: Founder Events and Dravidian”.",dravidian-sounds-sanskrit-lacks.html; elamo-dravidian-hypothesis.html; kinship-terms-south-asia.html; the-deep-root.html; the-father-tongue.html; the-languages-we-lost.html; the-northwest-cousin.html,RELEASE 2,retained context,"Direct structural inspection at prior root-page SHA e6b6b67…; current site delta adds only prototypes, so root body is unchanged. 21 links; scripts assets/js/mk-shell.js; assets/js/mk-exhibit.js; assets/js/mk-ai.js.",Deep claim audit completed for named risk/correction pages; otherwise coverage inspection only.,https://github.com/melakeela/site/blob/769a6f646de8f6cd5e9e76874bad5c0ab12a32cc/when-the-mixing-stopped.html
where-music-begins.html,KEEP AS CONTEXT,Published tamil page; 2056 visible words; H1: The oldest instrument we can hold is a vulture bone with finger-holes.,BL-14; BL-18; BL-31; BL-39; BL-40; BL-58; BL-61; BL-69,The oldest instrument we can hold is a vulture bone with finger-holes. | The oldest surviving instruments. | A correction the field made about itself. | The Indus.,No specific factual error established here; later claim audit remains required.,Convert the load-bearing propositions on Where Music Begins: Instruments Before and Around the Indus into claim-to-record links; structural citation signals (1) are not verification.,06-BRIEFS/mvp-fifteen/05-tinai.md; 06-BRIEFS/mvp-fifteen/10-kural.md; 06-BRIEFS/mvp-fifteen/11-sound-changes.md; 02-SOURCES/access-ledger.csv; NONE LOCATED for an accepted Tamil-corpus parity set,"Move among text, commentary, material setting and living interpretation without collapsing them.","Text/object/audio encounter separating early textual meaning, commentary, later/living interpretation and MelaKeela’s contemporary use; no generic landscape decoration. For this route, centre the composition on “Where Music Begins: Instruments Before and Around the Indus”.",kural.html; music.html; the-guilds-and-the-raid.html; the-lost-harp.html; tinai.html,RELEASE 2,retained context,"Direct structural inspection at prior root-page SHA e6b6b67…; current site delta adds only prototypes, so root body is unchanged. 21 links; scripts assets/js/mk-shell.js.",Deep claim audit completed for named risk/correction pages; otherwise coverage inspection only.,https://github.com/melakeela/site/blob/769a6f646de8f6cd5e9e76874bad5c0ab12a32cc/where-music-begins.html
who-named-india.html,KEEP AS CONTEXT,Published archive power page; 1171 visible words; H1: Who named India? Never India.,BL-6; BL-18; BL-26; BL-31; BL-42; BL-43; BL-45; BL-52; BL-55,"Who named India? Never India. | The river that became a subcontinent. | The name that got attached to a religion. | ""Dravidian"" — even the counter-name is an outsider's word.",No specific factual error established here; later claim audit remains required.,"Convert the load-bearing propositions on Who Named India: Sindhu, Hindu, and the Exonym Chain into claim-to-record links; structural citation signals (3) are not verification.",04-AUDITS/ARCHIVE-AND-POWER-AUDIT.csv; 04-AUDITS/BIAS-FAILURE-LOG.csv; 06-BRIEFS/mvp-fifteen/14-custody.md; 06-BRIEFS/mvp-fifteen/15-the-archive.md,"Trace a claim backward through author, archive, translation, funding and omission.","Source-genealogy network showing who recorded, preserved, translated, funded and excluded; motive appears only when documented. For this route, centre the composition on “Who Named India: Sindhu, Hindu, and the Exonym Chain”.",authorship-attribution-ancient-texts.html; chains-of-transmission.html; foreign-accounts-ancient-india.html; forest-peoples-sanskrit-record.html; indology.html; manuscript-custody.html; naming-in-ancient-india.html,RELEASE 2,retained context,"Direct structural inspection at prior root-page SHA e6b6b67…; current site delta adds only prototypes, so root body is unchanged. 17 links; scripts assets/js/mk-shell.js.",Deep claim audit completed for named risk/correction pages; otherwise coverage inspection only.,https://github.com/melakeela/site/blob/769a6f646de8f6cd5e9e76874bad5c0ab12a32cc/who-named-india.html
who-was-allowed-to-know.html,KEEP AS CONTEXT,Published archive power page; 2069 visible words; H1: Secrecy was everywhere. The question is what each kind of secrecy was for.,BL-6; BL-18; BL-26; BL-31; BL-42; BL-43; BL-45; BL-52; BL-55,Secrecy was everywhere. The question is what each kind of secrecy was for. | Secrecy is not an Indian peculiarity. | But secrecy has different functions. | Which kind applies to the siddhars?,No specific factual error established here; later claim audit remains required.,Convert the load-bearing propositions on Who Was Allowed to Know: Secrecy as a Social Instrument into claim-to-record links; structural citation signals (11) are not verification.,04-AUDITS/ARCHIVE-AND-POWER-AUDIT.csv; 04-AUDITS/BIAS-FAILURE-LOG.csv; 06-BRIEFS/mvp-fifteen/14-custody.md; 06-BRIEFS/mvp-fifteen/15-the-archive.md,"Trace a claim backward through author, archive, translation, funding and omission.","Source-genealogy network showing who recorded, preserved, translated, funded and excluded; motive appears only when documented. For this route, centre the composition on “Who Was Allowed to Know: Secrecy as a Social Instrument”.",authorship-attribution-ancient-texts.html; chains-of-transmission.html; foreign-accounts-ancient-india.html; forest-peoples-sanskrit-record.html; indology.html; manuscript-custody.html; naming-in-ancient-india.html,RELEASE 2,retained context,"Direct structural inspection at prior root-page SHA e6b6b67…; current site delta adds only prototypes, so root body is unchanged. 26 links; scripts assets/js/mk-shell.js.",Deep claim audit completed for named risk/correction pages; otherwise coverage inspection only.,https://github.com/melakeela/site/blob/769a6f646de8f6cd5e9e76874bad5c0ab12a32cc/who-was-allowed-to-know.html
who-writes-the-textbook.html,HOLD,Published archive power page; 2001 visible words; H1: An electrical engineer wrote India's history curriculum.,BL-6; BL-18; BL-26; BL-31; BL-42; BL-43; BL-45; BL-52; BL-55,"An electrical engineer wrote India's history curriculum. | The trajectory. | What he believes, and where it comes from. | The claim that fails.",No specific factual error established here; later claim audit remains required.,Convert the load-bearing propositions on Who Writes India's History Textbooks: The Danino Case into claim-to-record links; structural citation signals (4) are not verification.,04-AUDITS/ARCHIVE-AND-POWER-AUDIT.csv; 04-AUDITS/BIAS-FAILURE-LOG.csv; 06-BRIEFS/mvp-fifteen/14-custody.md; 06-BRIEFS/mvp-fifteen/15-the-archive.md,"Trace a claim backward through author, archive, translation, funding and omission.","Source-genealogy network showing who recorded, preserved, translated, funded and excluded; motive appears only when documented. For this route, centre the composition on “Who Writes India's History Textbooks: The Danino Case”.",authorship-attribution-ancient-texts.html; chains-of-transmission.html; foreign-accounts-ancient-india.html; forest-peoples-sanskrit-record.html; indology.html; manuscript-custody.html; naming-in-ancient-india.html,RELEASE 1,safety correction,"Direct structural inspection at prior root-page SHA e6b6b67…; current site delta adds only prototypes, so root body is unchanged. 22 links; scripts assets/js/mk-shell.js.",Deep claim audit completed for named risk/correction pages; otherwise coverage inspection only.,https://github.com/melakeela/site/blob/769a6f646de8f6cd5e9e76874bad5c0ab12a32cc/who-writes-the-textbook.html
why-the-ranked-defend-the-ranking.html,KEEP AS CONTEXT,Published caste law page; 2274 visible words; H1: Why do people at the bottom of a hierarchy defend it?,BL-1; BL-5; BL-6; BL-18; BL-26; BL-31; BL-52,Why do people at the bottom of a hierarchy defend it? | The strategy has a name. | The four moves. | Why Hindutva needed them.,No specific factual error established here; later claim audit remains required.,Convert the load-bearing propositions on Why the Ranked Defend the Ranking: Hindutva Without Brahmins into claim-to-record links; structural citation signals (4) are not verification.,03-REGISTERS/rigveda-varna.csv; rigveda-varna-occurrences.csv; CORRECTIONS-PENDING.md; 03-REGISTERS/inherited-claims.csv,Track one term or institution across dated records and identify where the archive cannot support continuity.,"Term-and-institution timeline with place/genre/date filters, counterexamples and archive gaps; avoid a single inevitable curve. For this route, centre the composition on “Why the Ranked Defend the Ranking: Hindutva Without Brahmins”.",birth-was-not-always-destiny.html; caste-enforcement-mechanism.html; caste-survives-conversion.html; caste-was-law.html; climbing-the-ladder.html; counted-as-nothing.html; jatization.html,RELEASE 2,retained context,"Direct structural inspection at prior root-page SHA e6b6b67…; current site delta adds only prototypes, so root body is unchanged. 21 links; scripts assets/js/mk-shell.js.",Deep claim audit completed for named risk/correction pages; otherwise coverage inspection only.,https://github.com/melakeela/site/blob/769a6f646de8f6cd5e9e76874bad5c0ab12a32cc/why-the-ranked-defend-the-ranking.html
