"join_id","claim_id","register","register_class","source_id","evidence_role","locator","independence_group","notes"
"CS-0001","BR-E-001","03-REGISTERS/CROSS-DOMAIN-BRIDGES.csv","DATA","SRC-065","CONTRIBUTING","","IG-SRC-056",""
"CS-0002","BR-E-001","03-REGISTERS/CROSS-DOMAIN-BRIDGES.csv","DATA","SRC-059","CONTRIBUTING","","IG-SRC-059",""
"CS-0003","BR-E-002","03-REGISTERS/CROSS-DOMAIN-BRIDGES.csv","DATA","SRC-023","CONTRIBUTING","","IG-SRC-019",""
"CS-0004","BR-E-002","03-REGISTERS/CROSS-DOMAIN-BRIDGES.csv","DATA","SRC-059","CONTRIBUTING","","IG-SRC-059",""
"CS-0005","BR-E-003","03-REGISTERS/CROSS-DOMAIN-BRIDGES.csv","DATA","SRC-060","SOLE","","IG-SRC-060",""
"CS-0006","BR-E-006","03-REGISTERS/CROSS-DOMAIN-BRIDGES.csv","DATA","SRC-065","SOLE","","IG-SRC-056",""
"CS-0007","BR-E-007","03-REGISTERS/CROSS-DOMAIN-BRIDGES.csv","DATA","SRC-061","CONTRIBUTING","","IG-SRC-056",""
"CS-0008","BR-E-007","03-REGISTERS/CROSS-DOMAIN-BRIDGES.csv","DATA","SRC-062","CONTRIBUTING","","IG-SRC-062",""
"CS-0009","BR-E-008","03-REGISTERS/CROSS-DOMAIN-BRIDGES.csv","DATA","SRC-065","CONTRIBUTING","","IG-SRC-056",""
"CS-0010","BR-E-008","03-REGISTERS/CROSS-DOMAIN-BRIDGES.csv","DATA","SRC-059","CONTRIBUTING","","IG-SRC-059",""
"CS-0011","DE-CAND-001","03-REGISTERS/domain-e-cdial-loan-candidates.csv","DATA","SRC-065","CONTRIBUTING","","IG-SRC-056",""
"CS-0012","DE-CAND-001","03-REGISTERS/domain-e-cdial-loan-candidates.csv","DATA","SRC-059","CONTRIBUTING","","IG-SRC-059",""
"CS-0013","DE-CAND-001","03-REGISTERS/domain-e-cdial-loan-candidates.csv","DATA","SRC-022","CONTRIBUTING","","IG-SRC-021",""
"CS-0014","DE-CAND-001","03-REGISTERS/domain-e-cdial-loan-candidates.csv","DATA","SRC-023","CONTRIBUTING","","IG-SRC-019",""
"CS-0015","DE-CAND-002","03-REGISTERS/domain-e-cdial-loan-candidates.csv","DATA","SRC-065","CONTRIBUTING","","IG-SRC-056",""
"CS-0016","DE-CAND-002","03-REGISTERS/domain-e-cdial-loan-candidates.csv","DATA","SRC-059","CONTRIBUTING","","IG-SRC-059",""
"CS-0017","DE-CAND-002","03-REGISTERS/domain-e-cdial-loan-candidates.csv","DATA","SRC-022","CONTRIBUTING","","IG-SRC-021",""
"CS-0018","DE-CAND-002","03-REGISTERS/domain-e-cdial-loan-candidates.csv","DATA","SRC-023","CONTRIBUTING","","IG-SRC-019",""
"CS-0019","DE-CAND-003","03-REGISTERS/domain-e-cdial-loan-candidates.csv","DATA","SRC-065","CONTRIBUTING","","IG-SRC-056",""
"CS-0020","DE-CAND-003","03-REGISTERS/domain-e-cdial-loan-candidates.csv","DATA","SRC-059","CONTRIBUTING","","IG-SRC-059",""
"CS-0021","DE-CAND-003","03-REGISTERS/domain-e-cdial-loan-candidates.csv","DATA","SRC-022","CONTRIBUTING","","IG-SRC-021",""
"CS-0022","DE-CAND-003","03-REGISTERS/domain-e-cdial-loan-candidates.csv","DATA","SRC-023","CONTRIBUTING","","IG-SRC-019",""
"CS-0023","DE-CAND-004","03-REGISTERS/domain-e-cdial-loan-candidates.csv","DATA","SRC-065","CONTRIBUTING","","IG-SRC-056",""
"CS-0024","DE-CAND-004","03-REGISTERS/domain-e-cdial-loan-candidates.csv","DATA","SRC-059","CONTRIBUTING","","IG-SRC-059",""
"CS-0025","DE-CAND-004","03-REGISTERS/domain-e-cdial-loan-candidates.csv","DATA","SRC-022","CONTRIBUTING","","IG-SRC-021",""
"CS-0026","DE-CAND-004","03-REGISTERS/domain-e-cdial-loan-candidates.csv","DATA","SRC-023","CONTRIBUTING","","IG-SRC-019",""
"CS-0027","DE-CAND-005","03-REGISTERS/domain-e-cdial-loan-candidates.csv","DATA","SRC-065","CONTRIBUTING","","IG-SRC-056",""
"CS-0028","DE-CAND-005","03-REGISTERS/domain-e-cdial-loan-candidates.csv","DATA","SRC-059","CONTRIBUTING","","IG-SRC-059",""
"CS-0029","DE-CAND-005","03-REGISTERS/domain-e-cdial-loan-candidates.csv","DATA","SRC-022","CONTRIBUTING","","IG-SRC-021",""
"CS-0030","DE-CAND-005","03-REGISTERS/domain-e-cdial-loan-candidates.csv","DATA","SRC-023","CONTRIBUTING","","IG-SRC-019",""
"CS-0031","DE-CAND-006","03-REGISTERS/domain-e-cdial-loan-candidates.csv","DATA","SRC-065","CONTRIBUTING","","IG-SRC-056",""
"CS-0032","DE-CAND-006","03-REGISTERS/domain-e-cdial-loan-candidates.csv","DATA","SRC-059","CONTRIBUTING","","IG-SRC-059",""
"CS-0033","DE-CAND-006","03-REGISTERS/domain-e-cdial-loan-candidates.csv","DATA","SRC-022","CONTRIBUTING","","IG-SRC-021",""
"CS-0034","DE-CAND-006","03-REGISTERS/domain-e-cdial-loan-candidates.csv","DATA","SRC-023","CONTRIBUTING","","IG-SRC-019",""
"CS-0035","DE-CAND-007","03-REGISTERS/domain-e-cdial-loan-candidates.csv","DATA","SRC-065","CONTRIBUTING","","IG-SRC-056",""
"CS-0036","DE-CAND-007","03-REGISTERS/domain-e-cdial-loan-candidates.csv","DATA","SRC-059","CONTRIBUTING","","IG-SRC-059",""
"CS-0037","DE-CAND-007","03-REGISTERS/domain-e-cdial-loan-candidates.csv","DATA","SRC-022","CONTRIBUTING","","IG-SRC-021",""
"CS-0038","DE-CAND-007","03-REGISTERS/domain-e-cdial-loan-candidates.csv","DATA","SRC-023","CONTRIBUTING","","IG-SRC-019",""
"CS-0039","DE-CAND-008","03-REGISTERS/domain-e-cdial-loan-candidates.csv","DATA","SRC-065","CONTRIBUTING","","IG-SRC-056",""
"CS-0040","DE-CAND-008","03-REGISTERS/domain-e-cdial-loan-candidates.csv","DATA","SRC-059","CONTRIBUTING","","IG-SRC-059",""
"CS-0041","DE-CAND-008","03-REGISTERS/domain-e-cdial-loan-candidates.csv","DATA","SRC-022","CONTRIBUTING","","IG-SRC-021",""
"CS-0042","DE-CAND-008","03-REGISTERS/domain-e-cdial-loan-candidates.csv","DATA","SRC-023","CONTRIBUTING","","IG-SRC-019",""
"CS-0043","DE-CAND-009","03-REGISTERS/domain-e-cdial-loan-candidates.csv","DATA","SRC-065","CONTRIBUTING","","IG-SRC-056",""
"CS-0044","DE-CAND-009","03-REGISTERS/domain-e-cdial-loan-candidates.csv","DATA","SRC-059","CONTRIBUTING","","IG-SRC-059",""
"CS-0045","DE-CAND-009","03-REGISTERS/domain-e-cdial-loan-candidates.csv","DATA","SRC-022","CONTRIBUTING","","IG-SRC-021",""
"CS-0046","DE-CAND-009","03-REGISTERS/domain-e-cdial-loan-candidates.csv","DATA","SRC-023","CONTRIBUTING","","IG-SRC-019",""
"CS-0047","DE-CAND-010","03-REGISTERS/domain-e-cdial-loan-candidates.csv","DATA","SRC-065","CONTRIBUTING","","IG-SRC-056",""
"CS-0048","DE-CAND-010","03-REGISTERS/domain-e-cdial-loan-candidates.csv","DATA","SRC-059","CONTRIBUTING","","IG-SRC-059",""
"CS-0049","DE-CAND-010","03-REGISTERS/domain-e-cdial-loan-candidates.csv","DATA","SRC-022","CONTRIBUTING","","IG-SRC-021",""
"CS-0050","DE-CAND-010","03-REGISTERS/domain-e-cdial-loan-candidates.csv","DATA","SRC-023","CONTRIBUTING","","IG-SRC-019",""
"CS-0051","DE-CAND-011","03-REGISTERS/domain-e-cdial-loan-candidates.csv","DATA","SRC-065","CONTRIBUTING","","IG-SRC-056",""
"CS-0052","DE-CAND-011","03-REGISTERS/domain-e-cdial-loan-candidates.csv","DATA","SRC-059","CONTRIBUTING","","IG-SRC-059",""
"CS-0053","DE-CAND-011","03-REGISTERS/domain-e-cdial-loan-candidates.csv","DATA","SRC-022","CONTRIBUTING","","IG-SRC-021",""
"CS-0054","DE-CAND-011","03-REGISTERS/domain-e-cdial-loan-candidates.csv","DATA","SRC-023","CONTRIBUTING","","IG-SRC-019",""
"CS-0055","DE-CAND-012","03-REGISTERS/domain-e-cdial-loan-candidates.csv","DATA","SRC-065","CONTRIBUTING","","IG-SRC-056",""
"CS-0056","DE-CAND-012","03-REGISTERS/domain-e-cdial-loan-candidates.csv","DATA","SRC-059","CONTRIBUTING","","IG-SRC-059",""
"CS-0057","DE-CAND-012","03-REGISTERS/domain-e-cdial-loan-candidates.csv","DATA","SRC-022","CONTRIBUTING","","IG-SRC-021",""
"CS-0058","DE-CAND-012","03-REGISTERS/domain-e-cdial-loan-candidates.csv","DATA","SRC-023","CONTRIBUTING","","IG-SRC-019",""
"CS-0059","DE-CAND-013","03-REGISTERS/domain-e-cdial-loan-candidates.csv","DATA","SRC-065","CONTRIBUTING","","IG-SRC-056",""
"CS-0060","DE-CAND-013","03-REGISTERS/domain-e-cdial-loan-candidates.csv","DATA","SRC-059","CONTRIBUTING","","IG-SRC-059",""
"CS-0061","DE-CAND-013","03-REGISTERS/domain-e-cdial-loan-candidates.csv","DATA","SRC-022","CONTRIBUTING","","IG-SRC-021",""
"CS-0062","DE-CAND-013","03-REGISTERS/domain-e-cdial-loan-candidates.csv","DATA","SRC-023","CONTRIBUTING","","IG-SRC-019",""
"CS-0063","DE-CAND-014","03-REGISTERS/domain-e-cdial-loan-candidates.csv","DATA","SRC-065","CONTRIBUTING","","IG-SRC-056",""
"CS-0064","DE-CAND-014","03-REGISTERS/domain-e-cdial-loan-candidates.csv","DATA","SRC-059","CONTRIBUTING","","IG-SRC-059",""
"CS-0065","DE-CAND-014","03-REGISTERS/domain-e-cdial-loan-candidates.csv","DATA","SRC-022","CONTRIBUTING","","IG-SRC-021",""
"CS-0066","DE-CAND-014","03-REGISTERS/domain-e-cdial-loan-candidates.csv","DATA","SRC-023","CONTRIBUTING","","IG-SRC-019",""
"CS-0067","DE-CAND-015","03-REGISTERS/domain-e-cdial-loan-candidates.csv","DATA","SRC-065","CONTRIBUTING","","IG-SRC-056",""
"CS-0068","DE-CAND-015","03-REGISTERS/domain-e-cdial-loan-candidates.csv","DATA","SRC-059","CONTRIBUTING","","IG-SRC-059",""
"CS-0069","DE-CAND-015","03-REGISTERS/domain-e-cdial-loan-candidates.csv","DATA","SRC-022","CONTRIBUTING","","IG-SRC-021",""
"CS-0070","DE-CAND-015","03-REGISTERS/domain-e-cdial-loan-candidates.csv","DATA","SRC-023","CONTRIBUTING","","IG-SRC-019",""
"CS-0071","DE-CAND-016","03-REGISTERS/domain-e-cdial-loan-candidates.csv","DATA","SRC-065","CONTRIBUTING","","IG-SRC-056",""
"CS-0072","DE-CAND-016","03-REGISTERS/domain-e-cdial-loan-candidates.csv","DATA","SRC-059","CONTRIBUTING","","IG-SRC-059",""
"CS-0073","DE-CAND-016","03-REGISTERS/domain-e-cdial-loan-candidates.csv","DATA","SRC-022","CONTRIBUTING","","IG-SRC-021",""
"CS-0074","DE-CAND-016","03-REGISTERS/domain-e-cdial-loan-candidates.csv","DATA","SRC-023","CONTRIBUTING","","IG-SRC-019",""
"CS-0075","DE-CAND-017","03-REGISTERS/domain-e-cdial-loan-candidates.csv","DATA","SRC-065","CONTRIBUTING","","IG-SRC-056",""
"CS-0076","DE-CAND-017","03-REGISTERS/domain-e-cdial-loan-candidates.csv","DATA","SRC-059","CONTRIBUTING","","IG-SRC-059",""
"CS-0077","DE-CAND-017","03-REGISTERS/domain-e-cdial-loan-candidates.csv","DATA","SRC-022","CONTRIBUTING","","IG-SRC-021",""
"CS-0078","DE-CAND-017","03-REGISTERS/domain-e-cdial-loan-candidates.csv","DATA","SRC-023","CONTRIBUTING","","IG-SRC-019",""
"CS-0079","DE-CAND-018","03-REGISTERS/domain-e-cdial-loan-candidates.csv","DATA","SRC-065","CONTRIBUTING","","IG-SRC-056",""
"CS-0080","DE-CAND-018","03-REGISTERS/domain-e-cdial-loan-candidates.csv","DATA","SRC-059","CONTRIBUTING","","IG-SRC-059",""
"CS-0081","DE-CAND-018","03-REGISTERS/domain-e-cdial-loan-candidates.csv","DATA","SRC-022","CONTRIBUTING","","IG-SRC-021",""
"CS-0082","DE-CAND-018","03-REGISTERS/domain-e-cdial-loan-candidates.csv","DATA","SRC-023","CONTRIBUTING","","IG-SRC-019",""
"CS-0083","DE-CAND-019","03-REGISTERS/domain-e-cdial-loan-candidates.csv","DATA","SRC-065","CONTRIBUTING","","IG-SRC-056",""
"CS-0084","DE-CAND-019","03-REGISTERS/domain-e-cdial-loan-candidates.csv","DATA","SRC-059","CONTRIBUTING","","IG-SRC-059",""
"CS-0085","DE-CAND-019","03-REGISTERS/domain-e-cdial-loan-candidates.csv","DATA","SRC-022","CONTRIBUTING","","IG-SRC-021",""
"CS-0086","DE-CAND-019","03-REGISTERS/domain-e-cdial-loan-candidates.csv","DATA","SRC-023","CONTRIBUTING","","IG-SRC-019",""
"CS-0087","DE-CAND-020","03-REGISTERS/domain-e-cdial-loan-candidates.csv","DATA","SRC-065","CONTRIBUTING","","IG-SRC-056",""
"CS-0088","DE-CAND-020","03-REGISTERS/domain-e-cdial-loan-candidates.csv","DATA","SRC-059","CONTRIBUTING","","IG-SRC-059",""
"CS-0089","DE-CAND-020","03-REGISTERS/domain-e-cdial-loan-candidates.csv","DATA","SRC-022","CONTRIBUTING","","IG-SRC-021",""
"CS-0090","DE-CAND-020","03-REGISTERS/domain-e-cdial-loan-candidates.csv","DATA","SRC-023","CONTRIBUTING","","IG-SRC-019",""
"CS-0091","DE-CAND-021","03-REGISTERS/domain-e-cdial-loan-candidates.csv","DATA","SRC-065","CONTRIBUTING","","IG-SRC-056",""
"CS-0092","DE-CAND-021","03-REGISTERS/domain-e-cdial-loan-candidates.csv","DATA","SRC-059","CONTRIBUTING","","IG-SRC-059",""
"CS-0093","DE-CAND-021","03-REGISTERS/domain-e-cdial-loan-candidates.csv","DATA","SRC-022","CONTRIBUTING","","IG-SRC-021",""
"CS-0094","DE-CAND-021","03-REGISTERS/domain-e-cdial-loan-candidates.csv","DATA","SRC-023","CONTRIBUTING","","IG-SRC-019",""
"CS-0095","DE-CAND-022","03-REGISTERS/domain-e-cdial-loan-candidates.csv","DATA","SRC-065","CONTRIBUTING","","IG-SRC-056",""
"CS-0096","DE-CAND-022","03-REGISTERS/domain-e-cdial-loan-candidates.csv","DATA","SRC-059","CONTRIBUTING","","IG-SRC-059",""
"CS-0097","DE-CAND-022","03-REGISTERS/domain-e-cdial-loan-candidates.csv","DATA","SRC-022","CONTRIBUTING","","IG-SRC-021",""
"CS-0098","DE-CAND-022","03-REGISTERS/domain-e-cdial-loan-candidates.csv","DATA","SRC-023","CONTRIBUTING","","IG-SRC-019",""
"CS-0099","DE-CAND-023","03-REGISTERS/domain-e-cdial-loan-candidates.csv","DATA","SRC-065","CONTRIBUTING","","IG-SRC-056",""
"CS-0100","DE-CAND-023","03-REGISTERS/domain-e-cdial-loan-candidates.csv","DATA","SRC-059","CONTRIBUTING","","IG-SRC-059",""
"CS-0101","DE-CAND-023","03-REGISTERS/domain-e-cdial-loan-candidates.csv","DATA","SRC-022","CONTRIBUTING","","IG-SRC-021",""
"CS-0102","DE-CAND-023","03-REGISTERS/domain-e-cdial-loan-candidates.csv","DATA","SRC-023","CONTRIBUTING","","IG-SRC-019",""
"CS-0103","DE-CAND-024","03-REGISTERS/domain-e-cdial-loan-candidates.csv","DATA","SRC-065","CONTRIBUTING","","IG-SRC-056",""
"CS-0104","DE-CAND-024","03-REGISTERS/domain-e-cdial-loan-candidates.csv","DATA","SRC-059","CONTRIBUTING","","IG-SRC-059",""
"CS-0105","DE-CAND-024","03-REGISTERS/domain-e-cdial-loan-candidates.csv","DATA","SRC-022","CONTRIBUTING","","IG-SRC-021",""
"CS-0106","DE-CAND-024","03-REGISTERS/domain-e-cdial-loan-candidates.csv","DATA","SRC-023","CONTRIBUTING","","IG-SRC-019",""
"CS-0107","DE-CAND-025","03-REGISTERS/domain-e-cdial-loan-candidates.csv","DATA","SRC-065","CONTRIBUTING","","IG-SRC-056",""
"CS-0108","DE-CAND-025","03-REGISTERS/domain-e-cdial-loan-candidates.csv","DATA","SRC-059","CONTRIBUTING","","IG-SRC-059",""
"CS-0109","DE-CAND-025","03-REGISTERS/domain-e-cdial-loan-candidates.csv","DATA","SRC-022","CONTRIBUTING","","IG-SRC-021",""
"CS-0110","DE-CAND-025","03-REGISTERS/domain-e-cdial-loan-candidates.csv","DATA","SRC-023","CONTRIBUTING","","IG-SRC-019",""
"CS-0111","DE-CAND-026","03-REGISTERS/domain-e-cdial-loan-candidates.csv","DATA","SRC-065","CONTRIBUTING","","IG-SRC-056",""
"CS-0112","DE-CAND-026","03-REGISTERS/domain-e-cdial-loan-candidates.csv","DATA","SRC-059","CONTRIBUTING","","IG-SRC-059",""
"CS-0113","DE-CAND-026","03-REGISTERS/domain-e-cdial-loan-candidates.csv","DATA","SRC-022","CONTRIBUTING","","IG-SRC-021",""
"CS-0114","DE-CAND-026","03-REGISTERS/domain-e-cdial-loan-candidates.csv","DATA","SRC-023","CONTRIBUTING","","IG-SRC-019",""
"CS-0115","DE-CAND-027","03-REGISTERS/domain-e-cdial-loan-candidates.csv","DATA","SRC-065","CONTRIBUTING","","IG-SRC-056",""
"CS-0116","DE-CAND-027","03-REGISTERS/domain-e-cdial-loan-candidates.csv","DATA","SRC-059","CONTRIBUTING","","IG-SRC-059",""
"CS-0117","DE-CAND-027","03-REGISTERS/domain-e-cdial-loan-candidates.csv","DATA","SRC-022","CONTRIBUTING","","IG-SRC-021",""
"CS-0118","DE-CAND-027","03-REGISTERS/domain-e-cdial-loan-candidates.csv","DATA","SRC-023","CONTRIBUTING","","IG-SRC-019",""
"CS-0119","DE-CAND-028","03-REGISTERS/domain-e-cdial-loan-candidates.csv","DATA","SRC-065","CONTRIBUTING","","IG-SRC-056",""
"CS-0120","DE-CAND-028","03-REGISTERS/domain-e-cdial-loan-candidates.csv","DATA","SRC-059","CONTRIBUTING","","IG-SRC-059",""
"CS-0121","DE-CAND-028","03-REGISTERS/domain-e-cdial-loan-candidates.csv","DATA","SRC-022","CONTRIBUTING","","IG-SRC-021",""
"CS-0122","DE-CAND-028","03-REGISTERS/domain-e-cdial-loan-candidates.csv","DATA","SRC-023","CONTRIBUTING","","IG-SRC-019",""
"CS-0123","DE-CAND-029","03-REGISTERS/domain-e-cdial-loan-candidates.csv","DATA","SRC-065","CONTRIBUTING","","IG-SRC-056",""
"CS-0124","DE-CAND-029","03-REGISTERS/domain-e-cdial-loan-candidates.csv","DATA","SRC-059","CONTRIBUTING","","IG-SRC-059",""
"CS-0125","DE-CAND-029","03-REGISTERS/domain-e-cdial-loan-candidates.csv","DATA","SRC-022","CONTRIBUTING","","IG-SRC-021",""
"CS-0126","DE-CAND-029","03-REGISTERS/domain-e-cdial-loan-candidates.csv","DATA","SRC-023","CONTRIBUTING","","IG-SRC-019",""
"CS-0127","DE-CAND-030","03-REGISTERS/domain-e-cdial-loan-candidates.csv","DATA","SRC-065","CONTRIBUTING","","IG-SRC-056",""
"CS-0128","DE-CAND-030","03-REGISTERS/domain-e-cdial-loan-candidates.csv","DATA","SRC-059","CONTRIBUTING","","IG-SRC-059",""
"CS-0129","DE-CAND-030","03-REGISTERS/domain-e-cdial-loan-candidates.csv","DATA","SRC-022","CONTRIBUTING","","IG-SRC-021",""
"CS-0130","DE-CAND-030","03-REGISTERS/domain-e-cdial-loan-candidates.csv","DATA","SRC-023","CONTRIBUTING","","IG-SRC-019",""
"CS-0131","DE-CAND-031","03-REGISTERS/domain-e-cdial-loan-candidates.csv","DATA","SRC-065","CONTRIBUTING","","IG-SRC-056",""
"CS-0132","DE-CAND-031","03-REGISTERS/domain-e-cdial-loan-candidates.csv","DATA","SRC-059","CONTRIBUTING","","IG-SRC-059",""
"CS-0133","DE-CAND-031","03-REGISTERS/domain-e-cdial-loan-candidates.csv","DATA","SRC-022","CONTRIBUTING","","IG-SRC-021",""
"CS-0134","DE-CAND-031","03-REGISTERS/domain-e-cdial-loan-candidates.csv","DATA","SRC-023","CONTRIBUTING","","IG-SRC-019",""
"CS-0135","DE-CAND-032","03-REGISTERS/domain-e-cdial-loan-candidates.csv","DATA","SRC-065","CONTRIBUTING","","IG-SRC-056",""
"CS-0136","DE-CAND-032","03-REGISTERS/domain-e-cdial-loan-candidates.csv","DATA","SRC-059","CONTRIBUTING","","IG-SRC-059",""
"CS-0137","DE-CAND-032","03-REGISTERS/domain-e-cdial-loan-candidates.csv","DATA","SRC-022","CONTRIBUTING","","IG-SRC-021",""
"CS-0138","DE-CAND-032","03-REGISTERS/domain-e-cdial-loan-candidates.csv","DATA","SRC-023","CONTRIBUTING","","IG-SRC-019",""
"CS-0139","DE-CAND-033","03-REGISTERS/domain-e-cdial-loan-candidates.csv","DATA","SRC-065","CONTRIBUTING","","IG-SRC-056",""
"CS-0140","DE-CAND-033","03-REGISTERS/domain-e-cdial-loan-candidates.csv","DATA","SRC-059","CONTRIBUTING","","IG-SRC-059",""
"CS-0141","DE-CAND-033","03-REGISTERS/domain-e-cdial-loan-candidates.csv","DATA","SRC-022","CONTRIBUTING","","IG-SRC-021",""
"CS-0142","DE-CAND-033","03-REGISTERS/domain-e-cdial-loan-candidates.csv","DATA","SRC-023","CONTRIBUTING","","IG-SRC-019",""
"CS-0143","DE-CAND-034","03-REGISTERS/domain-e-cdial-loan-candidates.csv","DATA","SRC-065","CONTRIBUTING","","IG-SRC-056",""
"CS-0144","DE-CAND-034","03-REGISTERS/domain-e-cdial-loan-candidates.csv","DATA","SRC-059","CONTRIBUTING","","IG-SRC-059",""
"CS-0145","DE-CAND-034","03-REGISTERS/domain-e-cdial-loan-candidates.csv","DATA","SRC-022","CONTRIBUTING","","IG-SRC-021",""
"CS-0146","DE-CAND-034","03-REGISTERS/domain-e-cdial-loan-candidates.csv","DATA","SRC-023","CONTRIBUTING","","IG-SRC-019",""
"CS-0147","DE-CAND-035","03-REGISTERS/domain-e-cdial-loan-candidates.csv","DATA","SRC-065","CONTRIBUTING","","IG-SRC-056",""
"CS-0148","DE-CAND-035","03-REGISTERS/domain-e-cdial-loan-candidates.csv","DATA","SRC-059","CONTRIBUTING","","IG-SRC-059",""
"CS-0149","DE-CAND-035","03-REGISTERS/domain-e-cdial-loan-candidates.csv","DATA","SRC-022","CONTRIBUTING","","IG-SRC-021",""
"CS-0150","DE-CAND-035","03-REGISTERS/domain-e-cdial-loan-candidates.csv","DATA","SRC-023","CONTRIBUTING","","IG-SRC-019",""
"CS-0151","DE-CAND-036","03-REGISTERS/domain-e-cdial-loan-candidates.csv","DATA","SRC-065","CONTRIBUTING","","IG-SRC-056",""
"CS-0152","DE-CAND-036","03-REGISTERS/domain-e-cdial-loan-candidates.csv","DATA","SRC-059","CONTRIBUTING","","IG-SRC-059",""
"CS-0153","DE-CAND-036","03-REGISTERS/domain-e-cdial-loan-candidates.csv","DATA","SRC-022","CONTRIBUTING","","IG-SRC-021",""
"CS-0154","DE-CAND-036","03-REGISTERS/domain-e-cdial-loan-candidates.csv","DATA","SRC-023","CONTRIBUTING","","IG-SRC-019",""
"CS-0155","DE-CAND-037","03-REGISTERS/domain-e-cdial-loan-candidates.csv","DATA","SRC-065","CONTRIBUTING","","IG-SRC-056",""
"CS-0156","DE-CAND-037","03-REGISTERS/domain-e-cdial-loan-candidates.csv","DATA","SRC-059","CONTRIBUTING","","IG-SRC-059",""
"CS-0157","DE-CAND-037","03-REGISTERS/domain-e-cdial-loan-candidates.csv","DATA","SRC-022","CONTRIBUTING","","IG-SRC-021",""
"CS-0158","DE-CAND-037","03-REGISTERS/domain-e-cdial-loan-candidates.csv","DATA","SRC-023","CONTRIBUTING","","IG-SRC-019",""
"CS-0159","DE-CAND-038","03-REGISTERS/domain-e-cdial-loan-candidates.csv","DATA","SRC-065","CONTRIBUTING","","IG-SRC-056",""
"CS-0160","DE-CAND-038","03-REGISTERS/domain-e-cdial-loan-candidates.csv","DATA","SRC-059","CONTRIBUTING","","IG-SRC-059",""
"CS-0161","DE-CAND-038","03-REGISTERS/domain-e-cdial-loan-candidates.csv","DATA","SRC-022","CONTRIBUTING","","IG-SRC-021",""
"CS-0162","DE-CAND-038","03-REGISTERS/domain-e-cdial-loan-candidates.csv","DATA","SRC-023","CONTRIBUTING","","IG-SRC-019",""
"CS-0163","DE-CAND-039","03-REGISTERS/domain-e-cdial-loan-candidates.csv","DATA","SRC-065","CONTRIBUTING","","IG-SRC-056",""
"CS-0164","DE-CAND-039","03-REGISTERS/domain-e-cdial-loan-candidates.csv","DATA","SRC-059","CONTRIBUTING","","IG-SRC-059",""
"CS-0165","DE-CAND-039","03-REGISTERS/domain-e-cdial-loan-candidates.csv","DATA","SRC-022","CONTRIBUTING","","IG-SRC-021",""
"CS-0166","DE-CAND-039","03-REGISTERS/domain-e-cdial-loan-candidates.csv","DATA","SRC-023","CONTRIBUTING","","IG-SRC-019",""
"CS-0167","DE-CAND-040","03-REGISTERS/domain-e-cdial-loan-candidates.csv","DATA","SRC-065","CONTRIBUTING","","IG-SRC-056",""
"CS-0168","DE-CAND-040","03-REGISTERS/domain-e-cdial-loan-candidates.csv","DATA","SRC-059","CONTRIBUTING","","IG-SRC-059",""
"CS-0169","DE-CAND-040","03-REGISTERS/domain-e-cdial-loan-candidates.csv","DATA","SRC-022","CONTRIBUTING","","IG-SRC-021",""
"CS-0170","DE-CAND-040","03-REGISTERS/domain-e-cdial-loan-candidates.csv","DATA","SRC-023","CONTRIBUTING","","IG-SRC-019",""
"CS-0171","DE-CAND-041","03-REGISTERS/domain-e-cdial-loan-candidates.csv","DATA","SRC-065","CONTRIBUTING","","IG-SRC-056",""
"CS-0172","DE-CAND-041","03-REGISTERS/domain-e-cdial-loan-candidates.csv","DATA","SRC-059","CONTRIBUTING","","IG-SRC-059",""
"CS-0173","DE-CAND-041","03-REGISTERS/domain-e-cdial-loan-candidates.csv","DATA","SRC-022","CONTRIBUTING","","IG-SRC-021",""
"CS-0174","DE-CAND-041","03-REGISTERS/domain-e-cdial-loan-candidates.csv","DATA","SRC-023","CONTRIBUTING","","IG-SRC-019",""
"CS-0175","DE-CAND-042","03-REGISTERS/domain-e-cdial-loan-candidates.csv","DATA","SRC-065","CONTRIBUTING","","IG-SRC-056",""
"CS-0176","DE-CAND-042","03-REGISTERS/domain-e-cdial-loan-candidates.csv","DATA","SRC-059","CONTRIBUTING","","IG-SRC-059",""
"CS-0177","DE-CAND-042","03-REGISTERS/domain-e-cdial-loan-candidates.csv","DATA","SRC-022","CONTRIBUTING","","IG-SRC-021",""
"CS-0178","DE-CAND-042","03-REGISTERS/domain-e-cdial-loan-candidates.csv","DATA","SRC-023","CONTRIBUTING","","IG-SRC-019",""
"CS-0179","DE-CAND-043","03-REGISTERS/domain-e-cdial-loan-candidates.csv","DATA","SRC-065","CONTRIBUTING","","IG-SRC-056",""
"CS-0180","DE-CAND-043","03-REGISTERS/domain-e-cdial-loan-candidates.csv","DATA","SRC-059","CONTRIBUTING","","IG-SRC-059",""
"CS-0181","DE-CAND-043","03-REGISTERS/domain-e-cdial-loan-candidates.csv","DATA","SRC-022","CONTRIBUTING","","IG-SRC-021",""
"CS-0182","DE-CAND-043","03-REGISTERS/domain-e-cdial-loan-candidates.csv","DATA","SRC-023","CONTRIBUTING","","IG-SRC-019",""
"CS-0183","DE-CAND-044","03-REGISTERS/domain-e-cdial-loan-candidates.csv","DATA","SRC-065","CONTRIBUTING","","IG-SRC-056",""
"CS-0184","DE-CAND-044","03-REGISTERS/domain-e-cdial-loan-candidates.csv","DATA","SRC-059","CONTRIBUTING","","IG-SRC-059",""
"CS-0185","DE-CAND-044","03-REGISTERS/domain-e-cdial-loan-candidates.csv","DATA","SRC-022","CONTRIBUTING","","IG-SRC-021",""
"CS-0186","DE-CAND-044","03-REGISTERS/domain-e-cdial-loan-candidates.csv","DATA","SRC-023","CONTRIBUTING","","IG-SRC-019",""
"CS-0187","DE-CAND-045","03-REGISTERS/domain-e-cdial-loan-candidates.csv","DATA","SRC-065","CONTRIBUTING","","IG-SRC-056",""
"CS-0188","DE-CAND-045","03-REGISTERS/domain-e-cdial-loan-candidates.csv","DATA","SRC-059","CONTRIBUTING","","IG-SRC-059",""
"CS-0189","DE-CAND-045","03-REGISTERS/domain-e-cdial-loan-candidates.csv","DATA","SRC-022","CONTRIBUTING","","IG-SRC-021",""
"CS-0190","DE-CAND-045","03-REGISTERS/domain-e-cdial-loan-candidates.csv","DATA","SRC-023","CONTRIBUTING","","IG-SRC-019",""
"CS-0191","DE-CAND-046","03-REGISTERS/domain-e-cdial-loan-candidates.csv","DATA","SRC-065","CONTRIBUTING","","IG-SRC-056",""
"CS-0192","DE-CAND-046","03-REGISTERS/domain-e-cdial-loan-candidates.csv","DATA","SRC-059","CONTRIBUTING","","IG-SRC-059",""
"CS-0193","DE-CAND-046","03-REGISTERS/domain-e-cdial-loan-candidates.csv","DATA","SRC-022","CONTRIBUTING","","IG-SRC-021",""
"CS-0194","DE-CAND-046","03-REGISTERS/domain-e-cdial-loan-candidates.csv","DATA","SRC-023","CONTRIBUTING","","IG-SRC-019",""
"CS-0195","DE-CAND-047","03-REGISTERS/domain-e-cdial-loan-candidates.csv","DATA","SRC-065","CONTRIBUTING","","IG-SRC-056",""
"CS-0196","DE-CAND-047","03-REGISTERS/domain-e-cdial-loan-candidates.csv","DATA","SRC-059","CONTRIBUTING","","IG-SRC-059",""
"CS-0197","DE-CAND-047","03-REGISTERS/domain-e-cdial-loan-candidates.csv","DATA","SRC-022","CONTRIBUTING","","IG-SRC-021",""
"CS-0198","DE-CAND-047","03-REGISTERS/domain-e-cdial-loan-candidates.csv","DATA","SRC-023","CONTRIBUTING","","IG-SRC-019",""
"CS-0199","DE-CAND-048","03-REGISTERS/domain-e-cdial-loan-candidates.csv","DATA","SRC-065","CONTRIBUTING","","IG-SRC-056",""
"CS-0200","DE-CAND-048","03-REGISTERS/domain-e-cdial-loan-candidates.csv","DATA","SRC-059","CONTRIBUTING","","IG-SRC-059",""
"CS-0201","DE-CAND-048","03-REGISTERS/domain-e-cdial-loan-candidates.csv","DATA","SRC-022","CONTRIBUTING","","IG-SRC-021",""
"CS-0202","DE-CAND-048","03-REGISTERS/domain-e-cdial-loan-candidates.csv","DATA","SRC-023","CONTRIBUTING","","IG-SRC-019",""
"CS-0203","DE-CAND-049","03-REGISTERS/domain-e-cdial-loan-candidates.csv","DATA","SRC-065","CONTRIBUTING","","IG-SRC-056",""
"CS-0204","DE-CAND-049","03-REGISTERS/domain-e-cdial-loan-candidates.csv","DATA","SRC-059","CONTRIBUTING","","IG-SRC-059",""
"CS-0205","DE-CAND-049","03-REGISTERS/domain-e-cdial-loan-candidates.csv","DATA","SRC-022","CONTRIBUTING","","IG-SRC-021",""
"CS-0206","DE-CAND-049","03-REGISTERS/domain-e-cdial-loan-candidates.csv","DATA","SRC-023","CONTRIBUTING","","IG-SRC-019",""
"CS-0207","DE-CAND-050","03-REGISTERS/domain-e-cdial-loan-candidates.csv","DATA","SRC-065","CONTRIBUTING","","IG-SRC-056",""
"CS-0208","DE-CAND-050","03-REGISTERS/domain-e-cdial-loan-candidates.csv","DATA","SRC-059","CONTRIBUTING","","IG-SRC-059",""
"CS-0209","DE-CAND-050","03-REGISTERS/domain-e-cdial-loan-candidates.csv","DATA","SRC-022","CONTRIBUTING","","IG-SRC-021",""
"CS-0210","DE-CAND-050","03-REGISTERS/domain-e-cdial-loan-candidates.csv","DATA","SRC-023","CONTRIBUTING","","IG-SRC-019",""
"CS-0211","DE-CAND-051","03-REGISTERS/domain-e-cdial-loan-candidates.csv","DATA","SRC-065","CONTRIBUTING","","IG-SRC-056",""
"CS-0212","DE-CAND-051","03-REGISTERS/domain-e-cdial-loan-candidates.csv","DATA","SRC-059","CONTRIBUTING","","IG-SRC-059",""
"CS-0213","DE-CAND-051","03-REGISTERS/domain-e-cdial-loan-candidates.csv","DATA","SRC-022","CONTRIBUTING","","IG-SRC-021",""
"CS-0214","DE-CAND-051","03-REGISTERS/domain-e-cdial-loan-candidates.csv","DATA","SRC-023","CONTRIBUTING","","IG-SRC-019",""
"CS-0215","DE-CAND-052","03-REGISTERS/domain-e-cdial-loan-candidates.csv","DATA","SRC-065","CONTRIBUTING","","IG-SRC-056",""
"CS-0216","DE-CAND-052","03-REGISTERS/domain-e-cdial-loan-candidates.csv","DATA","SRC-059","CONTRIBUTING","","IG-SRC-059",""
"CS-0217","DE-CAND-052","03-REGISTERS/domain-e-cdial-loan-candidates.csv","DATA","SRC-022","CONTRIBUTING","","IG-SRC-021",""
"CS-0218","DE-CAND-052","03-REGISTERS/domain-e-cdial-loan-candidates.csv","DATA","SRC-023","CONTRIBUTING","","IG-SRC-019",""
"CS-0219","DE-CAND-053","03-REGISTERS/domain-e-cdial-loan-candidates.csv","DATA","SRC-065","CONTRIBUTING","","IG-SRC-056",""
"CS-0220","DE-CAND-053","03-REGISTERS/domain-e-cdial-loan-candidates.csv","DATA","SRC-059","CONTRIBUTING","","IG-SRC-059",""
"CS-0221","DE-CAND-053","03-REGISTERS/domain-e-cdial-loan-candidates.csv","DATA","SRC-022","CONTRIBUTING","","IG-SRC-021",""
"CS-0222","DE-CAND-053","03-REGISTERS/domain-e-cdial-loan-candidates.csv","DATA","SRC-023","CONTRIBUTING","","IG-SRC-019",""
"CS-0223","DE-CAND-054","03-REGISTERS/domain-e-cdial-loan-candidates.csv","DATA","SRC-065","CONTRIBUTING","","IG-SRC-056",""
"CS-0224","DE-CAND-054","03-REGISTERS/domain-e-cdial-loan-candidates.csv","DATA","SRC-059","CONTRIBUTING","","IG-SRC-059",""
"CS-0225","DE-CAND-054","03-REGISTERS/domain-e-cdial-loan-candidates.csv","DATA","SRC-022","CONTRIBUTING","","IG-SRC-021",""
"CS-0226","DE-CAND-054","03-REGISTERS/domain-e-cdial-loan-candidates.csv","DATA","SRC-023","CONTRIBUTING","","IG-SRC-019",""
"CS-0227","DE-CAND-055","03-REGISTERS/domain-e-cdial-loan-candidates.csv","DATA","SRC-065","CONTRIBUTING","","IG-SRC-056",""
"CS-0228","DE-CAND-055","03-REGISTERS/domain-e-cdial-loan-candidates.csv","DATA","SRC-059","CONTRIBUTING","","IG-SRC-059",""
"CS-0229","DE-CAND-055","03-REGISTERS/domain-e-cdial-loan-candidates.csv","DATA","SRC-022","CONTRIBUTING","","IG-SRC-021",""
"CS-0230","DE-CAND-055","03-REGISTERS/domain-e-cdial-loan-candidates.csv","DATA","SRC-023","CONTRIBUTING","","IG-SRC-019",""
"CS-0231","DE-CAND-056","03-REGISTERS/domain-e-cdial-loan-candidates.csv","DATA","SRC-065","CONTRIBUTING","","IG-SRC-056",""
"CS-0232","DE-CAND-056","03-REGISTERS/domain-e-cdial-loan-candidates.csv","DATA","SRC-059","CONTRIBUTING","","IG-SRC-059",""
"CS-0233","DE-CAND-056","03-REGISTERS/domain-e-cdial-loan-candidates.csv","DATA","SRC-022","CONTRIBUTING","","IG-SRC-021",""
"CS-0234","DE-CAND-056","03-REGISTERS/domain-e-cdial-loan-candidates.csv","DATA","SRC-023","CONTRIBUTING","","IG-SRC-019",""
"CS-0235","DE-CAND-057","03-REGISTERS/domain-e-cdial-loan-candidates.csv","DATA","SRC-065","CONTRIBUTING","","IG-SRC-056",""
"CS-0236","DE-CAND-057","03-REGISTERS/domain-e-cdial-loan-candidates.csv","DATA","SRC-059","CONTRIBUTING","","IG-SRC-059",""
"CS-0237","DE-CAND-057","03-REGISTERS/domain-e-cdial-loan-candidates.csv","DATA","SRC-022","CONTRIBUTING","","IG-SRC-021",""
"CS-0238","DE-CAND-057","03-REGISTERS/domain-e-cdial-loan-candidates.csv","DATA","SRC-023","CONTRIBUTING","","IG-SRC-019",""
"CS-0239","DE-CAND-058","03-REGISTERS/domain-e-cdial-loan-candidates.csv","DATA","SRC-065","CONTRIBUTING","","IG-SRC-056",""
"CS-0240","DE-CAND-058","03-REGISTERS/domain-e-cdial-loan-candidates.csv","DATA","SRC-059","CONTRIBUTING","","IG-SRC-059",""
"CS-0241","DE-CAND-058","03-REGISTERS/domain-e-cdial-loan-candidates.csv","DATA","SRC-022","CONTRIBUTING","","IG-SRC-021",""
"CS-0242","DE-CAND-058","03-REGISTERS/domain-e-cdial-loan-candidates.csv","DATA","SRC-023","CONTRIBUTING","","IG-SRC-019",""
"CS-0243","DE-CAND-059","03-REGISTERS/domain-e-cdial-loan-candidates.csv","DATA","SRC-065","CONTRIBUTING","","IG-SRC-056",""
"CS-0244","DE-CAND-059","03-REGISTERS/domain-e-cdial-loan-candidates.csv","DATA","SRC-059","CONTRIBUTING","","IG-SRC-059",""
"CS-0245","DE-CAND-059","03-REGISTERS/domain-e-cdial-loan-candidates.csv","DATA","SRC-022","CONTRIBUTING","","IG-SRC-021",""
"CS-0246","DE-CAND-059","03-REGISTERS/domain-e-cdial-loan-candidates.csv","DATA","SRC-023","CONTRIBUTING","","IG-SRC-019",""
"CS-0247","DE-CAND-060","03-REGISTERS/domain-e-cdial-loan-candidates.csv","DATA","SRC-065","CONTRIBUTING","","IG-SRC-056",""
"CS-0248","DE-CAND-060","03-REGISTERS/domain-e-cdial-loan-candidates.csv","DATA","SRC-059","CONTRIBUTING","","IG-SRC-059",""
"CS-0249","DE-CAND-060","03-REGISTERS/domain-e-cdial-loan-candidates.csv","DATA","SRC-022","CONTRIBUTING","","IG-SRC-021",""
"CS-0250","DE-CAND-060","03-REGISTERS/domain-e-cdial-loan-candidates.csv","DATA","SRC-023","CONTRIBUTING","","IG-SRC-019",""
"CS-0251","DE-CAND-061","03-REGISTERS/domain-e-cdial-loan-candidates.csv","DATA","SRC-065","CONTRIBUTING","","IG-SRC-056",""
"CS-0252","DE-CAND-061","03-REGISTERS/domain-e-cdial-loan-candidates.csv","DATA","SRC-059","CONTRIBUTING","","IG-SRC-059",""
"CS-0253","DE-CAND-061","03-REGISTERS/domain-e-cdial-loan-candidates.csv","DATA","SRC-022","CONTRIBUTING","","IG-SRC-021",""
"CS-0254","DE-CAND-061","03-REGISTERS/domain-e-cdial-loan-candidates.csv","DATA","SRC-023","CONTRIBUTING","","IG-SRC-019",""
"CS-0255","DE-CAND-062","03-REGISTERS/domain-e-cdial-loan-candidates.csv","DATA","SRC-065","CONTRIBUTING","","IG-SRC-056",""
"CS-0256","DE-CAND-062","03-REGISTERS/domain-e-cdial-loan-candidates.csv","DATA","SRC-059","CONTRIBUTING","","IG-SRC-059",""
"CS-0257","DE-CAND-062","03-REGISTERS/domain-e-cdial-loan-candidates.csv","DATA","SRC-022","CONTRIBUTING","","IG-SRC-021",""
"CS-0258","DE-CAND-062","03-REGISTERS/domain-e-cdial-loan-candidates.csv","DATA","SRC-023","CONTRIBUTING","","IG-SRC-019",""
"CS-0259","DE-CAND-063","03-REGISTERS/domain-e-cdial-loan-candidates.csv","DATA","SRC-065","CONTRIBUTING","","IG-SRC-056",""
"CS-0260","DE-CAND-063","03-REGISTERS/domain-e-cdial-loan-candidates.csv","DATA","SRC-059","CONTRIBUTING","","IG-SRC-059",""
"CS-0261","DE-CAND-063","03-REGISTERS/domain-e-cdial-loan-candidates.csv","DATA","SRC-022","CONTRIBUTING","","IG-SRC-021",""
"CS-0262","DE-CAND-063","03-REGISTERS/domain-e-cdial-loan-candidates.csv","DATA","SRC-023","CONTRIBUTING","","IG-SRC-019",""
"CS-0263","DE-CAND-064","03-REGISTERS/domain-e-cdial-loan-candidates.csv","DATA","SRC-065","CONTRIBUTING","","IG-SRC-056",""
"CS-0264","DE-CAND-064","03-REGISTERS/domain-e-cdial-loan-candidates.csv","DATA","SRC-059","CONTRIBUTING","","IG-SRC-059",""
"CS-0265","DE-CAND-064","03-REGISTERS/domain-e-cdial-loan-candidates.csv","DATA","SRC-022","CONTRIBUTING","","IG-SRC-021",""
"CS-0266","DE-CAND-064","03-REGISTERS/domain-e-cdial-loan-candidates.csv","DATA","SRC-023","CONTRIBUTING","","IG-SRC-019",""
"CS-0267","DE-CAND-065","03-REGISTERS/domain-e-cdial-loan-candidates.csv","DATA","SRC-065","CONTRIBUTING","","IG-SRC-056",""
"CS-0268","DE-CAND-065","03-REGISTERS/domain-e-cdial-loan-candidates.csv","DATA","SRC-059","CONTRIBUTING","","IG-SRC-059",""
"CS-0269","DE-CAND-065","03-REGISTERS/domain-e-cdial-loan-candidates.csv","DATA","SRC-022","CONTRIBUTING","","IG-SRC-021",""
"CS-0270","DE-CAND-065","03-REGISTERS/domain-e-cdial-loan-candidates.csv","DATA","SRC-023","CONTRIBUTING","","IG-SRC-019",""
"CS-0271","DE-CAND-066","03-REGISTERS/domain-e-cdial-loan-candidates.csv","DATA","SRC-065","CONTRIBUTING","","IG-SRC-056",""
"CS-0272","DE-CAND-066","03-REGISTERS/domain-e-cdial-loan-candidates.csv","DATA","SRC-059","CONTRIBUTING","","IG-SRC-059",""
"CS-0273","DE-CAND-066","03-REGISTERS/domain-e-cdial-loan-candidates.csv","DATA","SRC-022","CONTRIBUTING","","IG-SRC-021",""
"CS-0274","DE-CAND-066","03-REGISTERS/domain-e-cdial-loan-candidates.csv","DATA","SRC-023","CONTRIBUTING","","IG-SRC-019",""
"CS-0275","DE-CAND-067","03-REGISTERS/domain-e-cdial-loan-candidates.csv","DATA","SRC-065","CONTRIBUTING","","IG-SRC-056",""
"CS-0276","DE-CAND-067","03-REGISTERS/domain-e-cdial-loan-candidates.csv","DATA","SRC-059","CONTRIBUTING","","IG-SRC-059",""
"CS-0277","DE-CAND-067","03-REGISTERS/domain-e-cdial-loan-candidates.csv","DATA","SRC-022","CONTRIBUTING","","IG-SRC-021",""
"CS-0278","DE-CAND-067","03-REGISTERS/domain-e-cdial-loan-candidates.csv","DATA","SRC-023","CONTRIBUTING","","IG-SRC-019",""
"CS-0279","DE-CAND-068","03-REGISTERS/domain-e-cdial-loan-candidates.csv","DATA","SRC-065","CONTRIBUTING","","IG-SRC-056",""
"CS-0280","DE-CAND-068","03-REGISTERS/domain-e-cdial-loan-candidates.csv","DATA","SRC-059","CONTRIBUTING","","IG-SRC-059",""
"CS-0281","DE-CAND-068","03-REGISTERS/domain-e-cdial-loan-candidates.csv","DATA","SRC-022","CONTRIBUTING","","IG-SRC-021",""
"CS-0282","DE-CAND-068","03-REGISTERS/domain-e-cdial-loan-candidates.csv","DATA","SRC-023","CONTRIBUTING","","IG-SRC-019",""
"CS-0283","DE-CAND-069","03-REGISTERS/domain-e-cdial-loan-candidates.csv","DATA","SRC-065","CONTRIBUTING","","IG-SRC-056",""
"CS-0284","DE-CAND-069","03-REGISTERS/domain-e-cdial-loan-candidates.csv","DATA","SRC-059","CONTRIBUTING","","IG-SRC-059",""
"CS-0285","DE-CAND-069","03-REGISTERS/domain-e-cdial-loan-candidates.csv","DATA","SRC-022","CONTRIBUTING","","IG-SRC-021",""
"CS-0286","DE-CAND-069","03-REGISTERS/domain-e-cdial-loan-candidates.csv","DATA","SRC-023","CONTRIBUTING","","IG-SRC-019",""
"CS-0287","DE-CAND-070","03-REGISTERS/domain-e-cdial-loan-candidates.csv","DATA","SRC-065","CONTRIBUTING","","IG-SRC-056",""
"CS-0288","DE-CAND-070","03-REGISTERS/domain-e-cdial-loan-candidates.csv","DATA","SRC-059","CONTRIBUTING","","IG-SRC-059",""
"CS-0289","DE-CAND-070","03-REGISTERS/domain-e-cdial-loan-candidates.csv","DATA","SRC-022","CONTRIBUTING","","IG-SRC-021",""
"CS-0290","DE-CAND-070","03-REGISTERS/domain-e-cdial-loan-candidates.csv","DATA","SRC-023","CONTRIBUTING","","IG-SRC-019",""
"CS-0291","DE-CAND-071","03-REGISTERS/domain-e-cdial-loan-candidates.csv","DATA","SRC-065","CONTRIBUTING","","IG-SRC-056",""
"CS-0292","DE-CAND-071","03-REGISTERS/domain-e-cdial-loan-candidates.csv","DATA","SRC-059","CONTRIBUTING","","IG-SRC-059",""
"CS-0293","DE-CAND-071","03-REGISTERS/domain-e-cdial-loan-candidates.csv","DATA","SRC-022","CONTRIBUTING","","IG-SRC-021",""
"CS-0294","DE-CAND-071","03-REGISTERS/domain-e-cdial-loan-candidates.csv","DATA","SRC-023","CONTRIBUTING","","IG-SRC-019",""
"CS-0295","DE-CAND-072","03-REGISTERS/domain-e-cdial-loan-candidates.csv","DATA","SRC-065","CONTRIBUTING","","IG-SRC-056",""
"CS-0296","DE-CAND-072","03-REGISTERS/domain-e-cdial-loan-candidates.csv","DATA","SRC-059","CONTRIBUTING","","IG-SRC-059",""
"CS-0297","DE-CAND-072","03-REGISTERS/domain-e-cdial-loan-candidates.csv","DATA","SRC-022","CONTRIBUTING","","IG-SRC-021",""
"CS-0298","DE-CAND-072","03-REGISTERS/domain-e-cdial-loan-candidates.csv","DATA","SRC-023","CONTRIBUTING","","IG-SRC-019",""
"CS-0299","DE-CAND-073","03-REGISTERS/domain-e-cdial-loan-candidates.csv","DATA","SRC-065","CONTRIBUTING","","IG-SRC-056",""
"CS-0300","DE-CAND-073","03-REGISTERS/domain-e-cdial-loan-candidates.csv","DATA","SRC-059","CONTRIBUTING","","IG-SRC-059",""
"CS-0301","DE-CAND-073","03-REGISTERS/domain-e-cdial-loan-candidates.csv","DATA","SRC-022","CONTRIBUTING","","IG-SRC-021",""
"CS-0302","DE-CAND-073","03-REGISTERS/domain-e-cdial-loan-candidates.csv","DATA","SRC-023","CONTRIBUTING","","IG-SRC-019",""
"CS-0303","DE-CAND-074","03-REGISTERS/domain-e-cdial-loan-candidates.csv","DATA","SRC-065","CONTRIBUTING","","IG-SRC-056",""
"CS-0304","DE-CAND-074","03-REGISTERS/domain-e-cdial-loan-candidates.csv","DATA","SRC-059","CONTRIBUTING","","IG-SRC-059",""
"CS-0305","DE-CAND-074","03-REGISTERS/domain-e-cdial-loan-candidates.csv","DATA","SRC-022","CONTRIBUTING","","IG-SRC-021",""
"CS-0306","DE-CAND-074","03-REGISTERS/domain-e-cdial-loan-candidates.csv","DATA","SRC-023","CONTRIBUTING","","IG-SRC-019",""
"CS-0307","DE-CAND-075","03-REGISTERS/domain-e-cdial-loan-candidates.csv","DATA","SRC-065","CONTRIBUTING","","IG-SRC-056",""
"CS-0308","DE-CAND-075","03-REGISTERS/domain-e-cdial-loan-candidates.csv","DATA","SRC-059","CONTRIBUTING","","IG-SRC-059",""
"CS-0309","DE-CAND-075","03-REGISTERS/domain-e-cdial-loan-candidates.csv","DATA","SRC-022","CONTRIBUTING","","IG-SRC-021",""
"CS-0310","DE-CAND-075","03-REGISTERS/domain-e-cdial-loan-candidates.csv","DATA","SRC-023","CONTRIBUTING","","IG-SRC-019",""
"CS-0311","DE-CAND-076","03-REGISTERS/domain-e-cdial-loan-candidates.csv","DATA","SRC-065","CONTRIBUTING","","IG-SRC-056",""
"CS-0312","DE-CAND-076","03-REGISTERS/domain-e-cdial-loan-candidates.csv","DATA","SRC-059","CONTRIBUTING","","IG-SRC-059",""
"CS-0313","DE-CAND-076","03-REGISTERS/domain-e-cdial-loan-candidates.csv","DATA","SRC-022","CONTRIBUTING","","IG-SRC-021",""
"CS-0314","DE-CAND-076","03-REGISTERS/domain-e-cdial-loan-candidates.csv","DATA","SRC-023","CONTRIBUTING","","IG-SRC-019",""
"CS-0315","DE-CAND-077","03-REGISTERS/domain-e-cdial-loan-candidates.csv","DATA","SRC-065","CONTRIBUTING","","IG-SRC-056",""
"CS-0316","DE-CAND-077","03-REGISTERS/domain-e-cdial-loan-candidates.csv","DATA","SRC-059","CONTRIBUTING","","IG-SRC-059",""
"CS-0317","DE-CAND-077","03-REGISTERS/domain-e-cdial-loan-candidates.csv","DATA","SRC-022","CONTRIBUTING","","IG-SRC-021",""
"CS-0318","DE-CAND-077","03-REGISTERS/domain-e-cdial-loan-candidates.csv","DATA","SRC-023","CONTRIBUTING","","IG-SRC-019",""
"CS-0319","DE-CAND-078","03-REGISTERS/domain-e-cdial-loan-candidates.csv","DATA","SRC-065","CONTRIBUTING","","IG-SRC-056",""
"CS-0320","DE-CAND-078","03-REGISTERS/domain-e-cdial-loan-candidates.csv","DATA","SRC-059","CONTRIBUTING","","IG-SRC-059",""
"CS-0321","DE-CAND-078","03-REGISTERS/domain-e-cdial-loan-candidates.csv","DATA","SRC-022","CONTRIBUTING","","IG-SRC-021",""
"CS-0322","DE-CAND-078","03-REGISTERS/domain-e-cdial-loan-candidates.csv","DATA","SRC-023","CONTRIBUTING","","IG-SRC-019",""
"CS-0323","DE-CAND-079","03-REGISTERS/domain-e-cdial-loan-candidates.csv","DATA","SRC-065","CONTRIBUTING","","IG-SRC-056",""
"CS-0324","DE-CAND-079","03-REGISTERS/domain-e-cdial-loan-candidates.csv","DATA","SRC-059","CONTRIBUTING","","IG-SRC-059",""
"CS-0325","DE-CAND-079","03-REGISTERS/domain-e-cdial-loan-candidates.csv","DATA","SRC-022","CONTRIBUTING","","IG-SRC-021",""
"CS-0326","DE-CAND-079","03-REGISTERS/domain-e-cdial-loan-candidates.csv","DATA","SRC-023","CONTRIBUTING","","IG-SRC-019",""
"CS-0327","DE-CAND-080","03-REGISTERS/domain-e-cdial-loan-candidates.csv","DATA","SRC-065","CONTRIBUTING","","IG-SRC-056",""
"CS-0328","DE-CAND-080","03-REGISTERS/domain-e-cdial-loan-candidates.csv","DATA","SRC-059","CONTRIBUTING","","IG-SRC-059",""
"CS-0329","DE-CAND-080","03-REGISTERS/domain-e-cdial-loan-candidates.csv","DATA","SRC-022","CONTRIBUTING","","IG-SRC-021",""
"CS-0330","DE-CAND-080","03-REGISTERS/domain-e-cdial-loan-candidates.csv","DATA","SRC-023","CONTRIBUTING","","IG-SRC-019",""
"CS-0331","DE-CAND-081","03-REGISTERS/domain-e-cdial-loan-candidates.csv","DATA","SRC-065","CONTRIBUTING","","IG-SRC-056",""
"CS-0332","DE-CAND-081","03-REGISTERS/domain-e-cdial-loan-candidates.csv","DATA","SRC-059","CONTRIBUTING","","IG-SRC-059",""
"CS-0333","DE-CAND-081","03-REGISTERS/domain-e-cdial-loan-candidates.csv","DATA","SRC-022","CONTRIBUTING","","IG-SRC-021",""
"CS-0334","DE-CAND-081","03-REGISTERS/domain-e-cdial-loan-candidates.csv","DATA","SRC-023","CONTRIBUTING","","IG-SRC-019",""
"CS-0335","DE-CAND-082","03-REGISTERS/domain-e-cdial-loan-candidates.csv","DATA","SRC-065","CONTRIBUTING","","IG-SRC-056",""
"CS-0336","DE-CAND-082","03-REGISTERS/domain-e-cdial-loan-candidates.csv","DATA","SRC-059","CONTRIBUTING","","IG-SRC-059",""
"CS-0337","DE-CAND-082","03-REGISTERS/domain-e-cdial-loan-candidates.csv","DATA","SRC-022","CONTRIBUTING","","IG-SRC-021",""
"CS-0338","DE-CAND-082","03-REGISTERS/domain-e-cdial-loan-candidates.csv","DATA","SRC-023","CONTRIBUTING","","IG-SRC-019",""
"CS-0339","DE-CAND-083","03-REGISTERS/domain-e-cdial-loan-candidates.csv","DATA","SRC-065","CONTRIBUTING","","IG-SRC-056",""
"CS-0340","DE-CAND-083","03-REGISTERS/domain-e-cdial-loan-candidates.csv","DATA","SRC-059","CONTRIBUTING","","IG-SRC-059",""
"CS-0341","DE-CAND-083","03-REGISTERS/domain-e-cdial-loan-candidates.csv","DATA","SRC-022","CONTRIBUTING","","IG-SRC-021",""
"CS-0342","DE-CAND-083","03-REGISTERS/domain-e-cdial-loan-candidates.csv","DATA","SRC-023","CONTRIBUTING","","IG-SRC-019",""
"CS-0343","DE-CAND-084","03-REGISTERS/domain-e-cdial-loan-candidates.csv","DATA","SRC-065","CONTRIBUTING","","IG-SRC-056",""
"CS-0344","DE-CAND-084","03-REGISTERS/domain-e-cdial-loan-candidates.csv","DATA","SRC-059","CONTRIBUTING","","IG-SRC-059",""
"CS-0345","DE-CAND-084","03-REGISTERS/domain-e-cdial-loan-candidates.csv","DATA","SRC-022","CONTRIBUTING","","IG-SRC-021",""
"CS-0346","DE-CAND-084","03-REGISTERS/domain-e-cdial-loan-candidates.csv","DATA","SRC-023","CONTRIBUTING","","IG-SRC-019",""
"CS-0347","DE-CAND-085","03-REGISTERS/domain-e-cdial-loan-candidates.csv","DATA","SRC-065","CONTRIBUTING","","IG-SRC-056",""
"CS-0348","DE-CAND-085","03-REGISTERS/domain-e-cdial-loan-candidates.csv","DATA","SRC-059","CONTRIBUTING","","IG-SRC-059",""
"CS-0349","DE-CAND-085","03-REGISTERS/domain-e-cdial-loan-candidates.csv","DATA","SRC-022","CONTRIBUTING","","IG-SRC-021",""
"CS-0350","DE-CAND-085","03-REGISTERS/domain-e-cdial-loan-candidates.csv","DATA","SRC-023","CONTRIBUTING","","IG-SRC-019",""
"CS-0351","DE-CAND-086","03-REGISTERS/domain-e-cdial-loan-candidates.csv","DATA","SRC-065","CONTRIBUTING","","IG-SRC-056",""
"CS-0352","DE-CAND-086","03-REGISTERS/domain-e-cdial-loan-candidates.csv","DATA","SRC-059","CONTRIBUTING","","IG-SRC-059",""
"CS-0353","DE-CAND-086","03-REGISTERS/domain-e-cdial-loan-candidates.csv","DATA","SRC-022","CONTRIBUTING","","IG-SRC-021",""
"CS-0354","DE-CAND-086","03-REGISTERS/domain-e-cdial-loan-candidates.csv","DATA","SRC-023","CONTRIBUTING","","IG-SRC-019",""
"CS-0355","DE-CAND-087","03-REGISTERS/domain-e-cdial-loan-candidates.csv","DATA","SRC-065","CONTRIBUTING","","IG-SRC-056",""
"CS-0356","DE-CAND-087","03-REGISTERS/domain-e-cdial-loan-candidates.csv","DATA","SRC-059","CONTRIBUTING","","IG-SRC-059",""
"CS-0357","DE-CAND-087","03-REGISTERS/domain-e-cdial-loan-candidates.csv","DATA","SRC-022","CONTRIBUTING","","IG-SRC-021",""
"CS-0358","DE-CAND-087","03-REGISTERS/domain-e-cdial-loan-candidates.csv","DATA","SRC-023","CONTRIBUTING","","IG-SRC-019",""
"CS-0359","DE-CAND-088","03-REGISTERS/domain-e-cdial-loan-candidates.csv","DATA","SRC-065","CONTRIBUTING","","IG-SRC-056",""
"CS-0360","DE-CAND-088","03-REGISTERS/domain-e-cdial-loan-candidates.csv","DATA","SRC-059","CONTRIBUTING","","IG-SRC-059",""
"CS-0361","DE-CAND-088","03-REGISTERS/domain-e-cdial-loan-candidates.csv","DATA","SRC-022","CONTRIBUTING","","IG-SRC-021",""
"CS-0362","DE-CAND-088","03-REGISTERS/domain-e-cdial-loan-candidates.csv","DATA","SRC-023","CONTRIBUTING","","IG-SRC-019",""
"CS-0363","DE-CAND-089","03-REGISTERS/domain-e-cdial-loan-candidates.csv","DATA","SRC-065","CONTRIBUTING","","IG-SRC-056",""
"CS-0364","DE-CAND-089","03-REGISTERS/domain-e-cdial-loan-candidates.csv","DATA","SRC-059","CONTRIBUTING","","IG-SRC-059",""
"CS-0365","DE-CAND-089","03-REGISTERS/domain-e-cdial-loan-candidates.csv","DATA","SRC-022","CONTRIBUTING","","IG-SRC-021",""
"CS-0366","DE-CAND-089","03-REGISTERS/domain-e-cdial-loan-candidates.csv","DATA","SRC-023","CONTRIBUTING","","IG-SRC-019",""
"CS-0367","DE-CAND-090","03-REGISTERS/domain-e-cdial-loan-candidates.csv","DATA","SRC-065","CONTRIBUTING","","IG-SRC-056",""
"CS-0368","DE-CAND-090","03-REGISTERS/domain-e-cdial-loan-candidates.csv","DATA","SRC-059","CONTRIBUTING","","IG-SRC-059",""
"CS-0369","DE-CAND-090","03-REGISTERS/domain-e-cdial-loan-candidates.csv","DATA","SRC-022","CONTRIBUTING","","IG-SRC-021",""
"CS-0370","DE-CAND-090","03-REGISTERS/domain-e-cdial-loan-candidates.csv","DATA","SRC-023","CONTRIBUTING","","IG-SRC-019",""
"CS-0371","DE-CAND-091","03-REGISTERS/domain-e-cdial-loan-candidates.csv","DATA","SRC-065","CONTRIBUTING","","IG-SRC-056",""
"CS-0372","DE-CAND-091","03-REGISTERS/domain-e-cdial-loan-candidates.csv","DATA","SRC-059","CONTRIBUTING","","IG-SRC-059",""
"CS-0373","DE-CAND-091","03-REGISTERS/domain-e-cdial-loan-candidates.csv","DATA","SRC-022","CONTRIBUTING","","IG-SRC-021",""
"CS-0374","DE-CAND-091","03-REGISTERS/domain-e-cdial-loan-candidates.csv","DATA","SRC-023","CONTRIBUTING","","IG-SRC-019",""
"CS-0375","DE-CAND-092","03-REGISTERS/domain-e-cdial-loan-candidates.csv","DATA","SRC-065","CONTRIBUTING","","IG-SRC-056",""
"CS-0376","DE-CAND-092","03-REGISTERS/domain-e-cdial-loan-candidates.csv","DATA","SRC-059","CONTRIBUTING","","IG-SRC-059",""
"CS-0377","DE-CAND-092","03-REGISTERS/domain-e-cdial-loan-candidates.csv","DATA","SRC-022","CONTRIBUTING","","IG-SRC-021",""
"CS-0378","DE-CAND-092","03-REGISTERS/domain-e-cdial-loan-candidates.csv","DATA","SRC-023","CONTRIBUTING","","IG-SRC-019",""
"CS-0379","DE-CAND-093","03-REGISTERS/domain-e-cdial-loan-candidates.csv","DATA","SRC-065","CONTRIBUTING","","IG-SRC-056",""
"CS-0380","DE-CAND-093","03-REGISTERS/domain-e-cdial-loan-candidates.csv","DATA","SRC-059","CONTRIBUTING","","IG-SRC-059",""
"CS-0381","DE-CAND-093","03-REGISTERS/domain-e-cdial-loan-candidates.csv","DATA","SRC-022","CONTRIBUTING","","IG-SRC-021",""
"CS-0382","DE-CAND-093","03-REGISTERS/domain-e-cdial-loan-candidates.csv","DATA","SRC-023","CONTRIBUTING","","IG-SRC-019",""
"CS-0383","DE-CAND-094","03-REGISTERS/domain-e-cdial-loan-candidates.csv","DATA","SRC-065","CONTRIBUTING","","IG-SRC-056",""
"CS-0384","DE-CAND-094","03-REGISTERS/domain-e-cdial-loan-candidates.csv","DATA","SRC-059","CONTRIBUTING","","IG-SRC-059",""
"CS-0385","DE-CAND-094","03-REGISTERS/domain-e-cdial-loan-candidates.csv","DATA","SRC-022","CONTRIBUTING","","IG-SRC-021",""
"CS-0386","DE-CAND-094","03-REGISTERS/domain-e-cdial-loan-candidates.csv","DATA","SRC-023","CONTRIBUTING","","IG-SRC-019",""
"CS-0387","DE-CAND-095","03-REGISTERS/domain-e-cdial-loan-candidates.csv","DATA","SRC-065","CONTRIBUTING","","IG-SRC-056",""
"CS-0388","DE-CAND-095","03-REGISTERS/domain-e-cdial-loan-candidates.csv","DATA","SRC-059","CONTRIBUTING","","IG-SRC-059",""
"CS-0389","DE-CAND-095","03-REGISTERS/domain-e-cdial-loan-candidates.csv","DATA","SRC-022","CONTRIBUTING","","IG-SRC-021",""
"CS-0390","DE-CAND-095","03-REGISTERS/domain-e-cdial-loan-candidates.csv","DATA","SRC-023","CONTRIBUTING","","IG-SRC-019",""
"CS-0391","DE-CAND-096","03-REGISTERS/domain-e-cdial-loan-candidates.csv","DATA","SRC-065","CONTRIBUTING","","IG-SRC-056",""
"CS-0392","DE-CAND-096","03-REGISTERS/domain-e-cdial-loan-candidates.csv","DATA","SRC-059","CONTRIBUTING","","IG-SRC-059",""
"CS-0393","DE-CAND-096","03-REGISTERS/domain-e-cdial-loan-candidates.csv","DATA","SRC-022","CONTRIBUTING","","IG-SRC-021",""
"CS-0394","DE-CAND-096","03-REGISTERS/domain-e-cdial-loan-candidates.csv","DATA","SRC-023","CONTRIBUTING","","IG-SRC-019",""
"CS-0395","DE-CAND-097","03-REGISTERS/domain-e-cdial-loan-candidates.csv","DATA","SRC-065","CONTRIBUTING","","IG-SRC-056",""
"CS-0396","DE-CAND-097","03-REGISTERS/domain-e-cdial-loan-candidates.csv","DATA","SRC-059","CONTRIBUTING","","IG-SRC-059",""
"CS-0397","DE-CAND-097","03-REGISTERS/domain-e-cdial-loan-candidates.csv","DATA","SRC-022","CONTRIBUTING","","IG-SRC-021",""
"CS-0398","DE-CAND-097","03-REGISTERS/domain-e-cdial-loan-candidates.csv","DATA","SRC-023","CONTRIBUTING","","IG-SRC-019",""
"CS-0399","DE-CAND-098","03-REGISTERS/domain-e-cdial-loan-candidates.csv","DATA","SRC-065","CONTRIBUTING","","IG-SRC-056",""
"CS-0400","DE-CAND-098","03-REGISTERS/domain-e-cdial-loan-candidates.csv","DATA","SRC-059","CONTRIBUTING","","IG-SRC-059",""
"CS-0401","DE-CAND-098","03-REGISTERS/domain-e-cdial-loan-candidates.csv","DATA","SRC-022","CONTRIBUTING","","IG-SRC-021",""
"CS-0402","DE-CAND-098","03-REGISTERS/domain-e-cdial-loan-candidates.csv","DATA","SRC-023","CONTRIBUTING","","IG-SRC-019",""
"CS-0403","DE-CAND-099","03-REGISTERS/domain-e-cdial-loan-candidates.csv","DATA","SRC-065","CONTRIBUTING","","IG-SRC-056",""
"CS-0404","DE-CAND-099","03-REGISTERS/domain-e-cdial-loan-candidates.csv","DATA","SRC-059","CONTRIBUTING","","IG-SRC-059",""
"CS-0405","DE-CAND-099","03-REGISTERS/domain-e-cdial-loan-candidates.csv","DATA","SRC-022","CONTRIBUTING","","IG-SRC-021",""
"CS-0406","DE-CAND-099","03-REGISTERS/domain-e-cdial-loan-candidates.csv","DATA","SRC-023","CONTRIBUTING","","IG-SRC-019",""
"CS-0407","DE-CAND-100","03-REGISTERS/domain-e-cdial-loan-candidates.csv","DATA","SRC-065","CONTRIBUTING","","IG-SRC-056",""
"CS-0408","DE-CAND-100","03-REGISTERS/domain-e-cdial-loan-candidates.csv","DATA","SRC-059","CONTRIBUTING","","IG-SRC-059",""
"CS-0409","DE-CAND-100","03-REGISTERS/domain-e-cdial-loan-candidates.csv","DATA","SRC-022","CONTRIBUTING","","IG-SRC-021",""
"CS-0410","DE-CAND-100","03-REGISTERS/domain-e-cdial-loan-candidates.csv","DATA","SRC-023","CONTRIBUTING","","IG-SRC-019",""
"CS-0411","DE-CAND-101","03-REGISTERS/domain-e-cdial-loan-candidates.csv","DATA","SRC-065","CONTRIBUTING","","IG-SRC-056",""
"CS-0412","DE-CAND-101","03-REGISTERS/domain-e-cdial-loan-candidates.csv","DATA","SRC-059","CONTRIBUTING","","IG-SRC-059",""
"CS-0413","DE-CAND-101","03-REGISTERS/domain-e-cdial-loan-candidates.csv","DATA","SRC-022","CONTRIBUTING","","IG-SRC-021",""
"CS-0414","DE-CAND-101","03-REGISTERS/domain-e-cdial-loan-candidates.csv","DATA","SRC-023","CONTRIBUTING","","IG-SRC-019",""
"CS-0415","DE-CAND-102","03-REGISTERS/domain-e-cdial-loan-candidates.csv","DATA","SRC-065","CONTRIBUTING","","IG-SRC-056",""
"CS-0416","DE-CAND-102","03-REGISTERS/domain-e-cdial-loan-candidates.csv","DATA","SRC-059","CONTRIBUTING","","IG-SRC-059",""
"CS-0417","DE-CAND-102","03-REGISTERS/domain-e-cdial-loan-candidates.csv","DATA","SRC-022","CONTRIBUTING","","IG-SRC-021",""
"CS-0418","DE-CAND-102","03-REGISTERS/domain-e-cdial-loan-candidates.csv","DATA","SRC-023","CONTRIBUTING","","IG-SRC-019",""
"CS-0419","DE-CAND-103","03-REGISTERS/domain-e-cdial-loan-candidates.csv","DATA","SRC-065","CONTRIBUTING","","IG-SRC-056",""
"CS-0420","DE-CAND-103","03-REGISTERS/domain-e-cdial-loan-candidates.csv","DATA","SRC-059","CONTRIBUTING","","IG-SRC-059",""
"CS-0421","DE-CAND-103","03-REGISTERS/domain-e-cdial-loan-candidates.csv","DATA","SRC-022","CONTRIBUTING","","IG-SRC-021",""
"CS-0422","DE-CAND-103","03-REGISTERS/domain-e-cdial-loan-candidates.csv","DATA","SRC-023","CONTRIBUTING","","IG-SRC-019",""
"CS-0423","DE-CAND-104","03-REGISTERS/domain-e-cdial-loan-candidates.csv","DATA","SRC-065","CONTRIBUTING","","IG-SRC-056",""
"CS-0424","DE-CAND-104","03-REGISTERS/domain-e-cdial-loan-candidates.csv","DATA","SRC-059","CONTRIBUTING","","IG-SRC-059",""
"CS-0425","DE-CAND-104","03-REGISTERS/domain-e-cdial-loan-candidates.csv","DATA","SRC-022","CONTRIBUTING","","IG-SRC-021",""
"CS-0426","DE-CAND-104","03-REGISTERS/domain-e-cdial-loan-candidates.csv","DATA","SRC-023","CONTRIBUTING","","IG-SRC-019",""
"CS-0427","DE-CAND-105","03-REGISTERS/domain-e-cdial-loan-candidates.csv","DATA","SRC-065","CONTRIBUTING","","IG-SRC-056",""
"CS-0428","DE-CAND-105","03-REGISTERS/domain-e-cdial-loan-candidates.csv","DATA","SRC-059","CONTRIBUTING","","IG-SRC-059",""
"CS-0429","DE-CAND-105","03-REGISTERS/domain-e-cdial-loan-candidates.csv","DATA","SRC-022","CONTRIBUTING","","IG-SRC-021",""
"CS-0430","DE-CAND-105","03-REGISTERS/domain-e-cdial-loan-candidates.csv","DATA","SRC-023","CONTRIBUTING","","IG-SRC-019",""
"CS-0431","DE-CAND-106","03-REGISTERS/domain-e-cdial-loan-candidates.csv","DATA","SRC-065","CONTRIBUTING","","IG-SRC-056",""
"CS-0432","DE-CAND-106","03-REGISTERS/domain-e-cdial-loan-candidates.csv","DATA","SRC-059","CONTRIBUTING","","IG-SRC-059",""
"CS-0433","DE-CAND-106","03-REGISTERS/domain-e-cdial-loan-candidates.csv","DATA","SRC-022","CONTRIBUTING","","IG-SRC-021",""
"CS-0434","DE-CAND-106","03-REGISTERS/domain-e-cdial-loan-candidates.csv","DATA","SRC-023","CONTRIBUTING","","IG-SRC-019",""
"CS-0435","DE-CAND-107","03-REGISTERS/domain-e-cdial-loan-candidates.csv","DATA","SRC-065","CONTRIBUTING","","IG-SRC-056",""
"CS-0436","DE-CAND-107","03-REGISTERS/domain-e-cdial-loan-candidates.csv","DATA","SRC-059","CONTRIBUTING","","IG-SRC-059",""
"CS-0437","DE-CAND-107","03-REGISTERS/domain-e-cdial-loan-candidates.csv","DATA","SRC-022","CONTRIBUTING","","IG-SRC-021",""
"CS-0438","DE-CAND-107","03-REGISTERS/domain-e-cdial-loan-candidates.csv","DATA","SRC-023","CONTRIBUTING","","IG-SRC-019",""
"CS-0439","DE-CAND-108","03-REGISTERS/domain-e-cdial-loan-candidates.csv","DATA","SRC-065","CONTRIBUTING","","IG-SRC-056",""
"CS-0440","DE-CAND-108","03-REGISTERS/domain-e-cdial-loan-candidates.csv","DATA","SRC-059","CONTRIBUTING","","IG-SRC-059",""
"CS-0441","DE-CAND-108","03-REGISTERS/domain-e-cdial-loan-candidates.csv","DATA","SRC-022","CONTRIBUTING","","IG-SRC-021",""
"CS-0442","DE-CAND-108","03-REGISTERS/domain-e-cdial-loan-candidates.csv","DATA","SRC-023","CONTRIBUTING","","IG-SRC-019",""
"CS-0443","DE-CAND-109","03-REGISTERS/domain-e-cdial-loan-candidates.csv","DATA","SRC-065","CONTRIBUTING","","IG-SRC-056",""
"CS-0444","DE-CAND-109","03-REGISTERS/domain-e-cdial-loan-candidates.csv","DATA","SRC-059","CONTRIBUTING","","IG-SRC-059",""
"CS-0445","DE-CAND-109","03-REGISTERS/domain-e-cdial-loan-candidates.csv","DATA","SRC-022","CONTRIBUTING","","IG-SRC-021",""
"CS-0446","DE-CAND-109","03-REGISTERS/domain-e-cdial-loan-candidates.csv","DATA","SRC-023","CONTRIBUTING","","IG-SRC-019",""
"CS-0447","DE-CAND-110","03-REGISTERS/domain-e-cdial-loan-candidates.csv","DATA","SRC-065","CONTRIBUTING","","IG-SRC-056",""
"CS-0448","DE-CAND-110","03-REGISTERS/domain-e-cdial-loan-candidates.csv","DATA","SRC-059","CONTRIBUTING","","IG-SRC-059",""
"CS-0449","DE-CAND-110","03-REGISTERS/domain-e-cdial-loan-candidates.csv","DATA","SRC-022","CONTRIBUTING","","IG-SRC-021",""
"CS-0450","DE-CAND-110","03-REGISTERS/domain-e-cdial-loan-candidates.csv","DATA","SRC-023","CONTRIBUTING","","IG-SRC-019",""
"CS-0451","DE-CAND-111","03-REGISTERS/domain-e-cdial-loan-candidates.csv","DATA","SRC-065","CONTRIBUTING","","IG-SRC-056",""
"CS-0452","DE-CAND-111","03-REGISTERS/domain-e-cdial-loan-candidates.csv","DATA","SRC-059","CONTRIBUTING","","IG-SRC-059",""
"CS-0453","DE-CAND-111","03-REGISTERS/domain-e-cdial-loan-candidates.csv","DATA","SRC-022","CONTRIBUTING","","IG-SRC-021",""
"CS-0454","DE-CAND-111","03-REGISTERS/domain-e-cdial-loan-candidates.csv","DATA","SRC-023","CONTRIBUTING","","IG-SRC-019",""
"CS-0455","DE-CAND-112","03-REGISTERS/domain-e-cdial-loan-candidates.csv","DATA","SRC-065","CONTRIBUTING","","IG-SRC-056",""
"CS-0456","DE-CAND-112","03-REGISTERS/domain-e-cdial-loan-candidates.csv","DATA","SRC-059","CONTRIBUTING","","IG-SRC-059",""
"CS-0457","DE-CAND-112","03-REGISTERS/domain-e-cdial-loan-candidates.csv","DATA","SRC-022","CONTRIBUTING","","IG-SRC-021",""
"CS-0458","DE-CAND-112","03-REGISTERS/domain-e-cdial-loan-candidates.csv","DATA","SRC-023","CONTRIBUTING","","IG-SRC-019",""
"CS-0459","DE-CAND-113","03-REGISTERS/domain-e-cdial-loan-candidates.csv","DATA","SRC-065","CONTRIBUTING","","IG-SRC-056",""
"CS-0460","DE-CAND-113","03-REGISTERS/domain-e-cdial-loan-candidates.csv","DATA","SRC-059","CONTRIBUTING","","IG-SRC-059",""
"CS-0461","DE-CAND-113","03-REGISTERS/domain-e-cdial-loan-candidates.csv","DATA","SRC-022","CONTRIBUTING","","IG-SRC-021",""
"CS-0462","DE-CAND-113","03-REGISTERS/domain-e-cdial-loan-candidates.csv","DATA","SRC-023","CONTRIBUTING","","IG-SRC-019",""
"CS-0463","DE-CAND-114","03-REGISTERS/domain-e-cdial-loan-candidates.csv","DATA","SRC-065","CONTRIBUTING","","IG-SRC-056",""
"CS-0464","DE-CAND-114","03-REGISTERS/domain-e-cdial-loan-candidates.csv","DATA","SRC-059","CONTRIBUTING","","IG-SRC-059",""
"CS-0465","DE-CAND-114","03-REGISTERS/domain-e-cdial-loan-candidates.csv","DATA","SRC-022","CONTRIBUTING","","IG-SRC-021",""
"CS-0466","DE-CAND-114","03-REGISTERS/domain-e-cdial-loan-candidates.csv","DATA","SRC-023","CONTRIBUTING","","IG-SRC-019",""
"CS-0467","DE-CAND-115","03-REGISTERS/domain-e-cdial-loan-candidates.csv","DATA","SRC-065","CONTRIBUTING","","IG-SRC-056",""
"CS-0468","DE-CAND-115","03-REGISTERS/domain-e-cdial-loan-candidates.csv","DATA","SRC-059","CONTRIBUTING","","IG-SRC-059",""
"CS-0469","DE-CAND-115","03-REGISTERS/domain-e-cdial-loan-candidates.csv","DATA","SRC-022","CONTRIBUTING","","IG-SRC-021",""
"CS-0470","DE-CAND-115","03-REGISTERS/domain-e-cdial-loan-candidates.csv","DATA","SRC-023","CONTRIBUTING","","IG-SRC-019",""
"CS-0471","DE-CAND-116","03-REGISTERS/domain-e-cdial-loan-candidates.csv","DATA","SRC-065","CONTRIBUTING","","IG-SRC-056",""
"CS-0472","DE-CAND-116","03-REGISTERS/domain-e-cdial-loan-candidates.csv","DATA","SRC-059","CONTRIBUTING","","IG-SRC-059",""
"CS-0473","DE-CAND-116","03-REGISTERS/domain-e-cdial-loan-candidates.csv","DATA","SRC-022","CONTRIBUTING","","IG-SRC-021",""
"CS-0474","DE-CAND-116","03-REGISTERS/domain-e-cdial-loan-candidates.csv","DATA","SRC-023","CONTRIBUTING","","IG-SRC-019",""
"CS-0475","DE-CAND-117","03-REGISTERS/domain-e-cdial-loan-candidates.csv","DATA","SRC-065","CONTRIBUTING","","IG-SRC-056",""
"CS-0476","DE-CAND-117","03-REGISTERS/domain-e-cdial-loan-candidates.csv","DATA","SRC-059","CONTRIBUTING","","IG-SRC-059",""
"CS-0477","DE-CAND-117","03-REGISTERS/domain-e-cdial-loan-candidates.csv","DATA","SRC-022","CONTRIBUTING","","IG-SRC-021",""
"CS-0478","DE-CAND-117","03-REGISTERS/domain-e-cdial-loan-candidates.csv","DATA","SRC-023","CONTRIBUTING","","IG-SRC-019",""
"CS-0479","DE-CAND-118","03-REGISTERS/domain-e-cdial-loan-candidates.csv","DATA","SRC-065","CONTRIBUTING","","IG-SRC-056",""
"CS-0480","DE-CAND-118","03-REGISTERS/domain-e-cdial-loan-candidates.csv","DATA","SRC-059","CONTRIBUTING","","IG-SRC-059",""
"CS-0481","DE-CAND-118","03-REGISTERS/domain-e-cdial-loan-candidates.csv","DATA","SRC-022","CONTRIBUTING","","IG-SRC-021",""
"CS-0482","DE-CAND-118","03-REGISTERS/domain-e-cdial-loan-candidates.csv","DATA","SRC-023","CONTRIBUTING","","IG-SRC-019",""
"CS-0483","DE-CAND-119","03-REGISTERS/domain-e-cdial-loan-candidates.csv","DATA","SRC-065","CONTRIBUTING","","IG-SRC-056",""
"CS-0484","DE-CAND-119","03-REGISTERS/domain-e-cdial-loan-candidates.csv","DATA","SRC-059","CONTRIBUTING","","IG-SRC-059",""
"CS-0485","DE-CAND-119","03-REGISTERS/domain-e-cdial-loan-candidates.csv","DATA","SRC-022","CONTRIBUTING","","IG-SRC-021",""
"CS-0486","DE-CAND-119","03-REGISTERS/domain-e-cdial-loan-candidates.csv","DATA","SRC-023","CONTRIBUTING","","IG-SRC-019",""
"CS-0487","DE-CAND-120","03-REGISTERS/domain-e-cdial-loan-candidates.csv","DATA","SRC-065","CONTRIBUTING","","IG-SRC-056",""
"CS-0488","DE-CAND-120","03-REGISTERS/domain-e-cdial-loan-candidates.csv","DATA","SRC-059","CONTRIBUTING","","IG-SRC-059",""
"CS-0489","DE-CAND-120","03-REGISTERS/domain-e-cdial-loan-candidates.csv","DATA","SRC-022","CONTRIBUTING","","IG-SRC-021",""
"CS-0490","DE-CAND-120","03-REGISTERS/domain-e-cdial-loan-candidates.csv","DATA","SRC-023","CONTRIBUTING","","IG-SRC-019",""
"CS-0491","DE-CAND-121","03-REGISTERS/domain-e-cdial-loan-candidates.csv","DATA","SRC-065","CONTRIBUTING","","IG-SRC-056",""
"CS-0492","DE-CAND-121","03-REGISTERS/domain-e-cdial-loan-candidates.csv","DATA","SRC-059","CONTRIBUTING","","IG-SRC-059",""
"CS-0493","DE-CAND-121","03-REGISTERS/domain-e-cdial-loan-candidates.csv","DATA","SRC-022","CONTRIBUTING","","IG-SRC-021",""
"CS-0494","DE-CAND-121","03-REGISTERS/domain-e-cdial-loan-candidates.csv","DATA","SRC-023","CONTRIBUTING","","IG-SRC-019",""
"CS-0495","DE-CAND-122","03-REGISTERS/domain-e-cdial-loan-candidates.csv","DATA","SRC-065","CONTRIBUTING","","IG-SRC-056",""
"CS-0496","DE-CAND-122","03-REGISTERS/domain-e-cdial-loan-candidates.csv","DATA","SRC-059","CONTRIBUTING","","IG-SRC-059",""
"CS-0497","DE-CAND-122","03-REGISTERS/domain-e-cdial-loan-candidates.csv","DATA","SRC-022","CONTRIBUTING","","IG-SRC-021",""
"CS-0498","DE-CAND-122","03-REGISTERS/domain-e-cdial-loan-candidates.csv","DATA","SRC-023","CONTRIBUTING","","IG-SRC-019",""
"CS-0499","DE-CAND-123","03-REGISTERS/domain-e-cdial-loan-candidates.csv","DATA","SRC-065","CONTRIBUTING","","IG-SRC-056",""
"CS-0500","DE-CAND-123","03-REGISTERS/domain-e-cdial-loan-candidates.csv","DATA","SRC-059","CONTRIBUTING","","IG-SRC-059",""
"CS-0501","DE-CAND-123","03-REGISTERS/domain-e-cdial-loan-candidates.csv","DATA","SRC-022","CONTRIBUTING","","IG-SRC-021",""
"CS-0502","DE-CAND-123","03-REGISTERS/domain-e-cdial-loan-candidates.csv","DATA","SRC-023","CONTRIBUTING","","IG-SRC-019",""
"CS-0503","DE-CAND-124","03-REGISTERS/domain-e-cdial-loan-candidates.csv","DATA","SRC-065","CONTRIBUTING","","IG-SRC-056",""
"CS-0504","DE-CAND-124","03-REGISTERS/domain-e-cdial-loan-candidates.csv","DATA","SRC-059","CONTRIBUTING","","IG-SRC-059",""
"CS-0505","DE-CAND-124","03-REGISTERS/domain-e-cdial-loan-candidates.csv","DATA","SRC-022","CONTRIBUTING","","IG-SRC-021",""
"CS-0506","DE-CAND-124","03-REGISTERS/domain-e-cdial-loan-candidates.csv","DATA","SRC-023","CONTRIBUTING","","IG-SRC-019",""
"CS-0507","DE-CAND-125","03-REGISTERS/domain-e-cdial-loan-candidates.csv","DATA","SRC-065","CONTRIBUTING","","IG-SRC-056",""
"CS-0508","DE-CAND-125","03-REGISTERS/domain-e-cdial-loan-candidates.csv","DATA","SRC-059","CONTRIBUTING","","IG-SRC-059",""
"CS-0509","DE-CAND-125","03-REGISTERS/domain-e-cdial-loan-candidates.csv","DATA","SRC-022","CONTRIBUTING","","IG-SRC-021",""
"CS-0510","DE-CAND-125","03-REGISTERS/domain-e-cdial-loan-candidates.csv","DATA","SRC-023","CONTRIBUTING","","IG-SRC-019",""
"CS-0511","DE-CAND-126","03-REGISTERS/domain-e-cdial-loan-candidates.csv","DATA","SRC-065","CONTRIBUTING","","IG-SRC-056",""
"CS-0512","DE-CAND-126","03-REGISTERS/domain-e-cdial-loan-candidates.csv","DATA","SRC-059","CONTRIBUTING","","IG-SRC-059",""
"CS-0513","DE-CAND-126","03-REGISTERS/domain-e-cdial-loan-candidates.csv","DATA","SRC-022","CONTRIBUTING","","IG-SRC-021",""
"CS-0514","DE-CAND-126","03-REGISTERS/domain-e-cdial-loan-candidates.csv","DATA","SRC-023","CONTRIBUTING","","IG-SRC-019",""
"CS-0515","DE-CAND-127","03-REGISTERS/domain-e-cdial-loan-candidates.csv","DATA","SRC-065","CONTRIBUTING","","IG-SRC-056",""
"CS-0516","DE-CAND-127","03-REGISTERS/domain-e-cdial-loan-candidates.csv","DATA","SRC-059","CONTRIBUTING","","IG-SRC-059",""
"CS-0517","DE-CAND-127","03-REGISTERS/domain-e-cdial-loan-candidates.csv","DATA","SRC-022","CONTRIBUTING","","IG-SRC-021",""
"CS-0518","DE-CAND-127","03-REGISTERS/domain-e-cdial-loan-candidates.csv","DATA","SRC-023","CONTRIBUTING","","IG-SRC-019",""
"CS-0519","DE-CAND-128","03-REGISTERS/domain-e-cdial-loan-candidates.csv","DATA","SRC-065","CONTRIBUTING","","IG-SRC-056",""
"CS-0520","DE-CAND-128","03-REGISTERS/domain-e-cdial-loan-candidates.csv","DATA","SRC-059","CONTRIBUTING","","IG-SRC-059",""
"CS-0521","DE-CAND-128","03-REGISTERS/domain-e-cdial-loan-candidates.csv","DATA","SRC-022","CONTRIBUTING","","IG-SRC-021",""
"CS-0522","DE-CAND-128","03-REGISTERS/domain-e-cdial-loan-candidates.csv","DATA","SRC-023","CONTRIBUTING","","IG-SRC-019",""
"CS-0523","DE-CAND-129","03-REGISTERS/domain-e-cdial-loan-candidates.csv","DATA","SRC-065","CONTRIBUTING","","IG-SRC-056",""
"CS-0524","DE-CAND-129","03-REGISTERS/domain-e-cdial-loan-candidates.csv","DATA","SRC-059","CONTRIBUTING","","IG-SRC-059",""
"CS-0525","DE-CAND-129","03-REGISTERS/domain-e-cdial-loan-candidates.csv","DATA","SRC-022","CONTRIBUTING","","IG-SRC-021",""
"CS-0526","DE-CAND-129","03-REGISTERS/domain-e-cdial-loan-candidates.csv","DATA","SRC-023","CONTRIBUTING","","IG-SRC-019",""
"CS-0527","DE-CAND-130","03-REGISTERS/domain-e-cdial-loan-candidates.csv","DATA","SRC-065","CONTRIBUTING","","IG-SRC-056",""
"CS-0528","DE-CAND-130","03-REGISTERS/domain-e-cdial-loan-candidates.csv","DATA","SRC-059","CONTRIBUTING","","IG-SRC-059",""
"CS-0529","DE-CAND-130","03-REGISTERS/domain-e-cdial-loan-candidates.csv","DATA","SRC-022","CONTRIBUTING","","IG-SRC-021",""
"CS-0530","DE-CAND-130","03-REGISTERS/domain-e-cdial-loan-candidates.csv","DATA","SRC-023","CONTRIBUTING","","IG-SRC-019",""
"CS-0531","DE-CAND-131","03-REGISTERS/domain-e-cdial-loan-candidates.csv","DATA","SRC-065","CONTRIBUTING","","IG-SRC-056",""
"CS-0532","DE-CAND-131","03-REGISTERS/domain-e-cdial-loan-candidates.csv","DATA","SRC-059","CONTRIBUTING","","IG-SRC-059",""
"CS-0533","DE-CAND-131","03-REGISTERS/domain-e-cdial-loan-candidates.csv","DATA","SRC-022","CONTRIBUTING","","IG-SRC-021",""
"CS-0534","DE-CAND-131","03-REGISTERS/domain-e-cdial-loan-candidates.csv","DATA","SRC-023","CONTRIBUTING","","IG-SRC-019",""
"CS-0535","DE-CAND-132","03-REGISTERS/domain-e-cdial-loan-candidates.csv","DATA","SRC-065","CONTRIBUTING","","IG-SRC-056",""
"CS-0536","DE-CAND-132","03-REGISTERS/domain-e-cdial-loan-candidates.csv","DATA","SRC-059","CONTRIBUTING","","IG-SRC-059",""
"CS-0537","DE-CAND-132","03-REGISTERS/domain-e-cdial-loan-candidates.csv","DATA","SRC-022","CONTRIBUTING","","IG-SRC-021",""
"CS-0538","DE-CAND-132","03-REGISTERS/domain-e-cdial-loan-candidates.csv","DATA","SRC-023","CONTRIBUTING","","IG-SRC-019",""
"CS-0539","DE-CAND-133","03-REGISTERS/domain-e-cdial-loan-candidates.csv","DATA","SRC-065","CONTRIBUTING","","IG-SRC-056",""
"CS-0540","DE-CAND-133","03-REGISTERS/domain-e-cdial-loan-candidates.csv","DATA","SRC-059","CONTRIBUTING","","IG-SRC-059",""
"CS-0541","DE-CAND-133","03-REGISTERS/domain-e-cdial-loan-candidates.csv","DATA","SRC-022","CONTRIBUTING","","IG-SRC-021",""
"CS-0542","DE-CAND-133","03-REGISTERS/domain-e-cdial-loan-candidates.csv","DATA","SRC-023","CONTRIBUTING","","IG-SRC-019",""
"CS-0543","DE-CAND-134","03-REGISTERS/domain-e-cdial-loan-candidates.csv","DATA","SRC-065","CONTRIBUTING","","IG-SRC-056",""
"CS-0544","DE-CAND-134","03-REGISTERS/domain-e-cdial-loan-candidates.csv","DATA","SRC-059","CONTRIBUTING","","IG-SRC-059",""
"CS-0545","DE-CAND-134","03-REGISTERS/domain-e-cdial-loan-candidates.csv","DATA","SRC-022","CONTRIBUTING","","IG-SRC-021",""
"CS-0546","DE-CAND-134","03-REGISTERS/domain-e-cdial-loan-candidates.csv","DATA","SRC-023","CONTRIBUTING","","IG-SRC-019",""
"CS-0547","DE-CAND-135","03-REGISTERS/domain-e-cdial-loan-candidates.csv","DATA","SRC-065","CONTRIBUTING","","IG-SRC-056",""
"CS-0548","DE-CAND-135","03-REGISTERS/domain-e-cdial-loan-candidates.csv","DATA","SRC-059","CONTRIBUTING","","IG-SRC-059",""
"CS-0549","DE-CAND-135","03-REGISTERS/domain-e-cdial-loan-candidates.csv","DATA","SRC-022","CONTRIBUTING","","IG-SRC-021",""
"CS-0550","DE-CAND-135","03-REGISTERS/domain-e-cdial-loan-candidates.csv","DATA","SRC-023","CONTRIBUTING","","IG-SRC-019",""
"CS-0551","DE-CAND-136","03-REGISTERS/domain-e-cdial-loan-candidates.csv","DATA","SRC-065","CONTRIBUTING","","IG-SRC-056",""
"CS-0552","DE-CAND-136","03-REGISTERS/domain-e-cdial-loan-candidates.csv","DATA","SRC-059","CONTRIBUTING","","IG-SRC-059",""
"CS-0553","DE-CAND-136","03-REGISTERS/domain-e-cdial-loan-candidates.csv","DATA","SRC-022","CONTRIBUTING","","IG-SRC-021",""
"CS-0554","DE-CAND-136","03-REGISTERS/domain-e-cdial-loan-candidates.csv","DATA","SRC-023","CONTRIBUTING","","IG-SRC-019",""
"CS-0555","DE-CAND-137","03-REGISTERS/domain-e-cdial-loan-candidates.csv","DATA","SRC-065","CONTRIBUTING","","IG-SRC-056",""
"CS-0556","DE-CAND-137","03-REGISTERS/domain-e-cdial-loan-candidates.csv","DATA","SRC-059","CONTRIBUTING","","IG-SRC-059",""
"CS-0557","DE-CAND-137","03-REGISTERS/domain-e-cdial-loan-candidates.csv","DATA","SRC-022","CONTRIBUTING","","IG-SRC-021",""
"CS-0558","DE-CAND-137","03-REGISTERS/domain-e-cdial-loan-candidates.csv","DATA","SRC-023","CONTRIBUTING","","IG-SRC-019",""
"CS-0559","DE-CAND-138","03-REGISTERS/domain-e-cdial-loan-candidates.csv","DATA","SRC-065","CONTRIBUTING","","IG-SRC-056",""
"CS-0560","DE-CAND-138","03-REGISTERS/domain-e-cdial-loan-candidates.csv","DATA","SRC-059","CONTRIBUTING","","IG-SRC-059",""
"CS-0561","DE-CAND-138","03-REGISTERS/domain-e-cdial-loan-candidates.csv","DATA","SRC-022","CONTRIBUTING","","IG-SRC-021",""
"CS-0562","DE-CAND-138","03-REGISTERS/domain-e-cdial-loan-candidates.csv","DATA","SRC-023","CONTRIBUTING","","IG-SRC-019",""
"CS-0563","DE-CAND-139","03-REGISTERS/domain-e-cdial-loan-candidates.csv","DATA","SRC-065","CONTRIBUTING","","IG-SRC-056",""
"CS-0564","DE-CAND-139","03-REGISTERS/domain-e-cdial-loan-candidates.csv","DATA","SRC-059","CONTRIBUTING","","IG-SRC-059",""
"CS-0565","DE-CAND-139","03-REGISTERS/domain-e-cdial-loan-candidates.csv","DATA","SRC-022","CONTRIBUTING","","IG-SRC-021",""
"CS-0566","DE-CAND-139","03-REGISTERS/domain-e-cdial-loan-candidates.csv","DATA","SRC-023","CONTRIBUTING","","IG-SRC-019",""
"CS-0567","DE-CAND-140","03-REGISTERS/domain-e-cdial-loan-candidates.csv","DATA","SRC-065","CONTRIBUTING","","IG-SRC-056",""
"CS-0568","DE-CAND-140","03-REGISTERS/domain-e-cdial-loan-candidates.csv","DATA","SRC-059","CONTRIBUTING","","IG-SRC-059",""
"CS-0569","DE-CAND-140","03-REGISTERS/domain-e-cdial-loan-candidates.csv","DATA","SRC-022","CONTRIBUTING","","IG-SRC-021",""
"CS-0570","DE-CAND-140","03-REGISTERS/domain-e-cdial-loan-candidates.csv","DATA","SRC-023","CONTRIBUTING","","IG-SRC-019",""
"CS-0571","DE-CAND-141","03-REGISTERS/domain-e-cdial-loan-candidates.csv","DATA","SRC-065","CONTRIBUTING","","IG-SRC-056",""
"CS-0572","DE-CAND-141","03-REGISTERS/domain-e-cdial-loan-candidates.csv","DATA","SRC-059","CONTRIBUTING","","IG-SRC-059",""
"CS-0573","DE-CAND-141","03-REGISTERS/domain-e-cdial-loan-candidates.csv","DATA","SRC-022","CONTRIBUTING","","IG-SRC-021",""
"CS-0574","DE-CAND-141","03-REGISTERS/domain-e-cdial-loan-candidates.csv","DATA","SRC-023","CONTRIBUTING","","IG-SRC-019",""
"CS-0575","DE-CAND-142","03-REGISTERS/domain-e-cdial-loan-candidates.csv","DATA","SRC-065","CONTRIBUTING","","IG-SRC-056",""
"CS-0576","DE-CAND-142","03-REGISTERS/domain-e-cdial-loan-candidates.csv","DATA","SRC-059","CONTRIBUTING","","IG-SRC-059",""
"CS-0577","DE-CAND-142","03-REGISTERS/domain-e-cdial-loan-candidates.csv","DATA","SRC-022","CONTRIBUTING","","IG-SRC-021",""
"CS-0578","DE-CAND-142","03-REGISTERS/domain-e-cdial-loan-candidates.csv","DATA","SRC-023","CONTRIBUTING","","IG-SRC-019",""
"CS-0579","DE-CAND-143","03-REGISTERS/domain-e-cdial-loan-candidates.csv","DATA","SRC-065","CONTRIBUTING","","IG-SRC-056",""
"CS-0580","DE-CAND-143","03-REGISTERS/domain-e-cdial-loan-candidates.csv","DATA","SRC-059","CONTRIBUTING","","IG-SRC-059",""
"CS-0581","DE-CAND-143","03-REGISTERS/domain-e-cdial-loan-candidates.csv","DATA","SRC-022","CONTRIBUTING","","IG-SRC-021",""
"CS-0582","DE-CAND-143","03-REGISTERS/domain-e-cdial-loan-candidates.csv","DATA","SRC-023","CONTRIBUTING","","IG-SRC-019",""
"CS-0583","DE-CAND-144","03-REGISTERS/domain-e-cdial-loan-candidates.csv","DATA","SRC-065","CONTRIBUTING","","IG-SRC-056",""
"CS-0584","DE-CAND-144","03-REGISTERS/domain-e-cdial-loan-candidates.csv","DATA","SRC-059","CONTRIBUTING","","IG-SRC-059",""
"CS-0585","DE-CAND-144","03-REGISTERS/domain-e-cdial-loan-candidates.csv","DATA","SRC-022","CONTRIBUTING","","IG-SRC-021",""
"CS-0586","DE-CAND-144","03-REGISTERS/domain-e-cdial-loan-candidates.csv","DATA","SRC-023","CONTRIBUTING","","IG-SRC-019",""
"CS-0587","DE-CAND-145","03-REGISTERS/domain-e-cdial-loan-candidates.csv","DATA","SRC-065","CONTRIBUTING","","IG-SRC-056",""
"CS-0588","DE-CAND-145","03-REGISTERS/domain-e-cdial-loan-candidates.csv","DATA","SRC-059","CONTRIBUTING","","IG-SRC-059",""
"CS-0589","DE-CAND-145","03-REGISTERS/domain-e-cdial-loan-candidates.csv","DATA","SRC-022","CONTRIBUTING","","IG-SRC-021",""
"CS-0590","DE-CAND-145","03-REGISTERS/domain-e-cdial-loan-candidates.csv","DATA","SRC-023","CONTRIBUTING","","IG-SRC-019",""
"CS-0591","DE-CAND-146","03-REGISTERS/domain-e-cdial-loan-candidates.csv","DATA","SRC-065","CONTRIBUTING","","IG-SRC-056",""
"CS-0592","DE-CAND-146","03-REGISTERS/domain-e-cdial-loan-candidates.csv","DATA","SRC-059","CONTRIBUTING","","IG-SRC-059",""
"CS-0593","DE-CAND-146","03-REGISTERS/domain-e-cdial-loan-candidates.csv","DATA","SRC-022","CONTRIBUTING","","IG-SRC-021",""
"CS-0594","DE-CAND-146","03-REGISTERS/domain-e-cdial-loan-candidates.csv","DATA","SRC-023","CONTRIBUTING","","IG-SRC-019",""
"CS-0595","DE-CAND-147","03-REGISTERS/domain-e-cdial-loan-candidates.csv","DATA","SRC-065","CONTRIBUTING","","IG-SRC-056",""
"CS-0596","DE-CAND-147","03-REGISTERS/domain-e-cdial-loan-candidates.csv","DATA","SRC-059","CONTRIBUTING","","IG-SRC-059",""
"CS-0597","DE-CAND-147","03-REGISTERS/domain-e-cdial-loan-candidates.csv","DATA","SRC-022","CONTRIBUTING","","IG-SRC-021",""
"CS-0598","DE-CAND-147","03-REGISTERS/domain-e-cdial-loan-candidates.csv","DATA","SRC-023","CONTRIBUTING","","IG-SRC-019",""
"CS-0599","DE-CAND-148","03-REGISTERS/domain-e-cdial-loan-candidates.csv","DATA","SRC-065","CONTRIBUTING","","IG-SRC-056",""
"CS-0600","DE-CAND-148","03-REGISTERS/domain-e-cdial-loan-candidates.csv","DATA","SRC-059","CONTRIBUTING","","IG-SRC-059",""
"CS-0601","DE-CAND-148","03-REGISTERS/domain-e-cdial-loan-candidates.csv","DATA","SRC-022","CONTRIBUTING","","IG-SRC-021",""
"CS-0602","DE-CAND-148","03-REGISTERS/domain-e-cdial-loan-candidates.csv","DATA","SRC-023","CONTRIBUTING","","IG-SRC-019",""
"CS-0603","DE-CAND-149","03-REGISTERS/domain-e-cdial-loan-candidates.csv","DATA","SRC-065","CONTRIBUTING","","IG-SRC-056",""
"CS-0604","DE-CAND-149","03-REGISTERS/domain-e-cdial-loan-candidates.csv","DATA","SRC-059","CONTRIBUTING","","IG-SRC-059",""
"CS-0605","DE-CAND-149","03-REGISTERS/domain-e-cdial-loan-candidates.csv","DATA","SRC-022","CONTRIBUTING","","IG-SRC-021",""
"CS-0606","DE-CAND-149","03-REGISTERS/domain-e-cdial-loan-candidates.csv","DATA","SRC-023","CONTRIBUTING","","IG-SRC-019",""
"CS-0607","DE-CAND-150","03-REGISTERS/domain-e-cdial-loan-candidates.csv","DATA","SRC-065","CONTRIBUTING","","IG-SRC-056",""
"CS-0608","DE-CAND-150","03-REGISTERS/domain-e-cdial-loan-candidates.csv","DATA","SRC-059","CONTRIBUTING","","IG-SRC-059",""
"CS-0609","DE-CAND-150","03-REGISTERS/domain-e-cdial-loan-candidates.csv","DATA","SRC-022","CONTRIBUTING","","IG-SRC-021",""
"CS-0610","DE-CAND-150","03-REGISTERS/domain-e-cdial-loan-candidates.csv","DATA","SRC-023","CONTRIBUTING","","IG-SRC-019",""
"CS-0611","DE-CAND-151","03-REGISTERS/domain-e-cdial-loan-candidates.csv","DATA","SRC-065","CONTRIBUTING","","IG-SRC-056",""
"CS-0612","DE-CAND-151","03-REGISTERS/domain-e-cdial-loan-candidates.csv","DATA","SRC-059","CONTRIBUTING","","IG-SRC-059",""
"CS-0613","DE-CAND-151","03-REGISTERS/domain-e-cdial-loan-candidates.csv","DATA","SRC-022","CONTRIBUTING","","IG-SRC-021",""
"CS-0614","DE-CAND-151","03-REGISTERS/domain-e-cdial-loan-candidates.csv","DATA","SRC-023","CONTRIBUTING","","IG-SRC-019",""
"CS-0615","DE-CAND-152","03-REGISTERS/domain-e-cdial-loan-candidates.csv","DATA","SRC-065","CONTRIBUTING","","IG-SRC-056",""
"CS-0616","DE-CAND-152","03-REGISTERS/domain-e-cdial-loan-candidates.csv","DATA","SRC-059","CONTRIBUTING","","IG-SRC-059",""
"CS-0617","DE-CAND-152","03-REGISTERS/domain-e-cdial-loan-candidates.csv","DATA","SRC-022","CONTRIBUTING","","IG-SRC-021",""
"CS-0618","DE-CAND-152","03-REGISTERS/domain-e-cdial-loan-candidates.csv","DATA","SRC-023","CONTRIBUTING","","IG-SRC-019",""
"CS-0619","DE-CAND-153","03-REGISTERS/domain-e-cdial-loan-candidates.csv","DATA","SRC-065","CONTRIBUTING","","IG-SRC-056",""
"CS-0620","DE-CAND-153","03-REGISTERS/domain-e-cdial-loan-candidates.csv","DATA","SRC-059","CONTRIBUTING","","IG-SRC-059",""
"CS-0621","DE-CAND-153","03-REGISTERS/domain-e-cdial-loan-candidates.csv","DATA","SRC-022","CONTRIBUTING","","IG-SRC-021",""
"CS-0622","DE-CAND-153","03-REGISTERS/domain-e-cdial-loan-candidates.csv","DATA","SRC-023","CONTRIBUTING","","IG-SRC-019",""
"CS-0623","DE-CAND-154","03-REGISTERS/domain-e-cdial-loan-candidates.csv","DATA","SRC-065","CONTRIBUTING","","IG-SRC-056",""
"CS-0624","DE-CAND-154","03-REGISTERS/domain-e-cdial-loan-candidates.csv","DATA","SRC-059","CONTRIBUTING","","IG-SRC-059",""
"CS-0625","DE-CAND-154","03-REGISTERS/domain-e-cdial-loan-candidates.csv","DATA","SRC-022","CONTRIBUTING","","IG-SRC-021",""
"CS-0626","DE-CAND-154","03-REGISTERS/domain-e-cdial-loan-candidates.csv","DATA","SRC-023","CONTRIBUTING","","IG-SRC-019",""
"CS-0627","DE-CAND-155","03-REGISTERS/domain-e-cdial-loan-candidates.csv","DATA","SRC-065","CONTRIBUTING","","IG-SRC-056",""
"CS-0628","DE-CAND-155","03-REGISTERS/domain-e-cdial-loan-candidates.csv","DATA","SRC-059","CONTRIBUTING","","IG-SRC-059",""
"CS-0629","DE-CAND-155","03-REGISTERS/domain-e-cdial-loan-candidates.csv","DATA","SRC-022","CONTRIBUTING","","IG-SRC-021",""
"CS-0630","DE-CAND-155","03-REGISTERS/domain-e-cdial-loan-candidates.csv","DATA","SRC-023","CONTRIBUTING","","IG-SRC-019",""
"CS-0631","DE-CAND-156","03-REGISTERS/domain-e-cdial-loan-candidates.csv","DATA","SRC-065","CONTRIBUTING","","IG-SRC-056",""
"CS-0632","DE-CAND-156","03-REGISTERS/domain-e-cdial-loan-candidates.csv","DATA","SRC-059","CONTRIBUTING","","IG-SRC-059",""
"CS-0633","DE-CAND-156","03-REGISTERS/domain-e-cdial-loan-candidates.csv","DATA","SRC-022","CONTRIBUTING","","IG-SRC-021",""
"CS-0634","DE-CAND-156","03-REGISTERS/domain-e-cdial-loan-candidates.csv","DATA","SRC-023","CONTRIBUTING","","IG-SRC-019",""
"CS-0635","DE-CAND-157","03-REGISTERS/domain-e-cdial-loan-candidates.csv","DATA","SRC-065","CONTRIBUTING","","IG-SRC-056",""
"CS-0636","DE-CAND-157","03-REGISTERS/domain-e-cdial-loan-candidates.csv","DATA","SRC-059","CONTRIBUTING","","IG-SRC-059",""
"CS-0637","DE-CAND-157","03-REGISTERS/domain-e-cdial-loan-candidates.csv","DATA","SRC-022","CONTRIBUTING","","IG-SRC-021",""
"CS-0638","DE-CAND-157","03-REGISTERS/domain-e-cdial-loan-candidates.csv","DATA","SRC-023","CONTRIBUTING","","IG-SRC-019",""
"CS-0639","DE-CAND-158","03-REGISTERS/domain-e-cdial-loan-candidates.csv","DATA","SRC-065","CONTRIBUTING","","IG-SRC-056",""
"CS-0640","DE-CAND-158","03-REGISTERS/domain-e-cdial-loan-candidates.csv","DATA","SRC-059","CONTRIBUTING","","IG-SRC-059",""
"CS-0641","DE-CAND-158","03-REGISTERS/domain-e-cdial-loan-candidates.csv","DATA","SRC-022","CONTRIBUTING","","IG-SRC-021",""
"CS-0642","DE-CAND-158","03-REGISTERS/domain-e-cdial-loan-candidates.csv","DATA","SRC-023","CONTRIBUTING","","IG-SRC-019",""
"CS-0643","DE-CAND-159","03-REGISTERS/domain-e-cdial-loan-candidates.csv","DATA","SRC-065","CONTRIBUTING","","IG-SRC-056",""
"CS-0644","DE-CAND-159","03-REGISTERS/domain-e-cdial-loan-candidates.csv","DATA","SRC-059","CONTRIBUTING","","IG-SRC-059",""
"CS-0645","DE-CAND-159","03-REGISTERS/domain-e-cdial-loan-candidates.csv","DATA","SRC-022","CONTRIBUTING","","IG-SRC-021",""
"CS-0646","DE-CAND-159","03-REGISTERS/domain-e-cdial-loan-candidates.csv","DATA","SRC-023","CONTRIBUTING","","IG-SRC-019",""
"CS-0647","DE-CAND-160","03-REGISTERS/domain-e-cdial-loan-candidates.csv","DATA","SRC-065","CONTRIBUTING","","IG-SRC-056",""
"CS-0648","DE-CAND-160","03-REGISTERS/domain-e-cdial-loan-candidates.csv","DATA","SRC-059","CONTRIBUTING","","IG-SRC-059",""
"CS-0649","DE-CAND-160","03-REGISTERS/domain-e-cdial-loan-candidates.csv","DATA","SRC-022","CONTRIBUTING","","IG-SRC-021",""
"CS-0650","DE-CAND-160","03-REGISTERS/domain-e-cdial-loan-candidates.csv","DATA","SRC-023","CONTRIBUTING","","IG-SRC-019",""
"CS-0651","DE-CAND-161","03-REGISTERS/domain-e-cdial-loan-candidates.csv","DATA","SRC-065","CONTRIBUTING","","IG-SRC-056",""
"CS-0652","DE-CAND-161","03-REGISTERS/domain-e-cdial-loan-candidates.csv","DATA","SRC-059","CONTRIBUTING","","IG-SRC-059",""
"CS-0653","DE-CAND-161","03-REGISTERS/domain-e-cdial-loan-candidates.csv","DATA","SRC-022","CONTRIBUTING","","IG-SRC-021",""
"CS-0654","DE-CAND-161","03-REGISTERS/domain-e-cdial-loan-candidates.csv","DATA","SRC-023","CONTRIBUTING","","IG-SRC-019",""
"CS-0655","DE-CAND-162","03-REGISTERS/domain-e-cdial-loan-candidates.csv","DATA","SRC-065","CONTRIBUTING","","IG-SRC-056",""
"CS-0656","DE-CAND-162","03-REGISTERS/domain-e-cdial-loan-candidates.csv","DATA","SRC-059","CONTRIBUTING","","IG-SRC-059",""
"CS-0657","DE-CAND-162","03-REGISTERS/domain-e-cdial-loan-candidates.csv","DATA","SRC-022","CONTRIBUTING","","IG-SRC-021",""
"CS-0658","DE-CAND-162","03-REGISTERS/domain-e-cdial-loan-candidates.csv","DATA","SRC-023","CONTRIBUTING","","IG-SRC-019",""
"CS-0659","DE-CAND-163","03-REGISTERS/domain-e-cdial-loan-candidates.csv","DATA","SRC-065","CONTRIBUTING","","IG-SRC-056",""
"CS-0660","DE-CAND-163","03-REGISTERS/domain-e-cdial-loan-candidates.csv","DATA","SRC-059","CONTRIBUTING","","IG-SRC-059",""
"CS-0661","DE-CAND-163","03-REGISTERS/domain-e-cdial-loan-candidates.csv","DATA","SRC-022","CONTRIBUTING","","IG-SRC-021",""
"CS-0662","DE-CAND-163","03-REGISTERS/domain-e-cdial-loan-candidates.csv","DATA","SRC-023","CONTRIBUTING","","IG-SRC-019",""
"CS-0663","DE-CAND-164","03-REGISTERS/domain-e-cdial-loan-candidates.csv","DATA","SRC-065","CONTRIBUTING","","IG-SRC-056",""
"CS-0664","DE-CAND-164","03-REGISTERS/domain-e-cdial-loan-candidates.csv","DATA","SRC-059","CONTRIBUTING","","IG-SRC-059",""
"CS-0665","DE-CAND-164","03-REGISTERS/domain-e-cdial-loan-candidates.csv","DATA","SRC-022","CONTRIBUTING","","IG-SRC-021",""
"CS-0666","DE-CAND-164","03-REGISTERS/domain-e-cdial-loan-candidates.csv","DATA","SRC-023","CONTRIBUTING","","IG-SRC-019",""
"CS-0667","DE-CAND-165","03-REGISTERS/domain-e-cdial-loan-candidates.csv","DATA","SRC-065","CONTRIBUTING","","IG-SRC-056",""
"CS-0668","DE-CAND-165","03-REGISTERS/domain-e-cdial-loan-candidates.csv","DATA","SRC-059","CONTRIBUTING","","IG-SRC-059",""
"CS-0669","DE-CAND-165","03-REGISTERS/domain-e-cdial-loan-candidates.csv","DATA","SRC-022","CONTRIBUTING","","IG-SRC-021",""
"CS-0670","DE-CAND-165","03-REGISTERS/domain-e-cdial-loan-candidates.csv","DATA","SRC-023","CONTRIBUTING","","IG-SRC-019",""
"CS-0671","DE-CAND-166","03-REGISTERS/domain-e-cdial-loan-candidates.csv","DATA","SRC-065","CONTRIBUTING","","IG-SRC-056",""
"CS-0672","DE-CAND-166","03-REGISTERS/domain-e-cdial-loan-candidates.csv","DATA","SRC-059","CONTRIBUTING","","IG-SRC-059",""
"CS-0673","DE-CAND-166","03-REGISTERS/domain-e-cdial-loan-candidates.csv","DATA","SRC-022","CONTRIBUTING","","IG-SRC-021",""
"CS-0674","DE-CAND-166","03-REGISTERS/domain-e-cdial-loan-candidates.csv","DATA","SRC-023","CONTRIBUTING","","IG-SRC-019",""
"CS-0675","DE-CAND-167","03-REGISTERS/domain-e-cdial-loan-candidates.csv","DATA","SRC-065","CONTRIBUTING","","IG-SRC-056",""
"CS-0676","DE-CAND-167","03-REGISTERS/domain-e-cdial-loan-candidates.csv","DATA","SRC-059","CONTRIBUTING","","IG-SRC-059",""
"CS-0677","DE-CAND-167","03-REGISTERS/domain-e-cdial-loan-candidates.csv","DATA","SRC-022","CONTRIBUTING","","IG-SRC-021",""
"CS-0678","DE-CAND-167","03-REGISTERS/domain-e-cdial-loan-candidates.csv","DATA","SRC-023","CONTRIBUTING","","IG-SRC-019",""
"CS-0679","DE-CAND-168","03-REGISTERS/domain-e-cdial-loan-candidates.csv","DATA","SRC-065","CONTRIBUTING","","IG-SRC-056",""
"CS-0680","DE-CAND-168","03-REGISTERS/domain-e-cdial-loan-candidates.csv","DATA","SRC-059","CONTRIBUTING","","IG-SRC-059",""
"CS-0681","DE-CAND-168","03-REGISTERS/domain-e-cdial-loan-candidates.csv","DATA","SRC-022","CONTRIBUTING","","IG-SRC-021",""
"CS-0682","DE-CAND-168","03-REGISTERS/domain-e-cdial-loan-candidates.csv","DATA","SRC-023","CONTRIBUTING","","IG-SRC-019",""
"CS-0683","DE-CAND-169","03-REGISTERS/domain-e-cdial-loan-candidates.csv","DATA","SRC-065","CONTRIBUTING","","IG-SRC-056",""
"CS-0684","DE-CAND-169","03-REGISTERS/domain-e-cdial-loan-candidates.csv","DATA","SRC-059","CONTRIBUTING","","IG-SRC-059",""
"CS-0685","DE-CAND-169","03-REGISTERS/domain-e-cdial-loan-candidates.csv","DATA","SRC-022","CONTRIBUTING","","IG-SRC-021",""
"CS-0686","DE-CAND-169","03-REGISTERS/domain-e-cdial-loan-candidates.csv","DATA","SRC-023","CONTRIBUTING","","IG-SRC-019",""
"CS-0687","DE-CAND-170","03-REGISTERS/domain-e-cdial-loan-candidates.csv","DATA","SRC-065","CONTRIBUTING","","IG-SRC-056",""
"CS-0688","DE-CAND-170","03-REGISTERS/domain-e-cdial-loan-candidates.csv","DATA","SRC-059","CONTRIBUTING","","IG-SRC-059",""
"CS-0689","DE-CAND-170","03-REGISTERS/domain-e-cdial-loan-candidates.csv","DATA","SRC-022","CONTRIBUTING","","IG-SRC-021",""
"CS-0690","DE-CAND-170","03-REGISTERS/domain-e-cdial-loan-candidates.csv","DATA","SRC-023","CONTRIBUTING","","IG-SRC-019",""
"CS-0691","DE-CAND-171","03-REGISTERS/domain-e-cdial-loan-candidates.csv","DATA","SRC-065","CONTRIBUTING","","IG-SRC-056",""
"CS-0692","DE-CAND-171","03-REGISTERS/domain-e-cdial-loan-candidates.csv","DATA","SRC-059","CONTRIBUTING","","IG-SRC-059",""
"CS-0693","DE-CAND-171","03-REGISTERS/domain-e-cdial-loan-candidates.csv","DATA","SRC-022","CONTRIBUTING","","IG-SRC-021",""
"CS-0694","DE-CAND-171","03-REGISTERS/domain-e-cdial-loan-candidates.csv","DATA","SRC-023","CONTRIBUTING","","IG-SRC-019",""
"CS-0695","DE-CAND-172","03-REGISTERS/domain-e-cdial-loan-candidates.csv","DATA","SRC-065","CONTRIBUTING","","IG-SRC-056",""
"CS-0696","DE-CAND-172","03-REGISTERS/domain-e-cdial-loan-candidates.csv","DATA","SRC-059","CONTRIBUTING","","IG-SRC-059",""
"CS-0697","DE-CAND-172","03-REGISTERS/domain-e-cdial-loan-candidates.csv","DATA","SRC-022","CONTRIBUTING","","IG-SRC-021",""
"CS-0698","DE-CAND-172","03-REGISTERS/domain-e-cdial-loan-candidates.csv","DATA","SRC-023","CONTRIBUTING","","IG-SRC-019",""
"CS-0699","DE-CAND-173","03-REGISTERS/domain-e-cdial-loan-candidates.csv","DATA","SRC-065","CONTRIBUTING","","IG-SRC-056",""
"CS-0700","DE-CAND-173","03-REGISTERS/domain-e-cdial-loan-candidates.csv","DATA","SRC-059","CONTRIBUTING","","IG-SRC-059",""
"CS-0701","DE-CAND-173","03-REGISTERS/domain-e-cdial-loan-candidates.csv","DATA","SRC-022","CONTRIBUTING","","IG-SRC-021",""
"CS-0702","DE-CAND-173","03-REGISTERS/domain-e-cdial-loan-candidates.csv","DATA","SRC-023","CONTRIBUTING","","IG-SRC-019",""
"CS-0703","DE-CAND-174","03-REGISTERS/domain-e-cdial-loan-candidates.csv","DATA","SRC-065","CONTRIBUTING","","IG-SRC-056",""
"CS-0704","DE-CAND-174","03-REGISTERS/domain-e-cdial-loan-candidates.csv","DATA","SRC-059","CONTRIBUTING","","IG-SRC-059",""
"CS-0705","DE-CAND-174","03-REGISTERS/domain-e-cdial-loan-candidates.csv","DATA","SRC-022","CONTRIBUTING","","IG-SRC-021",""
"CS-0706","DE-CAND-174","03-REGISTERS/domain-e-cdial-loan-candidates.csv","DATA","SRC-023","CONTRIBUTING","","IG-SRC-019",""
"CS-0707","DE-CAND-175","03-REGISTERS/domain-e-cdial-loan-candidates.csv","DATA","SRC-065","CONTRIBUTING","","IG-SRC-056",""
"CS-0708","DE-CAND-175","03-REGISTERS/domain-e-cdial-loan-candidates.csv","DATA","SRC-059","CONTRIBUTING","","IG-SRC-059",""
"CS-0709","DE-CAND-175","03-REGISTERS/domain-e-cdial-loan-candidates.csv","DATA","SRC-022","CONTRIBUTING","","IG-SRC-021",""
"CS-0710","DE-CAND-175","03-REGISTERS/domain-e-cdial-loan-candidates.csv","DATA","SRC-023","CONTRIBUTING","","IG-SRC-019",""
"CS-0711","DE-CAND-176","03-REGISTERS/domain-e-cdial-loan-candidates.csv","DATA","SRC-065","CONTRIBUTING","","IG-SRC-056",""
"CS-0712","DE-CAND-176","03-REGISTERS/domain-e-cdial-loan-candidates.csv","DATA","SRC-059","CONTRIBUTING","","IG-SRC-059",""
"CS-0713","DE-CAND-176","03-REGISTERS/domain-e-cdial-loan-candidates.csv","DATA","SRC-022","CONTRIBUTING","","IG-SRC-021",""
"CS-0714","DE-CAND-176","03-REGISTERS/domain-e-cdial-loan-candidates.csv","DATA","SRC-023","CONTRIBUTING","","IG-SRC-019",""
"CS-0715","DE-CAND-177","03-REGISTERS/domain-e-cdial-loan-candidates.csv","DATA","SRC-065","CONTRIBUTING","","IG-SRC-056",""
"CS-0716","DE-CAND-177","03-REGISTERS/domain-e-cdial-loan-candidates.csv","DATA","SRC-059","CONTRIBUTING","","IG-SRC-059",""
"CS-0717","DE-CAND-177","03-REGISTERS/domain-e-cdial-loan-candidates.csv","DATA","SRC-022","CONTRIBUTING","","IG-SRC-021",""
"CS-0718","DE-CAND-177","03-REGISTERS/domain-e-cdial-loan-candidates.csv","DATA","SRC-023","CONTRIBUTING","","IG-SRC-019",""
"CS-0719","DE-CAND-178","03-REGISTERS/domain-e-cdial-loan-candidates.csv","DATA","SRC-065","CONTRIBUTING","","IG-SRC-056",""
"CS-0720","DE-CAND-178","03-REGISTERS/domain-e-cdial-loan-candidates.csv","DATA","SRC-059","CONTRIBUTING","","IG-SRC-059",""
"CS-0721","DE-CAND-178","03-REGISTERS/domain-e-cdial-loan-candidates.csv","DATA","SRC-022","CONTRIBUTING","","IG-SRC-021",""
"CS-0722","DE-CAND-178","03-REGISTERS/domain-e-cdial-loan-candidates.csv","DATA","SRC-023","CONTRIBUTING","","IG-SRC-019",""
"CS-0723","DE-CAND-179","03-REGISTERS/domain-e-cdial-loan-candidates.csv","DATA","SRC-065","CONTRIBUTING","","IG-SRC-056",""
"CS-0724","DE-CAND-179","03-REGISTERS/domain-e-cdial-loan-candidates.csv","DATA","SRC-059","CONTRIBUTING","","IG-SRC-059",""
"CS-0725","DE-CAND-179","03-REGISTERS/domain-e-cdial-loan-candidates.csv","DATA","SRC-022","CONTRIBUTING","","IG-SRC-021",""
"CS-0726","DE-CAND-179","03-REGISTERS/domain-e-cdial-loan-candidates.csv","DATA","SRC-023","CONTRIBUTING","","IG-SRC-019",""
"CS-0727","DE-CAND-180","03-REGISTERS/domain-e-cdial-loan-candidates.csv","DATA","SRC-065","CONTRIBUTING","","IG-SRC-056",""
"CS-0728","DE-CAND-180","03-REGISTERS/domain-e-cdial-loan-candidates.csv","DATA","SRC-059","CONTRIBUTING","","IG-SRC-059",""
"CS-0729","DE-CAND-180","03-REGISTERS/domain-e-cdial-loan-candidates.csv","DATA","SRC-022","CONTRIBUTING","","IG-SRC-021",""
"CS-0730","DE-CAND-180","03-REGISTERS/domain-e-cdial-loan-candidates.csv","DATA","SRC-023","CONTRIBUTING","","IG-SRC-019",""
"CS-0731","DE-CAND-181","03-REGISTERS/domain-e-cdial-loan-candidates.csv","DATA","SRC-065","CONTRIBUTING","","IG-SRC-056",""
"CS-0732","DE-CAND-181","03-REGISTERS/domain-e-cdial-loan-candidates.csv","DATA","SRC-059","CONTRIBUTING","","IG-SRC-059",""
"CS-0733","DE-CAND-181","03-REGISTERS/domain-e-cdial-loan-candidates.csv","DATA","SRC-022","CONTRIBUTING","","IG-SRC-021",""
"CS-0734","DE-CAND-181","03-REGISTERS/domain-e-cdial-loan-candidates.csv","DATA","SRC-023","CONTRIBUTING","","IG-SRC-019",""
"CS-0735","DE-CAND-182","03-REGISTERS/domain-e-cdial-loan-candidates.csv","DATA","SRC-065","CONTRIBUTING","","IG-SRC-056",""
"CS-0736","DE-CAND-182","03-REGISTERS/domain-e-cdial-loan-candidates.csv","DATA","SRC-059","CONTRIBUTING","","IG-SRC-059",""
"CS-0737","DE-CAND-182","03-REGISTERS/domain-e-cdial-loan-candidates.csv","DATA","SRC-022","CONTRIBUTING","","IG-SRC-021",""
"CS-0738","DE-CAND-182","03-REGISTERS/domain-e-cdial-loan-candidates.csv","DATA","SRC-023","CONTRIBUTING","","IG-SRC-019",""
"CS-0739","DE-CAND-183","03-REGISTERS/domain-e-cdial-loan-candidates.csv","DATA","SRC-065","CONTRIBUTING","","IG-SRC-056",""
"CS-0740","DE-CAND-183","03-REGISTERS/domain-e-cdial-loan-candidates.csv","DATA","SRC-059","CONTRIBUTING","","IG-SRC-059",""
"CS-0741","DE-CAND-183","03-REGISTERS/domain-e-cdial-loan-candidates.csv","DATA","SRC-022","CONTRIBUTING","","IG-SRC-021",""
"CS-0742","DE-CAND-183","03-REGISTERS/domain-e-cdial-loan-candidates.csv","DATA","SRC-023","CONTRIBUTING","","IG-SRC-019",""
"CS-0743","DE-CAND-184","03-REGISTERS/domain-e-cdial-loan-candidates.csv","DATA","SRC-065","CONTRIBUTING","","IG-SRC-056",""
"CS-0744","DE-CAND-184","03-REGISTERS/domain-e-cdial-loan-candidates.csv","DATA","SRC-059","CONTRIBUTING","","IG-SRC-059",""
"CS-0745","DE-CAND-184","03-REGISTERS/domain-e-cdial-loan-candidates.csv","DATA","SRC-022","CONTRIBUTING","","IG-SRC-021",""
"CS-0746","DE-CAND-184","03-REGISTERS/domain-e-cdial-loan-candidates.csv","DATA","SRC-023","CONTRIBUTING","","IG-SRC-019",""
"CS-0747","DE-CAND-185","03-REGISTERS/domain-e-cdial-loan-candidates.csv","DATA","SRC-065","CONTRIBUTING","","IG-SRC-056",""
"CS-0748","DE-CAND-185","03-REGISTERS/domain-e-cdial-loan-candidates.csv","DATA","SRC-059","CONTRIBUTING","","IG-SRC-059",""
"CS-0749","DE-CAND-185","03-REGISTERS/domain-e-cdial-loan-candidates.csv","DATA","SRC-022","CONTRIBUTING","","IG-SRC-021",""
"CS-0750","DE-CAND-185","03-REGISTERS/domain-e-cdial-loan-candidates.csv","DATA","SRC-023","CONTRIBUTING","","IG-SRC-019",""
"CS-0751","DE-CAND-186","03-REGISTERS/domain-e-cdial-loan-candidates.csv","DATA","SRC-065","CONTRIBUTING","","IG-SRC-056",""
"CS-0752","DE-CAND-186","03-REGISTERS/domain-e-cdial-loan-candidates.csv","DATA","SRC-059","CONTRIBUTING","","IG-SRC-059",""
"CS-0753","DE-CAND-186","03-REGISTERS/domain-e-cdial-loan-candidates.csv","DATA","SRC-022","CONTRIBUTING","","IG-SRC-021",""
"CS-0754","DE-CAND-186","03-REGISTERS/domain-e-cdial-loan-candidates.csv","DATA","SRC-023","CONTRIBUTING","","IG-SRC-019",""
"CS-0755","DE-CAND-187","03-REGISTERS/domain-e-cdial-loan-candidates.csv","DATA","SRC-065","CONTRIBUTING","","IG-SRC-056",""
"CS-0756","DE-CAND-187","03-REGISTERS/domain-e-cdial-loan-candidates.csv","DATA","SRC-059","CONTRIBUTING","","IG-SRC-059",""
"CS-0757","DE-CAND-187","03-REGISTERS/domain-e-cdial-loan-candidates.csv","DATA","SRC-022","CONTRIBUTING","","IG-SRC-021",""
"CS-0758","DE-CAND-187","03-REGISTERS/domain-e-cdial-loan-candidates.csv","DATA","SRC-023","CONTRIBUTING","","IG-SRC-019",""
"CS-0759","DE-CAND-188","03-REGISTERS/domain-e-cdial-loan-candidates.csv","DATA","SRC-065","CONTRIBUTING","","IG-SRC-056",""
"CS-0760","DE-CAND-188","03-REGISTERS/domain-e-cdial-loan-candidates.csv","DATA","SRC-059","CONTRIBUTING","","IG-SRC-059",""
"CS-0761","DE-CAND-188","03-REGISTERS/domain-e-cdial-loan-candidates.csv","DATA","SRC-022","CONTRIBUTING","","IG-SRC-021",""
"CS-0762","DE-CAND-188","03-REGISTERS/domain-e-cdial-loan-candidates.csv","DATA","SRC-023","CONTRIBUTING","","IG-SRC-019",""
"CS-0763","DE-CAND-189","03-REGISTERS/domain-e-cdial-loan-candidates.csv","DATA","SRC-065","CONTRIBUTING","","IG-SRC-056",""
"CS-0764","DE-CAND-189","03-REGISTERS/domain-e-cdial-loan-candidates.csv","DATA","SRC-059","CONTRIBUTING","","IG-SRC-059",""
"CS-0765","DE-CAND-189","03-REGISTERS/domain-e-cdial-loan-candidates.csv","DATA","SRC-022","CONTRIBUTING","","IG-SRC-021",""
"CS-0766","DE-CAND-189","03-REGISTERS/domain-e-cdial-loan-candidates.csv","DATA","SRC-023","CONTRIBUTING","","IG-SRC-019",""
"CS-0767","DE-CAND-190","03-REGISTERS/domain-e-cdial-loan-candidates.csv","DATA","SRC-065","CONTRIBUTING","","IG-SRC-056",""
"CS-0768","DE-CAND-190","03-REGISTERS/domain-e-cdial-loan-candidates.csv","DATA","SRC-059","CONTRIBUTING","","IG-SRC-059",""
"CS-0769","DE-CAND-190","03-REGISTERS/domain-e-cdial-loan-candidates.csv","DATA","SRC-022","CONTRIBUTING","","IG-SRC-021",""
"CS-0770","DE-CAND-190","03-REGISTERS/domain-e-cdial-loan-candidates.csv","DATA","SRC-023","CONTRIBUTING","","IG-SRC-019",""
"CS-0771","DE-CAND-191","03-REGISTERS/domain-e-cdial-loan-candidates.csv","DATA","SRC-065","CONTRIBUTING","","IG-SRC-056",""
"CS-0772","DE-CAND-191","03-REGISTERS/domain-e-cdial-loan-candidates.csv","DATA","SRC-059","CONTRIBUTING","","IG-SRC-059",""
"CS-0773","DE-CAND-191","03-REGISTERS/domain-e-cdial-loan-candidates.csv","DATA","SRC-022","CONTRIBUTING","","IG-SRC-021",""
"CS-0774","DE-CAND-191","03-REGISTERS/domain-e-cdial-loan-candidates.csv","DATA","SRC-023","CONTRIBUTING","","IG-SRC-019",""
"CS-0775","DE-CAND-192","03-REGISTERS/domain-e-cdial-loan-candidates.csv","DATA","SRC-065","CONTRIBUTING","","IG-SRC-056",""
"CS-0776","DE-CAND-192","03-REGISTERS/domain-e-cdial-loan-candidates.csv","DATA","SRC-059","CONTRIBUTING","","IG-SRC-059",""
"CS-0777","DE-CAND-192","03-REGISTERS/domain-e-cdial-loan-candidates.csv","DATA","SRC-022","CONTRIBUTING","","IG-SRC-021",""
"CS-0778","DE-CAND-192","03-REGISTERS/domain-e-cdial-loan-candidates.csv","DATA","SRC-023","CONTRIBUTING","","IG-SRC-019",""
"CS-0779","DE-CAND-193","03-REGISTERS/domain-e-cdial-loan-candidates.csv","DATA","SRC-065","CONTRIBUTING","","IG-SRC-056",""
"CS-0780","DE-CAND-193","03-REGISTERS/domain-e-cdial-loan-candidates.csv","DATA","SRC-059","CONTRIBUTING","","IG-SRC-059",""
"CS-0781","DE-CAND-193","03-REGISTERS/domain-e-cdial-loan-candidates.csv","DATA","SRC-022","CONTRIBUTING","","IG-SRC-021",""
"CS-0782","DE-CAND-193","03-REGISTERS/domain-e-cdial-loan-candidates.csv","DATA","SRC-023","CONTRIBUTING","","IG-SRC-019",""
"CS-0783","DE-CAND-194","03-REGISTERS/domain-e-cdial-loan-candidates.csv","DATA","SRC-065","CONTRIBUTING","","IG-SRC-056",""
"CS-0784","DE-CAND-194","03-REGISTERS/domain-e-cdial-loan-candidates.csv","DATA","SRC-059","CONTRIBUTING","","IG-SRC-059",""
"CS-0785","DE-CAND-194","03-REGISTERS/domain-e-cdial-loan-candidates.csv","DATA","SRC-022","CONTRIBUTING","","IG-SRC-021",""
"CS-0786","DE-CAND-194","03-REGISTERS/domain-e-cdial-loan-candidates.csv","DATA","SRC-023","CONTRIBUTING","","IG-SRC-019",""
"CS-0787","DE-CAND-195","03-REGISTERS/domain-e-cdial-loan-candidates.csv","DATA","SRC-065","CONTRIBUTING","","IG-SRC-056",""
"CS-0788","DE-CAND-195","03-REGISTERS/domain-e-cdial-loan-candidates.csv","DATA","SRC-059","CONTRIBUTING","","IG-SRC-059",""
"CS-0789","DE-CAND-195","03-REGISTERS/domain-e-cdial-loan-candidates.csv","DATA","SRC-022","CONTRIBUTING","","IG-SRC-021",""
"CS-0790","DE-CAND-195","03-REGISTERS/domain-e-cdial-loan-candidates.csv","DATA","SRC-023","CONTRIBUTING","","IG-SRC-019",""
"CS-0791","DE-CAND-196","03-REGISTERS/domain-e-cdial-loan-candidates.csv","DATA","SRC-065","CONTRIBUTING","","IG-SRC-056",""
"CS-0792","DE-CAND-196","03-REGISTERS/domain-e-cdial-loan-candidates.csv","DATA","SRC-059","CONTRIBUTING","","IG-SRC-059",""
"CS-0793","DE-CAND-196","03-REGISTERS/domain-e-cdial-loan-candidates.csv","DATA","SRC-022","CONTRIBUTING","","IG-SRC-021",""
"CS-0794","DE-CAND-196","03-REGISTERS/domain-e-cdial-loan-candidates.csv","DATA","SRC-023","CONTRIBUTING","","IG-SRC-019",""
"CS-0795","DE-CAND-197","03-REGISTERS/domain-e-cdial-loan-candidates.csv","DATA","SRC-065","CONTRIBUTING","","IG-SRC-056",""
"CS-0796","DE-CAND-197","03-REGISTERS/domain-e-cdial-loan-candidates.csv","DATA","SRC-059","CONTRIBUTING","","IG-SRC-059",""
"CS-0797","DE-CAND-197","03-REGISTERS/domain-e-cdial-loan-candidates.csv","DATA","SRC-022","CONTRIBUTING","","IG-SRC-021",""
"CS-0798","DE-CAND-197","03-REGISTERS/domain-e-cdial-loan-candidates.csv","DATA","SRC-023","CONTRIBUTING","","IG-SRC-019",""
"CS-0799","DE-CAND-198","03-REGISTERS/domain-e-cdial-loan-candidates.csv","DATA","SRC-065","CONTRIBUTING","","IG-SRC-056",""
"CS-0800","DE-CAND-198","03-REGISTERS/domain-e-cdial-loan-candidates.csv","DATA","SRC-059","CONTRIBUTING","","IG-SRC-059",""
"CS-0801","DE-CAND-198","03-REGISTERS/domain-e-cdial-loan-candidates.csv","DATA","SRC-022","CONTRIBUTING","","IG-SRC-021",""
"CS-0802","DE-CAND-198","03-REGISTERS/domain-e-cdial-loan-candidates.csv","DATA","SRC-023","CONTRIBUTING","","IG-SRC-019",""
"CS-0803","DE-CAND-199","03-REGISTERS/domain-e-cdial-loan-candidates.csv","DATA","SRC-065","CONTRIBUTING","","IG-SRC-056",""
"CS-0804","DE-CAND-199","03-REGISTERS/domain-e-cdial-loan-candidates.csv","DATA","SRC-059","CONTRIBUTING","","IG-SRC-059",""
"CS-0805","DE-CAND-199","03-REGISTERS/domain-e-cdial-loan-candidates.csv","DATA","SRC-022","CONTRIBUTING","","IG-SRC-021",""
"CS-0806","DE-CAND-199","03-REGISTERS/domain-e-cdial-loan-candidates.csv","DATA","SRC-023","CONTRIBUTING","","IG-SRC-019",""
"CS-0807","DE-CAND-200","03-REGISTERS/domain-e-cdial-loan-candidates.csv","DATA","SRC-065","CONTRIBUTING","","IG-SRC-056",""
"CS-0808","DE-CAND-200","03-REGISTERS/domain-e-cdial-loan-candidates.csv","DATA","SRC-059","CONTRIBUTING","","IG-SRC-059",""
"CS-0809","DE-CAND-200","03-REGISTERS/domain-e-cdial-loan-candidates.csv","DATA","SRC-022","CONTRIBUTING","","IG-SRC-021",""
"CS-0810","DE-CAND-200","03-REGISTERS/domain-e-cdial-loan-candidates.csv","DATA","SRC-023","CONTRIBUTING","","IG-SRC-019",""
"CS-0811","DE-CAND-201","03-REGISTERS/domain-e-cdial-loan-candidates.csv","DATA","SRC-065","CONTRIBUTING","","IG-SRC-056",""
"CS-0812","DE-CAND-201","03-REGISTERS/domain-e-cdial-loan-candidates.csv","DATA","SRC-059","CONTRIBUTING","","IG-SRC-059",""
"CS-0813","DE-CAND-201","03-REGISTERS/domain-e-cdial-loan-candidates.csv","DATA","SRC-022","CONTRIBUTING","","IG-SRC-021",""
"CS-0814","DE-CAND-201","03-REGISTERS/domain-e-cdial-loan-candidates.csv","DATA","SRC-023","CONTRIBUTING","","IG-SRC-019",""
"CS-0815","DE-CAND-202","03-REGISTERS/domain-e-cdial-loan-candidates.csv","DATA","SRC-065","CONTRIBUTING","","IG-SRC-056",""
"CS-0816","DE-CAND-202","03-REGISTERS/domain-e-cdial-loan-candidates.csv","DATA","SRC-059","CONTRIBUTING","","IG-SRC-059",""
"CS-0817","DE-CAND-202","03-REGISTERS/domain-e-cdial-loan-candidates.csv","DATA","SRC-022","CONTRIBUTING","","IG-SRC-021",""
"CS-0818","DE-CAND-202","03-REGISTERS/domain-e-cdial-loan-candidates.csv","DATA","SRC-023","CONTRIBUTING","","IG-SRC-019",""
"CS-0819","DE-CAND-203","03-REGISTERS/domain-e-cdial-loan-candidates.csv","DATA","SRC-065","CONTRIBUTING","","IG-SRC-056",""
"CS-0820","DE-CAND-203","03-REGISTERS/domain-e-cdial-loan-candidates.csv","DATA","SRC-059","CONTRIBUTING","","IG-SRC-059",""
"CS-0821","DE-CAND-203","03-REGISTERS/domain-e-cdial-loan-candidates.csv","DATA","SRC-022","CONTRIBUTING","","IG-SRC-021",""
"CS-0822","DE-CAND-203","03-REGISTERS/domain-e-cdial-loan-candidates.csv","DATA","SRC-023","CONTRIBUTING","","IG-SRC-019",""
"CS-0823","DE-CAND-204","03-REGISTERS/domain-e-cdial-loan-candidates.csv","DATA","SRC-065","CONTRIBUTING","","IG-SRC-056",""
"CS-0824","DE-CAND-204","03-REGISTERS/domain-e-cdial-loan-candidates.csv","DATA","SRC-059","CONTRIBUTING","","IG-SRC-059",""
"CS-0825","DE-CAND-204","03-REGISTERS/domain-e-cdial-loan-candidates.csv","DATA","SRC-022","CONTRIBUTING","","IG-SRC-021",""
"CS-0826","DE-CAND-204","03-REGISTERS/domain-e-cdial-loan-candidates.csv","DATA","SRC-023","CONTRIBUTING","","IG-SRC-019",""
"CS-0827","DE-CAND-205","03-REGISTERS/domain-e-cdial-loan-candidates.csv","DATA","SRC-065","CONTRIBUTING","","IG-SRC-056",""
"CS-0828","DE-CAND-205","03-REGISTERS/domain-e-cdial-loan-candidates.csv","DATA","SRC-059","CONTRIBUTING","","IG-SRC-059",""
"CS-0829","DE-CAND-205","03-REGISTERS/domain-e-cdial-loan-candidates.csv","DATA","SRC-022","CONTRIBUTING","","IG-SRC-021",""
"CS-0830","DE-CAND-205","03-REGISTERS/domain-e-cdial-loan-candidates.csv","DATA","SRC-023","CONTRIBUTING","","IG-SRC-019",""
"CS-0831","DE-CAND-206","03-REGISTERS/domain-e-cdial-loan-candidates.csv","DATA","SRC-065","CONTRIBUTING","","IG-SRC-056",""
"CS-0832","DE-CAND-206","03-REGISTERS/domain-e-cdial-loan-candidates.csv","DATA","SRC-059","CONTRIBUTING","","IG-SRC-059",""
"CS-0833","DE-CAND-206","03-REGISTERS/domain-e-cdial-loan-candidates.csv","DATA","SRC-022","CONTRIBUTING","","IG-SRC-021",""
"CS-0834","DE-CAND-206","03-REGISTERS/domain-e-cdial-loan-candidates.csv","DATA","SRC-023","CONTRIBUTING","","IG-SRC-019",""
"CS-0835","DE-CAND-207","03-REGISTERS/domain-e-cdial-loan-candidates.csv","DATA","SRC-065","CONTRIBUTING","","IG-SRC-056",""
"CS-0836","DE-CAND-207","03-REGISTERS/domain-e-cdial-loan-candidates.csv","DATA","SRC-059","CONTRIBUTING","","IG-SRC-059",""
"CS-0837","DE-CAND-207","03-REGISTERS/domain-e-cdial-loan-candidates.csv","DATA","SRC-022","CONTRIBUTING","","IG-SRC-021",""
"CS-0838","DE-CAND-207","03-REGISTERS/domain-e-cdial-loan-candidates.csv","DATA","SRC-023","CONTRIBUTING","","IG-SRC-019",""
"CS-0839","DE-CAND-208","03-REGISTERS/domain-e-cdial-loan-candidates.csv","DATA","SRC-065","CONTRIBUTING","","IG-SRC-056",""
"CS-0840","DE-CAND-208","03-REGISTERS/domain-e-cdial-loan-candidates.csv","DATA","SRC-059","CONTRIBUTING","","IG-SRC-059",""
"CS-0841","DE-CAND-208","03-REGISTERS/domain-e-cdial-loan-candidates.csv","DATA","SRC-022","CONTRIBUTING","","IG-SRC-021",""
"CS-0842","DE-CAND-208","03-REGISTERS/domain-e-cdial-loan-candidates.csv","DATA","SRC-023","CONTRIBUTING","","IG-SRC-019",""
"CS-0843","DE-CAND-209","03-REGISTERS/domain-e-cdial-loan-candidates.csv","DATA","SRC-065","CONTRIBUTING","","IG-SRC-056",""
"CS-0844","DE-CAND-209","03-REGISTERS/domain-e-cdial-loan-candidates.csv","DATA","SRC-059","CONTRIBUTING","","IG-SRC-059",""
"CS-0845","DE-CAND-209","03-REGISTERS/domain-e-cdial-loan-candidates.csv","DATA","SRC-022","CONTRIBUTING","","IG-SRC-021",""
"CS-0846","DE-CAND-209","03-REGISTERS/domain-e-cdial-loan-candidates.csv","DATA","SRC-023","CONTRIBUTING","","IG-SRC-019",""
"CS-0847","DE-CAND-210","03-REGISTERS/domain-e-cdial-loan-candidates.csv","DATA","SRC-065","CONTRIBUTING","","IG-SRC-056",""
"CS-0848","DE-CAND-210","03-REGISTERS/domain-e-cdial-loan-candidates.csv","DATA","SRC-059","CONTRIBUTING","","IG-SRC-059",""
"CS-0849","DE-CAND-210","03-REGISTERS/domain-e-cdial-loan-candidates.csv","DATA","SRC-022","CONTRIBUTING","","IG-SRC-021",""
"CS-0850","DE-CAND-210","03-REGISTERS/domain-e-cdial-loan-candidates.csv","DATA","SRC-023","CONTRIBUTING","","IG-SRC-019",""
"CS-0851","DE-CAND-211","03-REGISTERS/domain-e-cdial-loan-candidates.csv","DATA","SRC-065","CONTRIBUTING","","IG-SRC-056",""
"CS-0852","DE-CAND-211","03-REGISTERS/domain-e-cdial-loan-candidates.csv","DATA","SRC-059","CONTRIBUTING","","IG-SRC-059",""
"CS-0853","DE-CAND-211","03-REGISTERS/domain-e-cdial-loan-candidates.csv","DATA","SRC-022","CONTRIBUTING","","IG-SRC-021",""
"CS-0854","DE-CAND-211","03-REGISTERS/domain-e-cdial-loan-candidates.csv","DATA","SRC-023","CONTRIBUTING","","IG-SRC-019",""
"CS-0855","DE-CAND-212","03-REGISTERS/domain-e-cdial-loan-candidates.csv","DATA","SRC-065","CONTRIBUTING","","IG-SRC-056",""
"CS-0856","DE-CAND-212","03-REGISTERS/domain-e-cdial-loan-candidates.csv","DATA","SRC-059","CONTRIBUTING","","IG-SRC-059",""
"CS-0857","DE-CAND-212","03-REGISTERS/domain-e-cdial-loan-candidates.csv","DATA","SRC-022","CONTRIBUTING","","IG-SRC-021",""
"CS-0858","DE-CAND-212","03-REGISTERS/domain-e-cdial-loan-candidates.csv","DATA","SRC-023","CONTRIBUTING","","IG-SRC-019",""
"CS-0859","DE-CAND-213","03-REGISTERS/domain-e-cdial-loan-candidates.csv","DATA","SRC-065","CONTRIBUTING","","IG-SRC-056",""
"CS-0860","DE-CAND-213","03-REGISTERS/domain-e-cdial-loan-candidates.csv","DATA","SRC-059","CONTRIBUTING","","IG-SRC-059",""
"CS-0861","DE-CAND-213","03-REGISTERS/domain-e-cdial-loan-candidates.csv","DATA","SRC-022","CONTRIBUTING","","IG-SRC-021",""
"CS-0862","DE-CAND-213","03-REGISTERS/domain-e-cdial-loan-candidates.csv","DATA","SRC-023","CONTRIBUTING","","IG-SRC-019",""
"CS-0863","DE-CAND-214","03-REGISTERS/domain-e-cdial-loan-candidates.csv","DATA","SRC-065","CONTRIBUTING","","IG-SRC-056",""
"CS-0864","DE-CAND-214","03-REGISTERS/domain-e-cdial-loan-candidates.csv","DATA","SRC-059","CONTRIBUTING","","IG-SRC-059",""
"CS-0865","DE-CAND-214","03-REGISTERS/domain-e-cdial-loan-candidates.csv","DATA","SRC-022","CONTRIBUTING","","IG-SRC-021",""
"CS-0866","DE-CAND-214","03-REGISTERS/domain-e-cdial-loan-candidates.csv","DATA","SRC-023","CONTRIBUTING","","IG-SRC-019",""
"CS-0867","DE-CAND-215","03-REGISTERS/domain-e-cdial-loan-candidates.csv","DATA","SRC-065","CONTRIBUTING","","IG-SRC-056",""
"CS-0868","DE-CAND-215","03-REGISTERS/domain-e-cdial-loan-candidates.csv","DATA","SRC-059","CONTRIBUTING","","IG-SRC-059",""
"CS-0869","DE-CAND-215","03-REGISTERS/domain-e-cdial-loan-candidates.csv","DATA","SRC-022","CONTRIBUTING","","IG-SRC-021",""
"CS-0870","DE-CAND-215","03-REGISTERS/domain-e-cdial-loan-candidates.csv","DATA","SRC-023","CONTRIBUTING","","IG-SRC-019",""
"CS-0871","DE-CAND-216","03-REGISTERS/domain-e-cdial-loan-candidates.csv","DATA","SRC-065","CONTRIBUTING","","IG-SRC-056",""
"CS-0872","DE-CAND-216","03-REGISTERS/domain-e-cdial-loan-candidates.csv","DATA","SRC-059","CONTRIBUTING","","IG-SRC-059",""
"CS-0873","DE-CAND-216","03-REGISTERS/domain-e-cdial-loan-candidates.csv","DATA","SRC-022","CONTRIBUTING","","IG-SRC-021",""
"CS-0874","DE-CAND-216","03-REGISTERS/domain-e-cdial-loan-candidates.csv","DATA","SRC-023","CONTRIBUTING","","IG-SRC-019",""
"CS-0875","DE-CAND-217","03-REGISTERS/domain-e-cdial-loan-candidates.csv","DATA","SRC-065","CONTRIBUTING","","IG-SRC-056",""
"CS-0876","DE-CAND-217","03-REGISTERS/domain-e-cdial-loan-candidates.csv","DATA","SRC-059","CONTRIBUTING","","IG-SRC-059",""
"CS-0877","DE-CAND-217","03-REGISTERS/domain-e-cdial-loan-candidates.csv","DATA","SRC-022","CONTRIBUTING","","IG-SRC-021",""
"CS-0878","DE-CAND-217","03-REGISTERS/domain-e-cdial-loan-candidates.csv","DATA","SRC-023","CONTRIBUTING","","IG-SRC-019",""
"CS-0879","DE-CAND-218","03-REGISTERS/domain-e-cdial-loan-candidates.csv","DATA","SRC-065","CONTRIBUTING","","IG-SRC-056",""
"CS-0880","DE-CAND-218","03-REGISTERS/domain-e-cdial-loan-candidates.csv","DATA","SRC-059","CONTRIBUTING","","IG-SRC-059",""
"CS-0881","DE-CAND-218","03-REGISTERS/domain-e-cdial-loan-candidates.csv","DATA","SRC-022","CONTRIBUTING","","IG-SRC-021",""
"CS-0882","DE-CAND-218","03-REGISTERS/domain-e-cdial-loan-candidates.csv","DATA","SRC-023","CONTRIBUTING","","IG-SRC-019",""
"CS-0883","DE-CAND-219","03-REGISTERS/domain-e-cdial-loan-candidates.csv","DATA","SRC-065","CONTRIBUTING","","IG-SRC-056",""
"CS-0884","DE-CAND-219","03-REGISTERS/domain-e-cdial-loan-candidates.csv","DATA","SRC-059","CONTRIBUTING","","IG-SRC-059",""
"CS-0885","DE-CAND-219","03-REGISTERS/domain-e-cdial-loan-candidates.csv","DATA","SRC-022","CONTRIBUTING","","IG-SRC-021",""
"CS-0886","DE-CAND-219","03-REGISTERS/domain-e-cdial-loan-candidates.csv","DATA","SRC-023","CONTRIBUTING","","IG-SRC-019",""
"CS-0887","DE-CAND-220","03-REGISTERS/domain-e-cdial-loan-candidates.csv","DATA","SRC-065","CONTRIBUTING","","IG-SRC-056",""
"CS-0888","DE-CAND-220","03-REGISTERS/domain-e-cdial-loan-candidates.csv","DATA","SRC-059","CONTRIBUTING","","IG-SRC-059",""
"CS-0889","DE-CAND-220","03-REGISTERS/domain-e-cdial-loan-candidates.csv","DATA","SRC-022","CONTRIBUTING","","IG-SRC-021",""
"CS-0890","DE-CAND-220","03-REGISTERS/domain-e-cdial-loan-candidates.csv","DATA","SRC-023","CONTRIBUTING","","IG-SRC-019",""
"CS-0891","DE-CAND-221","03-REGISTERS/domain-e-cdial-loan-candidates.csv","DATA","SRC-065","CONTRIBUTING","","IG-SRC-056",""
"CS-0892","DE-CAND-221","03-REGISTERS/domain-e-cdial-loan-candidates.csv","DATA","SRC-059","CONTRIBUTING","","IG-SRC-059",""
"CS-0893","DE-CAND-221","03-REGISTERS/domain-e-cdial-loan-candidates.csv","DATA","SRC-022","CONTRIBUTING","","IG-SRC-021",""
"CS-0894","DE-CAND-221","03-REGISTERS/domain-e-cdial-loan-candidates.csv","DATA","SRC-023","CONTRIBUTING","","IG-SRC-019",""
"CS-0895","DE-CAND-222","03-REGISTERS/domain-e-cdial-loan-candidates.csv","DATA","SRC-065","CONTRIBUTING","","IG-SRC-056",""
"CS-0896","DE-CAND-222","03-REGISTERS/domain-e-cdial-loan-candidates.csv","DATA","SRC-059","CONTRIBUTING","","IG-SRC-059",""
"CS-0897","DE-CAND-222","03-REGISTERS/domain-e-cdial-loan-candidates.csv","DATA","SRC-022","CONTRIBUTING","","IG-SRC-021",""
"CS-0898","DE-CAND-222","03-REGISTERS/domain-e-cdial-loan-candidates.csv","DATA","SRC-023","CONTRIBUTING","","IG-SRC-019",""
"CS-0899","DE-CAND-223","03-REGISTERS/domain-e-cdial-loan-candidates.csv","DATA","SRC-065","CONTRIBUTING","","IG-SRC-056",""
"CS-0900","DE-CAND-223","03-REGISTERS/domain-e-cdial-loan-candidates.csv","DATA","SRC-059","CONTRIBUTING","","IG-SRC-059",""
"CS-0901","DE-CAND-223","03-REGISTERS/domain-e-cdial-loan-candidates.csv","DATA","SRC-022","CONTRIBUTING","","IG-SRC-021",""
"CS-0902","DE-CAND-223","03-REGISTERS/domain-e-cdial-loan-candidates.csv","DATA","SRC-023","CONTRIBUTING","","IG-SRC-019",""
"CS-0903","DE-CAND-224","03-REGISTERS/domain-e-cdial-loan-candidates.csv","DATA","SRC-065","CONTRIBUTING","","IG-SRC-056",""
"CS-0904","DE-CAND-224","03-REGISTERS/domain-e-cdial-loan-candidates.csv","DATA","SRC-059","CONTRIBUTING","","IG-SRC-059",""
"CS-0905","DE-CAND-224","03-REGISTERS/domain-e-cdial-loan-candidates.csv","DATA","SRC-022","CONTRIBUTING","","IG-SRC-021",""
"CS-0906","DE-CAND-224","03-REGISTERS/domain-e-cdial-loan-candidates.csv","DATA","SRC-023","CONTRIBUTING","","IG-SRC-019",""
"CS-0907","DE-CAND-225","03-REGISTERS/domain-e-cdial-loan-candidates.csv","DATA","SRC-065","CONTRIBUTING","","IG-SRC-056",""
"CS-0908","DE-CAND-225","03-REGISTERS/domain-e-cdial-loan-candidates.csv","DATA","SRC-059","CONTRIBUTING","","IG-SRC-059",""
"CS-0909","DE-CAND-225","03-REGISTERS/domain-e-cdial-loan-candidates.csv","DATA","SRC-022","CONTRIBUTING","","IG-SRC-021",""
"CS-0910","DE-CAND-225","03-REGISTERS/domain-e-cdial-loan-candidates.csv","DATA","SRC-023","CONTRIBUTING","","IG-SRC-019",""
"CS-0911","DE-CAND-226","03-REGISTERS/domain-e-cdial-loan-candidates.csv","DATA","SRC-065","CONTRIBUTING","","IG-SRC-056",""
"CS-0912","DE-CAND-226","03-REGISTERS/domain-e-cdial-loan-candidates.csv","DATA","SRC-059","CONTRIBUTING","","IG-SRC-059",""
"CS-0913","DE-CAND-226","03-REGISTERS/domain-e-cdial-loan-candidates.csv","DATA","SRC-022","CONTRIBUTING","","IG-SRC-021",""
"CS-0914","DE-CAND-226","03-REGISTERS/domain-e-cdial-loan-candidates.csv","DATA","SRC-023","CONTRIBUTING","","IG-SRC-019",""
"CS-0915","DE-CAND-227","03-REGISTERS/domain-e-cdial-loan-candidates.csv","DATA","SRC-065","CONTRIBUTING","","IG-SRC-056",""
"CS-0916","DE-CAND-227","03-REGISTERS/domain-e-cdial-loan-candidates.csv","DATA","SRC-059","CONTRIBUTING","","IG-SRC-059",""
"CS-0917","DE-CAND-227","03-REGISTERS/domain-e-cdial-loan-candidates.csv","DATA","SRC-022","CONTRIBUTING","","IG-SRC-021",""
"CS-0918","DE-CAND-227","03-REGISTERS/domain-e-cdial-loan-candidates.csv","DATA","SRC-023","CONTRIBUTING","","IG-SRC-019",""
"CS-0919","DE-CAND-228","03-REGISTERS/domain-e-cdial-loan-candidates.csv","DATA","SRC-065","CONTRIBUTING","","IG-SRC-056",""
"CS-0920","DE-CAND-228","03-REGISTERS/domain-e-cdial-loan-candidates.csv","DATA","SRC-059","CONTRIBUTING","","IG-SRC-059",""
"CS-0921","DE-CAND-228","03-REGISTERS/domain-e-cdial-loan-candidates.csv","DATA","SRC-022","CONTRIBUTING","","IG-SRC-021",""
"CS-0922","DE-CAND-228","03-REGISTERS/domain-e-cdial-loan-candidates.csv","DATA","SRC-023","CONTRIBUTING","","IG-SRC-019",""
"CS-0923","DE-CAND-229","03-REGISTERS/domain-e-cdial-loan-candidates.csv","DATA","SRC-065","CONTRIBUTING","","IG-SRC-056",""
"CS-0924","DE-CAND-229","03-REGISTERS/domain-e-cdial-loan-candidates.csv","DATA","SRC-059","CONTRIBUTING","","IG-SRC-059",""
"CS-0925","DE-CAND-229","03-REGISTERS/domain-e-cdial-loan-candidates.csv","DATA","SRC-022","CONTRIBUTING","","IG-SRC-021",""
"CS-0926","DE-CAND-229","03-REGISTERS/domain-e-cdial-loan-candidates.csv","DATA","SRC-023","CONTRIBUTING","","IG-SRC-019",""
"CS-0927","DE-CAND-230","03-REGISTERS/domain-e-cdial-loan-candidates.csv","DATA","SRC-065","CONTRIBUTING","","IG-SRC-056",""
"CS-0928","DE-CAND-230","03-REGISTERS/domain-e-cdial-loan-candidates.csv","DATA","SRC-059","CONTRIBUTING","","IG-SRC-059",""
"CS-0929","DE-CAND-230","03-REGISTERS/domain-e-cdial-loan-candidates.csv","DATA","SRC-022","CONTRIBUTING","","IG-SRC-021",""
"CS-0930","DE-CAND-230","03-REGISTERS/domain-e-cdial-loan-candidates.csv","DATA","SRC-023","CONTRIBUTING","","IG-SRC-019",""
"CS-0931","DE-CAND-231","03-REGISTERS/domain-e-cdial-loan-candidates.csv","DATA","SRC-065","CONTRIBUTING","","IG-SRC-056",""
"CS-0932","DE-CAND-231","03-REGISTERS/domain-e-cdial-loan-candidates.csv","DATA","SRC-059","CONTRIBUTING","","IG-SRC-059",""
"CS-0933","DE-CAND-231","03-REGISTERS/domain-e-cdial-loan-candidates.csv","DATA","SRC-022","CONTRIBUTING","","IG-SRC-021",""
"CS-0934","DE-CAND-231","03-REGISTERS/domain-e-cdial-loan-candidates.csv","DATA","SRC-023","CONTRIBUTING","","IG-SRC-019",""
"CS-0935","DE-CAND-232","03-REGISTERS/domain-e-cdial-loan-candidates.csv","DATA","SRC-065","CONTRIBUTING","","IG-SRC-056",""
"CS-0936","DE-CAND-232","03-REGISTERS/domain-e-cdial-loan-candidates.csv","DATA","SRC-059","CONTRIBUTING","","IG-SRC-059",""
"CS-0937","DE-CAND-232","03-REGISTERS/domain-e-cdial-loan-candidates.csv","DATA","SRC-022","CONTRIBUTING","","IG-SRC-021",""
"CS-0938","DE-CAND-232","03-REGISTERS/domain-e-cdial-loan-candidates.csv","DATA","SRC-023","CONTRIBUTING","","IG-SRC-019",""
"CS-0939","DE-CAND-233","03-REGISTERS/domain-e-cdial-loan-candidates.csv","DATA","SRC-065","CONTRIBUTING","","IG-SRC-056",""
"CS-0940","DE-CAND-233","03-REGISTERS/domain-e-cdial-loan-candidates.csv","DATA","SRC-059","CONTRIBUTING","","IG-SRC-059",""
"CS-0941","DE-CAND-233","03-REGISTERS/domain-e-cdial-loan-candidates.csv","DATA","SRC-022","CONTRIBUTING","","IG-SRC-021",""
"CS-0942","DE-CAND-233","03-REGISTERS/domain-e-cdial-loan-candidates.csv","DATA","SRC-023","CONTRIBUTING","","IG-SRC-019",""
"CS-0943","DE-CAND-234","03-REGISTERS/domain-e-cdial-loan-candidates.csv","DATA","SRC-065","CONTRIBUTING","","IG-SRC-056",""
"CS-0944","DE-CAND-234","03-REGISTERS/domain-e-cdial-loan-candidates.csv","DATA","SRC-059","CONTRIBUTING","","IG-SRC-059",""
"CS-0945","DE-CAND-234","03-REGISTERS/domain-e-cdial-loan-candidates.csv","DATA","SRC-022","CONTRIBUTING","","IG-SRC-021",""
"CS-0946","DE-CAND-234","03-REGISTERS/domain-e-cdial-loan-candidates.csv","DATA","SRC-023","CONTRIBUTING","","IG-SRC-019",""
"CS-0947","DE-CAND-235","03-REGISTERS/domain-e-cdial-loan-candidates.csv","DATA","SRC-065","CONTRIBUTING","","IG-SRC-056",""
"CS-0948","DE-CAND-235","03-REGISTERS/domain-e-cdial-loan-candidates.csv","DATA","SRC-059","CONTRIBUTING","","IG-SRC-059",""
"CS-0949","DE-CAND-235","03-REGISTERS/domain-e-cdial-loan-candidates.csv","DATA","SRC-022","CONTRIBUTING","","IG-SRC-021",""
"CS-0950","DE-CAND-235","03-REGISTERS/domain-e-cdial-loan-candidates.csv","DATA","SRC-023","CONTRIBUTING","","IG-SRC-019",""
"CS-0951","DE-CAND-236","03-REGISTERS/domain-e-cdial-loan-candidates.csv","DATA","SRC-065","CONTRIBUTING","","IG-SRC-056",""
"CS-0952","DE-CAND-236","03-REGISTERS/domain-e-cdial-loan-candidates.csv","DATA","SRC-059","CONTRIBUTING","","IG-SRC-059",""
"CS-0953","DE-CAND-236","03-REGISTERS/domain-e-cdial-loan-candidates.csv","DATA","SRC-022","CONTRIBUTING","","IG-SRC-021",""
"CS-0954","DE-CAND-236","03-REGISTERS/domain-e-cdial-loan-candidates.csv","DATA","SRC-023","CONTRIBUTING","","IG-SRC-019",""
"CS-0955","DE-CAND-237","03-REGISTERS/domain-e-cdial-loan-candidates.csv","DATA","SRC-065","CONTRIBUTING","","IG-SRC-056",""
"CS-0956","DE-CAND-237","03-REGISTERS/domain-e-cdial-loan-candidates.csv","DATA","SRC-059","CONTRIBUTING","","IG-SRC-059",""
"CS-0957","DE-CAND-237","03-REGISTERS/domain-e-cdial-loan-candidates.csv","DATA","SRC-022","CONTRIBUTING","","IG-SRC-021",""
"CS-0958","DE-CAND-237","03-REGISTERS/domain-e-cdial-loan-candidates.csv","DATA","SRC-023","CONTRIBUTING","","IG-SRC-019",""
"CS-0959","DE-CAND-238","03-REGISTERS/domain-e-cdial-loan-candidates.csv","DATA","SRC-065","CONTRIBUTING","","IG-SRC-056",""
"CS-0960","DE-CAND-238","03-REGISTERS/domain-e-cdial-loan-candidates.csv","DATA","SRC-059","CONTRIBUTING","","IG-SRC-059",""
"CS-0961","DE-CAND-238","03-REGISTERS/domain-e-cdial-loan-candidates.csv","DATA","SRC-022","CONTRIBUTING","","IG-SRC-021",""
"CS-0962","DE-CAND-238","03-REGISTERS/domain-e-cdial-loan-candidates.csv","DATA","SRC-023","CONTRIBUTING","","IG-SRC-019",""
"CS-0963","DE-CAND-239","03-REGISTERS/domain-e-cdial-loan-candidates.csv","DATA","SRC-065","CONTRIBUTING","","IG-SRC-056",""
"CS-0964","DE-CAND-239","03-REGISTERS/domain-e-cdial-loan-candidates.csv","DATA","SRC-059","CONTRIBUTING","","IG-SRC-059",""
"CS-0965","DE-CAND-239","03-REGISTERS/domain-e-cdial-loan-candidates.csv","DATA","SRC-022","CONTRIBUTING","","IG-SRC-021",""
"CS-0966","DE-CAND-239","03-REGISTERS/domain-e-cdial-loan-candidates.csv","DATA","SRC-023","CONTRIBUTING","","IG-SRC-019",""
"CS-0967","DE-CAND-240","03-REGISTERS/domain-e-cdial-loan-candidates.csv","DATA","SRC-065","CONTRIBUTING","","IG-SRC-056",""
"CS-0968","DE-CAND-240","03-REGISTERS/domain-e-cdial-loan-candidates.csv","DATA","SRC-059","CONTRIBUTING","","IG-SRC-059",""
"CS-0969","DE-CAND-240","03-REGISTERS/domain-e-cdial-loan-candidates.csv","DATA","SRC-022","CONTRIBUTING","","IG-SRC-021",""
"CS-0970","DE-CAND-240","03-REGISTERS/domain-e-cdial-loan-candidates.csv","DATA","SRC-023","CONTRIBUTING","","IG-SRC-019",""
"CS-0971","DE-CAND-241","03-REGISTERS/domain-e-cdial-loan-candidates.csv","DATA","SRC-065","CONTRIBUTING","","IG-SRC-056",""
"CS-0972","DE-CAND-241","03-REGISTERS/domain-e-cdial-loan-candidates.csv","DATA","SRC-059","CONTRIBUTING","","IG-SRC-059",""
"CS-0973","DE-CAND-241","03-REGISTERS/domain-e-cdial-loan-candidates.csv","DATA","SRC-022","CONTRIBUTING","","IG-SRC-021",""
"CS-0974","DE-CAND-241","03-REGISTERS/domain-e-cdial-loan-candidates.csv","DATA","SRC-023","CONTRIBUTING","","IG-SRC-019",""
"CS-0975","DE-CAND-242","03-REGISTERS/domain-e-cdial-loan-candidates.csv","DATA","SRC-065","CONTRIBUTING","","IG-SRC-056",""
"CS-0976","DE-CAND-242","03-REGISTERS/domain-e-cdial-loan-candidates.csv","DATA","SRC-059","CONTRIBUTING","","IG-SRC-059",""
"CS-0977","DE-CAND-242","03-REGISTERS/domain-e-cdial-loan-candidates.csv","DATA","SRC-022","CONTRIBUTING","","IG-SRC-021",""
"CS-0978","DE-CAND-242","03-REGISTERS/domain-e-cdial-loan-candidates.csv","DATA","SRC-023","CONTRIBUTING","","IG-SRC-019",""
"CS-0979","DE-CAND-243","03-REGISTERS/domain-e-cdial-loan-candidates.csv","DATA","SRC-065","CONTRIBUTING","","IG-SRC-056",""
"CS-0980","DE-CAND-243","03-REGISTERS/domain-e-cdial-loan-candidates.csv","DATA","SRC-059","CONTRIBUTING","","IG-SRC-059",""
"CS-0981","DE-CAND-243","03-REGISTERS/domain-e-cdial-loan-candidates.csv","DATA","SRC-022","CONTRIBUTING","","IG-SRC-021",""
"CS-0982","DE-CAND-243","03-REGISTERS/domain-e-cdial-loan-candidates.csv","DATA","SRC-023","CONTRIBUTING","","IG-SRC-019",""
"CS-0983","DE-CAND-244","03-REGISTERS/domain-e-cdial-loan-candidates.csv","DATA","SRC-065","CONTRIBUTING","","IG-SRC-056",""
"CS-0984","DE-CAND-244","03-REGISTERS/domain-e-cdial-loan-candidates.csv","DATA","SRC-059","CONTRIBUTING","","IG-SRC-059",""
"CS-0985","DE-CAND-244","03-REGISTERS/domain-e-cdial-loan-candidates.csv","DATA","SRC-022","CONTRIBUTING","","IG-SRC-021",""
"CS-0986","DE-CAND-244","03-REGISTERS/domain-e-cdial-loan-candidates.csv","DATA","SRC-023","CONTRIBUTING","","IG-SRC-019",""
"CS-0987","DE-CAND-245","03-REGISTERS/domain-e-cdial-loan-candidates.csv","DATA","SRC-065","CONTRIBUTING","","IG-SRC-056",""
"CS-0988","DE-CAND-245","03-REGISTERS/domain-e-cdial-loan-candidates.csv","DATA","SRC-059","CONTRIBUTING","","IG-SRC-059",""
"CS-0989","DE-CAND-245","03-REGISTERS/domain-e-cdial-loan-candidates.csv","DATA","SRC-022","CONTRIBUTING","","IG-SRC-021",""
"CS-0990","DE-CAND-245","03-REGISTERS/domain-e-cdial-loan-candidates.csv","DATA","SRC-023","CONTRIBUTING","","IG-SRC-019",""
"CS-0991","DE-CAND-246","03-REGISTERS/domain-e-cdial-loan-candidates.csv","DATA","SRC-065","CONTRIBUTING","","IG-SRC-056",""
"CS-0992","DE-CAND-246","03-REGISTERS/domain-e-cdial-loan-candidates.csv","DATA","SRC-059","CONTRIBUTING","","IG-SRC-059",""
"CS-0993","DE-CAND-246","03-REGISTERS/domain-e-cdial-loan-candidates.csv","DATA","SRC-022","CONTRIBUTING","","IG-SRC-021",""
"CS-0994","DE-CAND-246","03-REGISTERS/domain-e-cdial-loan-candidates.csv","DATA","SRC-023","CONTRIBUTING","","IG-SRC-019",""
"CS-0995","DE-CAND-247","03-REGISTERS/domain-e-cdial-loan-candidates.csv","DATA","SRC-065","CONTRIBUTING","","IG-SRC-056",""
"CS-0996","DE-CAND-247","03-REGISTERS/domain-e-cdial-loan-candidates.csv","DATA","SRC-059","CONTRIBUTING","","IG-SRC-059",""
"CS-0997","DE-CAND-247","03-REGISTERS/domain-e-cdial-loan-candidates.csv","DATA","SRC-022","CONTRIBUTING","","IG-SRC-021",""
"CS-0998","DE-CAND-247","03-REGISTERS/domain-e-cdial-loan-candidates.csv","DATA","SRC-023","CONTRIBUTING","","IG-SRC-019",""
"CS-0999","DE-CAND-248","03-REGISTERS/domain-e-cdial-loan-candidates.csv","DATA","SRC-065","CONTRIBUTING","","IG-SRC-056",""
"CS-1000","DE-CAND-248","03-REGISTERS/domain-e-cdial-loan-candidates.csv","DATA","SRC-059","CONTRIBUTING","","IG-SRC-059",""
"CS-1001","DE-CAND-248","03-REGISTERS/domain-e-cdial-loan-candidates.csv","DATA","SRC-022","CONTRIBUTING","","IG-SRC-021",""
"CS-1002","DE-CAND-248","03-REGISTERS/domain-e-cdial-loan-candidates.csv","DATA","SRC-023","CONTRIBUTING","","IG-SRC-019",""
"CS-1003","DE-CAND-249","03-REGISTERS/domain-e-cdial-loan-candidates.csv","DATA","SRC-065","CONTRIBUTING","","IG-SRC-056",""
"CS-1004","DE-CAND-249","03-REGISTERS/domain-e-cdial-loan-candidates.csv","DATA","SRC-059","CONTRIBUTING","","IG-SRC-059",""
"CS-1005","DE-CAND-249","03-REGISTERS/domain-e-cdial-loan-candidates.csv","DATA","SRC-022","CONTRIBUTING","","IG-SRC-021",""
"CS-1006","DE-CAND-249","03-REGISTERS/domain-e-cdial-loan-candidates.csv","DATA","SRC-023","CONTRIBUTING","","IG-SRC-019",""
"CS-1007","DE-CAND-250","03-REGISTERS/domain-e-cdial-loan-candidates.csv","DATA","SRC-065","CONTRIBUTING","","IG-SRC-056",""
"CS-1008","DE-CAND-250","03-REGISTERS/domain-e-cdial-loan-candidates.csv","DATA","SRC-059","CONTRIBUTING","","IG-SRC-059",""
"CS-1009","DE-CAND-250","03-REGISTERS/domain-e-cdial-loan-candidates.csv","DATA","SRC-022","CONTRIBUTING","","IG-SRC-021",""
"CS-1010","DE-CAND-250","03-REGISTERS/domain-e-cdial-loan-candidates.csv","DATA","SRC-023","CONTRIBUTING","","IG-SRC-019",""
"CS-1011","DE-CAND-251","03-REGISTERS/domain-e-cdial-loan-candidates.csv","DATA","SRC-065","CONTRIBUTING","","IG-SRC-056",""
"CS-1012","DE-CAND-251","03-REGISTERS/domain-e-cdial-loan-candidates.csv","DATA","SRC-059","CONTRIBUTING","","IG-SRC-059",""
"CS-1013","DE-CAND-251","03-REGISTERS/domain-e-cdial-loan-candidates.csv","DATA","SRC-022","CONTRIBUTING","","IG-SRC-021",""
"CS-1014","DE-CAND-251","03-REGISTERS/domain-e-cdial-loan-candidates.csv","DATA","SRC-023","CONTRIBUTING","","IG-SRC-019",""
"CS-1015","DE-CAND-252","03-REGISTERS/domain-e-cdial-loan-candidates.csv","DATA","SRC-065","CONTRIBUTING","","IG-SRC-056",""
"CS-1016","DE-CAND-252","03-REGISTERS/domain-e-cdial-loan-candidates.csv","DATA","SRC-059","CONTRIBUTING","","IG-SRC-059",""
"CS-1017","DE-CAND-252","03-REGISTERS/domain-e-cdial-loan-candidates.csv","DATA","SRC-022","CONTRIBUTING","","IG-SRC-021",""
"CS-1018","DE-CAND-252","03-REGISTERS/domain-e-cdial-loan-candidates.csv","DATA","SRC-023","CONTRIBUTING","","IG-SRC-019",""
"CS-1019","DE-CAND-253","03-REGISTERS/domain-e-cdial-loan-candidates.csv","DATA","SRC-065","CONTRIBUTING","","IG-SRC-056",""
"CS-1020","DE-CAND-253","03-REGISTERS/domain-e-cdial-loan-candidates.csv","DATA","SRC-059","CONTRIBUTING","","IG-SRC-059",""
"CS-1021","DE-CAND-253","03-REGISTERS/domain-e-cdial-loan-candidates.csv","DATA","SRC-022","CONTRIBUTING","","IG-SRC-021",""
"CS-1022","DE-CAND-253","03-REGISTERS/domain-e-cdial-loan-candidates.csv","DATA","SRC-023","CONTRIBUTING","","IG-SRC-019",""
"CS-1023","DE-CAND-254","03-REGISTERS/domain-e-cdial-loan-candidates.csv","DATA","SRC-065","CONTRIBUTING","","IG-SRC-056",""
"CS-1024","DE-CAND-254","03-REGISTERS/domain-e-cdial-loan-candidates.csv","DATA","SRC-059","CONTRIBUTING","","IG-SRC-059",""
"CS-1025","DE-CAND-254","03-REGISTERS/domain-e-cdial-loan-candidates.csv","DATA","SRC-022","CONTRIBUTING","","IG-SRC-021",""
"CS-1026","DE-CAND-254","03-REGISTERS/domain-e-cdial-loan-candidates.csv","DATA","SRC-023","CONTRIBUTING","","IG-SRC-019",""
"CS-1027","DE-CAND-255","03-REGISTERS/domain-e-cdial-loan-candidates.csv","DATA","SRC-065","CONTRIBUTING","","IG-SRC-056",""
"CS-1028","DE-CAND-255","03-REGISTERS/domain-e-cdial-loan-candidates.csv","DATA","SRC-059","CONTRIBUTING","","IG-SRC-059",""
"CS-1029","DE-CAND-255","03-REGISTERS/domain-e-cdial-loan-candidates.csv","DATA","SRC-022","CONTRIBUTING","","IG-SRC-021",""
"CS-1030","DE-CAND-255","03-REGISTERS/domain-e-cdial-loan-candidates.csv","DATA","SRC-023","CONTRIBUTING","","IG-SRC-019",""
"CS-1031","DE-CAND-256","03-REGISTERS/domain-e-cdial-loan-candidates.csv","DATA","SRC-065","CONTRIBUTING","","IG-SRC-056",""
"CS-1032","DE-CAND-256","03-REGISTERS/domain-e-cdial-loan-candidates.csv","DATA","SRC-059","CONTRIBUTING","","IG-SRC-059",""
"CS-1033","DE-CAND-256","03-REGISTERS/domain-e-cdial-loan-candidates.csv","DATA","SRC-022","CONTRIBUTING","","IG-SRC-021",""
"CS-1034","DE-CAND-256","03-REGISTERS/domain-e-cdial-loan-candidates.csv","DATA","SRC-023","CONTRIBUTING","","IG-SRC-019",""
"CS-1035","DE-CAND-257","03-REGISTERS/domain-e-cdial-loan-candidates.csv","DATA","SRC-065","CONTRIBUTING","","IG-SRC-056",""
"CS-1036","DE-CAND-257","03-REGISTERS/domain-e-cdial-loan-candidates.csv","DATA","SRC-059","CONTRIBUTING","","IG-SRC-059",""
"CS-1037","DE-CAND-257","03-REGISTERS/domain-e-cdial-loan-candidates.csv","DATA","SRC-022","CONTRIBUTING","","IG-SRC-021",""
"CS-1038","DE-CAND-257","03-REGISTERS/domain-e-cdial-loan-candidates.csv","DATA","SRC-023","CONTRIBUTING","","IG-SRC-019",""
"CS-1039","DE-CAND-258","03-REGISTERS/domain-e-cdial-loan-candidates.csv","DATA","SRC-065","CONTRIBUTING","","IG-SRC-056",""
"CS-1040","DE-CAND-258","03-REGISTERS/domain-e-cdial-loan-candidates.csv","DATA","SRC-059","CONTRIBUTING","","IG-SRC-059",""
"CS-1041","DE-CAND-258","03-REGISTERS/domain-e-cdial-loan-candidates.csv","DATA","SRC-022","CONTRIBUTING","","IG-SRC-021",""
"CS-1042","DE-CAND-258","03-REGISTERS/domain-e-cdial-loan-candidates.csv","DATA","SRC-023","CONTRIBUTING","","IG-SRC-019",""
"CS-1043","DE-CAND-259","03-REGISTERS/domain-e-cdial-loan-candidates.csv","DATA","SRC-065","CONTRIBUTING","","IG-SRC-056",""
"CS-1044","DE-CAND-259","03-REGISTERS/domain-e-cdial-loan-candidates.csv","DATA","SRC-059","CONTRIBUTING","","IG-SRC-059",""
"CS-1045","DE-CAND-259","03-REGISTERS/domain-e-cdial-loan-candidates.csv","DATA","SRC-022","CONTRIBUTING","","IG-SRC-021",""
"CS-1046","DE-CAND-259","03-REGISTERS/domain-e-cdial-loan-candidates.csv","DATA","SRC-023","CONTRIBUTING","","IG-SRC-019",""
"CS-1047","DE-CAND-260","03-REGISTERS/domain-e-cdial-loan-candidates.csv","DATA","SRC-065","CONTRIBUTING","","IG-SRC-056",""
"CS-1048","DE-CAND-260","03-REGISTERS/domain-e-cdial-loan-candidates.csv","DATA","SRC-059","CONTRIBUTING","","IG-SRC-059",""
"CS-1049","DE-CAND-260","03-REGISTERS/domain-e-cdial-loan-candidates.csv","DATA","SRC-022","CONTRIBUTING","","IG-SRC-021",""
"CS-1050","DE-CAND-260","03-REGISTERS/domain-e-cdial-loan-candidates.csv","DATA","SRC-023","CONTRIBUTING","","IG-SRC-019",""
"CS-1051","DE-CAND-261","03-REGISTERS/domain-e-cdial-loan-candidates.csv","DATA","SRC-065","CONTRIBUTING","","IG-SRC-056",""
"CS-1052","DE-CAND-261","03-REGISTERS/domain-e-cdial-loan-candidates.csv","DATA","SRC-059","CONTRIBUTING","","IG-SRC-059",""
"CS-1053","DE-CAND-261","03-REGISTERS/domain-e-cdial-loan-candidates.csv","DATA","SRC-022","CONTRIBUTING","","IG-SRC-021",""
"CS-1054","DE-CAND-261","03-REGISTERS/domain-e-cdial-loan-candidates.csv","DATA","SRC-023","CONTRIBUTING","","IG-SRC-019",""
"CS-1055","DE-CAND-262","03-REGISTERS/domain-e-cdial-loan-candidates.csv","DATA","SRC-065","CONTRIBUTING","","IG-SRC-056",""
"CS-1056","DE-CAND-262","03-REGISTERS/domain-e-cdial-loan-candidates.csv","DATA","SRC-059","CONTRIBUTING","","IG-SRC-059",""
"CS-1057","DE-CAND-262","03-REGISTERS/domain-e-cdial-loan-candidates.csv","DATA","SRC-022","CONTRIBUTING","","IG-SRC-021",""
"CS-1058","DE-CAND-262","03-REGISTERS/domain-e-cdial-loan-candidates.csv","DATA","SRC-023","CONTRIBUTING","","IG-SRC-019",""
"CS-1059","DE-CAND-263","03-REGISTERS/domain-e-cdial-loan-candidates.csv","DATA","SRC-065","CONTRIBUTING","","IG-SRC-056",""
"CS-1060","DE-CAND-263","03-REGISTERS/domain-e-cdial-loan-candidates.csv","DATA","SRC-059","CONTRIBUTING","","IG-SRC-059",""
"CS-1061","DE-CAND-263","03-REGISTERS/domain-e-cdial-loan-candidates.csv","DATA","SRC-022","CONTRIBUTING","","IG-SRC-021",""
"CS-1062","DE-CAND-263","03-REGISTERS/domain-e-cdial-loan-candidates.csv","DATA","SRC-023","CONTRIBUTING","","IG-SRC-019",""
"CS-1063","DE-CAND-264","03-REGISTERS/domain-e-cdial-loan-candidates.csv","DATA","SRC-065","CONTRIBUTING","","IG-SRC-056",""
"CS-1064","DE-CAND-264","03-REGISTERS/domain-e-cdial-loan-candidates.csv","DATA","SRC-059","CONTRIBUTING","","IG-SRC-059",""
"CS-1065","DE-CAND-264","03-REGISTERS/domain-e-cdial-loan-candidates.csv","DATA","SRC-022","CONTRIBUTING","","IG-SRC-021",""
"CS-1066","DE-CAND-264","03-REGISTERS/domain-e-cdial-loan-candidates.csv","DATA","SRC-023","CONTRIBUTING","","IG-SRC-019",""
"CS-1067","DE-CAND-265","03-REGISTERS/domain-e-cdial-loan-candidates.csv","DATA","SRC-065","CONTRIBUTING","","IG-SRC-056",""
"CS-1068","DE-CAND-265","03-REGISTERS/domain-e-cdial-loan-candidates.csv","DATA","SRC-059","CONTRIBUTING","","IG-SRC-059",""
"CS-1069","DE-CAND-265","03-REGISTERS/domain-e-cdial-loan-candidates.csv","DATA","SRC-022","CONTRIBUTING","","IG-SRC-021",""
"CS-1070","DE-CAND-265","03-REGISTERS/domain-e-cdial-loan-candidates.csv","DATA","SRC-023","CONTRIBUTING","","IG-SRC-019",""
"CS-1071","DE-CAND-266","03-REGISTERS/domain-e-cdial-loan-candidates.csv","DATA","SRC-065","CONTRIBUTING","","IG-SRC-056",""
"CS-1072","DE-CAND-266","03-REGISTERS/domain-e-cdial-loan-candidates.csv","DATA","SRC-059","CONTRIBUTING","","IG-SRC-059",""
"CS-1073","DE-CAND-266","03-REGISTERS/domain-e-cdial-loan-candidates.csv","DATA","SRC-022","CONTRIBUTING","","IG-SRC-021",""
"CS-1074","DE-CAND-266","03-REGISTERS/domain-e-cdial-loan-candidates.csv","DATA","SRC-023","CONTRIBUTING","","IG-SRC-019",""
"CS-1075","DE-CAND-267","03-REGISTERS/domain-e-cdial-loan-candidates.csv","DATA","SRC-065","CONTRIBUTING","","IG-SRC-056",""
"CS-1076","DE-CAND-267","03-REGISTERS/domain-e-cdial-loan-candidates.csv","DATA","SRC-059","CONTRIBUTING","","IG-SRC-059",""
"CS-1077","DE-CAND-267","03-REGISTERS/domain-e-cdial-loan-candidates.csv","DATA","SRC-022","CONTRIBUTING","","IG-SRC-021",""
"CS-1078","DE-CAND-267","03-REGISTERS/domain-e-cdial-loan-candidates.csv","DATA","SRC-023","CONTRIBUTING","","IG-SRC-019",""
"CS-1079","DE-CAND-268","03-REGISTERS/domain-e-cdial-loan-candidates.csv","DATA","SRC-065","CONTRIBUTING","","IG-SRC-056",""
"CS-1080","DE-CAND-268","03-REGISTERS/domain-e-cdial-loan-candidates.csv","DATA","SRC-059","CONTRIBUTING","","IG-SRC-059",""
"CS-1081","DE-CAND-268","03-REGISTERS/domain-e-cdial-loan-candidates.csv","DATA","SRC-022","CONTRIBUTING","","IG-SRC-021",""
"CS-1082","DE-CAND-268","03-REGISTERS/domain-e-cdial-loan-candidates.csv","DATA","SRC-023","CONTRIBUTING","","IG-SRC-019",""
"CS-1083","DE-CAND-269","03-REGISTERS/domain-e-cdial-loan-candidates.csv","DATA","SRC-065","CONTRIBUTING","","IG-SRC-056",""
"CS-1084","DE-CAND-269","03-REGISTERS/domain-e-cdial-loan-candidates.csv","DATA","SRC-059","CONTRIBUTING","","IG-SRC-059",""
"CS-1085","DE-CAND-269","03-REGISTERS/domain-e-cdial-loan-candidates.csv","DATA","SRC-022","CONTRIBUTING","","IG-SRC-021",""
"CS-1086","DE-CAND-269","03-REGISTERS/domain-e-cdial-loan-candidates.csv","DATA","SRC-023","CONTRIBUTING","","IG-SRC-019",""
"CS-1087","DE-CAND-270","03-REGISTERS/domain-e-cdial-loan-candidates.csv","DATA","SRC-065","CONTRIBUTING","","IG-SRC-056",""
"CS-1088","DE-CAND-270","03-REGISTERS/domain-e-cdial-loan-candidates.csv","DATA","SRC-059","CONTRIBUTING","","IG-SRC-059",""
"CS-1089","DE-CAND-270","03-REGISTERS/domain-e-cdial-loan-candidates.csv","DATA","SRC-022","CONTRIBUTING","","IG-SRC-021",""
"CS-1090","DE-CAND-270","03-REGISTERS/domain-e-cdial-loan-candidates.csv","DATA","SRC-023","CONTRIBUTING","","IG-SRC-019",""
"CS-1091","DE-CAND-271","03-REGISTERS/domain-e-cdial-loan-candidates.csv","DATA","SRC-065","CONTRIBUTING","","IG-SRC-056",""
"CS-1092","DE-CAND-271","03-REGISTERS/domain-e-cdial-loan-candidates.csv","DATA","SRC-059","CONTRIBUTING","","IG-SRC-059",""
"CS-1093","DE-CAND-271","03-REGISTERS/domain-e-cdial-loan-candidates.csv","DATA","SRC-022","CONTRIBUTING","","IG-SRC-021",""
"CS-1094","DE-CAND-271","03-REGISTERS/domain-e-cdial-loan-candidates.csv","DATA","SRC-023","CONTRIBUTING","","IG-SRC-019",""
"CS-1095","DE-CAND-272","03-REGISTERS/domain-e-cdial-loan-candidates.csv","DATA","SRC-065","CONTRIBUTING","","IG-SRC-056",""
"CS-1096","DE-CAND-272","03-REGISTERS/domain-e-cdial-loan-candidates.csv","DATA","SRC-059","CONTRIBUTING","","IG-SRC-059",""
"CS-1097","DE-CAND-272","03-REGISTERS/domain-e-cdial-loan-candidates.csv","DATA","SRC-022","CONTRIBUTING","","IG-SRC-021",""
"CS-1098","DE-CAND-272","03-REGISTERS/domain-e-cdial-loan-candidates.csv","DATA","SRC-023","CONTRIBUTING","","IG-SRC-019",""
"CS-1099","DE-CAND-273","03-REGISTERS/domain-e-cdial-loan-candidates.csv","DATA","SRC-065","CONTRIBUTING","","IG-SRC-056",""
"CS-1100","DE-CAND-273","03-REGISTERS/domain-e-cdial-loan-candidates.csv","DATA","SRC-059","CONTRIBUTING","","IG-SRC-059",""
"CS-1101","DE-CAND-273","03-REGISTERS/domain-e-cdial-loan-candidates.csv","DATA","SRC-022","CONTRIBUTING","","IG-SRC-021",""
"CS-1102","DE-CAND-273","03-REGISTERS/domain-e-cdial-loan-candidates.csv","DATA","SRC-023","CONTRIBUTING","","IG-SRC-019",""
"CS-1103","DE-CAND-274","03-REGISTERS/domain-e-cdial-loan-candidates.csv","DATA","SRC-065","CONTRIBUTING","","IG-SRC-056",""
"CS-1104","DE-CAND-274","03-REGISTERS/domain-e-cdial-loan-candidates.csv","DATA","SRC-059","CONTRIBUTING","","IG-SRC-059",""
"CS-1105","DE-CAND-274","03-REGISTERS/domain-e-cdial-loan-candidates.csv","DATA","SRC-022","CONTRIBUTING","","IG-SRC-021",""
"CS-1106","DE-CAND-274","03-REGISTERS/domain-e-cdial-loan-candidates.csv","DATA","SRC-023","CONTRIBUTING","","IG-SRC-019",""
"CS-1107","DE-CAND-275","03-REGISTERS/domain-e-cdial-loan-candidates.csv","DATA","SRC-065","CONTRIBUTING","","IG-SRC-056",""
"CS-1108","DE-CAND-275","03-REGISTERS/domain-e-cdial-loan-candidates.csv","DATA","SRC-059","CONTRIBUTING","","IG-SRC-059",""
"CS-1109","DE-CAND-275","03-REGISTERS/domain-e-cdial-loan-candidates.csv","DATA","SRC-022","CONTRIBUTING","","IG-SRC-021",""
"CS-1110","DE-CAND-275","03-REGISTERS/domain-e-cdial-loan-candidates.csv","DATA","SRC-023","CONTRIBUTING","","IG-SRC-019",""
"CS-1111","DE-CAND-276","03-REGISTERS/domain-e-cdial-loan-candidates.csv","DATA","SRC-065","CONTRIBUTING","","IG-SRC-056",""
"CS-1112","DE-CAND-276","03-REGISTERS/domain-e-cdial-loan-candidates.csv","DATA","SRC-059","CONTRIBUTING","","IG-SRC-059",""
"CS-1113","DE-CAND-276","03-REGISTERS/domain-e-cdial-loan-candidates.csv","DATA","SRC-022","CONTRIBUTING","","IG-SRC-021",""
"CS-1114","DE-CAND-276","03-REGISTERS/domain-e-cdial-loan-candidates.csv","DATA","SRC-023","CONTRIBUTING","","IG-SRC-019",""
"CS-1115","DE-CAND-277","03-REGISTERS/domain-e-cdial-loan-candidates.csv","DATA","SRC-065","CONTRIBUTING","","IG-SRC-056",""
"CS-1116","DE-CAND-277","03-REGISTERS/domain-e-cdial-loan-candidates.csv","DATA","SRC-059","CONTRIBUTING","","IG-SRC-059",""
"CS-1117","DE-CAND-277","03-REGISTERS/domain-e-cdial-loan-candidates.csv","DATA","SRC-022","CONTRIBUTING","","IG-SRC-021",""
"CS-1118","DE-CAND-277","03-REGISTERS/domain-e-cdial-loan-candidates.csv","DATA","SRC-023","CONTRIBUTING","","IG-SRC-019",""
"CS-1119","DE-CAND-278","03-REGISTERS/domain-e-cdial-loan-candidates.csv","DATA","SRC-065","CONTRIBUTING","","IG-SRC-056",""
"CS-1120","DE-CAND-278","03-REGISTERS/domain-e-cdial-loan-candidates.csv","DATA","SRC-059","CONTRIBUTING","","IG-SRC-059",""
"CS-1121","DE-CAND-278","03-REGISTERS/domain-e-cdial-loan-candidates.csv","DATA","SRC-022","CONTRIBUTING","","IG-SRC-021",""
"CS-1122","DE-CAND-278","03-REGISTERS/domain-e-cdial-loan-candidates.csv","DATA","SRC-023","CONTRIBUTING","","IG-SRC-019",""
"CS-1123","DE-CAND-279","03-REGISTERS/domain-e-cdial-loan-candidates.csv","DATA","SRC-065","CONTRIBUTING","","IG-SRC-056",""
"CS-1124","DE-CAND-279","03-REGISTERS/domain-e-cdial-loan-candidates.csv","DATA","SRC-059","CONTRIBUTING","","IG-SRC-059",""
"CS-1125","DE-CAND-279","03-REGISTERS/domain-e-cdial-loan-candidates.csv","DATA","SRC-022","CONTRIBUTING","","IG-SRC-021",""
"CS-1126","DE-CAND-279","03-REGISTERS/domain-e-cdial-loan-candidates.csv","DATA","SRC-023","CONTRIBUTING","","IG-SRC-019",""
"CS-1127","DE-CAND-280","03-REGISTERS/domain-e-cdial-loan-candidates.csv","DATA","SRC-065","CONTRIBUTING","","IG-SRC-056",""
"CS-1128","DE-CAND-280","03-REGISTERS/domain-e-cdial-loan-candidates.csv","DATA","SRC-059","CONTRIBUTING","","IG-SRC-059",""
"CS-1129","DE-CAND-280","03-REGISTERS/domain-e-cdial-loan-candidates.csv","DATA","SRC-022","CONTRIBUTING","","IG-SRC-021",""
"CS-1130","DE-CAND-280","03-REGISTERS/domain-e-cdial-loan-candidates.csv","DATA","SRC-023","CONTRIBUTING","","IG-SRC-019",""
"CS-1131","DE-CAND-281","03-REGISTERS/domain-e-cdial-loan-candidates.csv","DATA","SRC-065","CONTRIBUTING","","IG-SRC-056",""
"CS-1132","DE-CAND-281","03-REGISTERS/domain-e-cdial-loan-candidates.csv","DATA","SRC-059","CONTRIBUTING","","IG-SRC-059",""
"CS-1133","DE-CAND-281","03-REGISTERS/domain-e-cdial-loan-candidates.csv","DATA","SRC-022","CONTRIBUTING","","IG-SRC-021",""
"CS-1134","DE-CAND-281","03-REGISTERS/domain-e-cdial-loan-candidates.csv","DATA","SRC-023","CONTRIBUTING","","IG-SRC-019",""
"CS-1135","DE-CAND-282","03-REGISTERS/domain-e-cdial-loan-candidates.csv","DATA","SRC-065","CONTRIBUTING","","IG-SRC-056",""
"CS-1136","DE-CAND-282","03-REGISTERS/domain-e-cdial-loan-candidates.csv","DATA","SRC-059","CONTRIBUTING","","IG-SRC-059",""
"CS-1137","DE-CAND-282","03-REGISTERS/domain-e-cdial-loan-candidates.csv","DATA","SRC-022","CONTRIBUTING","","IG-SRC-021",""
"CS-1138","DE-CAND-282","03-REGISTERS/domain-e-cdial-loan-candidates.csv","DATA","SRC-023","CONTRIBUTING","","IG-SRC-019",""
"CS-1139","DE-CAND-283","03-REGISTERS/domain-e-cdial-loan-candidates.csv","DATA","SRC-065","CONTRIBUTING","","IG-SRC-056",""
"CS-1140","DE-CAND-283","03-REGISTERS/domain-e-cdial-loan-candidates.csv","DATA","SRC-059","CONTRIBUTING","","IG-SRC-059",""
"CS-1141","DE-CAND-283","03-REGISTERS/domain-e-cdial-loan-candidates.csv","DATA","SRC-022","CONTRIBUTING","","IG-SRC-021",""
"CS-1142","DE-CAND-283","03-REGISTERS/domain-e-cdial-loan-candidates.csv","DATA","SRC-023","CONTRIBUTING","","IG-SRC-019",""
"CS-1143","DE-CAND-284","03-REGISTERS/domain-e-cdial-loan-candidates.csv","DATA","SRC-065","CONTRIBUTING","","IG-SRC-056",""
"CS-1144","DE-CAND-284","03-REGISTERS/domain-e-cdial-loan-candidates.csv","DATA","SRC-059","CONTRIBUTING","","IG-SRC-059",""
"CS-1145","DE-CAND-284","03-REGISTERS/domain-e-cdial-loan-candidates.csv","DATA","SRC-022","CONTRIBUTING","","IG-SRC-021",""
"CS-1146","DE-CAND-284","03-REGISTERS/domain-e-cdial-loan-candidates.csv","DATA","SRC-023","CONTRIBUTING","","IG-SRC-019",""
"CS-1147","DE-CAND-285","03-REGISTERS/domain-e-cdial-loan-candidates.csv","DATA","SRC-065","CONTRIBUTING","","IG-SRC-056",""
"CS-1148","DE-CAND-285","03-REGISTERS/domain-e-cdial-loan-candidates.csv","DATA","SRC-059","CONTRIBUTING","","IG-SRC-059",""
"CS-1149","DE-CAND-285","03-REGISTERS/domain-e-cdial-loan-candidates.csv","DATA","SRC-022","CONTRIBUTING","","IG-SRC-021",""
"CS-1150","DE-CAND-285","03-REGISTERS/domain-e-cdial-loan-candidates.csv","DATA","SRC-023","CONTRIBUTING","","IG-SRC-019",""
"CS-1151","DE-CAND-286","03-REGISTERS/domain-e-cdial-loan-candidates.csv","DATA","SRC-065","CONTRIBUTING","","IG-SRC-056",""
"CS-1152","DE-CAND-286","03-REGISTERS/domain-e-cdial-loan-candidates.csv","DATA","SRC-059","CONTRIBUTING","","IG-SRC-059",""
"CS-1153","DE-CAND-286","03-REGISTERS/domain-e-cdial-loan-candidates.csv","DATA","SRC-022","CONTRIBUTING","","IG-SRC-021",""
"CS-1154","DE-CAND-286","03-REGISTERS/domain-e-cdial-loan-candidates.csv","DATA","SRC-023","CONTRIBUTING","","IG-SRC-019",""
"CS-1155","DE-CAND-287","03-REGISTERS/domain-e-cdial-loan-candidates.csv","DATA","SRC-065","CONTRIBUTING","","IG-SRC-056",""
"CS-1156","DE-CAND-287","03-REGISTERS/domain-e-cdial-loan-candidates.csv","DATA","SRC-059","CONTRIBUTING","","IG-SRC-059",""
"CS-1157","DE-CAND-287","03-REGISTERS/domain-e-cdial-loan-candidates.csv","DATA","SRC-022","CONTRIBUTING","","IG-SRC-021",""
"CS-1158","DE-CAND-287","03-REGISTERS/domain-e-cdial-loan-candidates.csv","DATA","SRC-023","CONTRIBUTING","","IG-SRC-019",""
"CS-1159","DE-CAND-288","03-REGISTERS/domain-e-cdial-loan-candidates.csv","DATA","SRC-065","CONTRIBUTING","","IG-SRC-056",""
"CS-1160","DE-CAND-288","03-REGISTERS/domain-e-cdial-loan-candidates.csv","DATA","SRC-059","CONTRIBUTING","","IG-SRC-059",""
"CS-1161","DE-CAND-288","03-REGISTERS/domain-e-cdial-loan-candidates.csv","DATA","SRC-022","CONTRIBUTING","","IG-SRC-021",""
"CS-1162","DE-CAND-288","03-REGISTERS/domain-e-cdial-loan-candidates.csv","DATA","SRC-023","CONTRIBUTING","","IG-SRC-019",""
"CS-1163","DE-CAND-289","03-REGISTERS/domain-e-cdial-loan-candidates.csv","DATA","SRC-065","CONTRIBUTING","","IG-SRC-056",""
"CS-1164","DE-CAND-289","03-REGISTERS/domain-e-cdial-loan-candidates.csv","DATA","SRC-059","CONTRIBUTING","","IG-SRC-059",""
"CS-1165","DE-CAND-289","03-REGISTERS/domain-e-cdial-loan-candidates.csv","DATA","SRC-022","CONTRIBUTING","","IG-SRC-021",""
"CS-1166","DE-CAND-289","03-REGISTERS/domain-e-cdial-loan-candidates.csv","DATA","SRC-023","CONTRIBUTING","","IG-SRC-019",""
"CS-1167","DME-001","03-REGISTERS/domain-e-claims.csv","CLAIM","SRC-047","SOLE","git rev-parse HEAD; sha256sum; 04-AUDITS/rv-token-extract.py output line count","IG-SRC-047",""
"CS-1168","DME-002","03-REGISTERS/domain-e-claims.csv","CLAIM","SRC-019","CONTRIBUTING","04-AUDITS/rv-retroflex-classify.py, 04-AUDITS/rv-retroflex-aggregate.py, field ""lemma"" over rv_tokens_vedaweb.tsv","IG-SRC-019",""
"CS-1169","DME-002","03-REGISTERS/domain-e-claims.csv","CLAIM","SRC-022","CONTRIBUTING","04-AUDITS/rv-retroflex-classify.py, 04-AUDITS/rv-retroflex-aggregate.py, field ""lemma"" over rv_tokens_vedaweb.tsv","IG-SRC-021",""
"CS-1170","DME-002","03-REGISTERS/domain-e-claims.csv","CLAIM","SRC-023","CONTRIBUTING","04-AUDITS/rv-retroflex-classify.py, 04-AUDITS/rv-retroflex-aggregate.py, field ""lemma"" over rv_tokens_vedaweb.tsv","IG-SRC-019",""
"CS-1171","DME-002","03-REGISTERS/domain-e-claims.csv","CLAIM","SRC-047","CONTRIBUTING","04-AUDITS/rv-retroflex-classify.py, 04-AUDITS/rv-retroflex-aggregate.py, field ""lemma"" over rv_tokens_vedaweb.tsv","IG-SRC-047",""
"CS-1172","DME-003","03-REGISTERS/domain-e-claims.csv","CLAIM","SRC-019","CONTRIBUTING","04-AUDITS/rv-retroflex-classify.py, output rv_retroflex-segments.tsv, one row per retroflex segment with its rule","IG-SRC-019",""
"CS-1173","DME-003","03-REGISTERS/domain-e-claims.csv","CLAIM","SRC-022","CONTRIBUTING","04-AUDITS/rv-retroflex-classify.py, output rv_retroflex-segments.tsv, one row per retroflex segment with its rule","IG-SRC-021",""
"CS-1174","DME-003","03-REGISTERS/domain-e-claims.csv","CLAIM","SRC-023","CONTRIBUTING","04-AUDITS/rv-retroflex-classify.py, output rv_retroflex-segments.tsv, one row per retroflex segment with its rule","IG-SRC-019",""
"CS-1175","DME-003","03-REGISTERS/domain-e-claims.csv","CLAIM","SRC-047","CONTRIBUTING","04-AUDITS/rv-retroflex-classify.py, output rv_retroflex-segments.tsv, one row per retroflex segment with its rule","IG-SRC-047",""
"CS-1176","DME-004","03-REGISTERS/domain-e-claims.csv","CLAIM","SRC-019","CONTRIBUTING","rv_retroflex-lemmas.tsv, column ""category"" = UNCONDITIONED; listed individually in 03-REGISTERS/domain-e-retroflex-residue.csv","IG-SRC-019",""
"CS-1177","DME-004","03-REGISTERS/domain-e-claims.csv","CLAIM","SRC-022","CONTRIBUTING","rv_retroflex-lemmas.tsv, column ""category"" = UNCONDITIONED; listed individually in 03-REGISTERS/domain-e-retroflex-residue.csv","IG-SRC-021",""
"CS-1178","DME-004","03-REGISTERS/domain-e-claims.csv","CLAIM","SRC-023","CONTRIBUTING","rv_retroflex-lemmas.tsv, column ""category"" = UNCONDITIONED; listed individually in 03-REGISTERS/domain-e-retroflex-residue.csv","IG-SRC-019",""
"CS-1179","DME-004","03-REGISTERS/domain-e-claims.csv","CLAIM","SRC-047","CONTRIBUTING","rv_retroflex-lemmas.tsv, column ""category"" = UNCONDITIONED; listed individually in 03-REGISTERS/domain-e-retroflex-residue.csv","IG-SRC-047",""
"CS-1180","DME-005","03-REGISTERS/domain-e-claims.csv","CLAIM","SRC-019","CONTRIBUTING","rv_retroflex-lemmas.tsv, category counts in rv_retroflex-summary.json","IG-SRC-019",""
"CS-1181","DME-005","03-REGISTERS/domain-e-claims.csv","CLAIM","SRC-022","CONTRIBUTING","rv_retroflex-lemmas.tsv, category counts in rv_retroflex-summary.json","IG-SRC-021",""
"CS-1182","DME-005","03-REGISTERS/domain-e-claims.csv","CLAIM","SRC-023","CONTRIBUTING","rv_retroflex-lemmas.tsv, category counts in rv_retroflex-summary.json","IG-SRC-019",""
"CS-1183","DME-005","03-REGISTERS/domain-e-claims.csv","CLAIM","SRC-047","CONTRIBUTING","rv_retroflex-lemmas.tsv, category counts in rv_retroflex-summary.json","IG-SRC-047",""
"CS-1184","DME-006","03-REGISTERS/domain-e-claims.csv","CLAIM","SRC-019","CONTRIBUTING","rv_retroflex-segments.tsv grouped by (phoneme, verdict, rule)","IG-SRC-019",""
"CS-1185","DME-006","03-REGISTERS/domain-e-claims.csv","CLAIM","SRC-022","CONTRIBUTING","rv_retroflex-segments.tsv grouped by (phoneme, verdict, rule)","IG-SRC-021",""
"CS-1186","DME-006","03-REGISTERS/domain-e-claims.csv","CLAIM","SRC-023","CONTRIBUTING","rv_retroflex-segments.tsv grouped by (phoneme, verdict, rule)","IG-SRC-019",""
"CS-1187","DME-006","03-REGISTERS/domain-e-claims.csv","CLAIM","SRC-047","CONTRIBUTING","rv_retroflex-segments.tsv grouped by (phoneme, verdict, rule)","IG-SRC-047",""
"CS-1188","DME-007","03-REGISTERS/domain-e-claims.csv","CLAIM","SRC-019","CONTRIBUTING","rv_retroflex-lemmas.tsv, first element of the ""segments"" field, over all 10,031 lemmas","IG-SRC-019",""
"CS-1189","DME-007","03-REGISTERS/domain-e-claims.csv","CLAIM","SRC-022","CONTRIBUTING","rv_retroflex-lemmas.tsv, first element of the ""segments"" field, over all 10,031 lemmas","IG-SRC-021",""
"CS-1190","DME-007","03-REGISTERS/domain-e-claims.csv","CLAIM","SRC-023","CONTRIBUTING","rv_retroflex-lemmas.tsv, first element of the ""segments"" field, over all 10,031 lemmas","IG-SRC-019",""
"CS-1191","DME-007","03-REGISTERS/domain-e-claims.csv","CLAIM","SRC-047","CONTRIBUTING","rv_retroflex-lemmas.tsv, first element of the ""segments"" field, over all 10,031 lemmas","IG-SRC-047",""
"CS-1192","DME-008","03-REGISTERS/domain-e-claims.csv","CLAIM","SRC-019","CONTRIBUTING","04-AUDITS/rv-retroflex-aggregate.py, ""type level"" table; 8,449 lemmas with a single majority stratum, 1,582 tied and excluded","IG-SRC-019",""
"CS-1193","DME-008","03-REGISTERS/domain-e-claims.csv","CLAIM","SRC-022","CONTRIBUTING","04-AUDITS/rv-retroflex-aggregate.py, ""type level"" table; 8,449 lemmas with a single majority stratum, 1,582 tied and excluded","IG-SRC-021",""
"CS-1194","DME-008","03-REGISTERS/domain-e-claims.csv","CLAIM","SRC-023","CONTRIBUTING","04-AUDITS/rv-retroflex-aggregate.py, ""type level"" table; 8,449 lemmas with a single majority stratum, 1,582 tied and excluded","IG-SRC-019",""
"CS-1195","DME-008","03-REGISTERS/domain-e-claims.csv","CLAIM","SRC-047","CONTRIBUTING","04-AUDITS/rv-retroflex-aggregate.py, ""type level"" table; 8,449 lemmas with a single majority stratum, 1,582 tied and excluded","IG-SRC-047",""
"CS-1196","DME-008","03-REGISTERS/domain-e-claims.csv","CLAIM","SRC-026","CONTRIBUTING","04-AUDITS/rv-retroflex-aggregate.py, ""type level"" table; 8,449 lemmas with a single majority stratum, 1,582 tied and excluded","IG-SRC-019",""
"CS-1197","DME-009","03-REGISTERS/domain-e-claims.csv","CLAIM","SRC-019","CONTRIBUTING","04-AUDITS/rv-retroflex-aggregate.py, ""token level, by Arnold stratum""","IG-SRC-019",""
"CS-1198","DME-009","03-REGISTERS/domain-e-claims.csv","CLAIM","SRC-022","CONTRIBUTING","04-AUDITS/rv-retroflex-aggregate.py, ""token level, by Arnold stratum""","IG-SRC-021",""
"CS-1199","DME-009","03-REGISTERS/domain-e-claims.csv","CLAIM","SRC-023","CONTRIBUTING","04-AUDITS/rv-retroflex-aggregate.py, ""token level, by Arnold stratum""","IG-SRC-019",""
"CS-1200","DME-009","03-REGISTERS/domain-e-claims.csv","CLAIM","SRC-047","CONTRIBUTING","04-AUDITS/rv-retroflex-aggregate.py, ""token level, by Arnold stratum""","IG-SRC-047",""
"CS-1201","DME-009","03-REGISTERS/domain-e-claims.csv","CLAIM","SRC-026","CONTRIBUTING","04-AUDITS/rv-retroflex-aggregate.py, ""token level, by Arnold stratum""","IG-SRC-019",""
"CS-1202","DME-010","03-REGISTERS/domain-e-claims.csv","CLAIM","SRC-019","CONTRIBUTING","04-AUDITS/rv-retroflex-aggregate.py plus the trend computation recorded in 04-AUDITS/domain-e-method.md §5","IG-SRC-019",""
"CS-1203","DME-010","03-REGISTERS/domain-e-claims.csv","CLAIM","SRC-022","CONTRIBUTING","04-AUDITS/rv-retroflex-aggregate.py plus the trend computation recorded in 04-AUDITS/domain-e-method.md §5","IG-SRC-021",""
"CS-1204","DME-010","03-REGISTERS/domain-e-claims.csv","CLAIM","SRC-023","CONTRIBUTING","04-AUDITS/rv-retroflex-aggregate.py plus the trend computation recorded in 04-AUDITS/domain-e-method.md §5","IG-SRC-019",""
"CS-1205","DME-010","03-REGISTERS/domain-e-claims.csv","CLAIM","SRC-047","CONTRIBUTING","04-AUDITS/rv-retroflex-aggregate.py plus the trend computation recorded in 04-AUDITS/domain-e-method.md §5","IG-SRC-047",""
"CS-1206","DME-010","03-REGISTERS/domain-e-claims.csv","CLAIM","SRC-026","CONTRIBUTING","04-AUDITS/rv-retroflex-aggregate.py plus the trend computation recorded in 04-AUDITS/domain-e-method.md §5","IG-SRC-019",""
"CS-1207","DME-011","03-REGISTERS/domain-e-claims.csv","CLAIM","SRC-019","CONTRIBUTING","04-AUDITS/rv-retroflex-aggregate.py, ""token level, by book""","IG-SRC-019",""
"CS-1208","DME-011","03-REGISTERS/domain-e-claims.csv","CLAIM","SRC-022","CONTRIBUTING","04-AUDITS/rv-retroflex-aggregate.py, ""token level, by book""","IG-SRC-021",""
"CS-1209","DME-011","03-REGISTERS/domain-e-claims.csv","CLAIM","SRC-023","CONTRIBUTING","04-AUDITS/rv-retroflex-aggregate.py, ""token level, by book""","IG-SRC-019",""
"CS-1210","DME-011","03-REGISTERS/domain-e-claims.csv","CLAIM","SRC-047","CONTRIBUTING","04-AUDITS/rv-retroflex-aggregate.py, ""token level, by book""","IG-SRC-047",""
"CS-1211","DME-012","03-REGISTERS/domain-e-claims.csv","CLAIM","SRC-019","CONTRIBUTING","04-AUDITS/rv-retroflex-aggregate.py, ""lemmas confined to one part of the corpus""","IG-SRC-019",""
"CS-1212","DME-012","03-REGISTERS/domain-e-claims.csv","CLAIM","SRC-022","CONTRIBUTING","04-AUDITS/rv-retroflex-aggregate.py, ""lemmas confined to one part of the corpus""","IG-SRC-021",""
"CS-1213","DME-012","03-REGISTERS/domain-e-claims.csv","CLAIM","SRC-023","CONTRIBUTING","04-AUDITS/rv-retroflex-aggregate.py, ""lemmas confined to one part of the corpus""","IG-SRC-019",""
"CS-1214","DME-012","03-REGISTERS/domain-e-claims.csv","CLAIM","SRC-047","CONTRIBUTING","04-AUDITS/rv-retroflex-aggregate.py, ""lemmas confined to one part of the corpus""","IG-SRC-047",""
"CS-1215","DME-013","03-REGISTERS/domain-e-claims.csv","CLAIM","SRC-019","CONTRIBUTING","04-AUDITS/rv-retroflex-aggregate.py, sub-typology table; per-lemma in 03-REGISTERS/domain-e-retroflex-residue.csv column formal_class","IG-SRC-019",""
"CS-1216","DME-013","03-REGISTERS/domain-e-claims.csv","CLAIM","SRC-022","CONTRIBUTING","04-AUDITS/rv-retroflex-aggregate.py, sub-typology table; per-lemma in 03-REGISTERS/domain-e-retroflex-residue.csv column formal_class","IG-SRC-021",""
"CS-1217","DME-013","03-REGISTERS/domain-e-claims.csv","CLAIM","SRC-023","CONTRIBUTING","04-AUDITS/rv-retroflex-aggregate.py, sub-typology table; per-lemma in 03-REGISTERS/domain-e-retroflex-residue.csv column formal_class","IG-SRC-019",""
"CS-1218","DME-013","03-REGISTERS/domain-e-claims.csv","CLAIM","SRC-047","CONTRIBUTING","04-AUDITS/rv-retroflex-aggregate.py, sub-typology table; per-lemma in 03-REGISTERS/domain-e-retroflex-residue.csv column formal_class","IG-SRC-047",""
"CS-1219","DME-014","03-REGISTERS/domain-e-claims.csv","CLAIM","SRC-019","CONTRIBUTING","03-REGISTERS/domain-e-retroflex-residue.csv RES-003 and the táṣṭar- row; Zurich lemma and Grassmann gloss ""Zimmermann, Werkmeister""","IG-SRC-019",""
"CS-1220","DME-014","03-REGISTERS/domain-e-claims.csv","CLAIM","SRC-022","CONTRIBUTING","03-REGISTERS/domain-e-retroflex-residue.csv RES-003 and the táṣṭar- row; Zurich lemma and Grassmann gloss ""Zimmermann, Werkmeister""","IG-SRC-021",""
"CS-1221","DME-014","03-REGISTERS/domain-e-claims.csv","CLAIM","SRC-023","CONTRIBUTING","03-REGISTERS/domain-e-retroflex-residue.csv RES-003 and the táṣṭar- row; Zurich lemma and Grassmann gloss ""Zimmermann, Werkmeister""","IG-SRC-019",""
"CS-1222","DME-014","03-REGISTERS/domain-e-claims.csv","CLAIM","SRC-047","CONTRIBUTING","03-REGISTERS/domain-e-retroflex-residue.csv RES-003 and the táṣṭar- row; Zurich lemma and Grassmann gloss ""Zimmermann, Werkmeister""","IG-SRC-047",""
"CS-1223","DME-015","03-REGISTERS/domain-e-claims.csv","CLAIM","SRC-019","CONTRIBUTING","04-AUDITS/rv-hydronym-census.py; occurrence rows in 03-REGISTERS/domain-e-hydronyms.csv","IG-SRC-019",""
"CS-1224","DME-015","03-REGISTERS/domain-e-claims.csv","CLAIM","SRC-022","CONTRIBUTING","04-AUDITS/rv-hydronym-census.py; occurrence rows in 03-REGISTERS/domain-e-hydronyms.csv","IG-SRC-021",""
"CS-1225","DME-015","03-REGISTERS/domain-e-claims.csv","CLAIM","SRC-023","CONTRIBUTING","04-AUDITS/rv-hydronym-census.py; occurrence rows in 03-REGISTERS/domain-e-hydronyms.csv","IG-SRC-019",""
"CS-1226","DME-015","03-REGISTERS/domain-e-claims.csv","CLAIM","SRC-047","CONTRIBUTING","04-AUDITS/rv-hydronym-census.py; occurrence rows in 03-REGISTERS/domain-e-hydronyms.csv","IG-SRC-047",""
"CS-1227","DME-016","03-REGISTERS/domain-e-claims.csv","CLAIM","SRC-019","CONTRIBUTING","03-REGISTERS/domain-e-hydronyms.csv, occurrences with stanza prefix 10.075 compared against the rest","IG-SRC-019",""
"CS-1228","DME-016","03-REGISTERS/domain-e-claims.csv","CLAIM","SRC-022","CONTRIBUTING","03-REGISTERS/domain-e-hydronyms.csv, occurrences with stanza prefix 10.075 compared against the rest","IG-SRC-021",""
"CS-1229","DME-016","03-REGISTERS/domain-e-claims.csv","CLAIM","SRC-023","CONTRIBUTING","03-REGISTERS/domain-e-hydronyms.csv, occurrences with stanza prefix 10.075 compared against the rest","IG-SRC-019",""
"CS-1230","DME-016","03-REGISTERS/domain-e-claims.csv","CLAIM","SRC-047","CONTRIBUTING","03-REGISTERS/domain-e-hydronyms.csv, occurrences with stanza prefix 10.075 compared against the rest","IG-SRC-047",""
"CS-1231","DME-017","03-REGISTERS/domain-e-claims.csv","CLAIM","SRC-019","CONTRIBUTING","03-REGISTERS/domain-e-hydronyms.csv rows for those stanzas, arnold_stratum_code A","IG-SRC-019",""
"CS-1232","DME-017","03-REGISTERS/domain-e-claims.csv","CLAIM","SRC-022","CONTRIBUTING","03-REGISTERS/domain-e-hydronyms.csv rows for those stanzas, arnold_stratum_code A","IG-SRC-021",""
"CS-1233","DME-017","03-REGISTERS/domain-e-claims.csv","CLAIM","SRC-023","CONTRIBUTING","03-REGISTERS/domain-e-hydronyms.csv rows for those stanzas, arnold_stratum_code A","IG-SRC-019",""
"CS-1234","DME-017","03-REGISTERS/domain-e-claims.csv","CLAIM","SRC-047","CONTRIBUTING","03-REGISTERS/domain-e-hydronyms.csv rows for those stanzas, arnold_stratum_code A","IG-SRC-047",""
"CS-1235","DME-017","03-REGISTERS/domain-e-claims.csv","CLAIM","SRC-026","CONTRIBUTING","03-REGISTERS/domain-e-hydronyms.csv rows for those stanzas, arnold_stratum_code A","IG-SRC-019",""
"CS-1236","DME-018","03-REGISTERS/domain-e-claims.csv","CLAIM","SRC-019","CONTRIBUTING","03-REGISTERS/domain-e-hydronyms.csv, columns lemma and surface; the census matches accent-stripped surfaces for this reason","IG-SRC-019",""
"CS-1237","DME-018","03-REGISTERS/domain-e-claims.csv","CLAIM","SRC-022","CONTRIBUTING","03-REGISTERS/domain-e-hydronyms.csv, columns lemma and surface; the census matches accent-stripped surfaces for this reason","IG-SRC-021",""
"CS-1238","DME-018","03-REGISTERS/domain-e-claims.csv","CLAIM","SRC-023","CONTRIBUTING","03-REGISTERS/domain-e-hydronyms.csv, columns lemma and surface; the census matches accent-stripped surfaces for this reason","IG-SRC-019",""
"CS-1239","DME-018","03-REGISTERS/domain-e-claims.csv","CLAIM","SRC-047","CONTRIBUTING","03-REGISTERS/domain-e-hydronyms.csv, columns lemma and surface; the census matches accent-stripped surfaces for this reason","IG-SRC-047",""
"CS-1240","DME-019","03-REGISTERS/domain-e-claims.csv","CLAIM","SRC-019","CONTRIBUTING","derived from DME-003 and DME-005","IG-SRC-019",""
"CS-1241","DME-019","03-REGISTERS/domain-e-claims.csv","CLAIM","SRC-022","CONTRIBUTING","derived from DME-003 and DME-005","IG-SRC-021",""
"CS-1242","DME-019","03-REGISTERS/domain-e-claims.csv","CLAIM","SRC-023","CONTRIBUTING","derived from DME-003 and DME-005","IG-SRC-019",""
"CS-1243","DME-019","03-REGISTERS/domain-e-claims.csv","CLAIM","SRC-047","CONTRIBUTING","derived from DME-003 and DME-005","IG-SRC-047",""
"CS-1244","DME-020","03-REGISTERS/domain-e-claims.csv","CLAIM","SRC-019","CONTRIBUTING","DME-008 through DME-012","IG-SRC-019",""
"CS-1245","DME-020","03-REGISTERS/domain-e-claims.csv","CLAIM","SRC-022","CONTRIBUTING","DME-008 through DME-012","IG-SRC-021",""
"CS-1246","DME-020","03-REGISTERS/domain-e-claims.csv","CLAIM","SRC-023","CONTRIBUTING","DME-008 through DME-012","IG-SRC-019",""
"CS-1247","DME-020","03-REGISTERS/domain-e-claims.csv","CLAIM","SRC-047","CONTRIBUTING","DME-008 through DME-012","IG-SRC-047",""
"CS-1248","DME-020","03-REGISTERS/domain-e-claims.csv","CLAIM","SRC-026","CONTRIBUTING","DME-008 through DME-012","IG-SRC-019",""
"CS-1249","DME-021","03-REGISTERS/domain-e-claims.csv","CLAIM","SRC-019","CONTRIBUTING","DME-007","IG-SRC-019",""
"CS-1250","DME-021","03-REGISTERS/domain-e-claims.csv","CLAIM","SRC-022","CONTRIBUTING","DME-007","IG-SRC-021",""
"CS-1251","DME-021","03-REGISTERS/domain-e-claims.csv","CLAIM","SRC-023","CONTRIBUTING","DME-007","IG-SRC-019",""
"CS-1252","DME-021","03-REGISTERS/domain-e-claims.csv","CLAIM","SRC-047","CONTRIBUTING","DME-007","IG-SRC-047",""
"CS-1253","DME-022","03-REGISTERS/domain-e-claims.csv","CLAIM","SRC-019","CONTRIBUTING","DME-015 through DME-017","IG-SRC-019",""
"CS-1254","DME-022","03-REGISTERS/domain-e-claims.csv","CLAIM","SRC-022","CONTRIBUTING","DME-015 through DME-017","IG-SRC-021",""
"CS-1255","DME-022","03-REGISTERS/domain-e-claims.csv","CLAIM","SRC-023","CONTRIBUTING","DME-015 through DME-017","IG-SRC-019",""
"CS-1256","DME-022","03-REGISTERS/domain-e-claims.csv","CLAIM","SRC-047","CONTRIBUTING","DME-015 through DME-017","IG-SRC-047",""
"CS-1257","DME-023","03-REGISTERS/domain-e-claims.csv","CLAIM","SRC-019","CONTRIBUTING","DME-022 read against the attested distribution of Munda languages","IG-SRC-019",""
"CS-1258","DME-023","03-REGISTERS/domain-e-claims.csv","CLAIM","SRC-022","CONTRIBUTING","DME-022 read against the attested distribution of Munda languages","IG-SRC-021",""
"CS-1259","DME-023","03-REGISTERS/domain-e-claims.csv","CLAIM","SRC-023","CONTRIBUTING","DME-022 read against the attested distribution of Munda languages","IG-SRC-019",""
"CS-1260","DME-023","03-REGISTERS/domain-e-claims.csv","CLAIM","SRC-047","CONTRIBUTING","DME-022 read against the attested distribution of Munda languages","IG-SRC-047",""
"CS-1261","DME-024","03-REGISTERS/domain-e-claims.csv","CLAIM","SRC-019","CONTRIBUTING","03-REGISTERS/domain-e-retroflex-residue.csv, formal_class = F5-residue","IG-SRC-019",""
"CS-1262","DME-024","03-REGISTERS/domain-e-claims.csv","CLAIM","SRC-022","CONTRIBUTING","03-REGISTERS/domain-e-retroflex-residue.csv, formal_class = F5-residue","IG-SRC-021",""
"CS-1263","DME-024","03-REGISTERS/domain-e-claims.csv","CLAIM","SRC-023","CONTRIBUTING","03-REGISTERS/domain-e-retroflex-residue.csv, formal_class = F5-residue","IG-SRC-019",""
"CS-1264","DME-024","03-REGISTERS/domain-e-claims.csv","CLAIM","SRC-047","CONTRIBUTING","03-REGISTERS/domain-e-retroflex-residue.csv, formal_class = F5-residue","IG-SRC-047",""
"CS-1265","DME-025","03-REGISTERS/domain-e-claims.csv","CLAIM","SRC-037","CONTRIBUTING","05-HOLDS/HOLD-002-dedr-unreachable.md; 05-HOLDS/HOLD-003-para-munda-primary-statement.md","IG-SRC-037",""
"CS-1266","DME-025","03-REGISTERS/domain-e-claims.csv","CLAIM","SRC-040","CONTRIBUTING","05-HOLDS/HOLD-002-dedr-unreachable.md; 05-HOLDS/HOLD-003-para-munda-primary-statement.md","IG-SRC-040",""
"CS-1267","DME-025","03-REGISTERS/domain-e-claims.csv","CLAIM","SRC-041","CONTRIBUTING","05-HOLDS/HOLD-002-dedr-unreachable.md; 05-HOLDS/HOLD-003-para-munda-primary-statement.md","IG-SRC-041",""
"CS-1268","DME-025","03-REGISTERS/domain-e-claims.csv","CLAIM","SRC-043","CONTRIBUTING","05-HOLDS/HOLD-002-dedr-unreachable.md; 05-HOLDS/HOLD-003-para-munda-primary-statement.md","IG-SRC-043",""
"CS-1269","DME-026","03-REGISTERS/domain-e-claims.csv","CLAIM","SRC-037","CONTRIBUTING","This register in full; 03-REGISTERS/domain-e-hypothesis-eligibility.csv","IG-SRC-037",""
"CS-1270","DME-026","03-REGISTERS/domain-e-claims.csv","CLAIM","SRC-040","CONTRIBUTING","This register in full; 03-REGISTERS/domain-e-hypothesis-eligibility.csv","IG-SRC-040",""
"CS-1271","DME-026","03-REGISTERS/domain-e-claims.csv","CLAIM","SRC-043","CONTRIBUTING","This register in full; 03-REGISTERS/domain-e-hypothesis-eligibility.csv","IG-SRC-043",""
"CS-1272","DME-026","03-REGISTERS/domain-e-claims.csv","CLAIM","SRC-046","CONTRIBUTING","This register in full; 03-REGISTERS/domain-e-hypothesis-eligibility.csv","IG-SRC-046",""
"CS-1273","EM-01","03-REGISTERS/domain-e-evidence-mass.csv","DATA","SRC-061","SOLE","JAMBU data/dedr/dedr_new.csv, field 1","IG-SRC-056",""
"CS-1274","EM-02","03-REGISTERS/domain-e-evidence-mass.csv","DATA","SRC-061","SOLE","JAMBU data/dedr/dedr_new.csv, all rows","IG-SRC-056",""
"CS-1275","EM-03","03-REGISTERS/domain-e-evidence-mass.csv","DATA","SRC-061","SOLE","JAMBU data/dedr/dedr_new.csv, field 2","IG-SRC-056",""
"CS-1276","EM-04","03-REGISTERS/domain-e-evidence-mass.csv","DATA","SRC-067","SOLE","lexibank/dravlex @ 3757807, cldf/languages.csv","IG-SRC-067",""
"CS-1277","EM-05","03-REGISTERS/domain-e-evidence-mass.csv","DATA","SRC-067","SOLE","lexibank/dravlex @ 3757807, cldf/cognates.csv","IG-SRC-067",""
"CS-1278","EM-06","03-REGISTERS/domain-e-evidence-mass.csv","DATA","SRC-062","SOLE","JAMBU data/dedr/pdr.csv, field 3","IG-SRC-062",""
"CS-1279","EM-07","03-REGISTERS/domain-e-evidence-mass.csv","DATA","SRC-062","SOLE","JAMBU data/dedr/pdr.csv, field 2","IG-SRC-062",""
"CS-1280","EM-08","03-REGISTERS/domain-e-evidence-mass.csv","DATA","SRC-061","CONTRIBUTING","ratio of EM-07 to EM-03","IG-SRC-056",""
"CS-1281","EM-08","03-REGISTERS/domain-e-evidence-mass.csv","DATA","SRC-062","CONTRIBUTING","ratio of EM-07 to EM-03","IG-SRC-062",""
"CS-1282","EM-09","03-REGISTERS/domain-e-evidence-mass.csv","DATA","SRC-065","SOLE","JAMBU data/cdial/params.csv, entry text, regex '←...Drav.'","IG-SRC-056",""
"CS-1283","EM-10","03-REGISTERS/domain-e-evidence-mass.csv","DATA","SRC-065","SOLE","JAMBU data/cdial/params.csv, entry text, regex 'Drav.'","IG-SRC-056",""
"CS-1284","EM-11","03-REGISTERS/domain-e-evidence-mass.csv","DATA","SRC-063","SOLE","JAMBU data/munda/forms.csv, field 1 excluding PMu","IG-SRC-063",""
"CS-1285","EM-12","03-REGISTERS/domain-e-evidence-mass.csv","DATA","SRC-063","SOLE","JAMBU data/munda/forms.csv","IG-SRC-063",""
"CS-1286","EM-13","03-REGISTERS/domain-e-evidence-mass.csv","DATA","SRC-064","SOLE","JAMBU data/munda/rau_2019.csv, one row per etymon","IG-SRC-064",""
"CS-1287","EM-14","03-REGISTERS/domain-e-evidence-mass.csv","DATA","SRC-064","SOLE","JAMBU data/munda/rau_2019.csv, field mkcd_no","IG-SRC-064",""
"CS-1288","EM-15","03-REGISTERS/domain-e-evidence-mass.csv","DATA","SRC-064","SOLE","JAMBU data/munda/rau_2019.csv, field pinnow","IG-SRC-064",""
"CS-1289","EM-16","03-REGISTERS/domain-e-evidence-mass.csv","DATA","SRC-065","SOLE","JAMBU data/cdial/params.csv, entry text, regex '←...Muṇḍ'","IG-SRC-056",""
"CS-1290","EM-17","03-REGISTERS/domain-e-evidence-mass.csv","DATA","SRC-065","SOLE","JAMBU data/cdial/params.csv, entry text, regex 'Muṇḍ|Munda'","IG-SRC-056",""
"CS-1291","EM-18","03-REGISTERS/domain-e-evidence-mass.csv","DATA","SRC-065","SOLE","JAMBU data/cdial/params.csv, entry text, regex on 'orig. unknown|obscure|doubtful|non-Aryan'","IG-SRC-056",""
"CS-1292","EM-19","03-REGISTERS/domain-e-evidence-mass.csv","DATA","SRC-068","SOLE","05-HOLDS/HOLD-005-substrate-literature.md","IG-SRC-056",""
"CS-1293","EM-20","03-REGISTERS/domain-e-evidence-mass.csv","DATA","SRC-068","SOLE","05-HOLDS/HOLD-005-substrate-literature.md","IG-SRC-056",""
"CS-1294","EM-21","03-REGISTERS/domain-e-evidence-mass.csv","DATA","SRC-068","SOLE","05-HOLDS/HOLD-005-substrate-literature.md","IG-SRC-056",""
"CS-1295","EM-22","03-REGISTERS/domain-e-evidence-mass.csv","DATA","SRC-068","SOLE","05-HOLDS/HOLD-005-substrate-literature.md","IG-SRC-056",""
"CS-1296","HYD-001","03-REGISTERS/domain-e-hydronyms.csv","DATA","SRC-019","CONTRIBUTING","","IG-SRC-019",""
"CS-1297","HYD-001","03-REGISTERS/domain-e-hydronyms.csv","DATA","SRC-022","CONTRIBUTING","","IG-SRC-021",""
"CS-1298","HYD-001","03-REGISTERS/domain-e-hydronyms.csv","DATA","SRC-023","CONTRIBUTING","","IG-SRC-019",""
"CS-1299","HYD-001","03-REGISTERS/domain-e-hydronyms.csv","DATA","SRC-047","CONTRIBUTING","","IG-SRC-047",""
"CS-1300","HYD-002","03-REGISTERS/domain-e-hydronyms.csv","DATA","SRC-019","CONTRIBUTING","","IG-SRC-019",""
"CS-1301","HYD-002","03-REGISTERS/domain-e-hydronyms.csv","DATA","SRC-022","CONTRIBUTING","","IG-SRC-021",""
"CS-1302","HYD-002","03-REGISTERS/domain-e-hydronyms.csv","DATA","SRC-023","CONTRIBUTING","","IG-SRC-019",""
"CS-1303","HYD-002","03-REGISTERS/domain-e-hydronyms.csv","DATA","SRC-047","CONTRIBUTING","","IG-SRC-047",""
"CS-1304","HYD-003","03-REGISTERS/domain-e-hydronyms.csv","DATA","SRC-019","CONTRIBUTING","","IG-SRC-019",""
"CS-1305","HYD-003","03-REGISTERS/domain-e-hydronyms.csv","DATA","SRC-022","CONTRIBUTING","","IG-SRC-021",""
"CS-1306","HYD-003","03-REGISTERS/domain-e-hydronyms.csv","DATA","SRC-023","CONTRIBUTING","","IG-SRC-019",""
"CS-1307","HYD-003","03-REGISTERS/domain-e-hydronyms.csv","DATA","SRC-047","CONTRIBUTING","","IG-SRC-047",""
"CS-1308","HYD-004","03-REGISTERS/domain-e-hydronyms.csv","DATA","SRC-019","CONTRIBUTING","","IG-SRC-019",""
"CS-1309","HYD-004","03-REGISTERS/domain-e-hydronyms.csv","DATA","SRC-022","CONTRIBUTING","","IG-SRC-021",""
"CS-1310","HYD-004","03-REGISTERS/domain-e-hydronyms.csv","DATA","SRC-023","CONTRIBUTING","","IG-SRC-019",""
"CS-1311","HYD-004","03-REGISTERS/domain-e-hydronyms.csv","DATA","SRC-047","CONTRIBUTING","","IG-SRC-047",""
"CS-1312","HYD-005","03-REGISTERS/domain-e-hydronyms.csv","DATA","SRC-019","CONTRIBUTING","","IG-SRC-019",""
"CS-1313","HYD-005","03-REGISTERS/domain-e-hydronyms.csv","DATA","SRC-022","CONTRIBUTING","","IG-SRC-021",""
"CS-1314","HYD-005","03-REGISTERS/domain-e-hydronyms.csv","DATA","SRC-023","CONTRIBUTING","","IG-SRC-019",""
"CS-1315","HYD-005","03-REGISTERS/domain-e-hydronyms.csv","DATA","SRC-047","CONTRIBUTING","","IG-SRC-047",""
"CS-1316","HYD-006","03-REGISTERS/domain-e-hydronyms.csv","DATA","SRC-019","CONTRIBUTING","","IG-SRC-019",""
"CS-1317","HYD-006","03-REGISTERS/domain-e-hydronyms.csv","DATA","SRC-022","CONTRIBUTING","","IG-SRC-021",""
"CS-1318","HYD-006","03-REGISTERS/domain-e-hydronyms.csv","DATA","SRC-023","CONTRIBUTING","","IG-SRC-019",""
"CS-1319","HYD-006","03-REGISTERS/domain-e-hydronyms.csv","DATA","SRC-047","CONTRIBUTING","","IG-SRC-047",""
"CS-1320","HYD-007","03-REGISTERS/domain-e-hydronyms.csv","DATA","SRC-019","CONTRIBUTING","","IG-SRC-019",""
"CS-1321","HYD-007","03-REGISTERS/domain-e-hydronyms.csv","DATA","SRC-022","CONTRIBUTING","","IG-SRC-021",""
"CS-1322","HYD-007","03-REGISTERS/domain-e-hydronyms.csv","DATA","SRC-023","CONTRIBUTING","","IG-SRC-019",""
"CS-1323","HYD-007","03-REGISTERS/domain-e-hydronyms.csv","DATA","SRC-047","CONTRIBUTING","","IG-SRC-047",""
"CS-1324","HYD-008","03-REGISTERS/domain-e-hydronyms.csv","DATA","SRC-019","CONTRIBUTING","","IG-SRC-019",""
"CS-1325","HYD-008","03-REGISTERS/domain-e-hydronyms.csv","DATA","SRC-022","CONTRIBUTING","","IG-SRC-021",""
"CS-1326","HYD-008","03-REGISTERS/domain-e-hydronyms.csv","DATA","SRC-023","CONTRIBUTING","","IG-SRC-019",""
"CS-1327","HYD-008","03-REGISTERS/domain-e-hydronyms.csv","DATA","SRC-047","CONTRIBUTING","","IG-SRC-047",""
"CS-1328","HYD-009","03-REGISTERS/domain-e-hydronyms.csv","DATA","SRC-019","CONTRIBUTING","","IG-SRC-019",""
"CS-1329","HYD-009","03-REGISTERS/domain-e-hydronyms.csv","DATA","SRC-022","CONTRIBUTING","","IG-SRC-021",""
"CS-1330","HYD-009","03-REGISTERS/domain-e-hydronyms.csv","DATA","SRC-023","CONTRIBUTING","","IG-SRC-019",""
"CS-1331","HYD-009","03-REGISTERS/domain-e-hydronyms.csv","DATA","SRC-047","CONTRIBUTING","","IG-SRC-047",""
"CS-1332","HYD-010","03-REGISTERS/domain-e-hydronyms.csv","DATA","SRC-019","CONTRIBUTING","","IG-SRC-019",""
"CS-1333","HYD-010","03-REGISTERS/domain-e-hydronyms.csv","DATA","SRC-022","CONTRIBUTING","","IG-SRC-021",""
"CS-1334","HYD-010","03-REGISTERS/domain-e-hydronyms.csv","DATA","SRC-023","CONTRIBUTING","","IG-SRC-019",""
"CS-1335","HYD-010","03-REGISTERS/domain-e-hydronyms.csv","DATA","SRC-047","CONTRIBUTING","","IG-SRC-047",""
"CS-1336","HYD-011","03-REGISTERS/domain-e-hydronyms.csv","DATA","SRC-019","CONTRIBUTING","","IG-SRC-019",""
"CS-1337","HYD-011","03-REGISTERS/domain-e-hydronyms.csv","DATA","SRC-022","CONTRIBUTING","","IG-SRC-021",""
"CS-1338","HYD-011","03-REGISTERS/domain-e-hydronyms.csv","DATA","SRC-023","CONTRIBUTING","","IG-SRC-019",""
"CS-1339","HYD-011","03-REGISTERS/domain-e-hydronyms.csv","DATA","SRC-047","CONTRIBUTING","","IG-SRC-047",""
"CS-1340","HYD-012","03-REGISTERS/domain-e-hydronyms.csv","DATA","SRC-019","CONTRIBUTING","","IG-SRC-019",""
"CS-1341","HYD-012","03-REGISTERS/domain-e-hydronyms.csv","DATA","SRC-022","CONTRIBUTING","","IG-SRC-021",""
"CS-1342","HYD-012","03-REGISTERS/domain-e-hydronyms.csv","DATA","SRC-023","CONTRIBUTING","","IG-SRC-019",""
"CS-1343","HYD-012","03-REGISTERS/domain-e-hydronyms.csv","DATA","SRC-047","CONTRIBUTING","","IG-SRC-047",""
"CS-1344","HYD-013","03-REGISTERS/domain-e-hydronyms.csv","DATA","SRC-019","CONTRIBUTING","","IG-SRC-019",""
"CS-1345","HYD-013","03-REGISTERS/domain-e-hydronyms.csv","DATA","SRC-022","CONTRIBUTING","","IG-SRC-021",""
"CS-1346","HYD-013","03-REGISTERS/domain-e-hydronyms.csv","DATA","SRC-023","CONTRIBUTING","","IG-SRC-019",""
"CS-1347","HYD-013","03-REGISTERS/domain-e-hydronyms.csv","DATA","SRC-047","CONTRIBUTING","","IG-SRC-047",""
"CS-1348","HYD-014","03-REGISTERS/domain-e-hydronyms.csv","DATA","SRC-019","CONTRIBUTING","","IG-SRC-019",""
"CS-1349","HYD-014","03-REGISTERS/domain-e-hydronyms.csv","DATA","SRC-022","CONTRIBUTING","","IG-SRC-021",""
"CS-1350","HYD-014","03-REGISTERS/domain-e-hydronyms.csv","DATA","SRC-023","CONTRIBUTING","","IG-SRC-019",""
"CS-1351","HYD-014","03-REGISTERS/domain-e-hydronyms.csv","DATA","SRC-047","CONTRIBUTING","","IG-SRC-047",""
"CS-1352","HYD-015","03-REGISTERS/domain-e-hydronyms.csv","DATA","SRC-019","CONTRIBUTING","","IG-SRC-019",""
"CS-1353","HYD-015","03-REGISTERS/domain-e-hydronyms.csv","DATA","SRC-022","CONTRIBUTING","","IG-SRC-021",""
"CS-1354","HYD-015","03-REGISTERS/domain-e-hydronyms.csv","DATA","SRC-023","CONTRIBUTING","","IG-SRC-019",""
"CS-1355","HYD-015","03-REGISTERS/domain-e-hydronyms.csv","DATA","SRC-047","CONTRIBUTING","","IG-SRC-047",""
"CS-1356","HYD-016","03-REGISTERS/domain-e-hydronyms.csv","DATA","SRC-019","CONTRIBUTING","","IG-SRC-019",""
"CS-1357","HYD-016","03-REGISTERS/domain-e-hydronyms.csv","DATA","SRC-022","CONTRIBUTING","","IG-SRC-021",""
"CS-1358","HYD-016","03-REGISTERS/domain-e-hydronyms.csv","DATA","SRC-023","CONTRIBUTING","","IG-SRC-019",""
"CS-1359","HYD-016","03-REGISTERS/domain-e-hydronyms.csv","DATA","SRC-047","CONTRIBUTING","","IG-SRC-047",""
"CS-1360","HYD-017","03-REGISTERS/domain-e-hydronyms.csv","DATA","SRC-019","CONTRIBUTING","","IG-SRC-019",""
"CS-1361","HYD-017","03-REGISTERS/domain-e-hydronyms.csv","DATA","SRC-022","CONTRIBUTING","","IG-SRC-021",""
"CS-1362","HYD-017","03-REGISTERS/domain-e-hydronyms.csv","DATA","SRC-023","CONTRIBUTING","","IG-SRC-019",""
"CS-1363","HYD-017","03-REGISTERS/domain-e-hydronyms.csv","DATA","SRC-047","CONTRIBUTING","","IG-SRC-047",""
"CS-1364","HYD-018","03-REGISTERS/domain-e-hydronyms.csv","DATA","SRC-019","CONTRIBUTING","","IG-SRC-019",""
"CS-1365","HYD-018","03-REGISTERS/domain-e-hydronyms.csv","DATA","SRC-022","CONTRIBUTING","","IG-SRC-021",""
"CS-1366","HYD-018","03-REGISTERS/domain-e-hydronyms.csv","DATA","SRC-023","CONTRIBUTING","","IG-SRC-019",""
"CS-1367","HYD-018","03-REGISTERS/domain-e-hydronyms.csv","DATA","SRC-047","CONTRIBUTING","","IG-SRC-047",""
"CS-1368","HYD-019","03-REGISTERS/domain-e-hydronyms.csv","DATA","SRC-019","CONTRIBUTING","","IG-SRC-019",""
"CS-1369","HYD-019","03-REGISTERS/domain-e-hydronyms.csv","DATA","SRC-022","CONTRIBUTING","","IG-SRC-021",""
"CS-1370","HYD-019","03-REGISTERS/domain-e-hydronyms.csv","DATA","SRC-023","CONTRIBUTING","","IG-SRC-019",""
"CS-1371","HYD-019","03-REGISTERS/domain-e-hydronyms.csv","DATA","SRC-047","CONTRIBUTING","","IG-SRC-047",""
"CS-1372","HYD-020","03-REGISTERS/domain-e-hydronyms.csv","DATA","SRC-019","CONTRIBUTING","","IG-SRC-019",""
"CS-1373","HYD-020","03-REGISTERS/domain-e-hydronyms.csv","DATA","SRC-022","CONTRIBUTING","","IG-SRC-021",""
"CS-1374","HYD-020","03-REGISTERS/domain-e-hydronyms.csv","DATA","SRC-023","CONTRIBUTING","","IG-SRC-019",""
"CS-1375","HYD-020","03-REGISTERS/domain-e-hydronyms.csv","DATA","SRC-047","CONTRIBUTING","","IG-SRC-047",""
"CS-1376","HYD-021","03-REGISTERS/domain-e-hydronyms.csv","DATA","SRC-019","CONTRIBUTING","","IG-SRC-019",""
"CS-1377","HYD-021","03-REGISTERS/domain-e-hydronyms.csv","DATA","SRC-022","CONTRIBUTING","","IG-SRC-021",""
"CS-1378","HYD-021","03-REGISTERS/domain-e-hydronyms.csv","DATA","SRC-023","CONTRIBUTING","","IG-SRC-019",""
"CS-1379","HYD-021","03-REGISTERS/domain-e-hydronyms.csv","DATA","SRC-047","CONTRIBUTING","","IG-SRC-047",""
"CS-1380","HYD-022","03-REGISTERS/domain-e-hydronyms.csv","DATA","SRC-019","CONTRIBUTING","","IG-SRC-019",""
"CS-1381","HYD-022","03-REGISTERS/domain-e-hydronyms.csv","DATA","SRC-022","CONTRIBUTING","","IG-SRC-021",""
"CS-1382","HYD-022","03-REGISTERS/domain-e-hydronyms.csv","DATA","SRC-023","CONTRIBUTING","","IG-SRC-019",""
"CS-1383","HYD-022","03-REGISTERS/domain-e-hydronyms.csv","DATA","SRC-047","CONTRIBUTING","","IG-SRC-047",""
"CS-1384","HYD-023","03-REGISTERS/domain-e-hydronyms.csv","DATA","SRC-019","CONTRIBUTING","","IG-SRC-019",""
"CS-1385","HYD-023","03-REGISTERS/domain-e-hydronyms.csv","DATA","SRC-022","CONTRIBUTING","","IG-SRC-021",""
"CS-1386","HYD-023","03-REGISTERS/domain-e-hydronyms.csv","DATA","SRC-023","CONTRIBUTING","","IG-SRC-019",""
"CS-1387","HYD-023","03-REGISTERS/domain-e-hydronyms.csv","DATA","SRC-047","CONTRIBUTING","","IG-SRC-047",""
"CS-1388","HYD-024","03-REGISTERS/domain-e-hydronyms.csv","DATA","SRC-019","CONTRIBUTING","","IG-SRC-019",""
"CS-1389","HYD-024","03-REGISTERS/domain-e-hydronyms.csv","DATA","SRC-022","CONTRIBUTING","","IG-SRC-021",""
"CS-1390","HYD-024","03-REGISTERS/domain-e-hydronyms.csv","DATA","SRC-023","CONTRIBUTING","","IG-SRC-019",""
"CS-1391","HYD-024","03-REGISTERS/domain-e-hydronyms.csv","DATA","SRC-047","CONTRIBUTING","","IG-SRC-047",""
"CS-1392","HYD-025","03-REGISTERS/domain-e-hydronyms.csv","DATA","SRC-019","CONTRIBUTING","","IG-SRC-019",""
"CS-1393","HYD-025","03-REGISTERS/domain-e-hydronyms.csv","DATA","SRC-022","CONTRIBUTING","","IG-SRC-021",""
"CS-1394","HYD-025","03-REGISTERS/domain-e-hydronyms.csv","DATA","SRC-023","CONTRIBUTING","","IG-SRC-019",""
"CS-1395","HYD-025","03-REGISTERS/domain-e-hydronyms.csv","DATA","SRC-047","CONTRIBUTING","","IG-SRC-047",""
"CS-1396","HYD-026","03-REGISTERS/domain-e-hydronyms.csv","DATA","SRC-019","CONTRIBUTING","","IG-SRC-019",""
"CS-1397","HYD-026","03-REGISTERS/domain-e-hydronyms.csv","DATA","SRC-022","CONTRIBUTING","","IG-SRC-021",""
"CS-1398","HYD-026","03-REGISTERS/domain-e-hydronyms.csv","DATA","SRC-023","CONTRIBUTING","","IG-SRC-019",""
"CS-1399","HYD-026","03-REGISTERS/domain-e-hydronyms.csv","DATA","SRC-047","CONTRIBUTING","","IG-SRC-047",""
"CS-1400","HYD-027","03-REGISTERS/domain-e-hydronyms.csv","DATA","SRC-019","CONTRIBUTING","","IG-SRC-019",""
"CS-1401","HYD-027","03-REGISTERS/domain-e-hydronyms.csv","DATA","SRC-022","CONTRIBUTING","","IG-SRC-021",""
"CS-1402","HYD-027","03-REGISTERS/domain-e-hydronyms.csv","DATA","SRC-023","CONTRIBUTING","","IG-SRC-019",""
"CS-1403","HYD-027","03-REGISTERS/domain-e-hydronyms.csv","DATA","SRC-047","CONTRIBUTING","","IG-SRC-047",""
"CS-1404","HYD-028","03-REGISTERS/domain-e-hydronyms.csv","DATA","SRC-019","CONTRIBUTING","","IG-SRC-019",""
"CS-1405","HYD-028","03-REGISTERS/domain-e-hydronyms.csv","DATA","SRC-022","CONTRIBUTING","","IG-SRC-021",""
"CS-1406","HYD-028","03-REGISTERS/domain-e-hydronyms.csv","DATA","SRC-023","CONTRIBUTING","","IG-SRC-019",""
"CS-1407","HYD-028","03-REGISTERS/domain-e-hydronyms.csv","DATA","SRC-047","CONTRIBUTING","","IG-SRC-047",""
"CS-1408","HYD-029","03-REGISTERS/domain-e-hydronyms.csv","DATA","SRC-019","CONTRIBUTING","","IG-SRC-019",""
"CS-1409","HYD-029","03-REGISTERS/domain-e-hydronyms.csv","DATA","SRC-022","CONTRIBUTING","","IG-SRC-021",""
"CS-1410","HYD-029","03-REGISTERS/domain-e-hydronyms.csv","DATA","SRC-023","CONTRIBUTING","","IG-SRC-019",""
"CS-1411","HYD-029","03-REGISTERS/domain-e-hydronyms.csv","DATA","SRC-047","CONTRIBUTING","","IG-SRC-047",""
"CS-1412","HYD-030","03-REGISTERS/domain-e-hydronyms.csv","DATA","SRC-019","CONTRIBUTING","","IG-SRC-019",""
"CS-1413","HYD-030","03-REGISTERS/domain-e-hydronyms.csv","DATA","SRC-022","CONTRIBUTING","","IG-SRC-021",""
"CS-1414","HYD-030","03-REGISTERS/domain-e-hydronyms.csv","DATA","SRC-023","CONTRIBUTING","","IG-SRC-019",""
"CS-1415","HYD-030","03-REGISTERS/domain-e-hydronyms.csv","DATA","SRC-047","CONTRIBUTING","","IG-SRC-047",""
"CS-1416","HYD-031","03-REGISTERS/domain-e-hydronyms.csv","DATA","SRC-019","CONTRIBUTING","","IG-SRC-019",""
"CS-1417","HYD-031","03-REGISTERS/domain-e-hydronyms.csv","DATA","SRC-022","CONTRIBUTING","","IG-SRC-021",""
"CS-1418","HYD-031","03-REGISTERS/domain-e-hydronyms.csv","DATA","SRC-023","CONTRIBUTING","","IG-SRC-019",""
"CS-1419","HYD-031","03-REGISTERS/domain-e-hydronyms.csv","DATA","SRC-047","CONTRIBUTING","","IG-SRC-047",""
"CS-1420","HYD-032","03-REGISTERS/domain-e-hydronyms.csv","DATA","SRC-019","CONTRIBUTING","","IG-SRC-019",""
"CS-1421","HYD-032","03-REGISTERS/domain-e-hydronyms.csv","DATA","SRC-022","CONTRIBUTING","","IG-SRC-021",""
"CS-1422","HYD-032","03-REGISTERS/domain-e-hydronyms.csv","DATA","SRC-023","CONTRIBUTING","","IG-SRC-019",""
"CS-1423","HYD-032","03-REGISTERS/domain-e-hydronyms.csv","DATA","SRC-047","CONTRIBUTING","","IG-SRC-047",""
"CS-1424","HYD-033","03-REGISTERS/domain-e-hydronyms.csv","DATA","SRC-019","CONTRIBUTING","","IG-SRC-019",""
"CS-1425","HYD-033","03-REGISTERS/domain-e-hydronyms.csv","DATA","SRC-022","CONTRIBUTING","","IG-SRC-021",""
"CS-1426","HYD-033","03-REGISTERS/domain-e-hydronyms.csv","DATA","SRC-023","CONTRIBUTING","","IG-SRC-019",""
"CS-1427","HYD-033","03-REGISTERS/domain-e-hydronyms.csv","DATA","SRC-047","CONTRIBUTING","","IG-SRC-047",""
"CS-1428","HYD-034","03-REGISTERS/domain-e-hydronyms.csv","DATA","SRC-019","CONTRIBUTING","","IG-SRC-019",""
"CS-1429","HYD-034","03-REGISTERS/domain-e-hydronyms.csv","DATA","SRC-022","CONTRIBUTING","","IG-SRC-021",""
"CS-1430","HYD-034","03-REGISTERS/domain-e-hydronyms.csv","DATA","SRC-023","CONTRIBUTING","","IG-SRC-019",""
"CS-1431","HYD-034","03-REGISTERS/domain-e-hydronyms.csv","DATA","SRC-047","CONTRIBUTING","","IG-SRC-047",""
"CS-1432","HYD-035","03-REGISTERS/domain-e-hydronyms.csv","DATA","SRC-019","CONTRIBUTING","","IG-SRC-019",""
"CS-1433","HYD-035","03-REGISTERS/domain-e-hydronyms.csv","DATA","SRC-022","CONTRIBUTING","","IG-SRC-021",""
"CS-1434","HYD-035","03-REGISTERS/domain-e-hydronyms.csv","DATA","SRC-023","CONTRIBUTING","","IG-SRC-019",""
"CS-1435","HYD-035","03-REGISTERS/domain-e-hydronyms.csv","DATA","SRC-047","CONTRIBUTING","","IG-SRC-047",""
"CS-1436","HYD-036","03-REGISTERS/domain-e-hydronyms.csv","DATA","SRC-019","CONTRIBUTING","","IG-SRC-019",""
"CS-1437","HYD-036","03-REGISTERS/domain-e-hydronyms.csv","DATA","SRC-022","CONTRIBUTING","","IG-SRC-021",""
"CS-1438","HYD-036","03-REGISTERS/domain-e-hydronyms.csv","DATA","SRC-023","CONTRIBUTING","","IG-SRC-019",""
"CS-1439","HYD-036","03-REGISTERS/domain-e-hydronyms.csv","DATA","SRC-047","CONTRIBUTING","","IG-SRC-047",""
"CS-1440","HYD-037","03-REGISTERS/domain-e-hydronyms.csv","DATA","SRC-019","CONTRIBUTING","","IG-SRC-019",""
"CS-1441","HYD-037","03-REGISTERS/domain-e-hydronyms.csv","DATA","SRC-022","CONTRIBUTING","","IG-SRC-021",""
"CS-1442","HYD-037","03-REGISTERS/domain-e-hydronyms.csv","DATA","SRC-023","CONTRIBUTING","","IG-SRC-019",""
"CS-1443","HYD-037","03-REGISTERS/domain-e-hydronyms.csv","DATA","SRC-047","CONTRIBUTING","","IG-SRC-047",""
"CS-1444","HYD-038","03-REGISTERS/domain-e-hydronyms.csv","DATA","SRC-019","CONTRIBUTING","","IG-SRC-019",""
"CS-1445","HYD-038","03-REGISTERS/domain-e-hydronyms.csv","DATA","SRC-022","CONTRIBUTING","","IG-SRC-021",""
"CS-1446","HYD-038","03-REGISTERS/domain-e-hydronyms.csv","DATA","SRC-023","CONTRIBUTING","","IG-SRC-019",""
"CS-1447","HYD-038","03-REGISTERS/domain-e-hydronyms.csv","DATA","SRC-047","CONTRIBUTING","","IG-SRC-047",""
"CS-1448","HYD-039","03-REGISTERS/domain-e-hydronyms.csv","DATA","SRC-019","CONTRIBUTING","","IG-SRC-019",""
"CS-1449","HYD-039","03-REGISTERS/domain-e-hydronyms.csv","DATA","SRC-022","CONTRIBUTING","","IG-SRC-021",""
"CS-1450","HYD-039","03-REGISTERS/domain-e-hydronyms.csv","DATA","SRC-023","CONTRIBUTING","","IG-SRC-019",""
"CS-1451","HYD-039","03-REGISTERS/domain-e-hydronyms.csv","DATA","SRC-047","CONTRIBUTING","","IG-SRC-047",""
"CS-1452","HYD-040","03-REGISTERS/domain-e-hydronyms.csv","DATA","SRC-019","CONTRIBUTING","","IG-SRC-019",""
"CS-1453","HYD-040","03-REGISTERS/domain-e-hydronyms.csv","DATA","SRC-022","CONTRIBUTING","","IG-SRC-021",""
"CS-1454","HYD-040","03-REGISTERS/domain-e-hydronyms.csv","DATA","SRC-023","CONTRIBUTING","","IG-SRC-019",""
"CS-1455","HYD-040","03-REGISTERS/domain-e-hydronyms.csv","DATA","SRC-047","CONTRIBUTING","","IG-SRC-047",""
"CS-1456","HYD-041","03-REGISTERS/domain-e-hydronyms.csv","DATA","SRC-019","CONTRIBUTING","","IG-SRC-019",""
"CS-1457","HYD-041","03-REGISTERS/domain-e-hydronyms.csv","DATA","SRC-022","CONTRIBUTING","","IG-SRC-021",""
"CS-1458","HYD-041","03-REGISTERS/domain-e-hydronyms.csv","DATA","SRC-023","CONTRIBUTING","","IG-SRC-019",""
"CS-1459","HYD-041","03-REGISTERS/domain-e-hydronyms.csv","DATA","SRC-047","CONTRIBUTING","","IG-SRC-047",""
"CS-1460","HYD-042","03-REGISTERS/domain-e-hydronyms.csv","DATA","SRC-019","CONTRIBUTING","","IG-SRC-019",""
"CS-1461","HYD-042","03-REGISTERS/domain-e-hydronyms.csv","DATA","SRC-022","CONTRIBUTING","","IG-SRC-021",""
"CS-1462","HYD-042","03-REGISTERS/domain-e-hydronyms.csv","DATA","SRC-023","CONTRIBUTING","","IG-SRC-019",""
"CS-1463","HYD-042","03-REGISTERS/domain-e-hydronyms.csv","DATA","SRC-047","CONTRIBUTING","","IG-SRC-047",""
"CS-1464","HYD-043","03-REGISTERS/domain-e-hydronyms.csv","DATA","SRC-019","CONTRIBUTING","","IG-SRC-019",""
"CS-1465","HYD-043","03-REGISTERS/domain-e-hydronyms.csv","DATA","SRC-022","CONTRIBUTING","","IG-SRC-021",""
"CS-1466","HYD-043","03-REGISTERS/domain-e-hydronyms.csv","DATA","SRC-023","CONTRIBUTING","","IG-SRC-019",""
"CS-1467","HYD-043","03-REGISTERS/domain-e-hydronyms.csv","DATA","SRC-047","CONTRIBUTING","","IG-SRC-047",""
"CS-1468","HYD-044","03-REGISTERS/domain-e-hydronyms.csv","DATA","SRC-019","CONTRIBUTING","","IG-SRC-019",""
"CS-1469","HYD-044","03-REGISTERS/domain-e-hydronyms.csv","DATA","SRC-022","CONTRIBUTING","","IG-SRC-021",""
"CS-1470","HYD-044","03-REGISTERS/domain-e-hydronyms.csv","DATA","SRC-023","CONTRIBUTING","","IG-SRC-019",""
"CS-1471","HYD-044","03-REGISTERS/domain-e-hydronyms.csv","DATA","SRC-047","CONTRIBUTING","","IG-SRC-047",""
"CS-1472","HYD-045","03-REGISTERS/domain-e-hydronyms.csv","DATA","SRC-019","CONTRIBUTING","","IG-SRC-019",""
"CS-1473","HYD-045","03-REGISTERS/domain-e-hydronyms.csv","DATA","SRC-022","CONTRIBUTING","","IG-SRC-021",""
"CS-1474","HYD-045","03-REGISTERS/domain-e-hydronyms.csv","DATA","SRC-023","CONTRIBUTING","","IG-SRC-019",""
"CS-1475","HYD-045","03-REGISTERS/domain-e-hydronyms.csv","DATA","SRC-047","CONTRIBUTING","","IG-SRC-047",""
"CS-1476","HYD-046","03-REGISTERS/domain-e-hydronyms.csv","DATA","SRC-019","CONTRIBUTING","","IG-SRC-019",""
"CS-1477","HYD-046","03-REGISTERS/domain-e-hydronyms.csv","DATA","SRC-022","CONTRIBUTING","","IG-SRC-021",""
"CS-1478","HYD-046","03-REGISTERS/domain-e-hydronyms.csv","DATA","SRC-023","CONTRIBUTING","","IG-SRC-019",""
"CS-1479","HYD-046","03-REGISTERS/domain-e-hydronyms.csv","DATA","SRC-047","CONTRIBUTING","","IG-SRC-047",""
"CS-1480","HYD-047","03-REGISTERS/domain-e-hydronyms.csv","DATA","SRC-019","CONTRIBUTING","","IG-SRC-019",""
"CS-1481","HYD-047","03-REGISTERS/domain-e-hydronyms.csv","DATA","SRC-022","CONTRIBUTING","","IG-SRC-021",""
"CS-1482","HYD-047","03-REGISTERS/domain-e-hydronyms.csv","DATA","SRC-023","CONTRIBUTING","","IG-SRC-019",""
"CS-1483","HYD-047","03-REGISTERS/domain-e-hydronyms.csv","DATA","SRC-047","CONTRIBUTING","","IG-SRC-047",""
"CS-1484","HYD-048","03-REGISTERS/domain-e-hydronyms.csv","DATA","SRC-019","CONTRIBUTING","","IG-SRC-019",""
"CS-1485","HYD-048","03-REGISTERS/domain-e-hydronyms.csv","DATA","SRC-022","CONTRIBUTING","","IG-SRC-021",""
"CS-1486","HYD-048","03-REGISTERS/domain-e-hydronyms.csv","DATA","SRC-023","CONTRIBUTING","","IG-SRC-019",""
"CS-1487","HYD-048","03-REGISTERS/domain-e-hydronyms.csv","DATA","SRC-047","CONTRIBUTING","","IG-SRC-047",""
"CS-1488","HYD-049","03-REGISTERS/domain-e-hydronyms.csv","DATA","SRC-019","CONTRIBUTING","","IG-SRC-019",""
"CS-1489","HYD-049","03-REGISTERS/domain-e-hydronyms.csv","DATA","SRC-022","CONTRIBUTING","","IG-SRC-021",""
"CS-1490","HYD-049","03-REGISTERS/domain-e-hydronyms.csv","DATA","SRC-023","CONTRIBUTING","","IG-SRC-019",""
"CS-1491","HYD-049","03-REGISTERS/domain-e-hydronyms.csv","DATA","SRC-047","CONTRIBUTING","","IG-SRC-047",""
"CS-1492","HYD-050","03-REGISTERS/domain-e-hydronyms.csv","DATA","SRC-019","CONTRIBUTING","","IG-SRC-019",""
"CS-1493","HYD-050","03-REGISTERS/domain-e-hydronyms.csv","DATA","SRC-022","CONTRIBUTING","","IG-SRC-021",""
"CS-1494","HYD-050","03-REGISTERS/domain-e-hydronyms.csv","DATA","SRC-023","CONTRIBUTING","","IG-SRC-019",""
"CS-1495","HYD-050","03-REGISTERS/domain-e-hydronyms.csv","DATA","SRC-047","CONTRIBUTING","","IG-SRC-047",""
"CS-1496","HYD-051","03-REGISTERS/domain-e-hydronyms.csv","DATA","SRC-019","CONTRIBUTING","","IG-SRC-019",""
"CS-1497","HYD-051","03-REGISTERS/domain-e-hydronyms.csv","DATA","SRC-022","CONTRIBUTING","","IG-SRC-021",""
"CS-1498","HYD-051","03-REGISTERS/domain-e-hydronyms.csv","DATA","SRC-023","CONTRIBUTING","","IG-SRC-019",""
"CS-1499","HYD-051","03-REGISTERS/domain-e-hydronyms.csv","DATA","SRC-047","CONTRIBUTING","","IG-SRC-047",""
"CS-1500","HYD-052","03-REGISTERS/domain-e-hydronyms.csv","DATA","SRC-019","CONTRIBUTING","","IG-SRC-019",""
"CS-1501","HYD-052","03-REGISTERS/domain-e-hydronyms.csv","DATA","SRC-022","CONTRIBUTING","","IG-SRC-021",""
"CS-1502","HYD-052","03-REGISTERS/domain-e-hydronyms.csv","DATA","SRC-023","CONTRIBUTING","","IG-SRC-019",""
"CS-1503","HYD-052","03-REGISTERS/domain-e-hydronyms.csv","DATA","SRC-047","CONTRIBUTING","","IG-SRC-047",""
"CS-1504","HYD-053","03-REGISTERS/domain-e-hydronyms.csv","DATA","SRC-019","CONTRIBUTING","","IG-SRC-019",""
"CS-1505","HYD-053","03-REGISTERS/domain-e-hydronyms.csv","DATA","SRC-022","CONTRIBUTING","","IG-SRC-021",""
"CS-1506","HYD-053","03-REGISTERS/domain-e-hydronyms.csv","DATA","SRC-023","CONTRIBUTING","","IG-SRC-019",""
"CS-1507","HYD-053","03-REGISTERS/domain-e-hydronyms.csv","DATA","SRC-047","CONTRIBUTING","","IG-SRC-047",""
"CS-1508","HYD-054","03-REGISTERS/domain-e-hydronyms.csv","DATA","SRC-019","CONTRIBUTING","","IG-SRC-019",""
"CS-1509","HYD-054","03-REGISTERS/domain-e-hydronyms.csv","DATA","SRC-022","CONTRIBUTING","","IG-SRC-021",""
"CS-1510","HYD-054","03-REGISTERS/domain-e-hydronyms.csv","DATA","SRC-023","CONTRIBUTING","","IG-SRC-019",""
"CS-1511","HYD-054","03-REGISTERS/domain-e-hydronyms.csv","DATA","SRC-047","CONTRIBUTING","","IG-SRC-047",""
"CS-1512","HYD-055","03-REGISTERS/domain-e-hydronyms.csv","DATA","SRC-019","CONTRIBUTING","","IG-SRC-019",""
"CS-1513","HYD-055","03-REGISTERS/domain-e-hydronyms.csv","DATA","SRC-022","CONTRIBUTING","","IG-SRC-021",""
"CS-1514","HYD-055","03-REGISTERS/domain-e-hydronyms.csv","DATA","SRC-023","CONTRIBUTING","","IG-SRC-019",""
"CS-1515","HYD-055","03-REGISTERS/domain-e-hydronyms.csv","DATA","SRC-047","CONTRIBUTING","","IG-SRC-047",""
"CS-1516","HYD-056","03-REGISTERS/domain-e-hydronyms.csv","DATA","SRC-019","CONTRIBUTING","","IG-SRC-019",""
"CS-1517","HYD-056","03-REGISTERS/domain-e-hydronyms.csv","DATA","SRC-022","CONTRIBUTING","","IG-SRC-021",""
"CS-1518","HYD-056","03-REGISTERS/domain-e-hydronyms.csv","DATA","SRC-023","CONTRIBUTING","","IG-SRC-019",""
"CS-1519","HYD-056","03-REGISTERS/domain-e-hydronyms.csv","DATA","SRC-047","CONTRIBUTING","","IG-SRC-047",""
"CS-1520","HYD-057","03-REGISTERS/domain-e-hydronyms.csv","DATA","SRC-019","CONTRIBUTING","","IG-SRC-019",""
"CS-1521","HYD-057","03-REGISTERS/domain-e-hydronyms.csv","DATA","SRC-022","CONTRIBUTING","","IG-SRC-021",""
"CS-1522","HYD-057","03-REGISTERS/domain-e-hydronyms.csv","DATA","SRC-023","CONTRIBUTING","","IG-SRC-019",""
"CS-1523","HYD-057","03-REGISTERS/domain-e-hydronyms.csv","DATA","SRC-047","CONTRIBUTING","","IG-SRC-047",""
"CS-1524","HYD-058","03-REGISTERS/domain-e-hydronyms.csv","DATA","SRC-019","CONTRIBUTING","","IG-SRC-019",""
"CS-1525","HYD-058","03-REGISTERS/domain-e-hydronyms.csv","DATA","SRC-022","CONTRIBUTING","","IG-SRC-021",""
"CS-1526","HYD-058","03-REGISTERS/domain-e-hydronyms.csv","DATA","SRC-023","CONTRIBUTING","","IG-SRC-019",""
"CS-1527","HYD-058","03-REGISTERS/domain-e-hydronyms.csv","DATA","SRC-047","CONTRIBUTING","","IG-SRC-047",""
"CS-1528","HYD-059","03-REGISTERS/domain-e-hydronyms.csv","DATA","SRC-019","CONTRIBUTING","","IG-SRC-019",""
"CS-1529","HYD-059","03-REGISTERS/domain-e-hydronyms.csv","DATA","SRC-022","CONTRIBUTING","","IG-SRC-021",""
"CS-1530","HYD-059","03-REGISTERS/domain-e-hydronyms.csv","DATA","SRC-023","CONTRIBUTING","","IG-SRC-019",""
"CS-1531","HYD-059","03-REGISTERS/domain-e-hydronyms.csv","DATA","SRC-047","CONTRIBUTING","","IG-SRC-047",""
"CS-1532","HYD-060","03-REGISTERS/domain-e-hydronyms.csv","DATA","SRC-019","CONTRIBUTING","","IG-SRC-019",""
"CS-1533","HYD-060","03-REGISTERS/domain-e-hydronyms.csv","DATA","SRC-022","CONTRIBUTING","","IG-SRC-021",""
"CS-1534","HYD-060","03-REGISTERS/domain-e-hydronyms.csv","DATA","SRC-023","CONTRIBUTING","","IG-SRC-019",""
"CS-1535","HYD-060","03-REGISTERS/domain-e-hydronyms.csv","DATA","SRC-047","CONTRIBUTING","","IG-SRC-047",""
"CS-1536","HYD-061","03-REGISTERS/domain-e-hydronyms.csv","DATA","SRC-019","CONTRIBUTING","","IG-SRC-019",""
"CS-1537","HYD-061","03-REGISTERS/domain-e-hydronyms.csv","DATA","SRC-022","CONTRIBUTING","","IG-SRC-021",""
"CS-1538","HYD-061","03-REGISTERS/domain-e-hydronyms.csv","DATA","SRC-023","CONTRIBUTING","","IG-SRC-019",""
"CS-1539","HYD-061","03-REGISTERS/domain-e-hydronyms.csv","DATA","SRC-047","CONTRIBUTING","","IG-SRC-047",""
"CS-1540","HYD-062","03-REGISTERS/domain-e-hydronyms.csv","DATA","SRC-019","CONTRIBUTING","","IG-SRC-019",""
"CS-1541","HYD-062","03-REGISTERS/domain-e-hydronyms.csv","DATA","SRC-022","CONTRIBUTING","","IG-SRC-021",""
"CS-1542","HYD-062","03-REGISTERS/domain-e-hydronyms.csv","DATA","SRC-023","CONTRIBUTING","","IG-SRC-019",""
"CS-1543","HYD-062","03-REGISTERS/domain-e-hydronyms.csv","DATA","SRC-047","CONTRIBUTING","","IG-SRC-047",""
"CS-1544","HYD-063","03-REGISTERS/domain-e-hydronyms.csv","DATA","SRC-019","CONTRIBUTING","","IG-SRC-019",""
"CS-1545","HYD-063","03-REGISTERS/domain-e-hydronyms.csv","DATA","SRC-022","CONTRIBUTING","","IG-SRC-021",""
"CS-1546","HYD-063","03-REGISTERS/domain-e-hydronyms.csv","DATA","SRC-023","CONTRIBUTING","","IG-SRC-019",""
"CS-1547","HYD-063","03-REGISTERS/domain-e-hydronyms.csv","DATA","SRC-047","CONTRIBUTING","","IG-SRC-047",""
"CS-1548","HYD-064","03-REGISTERS/domain-e-hydronyms.csv","DATA","SRC-019","CONTRIBUTING","","IG-SRC-019",""
"CS-1549","HYD-064","03-REGISTERS/domain-e-hydronyms.csv","DATA","SRC-022","CONTRIBUTING","","IG-SRC-021",""
"CS-1550","HYD-064","03-REGISTERS/domain-e-hydronyms.csv","DATA","SRC-023","CONTRIBUTING","","IG-SRC-019",""
"CS-1551","HYD-064","03-REGISTERS/domain-e-hydronyms.csv","DATA","SRC-047","CONTRIBUTING","","IG-SRC-047",""
"CS-1552","HYD-065","03-REGISTERS/domain-e-hydronyms.csv","DATA","SRC-019","CONTRIBUTING","","IG-SRC-019",""
"CS-1553","HYD-065","03-REGISTERS/domain-e-hydronyms.csv","DATA","SRC-022","CONTRIBUTING","","IG-SRC-021",""
"CS-1554","HYD-065","03-REGISTERS/domain-e-hydronyms.csv","DATA","SRC-023","CONTRIBUTING","","IG-SRC-019",""
"CS-1555","HYD-065","03-REGISTERS/domain-e-hydronyms.csv","DATA","SRC-047","CONTRIBUTING","","IG-SRC-047",""
"CS-1556","HYD-066","03-REGISTERS/domain-e-hydronyms.csv","DATA","SRC-019","CONTRIBUTING","","IG-SRC-019",""
"CS-1557","HYD-066","03-REGISTERS/domain-e-hydronyms.csv","DATA","SRC-022","CONTRIBUTING","","IG-SRC-021",""
"CS-1558","HYD-066","03-REGISTERS/domain-e-hydronyms.csv","DATA","SRC-023","CONTRIBUTING","","IG-SRC-019",""
"CS-1559","HYD-066","03-REGISTERS/domain-e-hydronyms.csv","DATA","SRC-047","CONTRIBUTING","","IG-SRC-047",""
"CS-1560","HYD-067","03-REGISTERS/domain-e-hydronyms.csv","DATA","SRC-019","CONTRIBUTING","","IG-SRC-019",""
"CS-1561","HYD-067","03-REGISTERS/domain-e-hydronyms.csv","DATA","SRC-022","CONTRIBUTING","","IG-SRC-021",""
"CS-1562","HYD-067","03-REGISTERS/domain-e-hydronyms.csv","DATA","SRC-023","CONTRIBUTING","","IG-SRC-019",""
"CS-1563","HYD-067","03-REGISTERS/domain-e-hydronyms.csv","DATA","SRC-047","CONTRIBUTING","","IG-SRC-047",""
"CS-1564","HYD-068","03-REGISTERS/domain-e-hydronyms.csv","DATA","SRC-019","CONTRIBUTING","","IG-SRC-019",""
"CS-1565","HYD-068","03-REGISTERS/domain-e-hydronyms.csv","DATA","SRC-022","CONTRIBUTING","","IG-SRC-021",""
"CS-1566","HYD-068","03-REGISTERS/domain-e-hydronyms.csv","DATA","SRC-023","CONTRIBUTING","","IG-SRC-019",""
"CS-1567","HYD-068","03-REGISTERS/domain-e-hydronyms.csv","DATA","SRC-047","CONTRIBUTING","","IG-SRC-047",""
"CS-1568","HYD-069","03-REGISTERS/domain-e-hydronyms.csv","DATA","SRC-019","CONTRIBUTING","","IG-SRC-019",""
"CS-1569","HYD-069","03-REGISTERS/domain-e-hydronyms.csv","DATA","SRC-022","CONTRIBUTING","","IG-SRC-021",""
"CS-1570","HYD-069","03-REGISTERS/domain-e-hydronyms.csv","DATA","SRC-023","CONTRIBUTING","","IG-SRC-019",""
"CS-1571","HYD-069","03-REGISTERS/domain-e-hydronyms.csv","DATA","SRC-047","CONTRIBUTING","","IG-SRC-047",""
"CS-1572","HYD-070","03-REGISTERS/domain-e-hydronyms.csv","DATA","SRC-019","CONTRIBUTING","","IG-SRC-019",""
"CS-1573","HYD-070","03-REGISTERS/domain-e-hydronyms.csv","DATA","SRC-022","CONTRIBUTING","","IG-SRC-021",""
"CS-1574","HYD-070","03-REGISTERS/domain-e-hydronyms.csv","DATA","SRC-023","CONTRIBUTING","","IG-SRC-019",""
"CS-1575","HYD-070","03-REGISTERS/domain-e-hydronyms.csv","DATA","SRC-047","CONTRIBUTING","","IG-SRC-047",""
"CS-1576","HYD-071","03-REGISTERS/domain-e-hydronyms.csv","DATA","SRC-019","CONTRIBUTING","","IG-SRC-019",""
"CS-1577","HYD-071","03-REGISTERS/domain-e-hydronyms.csv","DATA","SRC-022","CONTRIBUTING","","IG-SRC-021",""
"CS-1578","HYD-071","03-REGISTERS/domain-e-hydronyms.csv","DATA","SRC-023","CONTRIBUTING","","IG-SRC-019",""
"CS-1579","HYD-071","03-REGISTERS/domain-e-hydronyms.csv","DATA","SRC-047","CONTRIBUTING","","IG-SRC-047",""
"CS-1580","HYD-072","03-REGISTERS/domain-e-hydronyms.csv","DATA","SRC-019","CONTRIBUTING","","IG-SRC-019",""
"CS-1581","HYD-072","03-REGISTERS/domain-e-hydronyms.csv","DATA","SRC-022","CONTRIBUTING","","IG-SRC-021",""
"CS-1582","HYD-072","03-REGISTERS/domain-e-hydronyms.csv","DATA","SRC-023","CONTRIBUTING","","IG-SRC-019",""
"CS-1583","HYD-072","03-REGISTERS/domain-e-hydronyms.csv","DATA","SRC-047","CONTRIBUTING","","IG-SRC-047",""
"CS-1584","HYD-073","03-REGISTERS/domain-e-hydronyms.csv","DATA","SRC-019","CONTRIBUTING","","IG-SRC-019",""
"CS-1585","HYD-073","03-REGISTERS/domain-e-hydronyms.csv","DATA","SRC-022","CONTRIBUTING","","IG-SRC-021",""
"CS-1586","HYD-073","03-REGISTERS/domain-e-hydronyms.csv","DATA","SRC-023","CONTRIBUTING","","IG-SRC-019",""
"CS-1587","HYD-073","03-REGISTERS/domain-e-hydronyms.csv","DATA","SRC-047","CONTRIBUTING","","IG-SRC-047",""
"CS-1588","HYD-074","03-REGISTERS/domain-e-hydronyms.csv","DATA","SRC-019","CONTRIBUTING","","IG-SRC-019",""
"CS-1589","HYD-074","03-REGISTERS/domain-e-hydronyms.csv","DATA","SRC-022","CONTRIBUTING","","IG-SRC-021",""
"CS-1590","HYD-074","03-REGISTERS/domain-e-hydronyms.csv","DATA","SRC-023","CONTRIBUTING","","IG-SRC-019",""
"CS-1591","HYD-074","03-REGISTERS/domain-e-hydronyms.csv","DATA","SRC-047","CONTRIBUTING","","IG-SRC-047",""
"CS-1592","HYD-075","03-REGISTERS/domain-e-hydronyms.csv","DATA","SRC-019","CONTRIBUTING","","IG-SRC-019",""
"CS-1593","HYD-075","03-REGISTERS/domain-e-hydronyms.csv","DATA","SRC-022","CONTRIBUTING","","IG-SRC-021",""
"CS-1594","HYD-075","03-REGISTERS/domain-e-hydronyms.csv","DATA","SRC-023","CONTRIBUTING","","IG-SRC-019",""
"CS-1595","HYD-075","03-REGISTERS/domain-e-hydronyms.csv","DATA","SRC-047","CONTRIBUTING","","IG-SRC-047",""
"CS-1596","HYD-076","03-REGISTERS/domain-e-hydronyms.csv","DATA","SRC-019","CONTRIBUTING","","IG-SRC-019",""
"CS-1597","HYD-076","03-REGISTERS/domain-e-hydronyms.csv","DATA","SRC-022","CONTRIBUTING","","IG-SRC-021",""
"CS-1598","HYD-076","03-REGISTERS/domain-e-hydronyms.csv","DATA","SRC-023","CONTRIBUTING","","IG-SRC-019",""
"CS-1599","HYD-076","03-REGISTERS/domain-e-hydronyms.csv","DATA","SRC-047","CONTRIBUTING","","IG-SRC-047",""
"CS-1600","HYD-077","03-REGISTERS/domain-e-hydronyms.csv","DATA","SRC-019","CONTRIBUTING","","IG-SRC-019",""
"CS-1601","HYD-077","03-REGISTERS/domain-e-hydronyms.csv","DATA","SRC-022","CONTRIBUTING","","IG-SRC-021",""
"CS-1602","HYD-077","03-REGISTERS/domain-e-hydronyms.csv","DATA","SRC-023","CONTRIBUTING","","IG-SRC-019",""
"CS-1603","HYD-077","03-REGISTERS/domain-e-hydronyms.csv","DATA","SRC-047","CONTRIBUTING","","IG-SRC-047",""
"CS-1604","HYD-078","03-REGISTERS/domain-e-hydronyms.csv","DATA","SRC-019","CONTRIBUTING","","IG-SRC-019",""
"CS-1605","HYD-078","03-REGISTERS/domain-e-hydronyms.csv","DATA","SRC-022","CONTRIBUTING","","IG-SRC-021",""
"CS-1606","HYD-078","03-REGISTERS/domain-e-hydronyms.csv","DATA","SRC-023","CONTRIBUTING","","IG-SRC-019",""
"CS-1607","HYD-078","03-REGISTERS/domain-e-hydronyms.csv","DATA","SRC-047","CONTRIBUTING","","IG-SRC-047",""
"CS-1608","HYD-079","03-REGISTERS/domain-e-hydronyms.csv","DATA","SRC-019","CONTRIBUTING","","IG-SRC-019",""
"CS-1609","HYD-079","03-REGISTERS/domain-e-hydronyms.csv","DATA","SRC-022","CONTRIBUTING","","IG-SRC-021",""
"CS-1610","HYD-079","03-REGISTERS/domain-e-hydronyms.csv","DATA","SRC-023","CONTRIBUTING","","IG-SRC-019",""
"CS-1611","HYD-079","03-REGISTERS/domain-e-hydronyms.csv","DATA","SRC-047","CONTRIBUTING","","IG-SRC-047",""
"CS-1612","HYD-080","03-REGISTERS/domain-e-hydronyms.csv","DATA","SRC-019","CONTRIBUTING","","IG-SRC-019",""
"CS-1613","HYD-080","03-REGISTERS/domain-e-hydronyms.csv","DATA","SRC-022","CONTRIBUTING","","IG-SRC-021",""
"CS-1614","HYD-080","03-REGISTERS/domain-e-hydronyms.csv","DATA","SRC-023","CONTRIBUTING","","IG-SRC-019",""
"CS-1615","HYD-080","03-REGISTERS/domain-e-hydronyms.csv","DATA","SRC-047","CONTRIBUTING","","IG-SRC-047",""
"CS-1616","HYD-081","03-REGISTERS/domain-e-hydronyms.csv","DATA","SRC-019","CONTRIBUTING","","IG-SRC-019",""
"CS-1617","HYD-081","03-REGISTERS/domain-e-hydronyms.csv","DATA","SRC-022","CONTRIBUTING","","IG-SRC-021",""
"CS-1618","HYD-081","03-REGISTERS/domain-e-hydronyms.csv","DATA","SRC-023","CONTRIBUTING","","IG-SRC-019",""
"CS-1619","HYD-081","03-REGISTERS/domain-e-hydronyms.csv","DATA","SRC-047","CONTRIBUTING","","IG-SRC-047",""
"CS-1620","HYD-082","03-REGISTERS/domain-e-hydronyms.csv","DATA","SRC-019","CONTRIBUTING","","IG-SRC-019",""
"CS-1621","HYD-082","03-REGISTERS/domain-e-hydronyms.csv","DATA","SRC-022","CONTRIBUTING","","IG-SRC-021",""
"CS-1622","HYD-082","03-REGISTERS/domain-e-hydronyms.csv","DATA","SRC-023","CONTRIBUTING","","IG-SRC-019",""
"CS-1623","HYD-082","03-REGISTERS/domain-e-hydronyms.csv","DATA","SRC-047","CONTRIBUTING","","IG-SRC-047",""
"CS-1624","HYD-083","03-REGISTERS/domain-e-hydronyms.csv","DATA","SRC-019","CONTRIBUTING","","IG-SRC-019",""
"CS-1625","HYD-083","03-REGISTERS/domain-e-hydronyms.csv","DATA","SRC-022","CONTRIBUTING","","IG-SRC-021",""
"CS-1626","HYD-083","03-REGISTERS/domain-e-hydronyms.csv","DATA","SRC-023","CONTRIBUTING","","IG-SRC-019",""
"CS-1627","HYD-083","03-REGISTERS/domain-e-hydronyms.csv","DATA","SRC-047","CONTRIBUTING","","IG-SRC-047",""
"CS-1628","HYD-084","03-REGISTERS/domain-e-hydronyms.csv","DATA","SRC-019","CONTRIBUTING","","IG-SRC-019",""
"CS-1629","HYD-084","03-REGISTERS/domain-e-hydronyms.csv","DATA","SRC-022","CONTRIBUTING","","IG-SRC-021",""
"CS-1630","HYD-084","03-REGISTERS/domain-e-hydronyms.csv","DATA","SRC-023","CONTRIBUTING","","IG-SRC-019",""
"CS-1631","HYD-084","03-REGISTERS/domain-e-hydronyms.csv","DATA","SRC-047","CONTRIBUTING","","IG-SRC-047",""
"CS-1632","HYD-085","03-REGISTERS/domain-e-hydronyms.csv","DATA","SRC-019","CONTRIBUTING","","IG-SRC-019",""
"CS-1633","HYD-085","03-REGISTERS/domain-e-hydronyms.csv","DATA","SRC-022","CONTRIBUTING","","IG-SRC-021",""
"CS-1634","HYD-085","03-REGISTERS/domain-e-hydronyms.csv","DATA","SRC-023","CONTRIBUTING","","IG-SRC-019",""
"CS-1635","HYD-085","03-REGISTERS/domain-e-hydronyms.csv","DATA","SRC-047","CONTRIBUTING","","IG-SRC-047",""
"CS-1636","HYD-086","03-REGISTERS/domain-e-hydronyms.csv","DATA","SRC-019","CONTRIBUTING","","IG-SRC-019",""
"CS-1637","HYD-086","03-REGISTERS/domain-e-hydronyms.csv","DATA","SRC-022","CONTRIBUTING","","IG-SRC-021",""
"CS-1638","HYD-086","03-REGISTERS/domain-e-hydronyms.csv","DATA","SRC-023","CONTRIBUTING","","IG-SRC-019",""
"CS-1639","HYD-086","03-REGISTERS/domain-e-hydronyms.csv","DATA","SRC-047","CONTRIBUTING","","IG-SRC-047",""
"CS-1640","HYD-087","03-REGISTERS/domain-e-hydronyms.csv","DATA","SRC-019","CONTRIBUTING","","IG-SRC-019",""
"CS-1641","HYD-087","03-REGISTERS/domain-e-hydronyms.csv","DATA","SRC-022","CONTRIBUTING","","IG-SRC-021",""
"CS-1642","HYD-087","03-REGISTERS/domain-e-hydronyms.csv","DATA","SRC-023","CONTRIBUTING","","IG-SRC-019",""
"CS-1643","HYD-087","03-REGISTERS/domain-e-hydronyms.csv","DATA","SRC-047","CONTRIBUTING","","IG-SRC-047",""
"CS-1644","HYD-088","03-REGISTERS/domain-e-hydronyms.csv","DATA","SRC-019","CONTRIBUTING","","IG-SRC-019",""
"CS-1645","HYD-088","03-REGISTERS/domain-e-hydronyms.csv","DATA","SRC-022","CONTRIBUTING","","IG-SRC-021",""
"CS-1646","HYD-088","03-REGISTERS/domain-e-hydronyms.csv","DATA","SRC-023","CONTRIBUTING","","IG-SRC-019",""
"CS-1647","HYD-088","03-REGISTERS/domain-e-hydronyms.csv","DATA","SRC-047","CONTRIBUTING","","IG-SRC-047",""
"CS-1648","HYD-089","03-REGISTERS/domain-e-hydronyms.csv","DATA","SRC-019","CONTRIBUTING","","IG-SRC-019",""
"CS-1649","HYD-089","03-REGISTERS/domain-e-hydronyms.csv","DATA","SRC-022","CONTRIBUTING","","IG-SRC-021",""
"CS-1650","HYD-089","03-REGISTERS/domain-e-hydronyms.csv","DATA","SRC-023","CONTRIBUTING","","IG-SRC-019",""
"CS-1651","HYD-089","03-REGISTERS/domain-e-hydronyms.csv","DATA","SRC-047","CONTRIBUTING","","IG-SRC-047",""
"CS-1652","HYD-090","03-REGISTERS/domain-e-hydronyms.csv","DATA","SRC-019","CONTRIBUTING","","IG-SRC-019",""
"CS-1653","HYD-090","03-REGISTERS/domain-e-hydronyms.csv","DATA","SRC-022","CONTRIBUTING","","IG-SRC-021",""
"CS-1654","HYD-090","03-REGISTERS/domain-e-hydronyms.csv","DATA","SRC-023","CONTRIBUTING","","IG-SRC-019",""
"CS-1655","HYD-090","03-REGISTERS/domain-e-hydronyms.csv","DATA","SRC-047","CONTRIBUTING","","IG-SRC-047",""
"CS-1656","HYD-091","03-REGISTERS/domain-e-hydronyms.csv","DATA","SRC-019","CONTRIBUTING","","IG-SRC-019",""
"CS-1657","HYD-091","03-REGISTERS/domain-e-hydronyms.csv","DATA","SRC-022","CONTRIBUTING","","IG-SRC-021",""
"CS-1658","HYD-091","03-REGISTERS/domain-e-hydronyms.csv","DATA","SRC-023","CONTRIBUTING","","IG-SRC-019",""
"CS-1659","HYD-091","03-REGISTERS/domain-e-hydronyms.csv","DATA","SRC-047","CONTRIBUTING","","IG-SRC-047",""
"CS-1660","HYD-092","03-REGISTERS/domain-e-hydronyms.csv","DATA","SRC-019","CONTRIBUTING","","IG-SRC-019",""
"CS-1661","HYD-092","03-REGISTERS/domain-e-hydronyms.csv","DATA","SRC-022","CONTRIBUTING","","IG-SRC-021",""
"CS-1662","HYD-092","03-REGISTERS/domain-e-hydronyms.csv","DATA","SRC-023","CONTRIBUTING","","IG-SRC-019",""
"CS-1663","HYD-092","03-REGISTERS/domain-e-hydronyms.csv","DATA","SRC-047","CONTRIBUTING","","IG-SRC-047",""
"CS-1664","HYD-093","03-REGISTERS/domain-e-hydronyms.csv","DATA","SRC-019","CONTRIBUTING","","IG-SRC-019",""
"CS-1665","HYD-093","03-REGISTERS/domain-e-hydronyms.csv","DATA","SRC-022","CONTRIBUTING","","IG-SRC-021",""
"CS-1666","HYD-093","03-REGISTERS/domain-e-hydronyms.csv","DATA","SRC-023","CONTRIBUTING","","IG-SRC-019",""
"CS-1667","HYD-093","03-REGISTERS/domain-e-hydronyms.csv","DATA","SRC-047","CONTRIBUTING","","IG-SRC-047",""
"CS-1668","HYD-094","03-REGISTERS/domain-e-hydronyms.csv","DATA","SRC-019","CONTRIBUTING","","IG-SRC-019",""
"CS-1669","HYD-094","03-REGISTERS/domain-e-hydronyms.csv","DATA","SRC-022","CONTRIBUTING","","IG-SRC-021",""
"CS-1670","HYD-094","03-REGISTERS/domain-e-hydronyms.csv","DATA","SRC-023","CONTRIBUTING","","IG-SRC-019",""
"CS-1671","HYD-094","03-REGISTERS/domain-e-hydronyms.csv","DATA","SRC-047","CONTRIBUTING","","IG-SRC-047",""
"CS-1672","HYD-095","03-REGISTERS/domain-e-hydronyms.csv","DATA","SRC-019","CONTRIBUTING","","IG-SRC-019",""
"CS-1673","HYD-095","03-REGISTERS/domain-e-hydronyms.csv","DATA","SRC-022","CONTRIBUTING","","IG-SRC-021",""
"CS-1674","HYD-095","03-REGISTERS/domain-e-hydronyms.csv","DATA","SRC-023","CONTRIBUTING","","IG-SRC-019",""
"CS-1675","HYD-095","03-REGISTERS/domain-e-hydronyms.csv","DATA","SRC-047","CONTRIBUTING","","IG-SRC-047",""
"CS-1676","HYD-096","03-REGISTERS/domain-e-hydronyms.csv","DATA","SRC-019","CONTRIBUTING","","IG-SRC-019",""
"CS-1677","HYD-096","03-REGISTERS/domain-e-hydronyms.csv","DATA","SRC-022","CONTRIBUTING","","IG-SRC-021",""
"CS-1678","HYD-096","03-REGISTERS/domain-e-hydronyms.csv","DATA","SRC-023","CONTRIBUTING","","IG-SRC-019",""
"CS-1679","HYD-096","03-REGISTERS/domain-e-hydronyms.csv","DATA","SRC-047","CONTRIBUTING","","IG-SRC-047",""
"CS-1680","HYD-097","03-REGISTERS/domain-e-hydronyms.csv","DATA","SRC-019","CONTRIBUTING","","IG-SRC-019",""
"CS-1681","HYD-097","03-REGISTERS/domain-e-hydronyms.csv","DATA","SRC-022","CONTRIBUTING","","IG-SRC-021",""
"CS-1682","HYD-097","03-REGISTERS/domain-e-hydronyms.csv","DATA","SRC-023","CONTRIBUTING","","IG-SRC-019",""
"CS-1683","HYD-097","03-REGISTERS/domain-e-hydronyms.csv","DATA","SRC-047","CONTRIBUTING","","IG-SRC-047",""
"CS-1684","HYD-098","03-REGISTERS/domain-e-hydronyms.csv","DATA","SRC-019","CONTRIBUTING","","IG-SRC-019",""
"CS-1685","HYD-098","03-REGISTERS/domain-e-hydronyms.csv","DATA","SRC-022","CONTRIBUTING","","IG-SRC-021",""
"CS-1686","HYD-098","03-REGISTERS/domain-e-hydronyms.csv","DATA","SRC-023","CONTRIBUTING","","IG-SRC-019",""
"CS-1687","HYD-098","03-REGISTERS/domain-e-hydronyms.csv","DATA","SRC-047","CONTRIBUTING","","IG-SRC-047",""
"CS-1688","HYD-099","03-REGISTERS/domain-e-hydronyms.csv","DATA","SRC-019","CONTRIBUTING","","IG-SRC-019",""
"CS-1689","HYD-099","03-REGISTERS/domain-e-hydronyms.csv","DATA","SRC-022","CONTRIBUTING","","IG-SRC-021",""
"CS-1690","HYD-099","03-REGISTERS/domain-e-hydronyms.csv","DATA","SRC-023","CONTRIBUTING","","IG-SRC-019",""
"CS-1691","HYD-099","03-REGISTERS/domain-e-hydronyms.csv","DATA","SRC-047","CONTRIBUTING","","IG-SRC-047",""
"CS-1692","HYD-100","03-REGISTERS/domain-e-hydronyms.csv","DATA","SRC-019","CONTRIBUTING","","IG-SRC-019",""
"CS-1693","HYD-100","03-REGISTERS/domain-e-hydronyms.csv","DATA","SRC-022","CONTRIBUTING","","IG-SRC-021",""
"CS-1694","HYD-100","03-REGISTERS/domain-e-hydronyms.csv","DATA","SRC-023","CONTRIBUTING","","IG-SRC-019",""
"CS-1695","HYD-100","03-REGISTERS/domain-e-hydronyms.csv","DATA","SRC-047","CONTRIBUTING","","IG-SRC-047",""
"CS-1696","HYD-101","03-REGISTERS/domain-e-hydronyms.csv","DATA","SRC-019","CONTRIBUTING","","IG-SRC-019",""
"CS-1697","HYD-101","03-REGISTERS/domain-e-hydronyms.csv","DATA","SRC-022","CONTRIBUTING","","IG-SRC-021",""
"CS-1698","HYD-101","03-REGISTERS/domain-e-hydronyms.csv","DATA","SRC-023","CONTRIBUTING","","IG-SRC-019",""
"CS-1699","HYD-101","03-REGISTERS/domain-e-hydronyms.csv","DATA","SRC-047","CONTRIBUTING","","IG-SRC-047",""
"CS-1700","HYD-102","03-REGISTERS/domain-e-hydronyms.csv","DATA","SRC-019","CONTRIBUTING","","IG-SRC-019",""
"CS-1701","HYD-102","03-REGISTERS/domain-e-hydronyms.csv","DATA","SRC-022","CONTRIBUTING","","IG-SRC-021",""
"CS-1702","HYD-102","03-REGISTERS/domain-e-hydronyms.csv","DATA","SRC-023","CONTRIBUTING","","IG-SRC-019",""
"CS-1703","HYD-102","03-REGISTERS/domain-e-hydronyms.csv","DATA","SRC-047","CONTRIBUTING","","IG-SRC-047",""
"CS-1704","HYD-103","03-REGISTERS/domain-e-hydronyms.csv","DATA","SRC-019","CONTRIBUTING","","IG-SRC-019",""
"CS-1705","HYD-103","03-REGISTERS/domain-e-hydronyms.csv","DATA","SRC-022","CONTRIBUTING","","IG-SRC-021",""
"CS-1706","HYD-103","03-REGISTERS/domain-e-hydronyms.csv","DATA","SRC-023","CONTRIBUTING","","IG-SRC-019",""
"CS-1707","HYD-103","03-REGISTERS/domain-e-hydronyms.csv","DATA","SRC-047","CONTRIBUTING","","IG-SRC-047",""
"CS-1708","HYD-104","03-REGISTERS/domain-e-hydronyms.csv","DATA","SRC-019","CONTRIBUTING","","IG-SRC-019",""
"CS-1709","HYD-104","03-REGISTERS/domain-e-hydronyms.csv","DATA","SRC-022","CONTRIBUTING","","IG-SRC-021",""
"CS-1710","HYD-104","03-REGISTERS/domain-e-hydronyms.csv","DATA","SRC-023","CONTRIBUTING","","IG-SRC-019",""
"CS-1711","HYD-104","03-REGISTERS/domain-e-hydronyms.csv","DATA","SRC-047","CONTRIBUTING","","IG-SRC-047",""
"CS-1712","HYD-105","03-REGISTERS/domain-e-hydronyms.csv","DATA","SRC-019","CONTRIBUTING","","IG-SRC-019",""
"CS-1713","HYD-105","03-REGISTERS/domain-e-hydronyms.csv","DATA","SRC-022","CONTRIBUTING","","IG-SRC-021",""
"CS-1714","HYD-105","03-REGISTERS/domain-e-hydronyms.csv","DATA","SRC-023","CONTRIBUTING","","IG-SRC-019",""
"CS-1715","HYD-105","03-REGISTERS/domain-e-hydronyms.csv","DATA","SRC-047","CONTRIBUTING","","IG-SRC-047",""
"CS-1716","HYD-106","03-REGISTERS/domain-e-hydronyms.csv","DATA","SRC-019","CONTRIBUTING","","IG-SRC-019",""
"CS-1717","HYD-106","03-REGISTERS/domain-e-hydronyms.csv","DATA","SRC-022","CONTRIBUTING","","IG-SRC-021",""
"CS-1718","HYD-106","03-REGISTERS/domain-e-hydronyms.csv","DATA","SRC-023","CONTRIBUTING","","IG-SRC-019",""
"CS-1719","HYD-106","03-REGISTERS/domain-e-hydronyms.csv","DATA","SRC-047","CONTRIBUTING","","IG-SRC-047",""
"CS-1720","HYD-107","03-REGISTERS/domain-e-hydronyms.csv","DATA","SRC-019","CONTRIBUTING","","IG-SRC-019",""
"CS-1721","HYD-107","03-REGISTERS/domain-e-hydronyms.csv","DATA","SRC-022","CONTRIBUTING","","IG-SRC-021",""
"CS-1722","HYD-107","03-REGISTERS/domain-e-hydronyms.csv","DATA","SRC-023","CONTRIBUTING","","IG-SRC-019",""
"CS-1723","HYD-107","03-REGISTERS/domain-e-hydronyms.csv","DATA","SRC-047","CONTRIBUTING","","IG-SRC-047",""
"CS-1724","HYD-108","03-REGISTERS/domain-e-hydronyms.csv","DATA","SRC-019","CONTRIBUTING","","IG-SRC-019",""
"CS-1725","HYD-108","03-REGISTERS/domain-e-hydronyms.csv","DATA","SRC-022","CONTRIBUTING","","IG-SRC-021",""
"CS-1726","HYD-108","03-REGISTERS/domain-e-hydronyms.csv","DATA","SRC-023","CONTRIBUTING","","IG-SRC-019",""
"CS-1727","HYD-108","03-REGISTERS/domain-e-hydronyms.csv","DATA","SRC-047","CONTRIBUTING","","IG-SRC-047",""
"CS-1728","HYD-109","03-REGISTERS/domain-e-hydronyms.csv","DATA","SRC-019","CONTRIBUTING","","IG-SRC-019",""
"CS-1729","HYD-109","03-REGISTERS/domain-e-hydronyms.csv","DATA","SRC-022","CONTRIBUTING","","IG-SRC-021",""
"CS-1730","HYD-109","03-REGISTERS/domain-e-hydronyms.csv","DATA","SRC-023","CONTRIBUTING","","IG-SRC-019",""
"CS-1731","HYD-109","03-REGISTERS/domain-e-hydronyms.csv","DATA","SRC-047","CONTRIBUTING","","IG-SRC-047",""
"CS-1732","HYD-110","03-REGISTERS/domain-e-hydronyms.csv","DATA","SRC-019","CONTRIBUTING","","IG-SRC-019",""
"CS-1733","HYD-110","03-REGISTERS/domain-e-hydronyms.csv","DATA","SRC-022","CONTRIBUTING","","IG-SRC-021",""
"CS-1734","HYD-110","03-REGISTERS/domain-e-hydronyms.csv","DATA","SRC-023","CONTRIBUTING","","IG-SRC-019",""
"CS-1735","HYD-110","03-REGISTERS/domain-e-hydronyms.csv","DATA","SRC-047","CONTRIBUTING","","IG-SRC-047",""
"CS-1736","HYD-111","03-REGISTERS/domain-e-hydronyms.csv","DATA","SRC-019","CONTRIBUTING","","IG-SRC-019",""
"CS-1737","HYD-111","03-REGISTERS/domain-e-hydronyms.csv","DATA","SRC-022","CONTRIBUTING","","IG-SRC-021",""
"CS-1738","HYD-111","03-REGISTERS/domain-e-hydronyms.csv","DATA","SRC-023","CONTRIBUTING","","IG-SRC-019",""
"CS-1739","HYD-111","03-REGISTERS/domain-e-hydronyms.csv","DATA","SRC-047","CONTRIBUTING","","IG-SRC-047",""
"CS-1740","HYD-112","03-REGISTERS/domain-e-hydronyms.csv","DATA","SRC-019","CONTRIBUTING","","IG-SRC-019",""
"CS-1741","HYD-112","03-REGISTERS/domain-e-hydronyms.csv","DATA","SRC-022","CONTRIBUTING","","IG-SRC-021",""
"CS-1742","HYD-112","03-REGISTERS/domain-e-hydronyms.csv","DATA","SRC-023","CONTRIBUTING","","IG-SRC-019",""
"CS-1743","HYD-112","03-REGISTERS/domain-e-hydronyms.csv","DATA","SRC-047","CONTRIBUTING","","IG-SRC-047",""
"CS-1744","HYD-113","03-REGISTERS/domain-e-hydronyms.csv","DATA","SRC-019","CONTRIBUTING","","IG-SRC-019",""
"CS-1745","HYD-113","03-REGISTERS/domain-e-hydronyms.csv","DATA","SRC-022","CONTRIBUTING","","IG-SRC-021",""
"CS-1746","HYD-113","03-REGISTERS/domain-e-hydronyms.csv","DATA","SRC-023","CONTRIBUTING","","IG-SRC-019",""
"CS-1747","HYD-113","03-REGISTERS/domain-e-hydronyms.csv","DATA","SRC-047","CONTRIBUTING","","IG-SRC-047",""
"CS-1748","HYD-114","03-REGISTERS/domain-e-hydronyms.csv","DATA","SRC-019","CONTRIBUTING","","IG-SRC-019",""
"CS-1749","HYD-114","03-REGISTERS/domain-e-hydronyms.csv","DATA","SRC-022","CONTRIBUTING","","IG-SRC-021",""
"CS-1750","HYD-114","03-REGISTERS/domain-e-hydronyms.csv","DATA","SRC-023","CONTRIBUTING","","IG-SRC-019",""
"CS-1751","HYD-114","03-REGISTERS/domain-e-hydronyms.csv","DATA","SRC-047","CONTRIBUTING","","IG-SRC-047",""
"CS-1752","HYD-115","03-REGISTERS/domain-e-hydronyms.csv","DATA","SRC-019","CONTRIBUTING","","IG-SRC-019",""
"CS-1753","HYD-115","03-REGISTERS/domain-e-hydronyms.csv","DATA","SRC-022","CONTRIBUTING","","IG-SRC-021",""
"CS-1754","HYD-115","03-REGISTERS/domain-e-hydronyms.csv","DATA","SRC-023","CONTRIBUTING","","IG-SRC-019",""
"CS-1755","HYD-115","03-REGISTERS/domain-e-hydronyms.csv","DATA","SRC-047","CONTRIBUTING","","IG-SRC-047",""
"CS-1756","HYD-116","03-REGISTERS/domain-e-hydronyms.csv","DATA","SRC-019","CONTRIBUTING","","IG-SRC-019",""
"CS-1757","HYD-116","03-REGISTERS/domain-e-hydronyms.csv","DATA","SRC-022","CONTRIBUTING","","IG-SRC-021",""
"CS-1758","HYD-116","03-REGISTERS/domain-e-hydronyms.csv","DATA","SRC-023","CONTRIBUTING","","IG-SRC-019",""
"CS-1759","HYD-116","03-REGISTERS/domain-e-hydronyms.csv","DATA","SRC-047","CONTRIBUTING","","IG-SRC-047",""
"CS-1760","HYD-117","03-REGISTERS/domain-e-hydronyms.csv","DATA","SRC-019","CONTRIBUTING","","IG-SRC-019",""
"CS-1761","HYD-117","03-REGISTERS/domain-e-hydronyms.csv","DATA","SRC-022","CONTRIBUTING","","IG-SRC-021",""
"CS-1762","HYD-117","03-REGISTERS/domain-e-hydronyms.csv","DATA","SRC-023","CONTRIBUTING","","IG-SRC-019",""
"CS-1763","HYD-117","03-REGISTERS/domain-e-hydronyms.csv","DATA","SRC-047","CONTRIBUTING","","IG-SRC-047",""
"CS-1764","HYD-118","03-REGISTERS/domain-e-hydronyms.csv","DATA","SRC-019","CONTRIBUTING","","IG-SRC-019",""
"CS-1765","HYD-118","03-REGISTERS/domain-e-hydronyms.csv","DATA","SRC-022","CONTRIBUTING","","IG-SRC-021",""
"CS-1766","HYD-118","03-REGISTERS/domain-e-hydronyms.csv","DATA","SRC-023","CONTRIBUTING","","IG-SRC-019",""
"CS-1767","HYD-118","03-REGISTERS/domain-e-hydronyms.csv","DATA","SRC-047","CONTRIBUTING","","IG-SRC-047",""
"CS-1768","HYD-119","03-REGISTERS/domain-e-hydronyms.csv","DATA","SRC-019","CONTRIBUTING","","IG-SRC-019",""
"CS-1769","HYD-119","03-REGISTERS/domain-e-hydronyms.csv","DATA","SRC-022","CONTRIBUTING","","IG-SRC-021",""
"CS-1770","HYD-119","03-REGISTERS/domain-e-hydronyms.csv","DATA","SRC-023","CONTRIBUTING","","IG-SRC-019",""
"CS-1771","HYD-119","03-REGISTERS/domain-e-hydronyms.csv","DATA","SRC-047","CONTRIBUTING","","IG-SRC-047",""
"CS-1772","HYD-120","03-REGISTERS/domain-e-hydronyms.csv","DATA","SRC-019","CONTRIBUTING","","IG-SRC-019",""
"CS-1773","HYD-120","03-REGISTERS/domain-e-hydronyms.csv","DATA","SRC-022","CONTRIBUTING","","IG-SRC-021",""
"CS-1774","HYD-120","03-REGISTERS/domain-e-hydronyms.csv","DATA","SRC-023","CONTRIBUTING","","IG-SRC-019",""
"CS-1775","HYD-120","03-REGISTERS/domain-e-hydronyms.csv","DATA","SRC-047","CONTRIBUTING","","IG-SRC-047",""
"CS-1776","HYD-121","03-REGISTERS/domain-e-hydronyms.csv","DATA","SRC-019","CONTRIBUTING","","IG-SRC-019",""
"CS-1777","HYD-121","03-REGISTERS/domain-e-hydronyms.csv","DATA","SRC-022","CONTRIBUTING","","IG-SRC-021",""
"CS-1778","HYD-121","03-REGISTERS/domain-e-hydronyms.csv","DATA","SRC-023","CONTRIBUTING","","IG-SRC-019",""
"CS-1779","HYD-121","03-REGISTERS/domain-e-hydronyms.csv","DATA","SRC-047","CONTRIBUTING","","IG-SRC-047",""
"CS-1780","HYD-122","03-REGISTERS/domain-e-hydronyms.csv","DATA","SRC-019","CONTRIBUTING","","IG-SRC-019",""
"CS-1781","HYD-122","03-REGISTERS/domain-e-hydronyms.csv","DATA","SRC-022","CONTRIBUTING","","IG-SRC-021",""
"CS-1782","HYD-122","03-REGISTERS/domain-e-hydronyms.csv","DATA","SRC-023","CONTRIBUTING","","IG-SRC-019",""
"CS-1783","HYD-122","03-REGISTERS/domain-e-hydronyms.csv","DATA","SRC-047","CONTRIBUTING","","IG-SRC-047",""
"CS-1784","HYD-123","03-REGISTERS/domain-e-hydronyms.csv","DATA","SRC-019","CONTRIBUTING","","IG-SRC-019",""
"CS-1785","HYD-123","03-REGISTERS/domain-e-hydronyms.csv","DATA","SRC-022","CONTRIBUTING","","IG-SRC-021",""
"CS-1786","HYD-123","03-REGISTERS/domain-e-hydronyms.csv","DATA","SRC-023","CONTRIBUTING","","IG-SRC-019",""
"CS-1787","HYD-123","03-REGISTERS/domain-e-hydronyms.csv","DATA","SRC-047","CONTRIBUTING","","IG-SRC-047",""
"CS-1788","HYD-124","03-REGISTERS/domain-e-hydronyms.csv","DATA","SRC-019","CONTRIBUTING","","IG-SRC-019",""
"CS-1789","HYD-124","03-REGISTERS/domain-e-hydronyms.csv","DATA","SRC-022","CONTRIBUTING","","IG-SRC-021",""
"CS-1790","HYD-124","03-REGISTERS/domain-e-hydronyms.csv","DATA","SRC-023","CONTRIBUTING","","IG-SRC-019",""
"CS-1791","HYD-124","03-REGISTERS/domain-e-hydronyms.csv","DATA","SRC-047","CONTRIBUTING","","IG-SRC-047",""
"CS-1792","HYD-125","03-REGISTERS/domain-e-hydronyms.csv","DATA","SRC-019","CONTRIBUTING","","IG-SRC-019",""
"CS-1793","HYD-125","03-REGISTERS/domain-e-hydronyms.csv","DATA","SRC-022","CONTRIBUTING","","IG-SRC-021",""
"CS-1794","HYD-125","03-REGISTERS/domain-e-hydronyms.csv","DATA","SRC-023","CONTRIBUTING","","IG-SRC-019",""
"CS-1795","HYD-125","03-REGISTERS/domain-e-hydronyms.csv","DATA","SRC-047","CONTRIBUTING","","IG-SRC-047",""
"CS-1796","HYD-126","03-REGISTERS/domain-e-hydronyms.csv","DATA","SRC-019","CONTRIBUTING","","IG-SRC-019",""
"CS-1797","HYD-126","03-REGISTERS/domain-e-hydronyms.csv","DATA","SRC-022","CONTRIBUTING","","IG-SRC-021",""
"CS-1798","HYD-126","03-REGISTERS/domain-e-hydronyms.csv","DATA","SRC-023","CONTRIBUTING","","IG-SRC-019",""
"CS-1799","HYD-126","03-REGISTERS/domain-e-hydronyms.csv","DATA","SRC-047","CONTRIBUTING","","IG-SRC-047",""
"CS-1800","HYD-127","03-REGISTERS/domain-e-hydronyms.csv","DATA","SRC-019","CONTRIBUTING","","IG-SRC-019",""
"CS-1801","HYD-127","03-REGISTERS/domain-e-hydronyms.csv","DATA","SRC-022","CONTRIBUTING","","IG-SRC-021",""
"CS-1802","HYD-127","03-REGISTERS/domain-e-hydronyms.csv","DATA","SRC-023","CONTRIBUTING","","IG-SRC-019",""
"CS-1803","HYD-127","03-REGISTERS/domain-e-hydronyms.csv","DATA","SRC-047","CONTRIBUTING","","IG-SRC-047",""
"CS-1804","HYD-128","03-REGISTERS/domain-e-hydronyms.csv","DATA","SRC-019","CONTRIBUTING","","IG-SRC-019",""
"CS-1805","HYD-128","03-REGISTERS/domain-e-hydronyms.csv","DATA","SRC-022","CONTRIBUTING","","IG-SRC-021",""
"CS-1806","HYD-128","03-REGISTERS/domain-e-hydronyms.csv","DATA","SRC-023","CONTRIBUTING","","IG-SRC-019",""
"CS-1807","HYD-128","03-REGISTERS/domain-e-hydronyms.csv","DATA","SRC-047","CONTRIBUTING","","IG-SRC-047",""
"CS-1808","HYD-129","03-REGISTERS/domain-e-hydronyms.csv","DATA","SRC-019","CONTRIBUTING","","IG-SRC-019",""
"CS-1809","HYD-129","03-REGISTERS/domain-e-hydronyms.csv","DATA","SRC-022","CONTRIBUTING","","IG-SRC-021",""
"CS-1810","HYD-129","03-REGISTERS/domain-e-hydronyms.csv","DATA","SRC-023","CONTRIBUTING","","IG-SRC-019",""
"CS-1811","HYD-129","03-REGISTERS/domain-e-hydronyms.csv","DATA","SRC-047","CONTRIBUTING","","IG-SRC-047",""
"CS-1812","HYD-130","03-REGISTERS/domain-e-hydronyms.csv","DATA","SRC-019","CONTRIBUTING","","IG-SRC-019",""
"CS-1813","HYD-130","03-REGISTERS/domain-e-hydronyms.csv","DATA","SRC-022","CONTRIBUTING","","IG-SRC-021",""
"CS-1814","HYD-130","03-REGISTERS/domain-e-hydronyms.csv","DATA","SRC-023","CONTRIBUTING","","IG-SRC-019",""
"CS-1815","HYD-130","03-REGISTERS/domain-e-hydronyms.csv","DATA","SRC-047","CONTRIBUTING","","IG-SRC-047",""
"CS-1816","HYD-131","03-REGISTERS/domain-e-hydronyms.csv","DATA","SRC-019","CONTRIBUTING","","IG-SRC-019",""
"CS-1817","HYD-131","03-REGISTERS/domain-e-hydronyms.csv","DATA","SRC-022","CONTRIBUTING","","IG-SRC-021",""
"CS-1818","HYD-131","03-REGISTERS/domain-e-hydronyms.csv","DATA","SRC-023","CONTRIBUTING","","IG-SRC-019",""
"CS-1819","HYD-131","03-REGISTERS/domain-e-hydronyms.csv","DATA","SRC-047","CONTRIBUTING","","IG-SRC-047",""
"CS-1820","HYD-132","03-REGISTERS/domain-e-hydronyms.csv","DATA","SRC-019","CONTRIBUTING","","IG-SRC-019",""
"CS-1821","HYD-132","03-REGISTERS/domain-e-hydronyms.csv","DATA","SRC-022","CONTRIBUTING","","IG-SRC-021",""
"CS-1822","HYD-132","03-REGISTERS/domain-e-hydronyms.csv","DATA","SRC-023","CONTRIBUTING","","IG-SRC-019",""
"CS-1823","HYD-132","03-REGISTERS/domain-e-hydronyms.csv","DATA","SRC-047","CONTRIBUTING","","IG-SRC-047",""
"CS-1824","HYD-133","03-REGISTERS/domain-e-hydronyms.csv","DATA","SRC-019","CONTRIBUTING","","IG-SRC-019",""
"CS-1825","HYD-133","03-REGISTERS/domain-e-hydronyms.csv","DATA","SRC-022","CONTRIBUTING","","IG-SRC-021",""
"CS-1826","HYD-133","03-REGISTERS/domain-e-hydronyms.csv","DATA","SRC-023","CONTRIBUTING","","IG-SRC-019",""
"CS-1827","HYD-133","03-REGISTERS/domain-e-hydronyms.csv","DATA","SRC-047","CONTRIBUTING","","IG-SRC-047",""
"CS-1828","HYD-134","03-REGISTERS/domain-e-hydronyms.csv","DATA","SRC-019","CONTRIBUTING","","IG-SRC-019",""
"CS-1829","HYD-134","03-REGISTERS/domain-e-hydronyms.csv","DATA","SRC-022","CONTRIBUTING","","IG-SRC-021",""
"CS-1830","HYD-134","03-REGISTERS/domain-e-hydronyms.csv","DATA","SRC-023","CONTRIBUTING","","IG-SRC-019",""
"CS-1831","HYD-134","03-REGISTERS/domain-e-hydronyms.csv","DATA","SRC-047","CONTRIBUTING","","IG-SRC-047",""
"CS-1832","HYD-135","03-REGISTERS/domain-e-hydronyms.csv","DATA","SRC-019","CONTRIBUTING","","IG-SRC-019",""
"CS-1833","HYD-135","03-REGISTERS/domain-e-hydronyms.csv","DATA","SRC-022","CONTRIBUTING","","IG-SRC-021",""
"CS-1834","HYD-135","03-REGISTERS/domain-e-hydronyms.csv","DATA","SRC-023","CONTRIBUTING","","IG-SRC-019",""
"CS-1835","HYD-135","03-REGISTERS/domain-e-hydronyms.csv","DATA","SRC-047","CONTRIBUTING","","IG-SRC-047",""
"CS-1836","HYD-136","03-REGISTERS/domain-e-hydronyms.csv","DATA","SRC-019","CONTRIBUTING","","IG-SRC-019",""
"CS-1837","HYD-136","03-REGISTERS/domain-e-hydronyms.csv","DATA","SRC-022","CONTRIBUTING","","IG-SRC-021",""
"CS-1838","HYD-136","03-REGISTERS/domain-e-hydronyms.csv","DATA","SRC-023","CONTRIBUTING","","IG-SRC-019",""
"CS-1839","HYD-136","03-REGISTERS/domain-e-hydronyms.csv","DATA","SRC-047","CONTRIBUTING","","IG-SRC-047",""
"CS-1840","HYD-137","03-REGISTERS/domain-e-hydronyms.csv","DATA","SRC-019","CONTRIBUTING","","IG-SRC-019",""
"CS-1841","HYD-137","03-REGISTERS/domain-e-hydronyms.csv","DATA","SRC-022","CONTRIBUTING","","IG-SRC-021",""
"CS-1842","HYD-137","03-REGISTERS/domain-e-hydronyms.csv","DATA","SRC-023","CONTRIBUTING","","IG-SRC-019",""
"CS-1843","HYD-137","03-REGISTERS/domain-e-hydronyms.csv","DATA","SRC-047","CONTRIBUTING","","IG-SRC-047",""
"CS-1844","HYD-138","03-REGISTERS/domain-e-hydronyms.csv","DATA","SRC-019","CONTRIBUTING","","IG-SRC-019",""
"CS-1845","HYD-138","03-REGISTERS/domain-e-hydronyms.csv","DATA","SRC-022","CONTRIBUTING","","IG-SRC-021",""
"CS-1846","HYD-138","03-REGISTERS/domain-e-hydronyms.csv","DATA","SRC-023","CONTRIBUTING","","IG-SRC-019",""
"CS-1847","HYD-138","03-REGISTERS/domain-e-hydronyms.csv","DATA","SRC-047","CONTRIBUTING","","IG-SRC-047",""
"CS-1848","HYD-139","03-REGISTERS/domain-e-hydronyms.csv","DATA","SRC-019","CONTRIBUTING","","IG-SRC-019",""
"CS-1849","HYD-139","03-REGISTERS/domain-e-hydronyms.csv","DATA","SRC-022","CONTRIBUTING","","IG-SRC-021",""
"CS-1850","HYD-139","03-REGISTERS/domain-e-hydronyms.csv","DATA","SRC-023","CONTRIBUTING","","IG-SRC-019",""
"CS-1851","HYD-139","03-REGISTERS/domain-e-hydronyms.csv","DATA","SRC-047","CONTRIBUTING","","IG-SRC-047",""
"CS-1852","HYD-140","03-REGISTERS/domain-e-hydronyms.csv","DATA","SRC-019","CONTRIBUTING","","IG-SRC-019",""
"CS-1853","HYD-140","03-REGISTERS/domain-e-hydronyms.csv","DATA","SRC-022","CONTRIBUTING","","IG-SRC-021",""
"CS-1854","HYD-140","03-REGISTERS/domain-e-hydronyms.csv","DATA","SRC-023","CONTRIBUTING","","IG-SRC-019",""
"CS-1855","HYD-140","03-REGISTERS/domain-e-hydronyms.csv","DATA","SRC-047","CONTRIBUTING","","IG-SRC-047",""
"CS-1856","HYD-141","03-REGISTERS/domain-e-hydronyms.csv","DATA","SRC-019","CONTRIBUTING","","IG-SRC-019",""
"CS-1857","HYD-141","03-REGISTERS/domain-e-hydronyms.csv","DATA","SRC-022","CONTRIBUTING","","IG-SRC-021",""
"CS-1858","HYD-141","03-REGISTERS/domain-e-hydronyms.csv","DATA","SRC-023","CONTRIBUTING","","IG-SRC-019",""
"CS-1859","HYD-141","03-REGISTERS/domain-e-hydronyms.csv","DATA","SRC-047","CONTRIBUTING","","IG-SRC-047",""
"CS-1860","HYD-142","03-REGISTERS/domain-e-hydronyms.csv","DATA","SRC-019","CONTRIBUTING","","IG-SRC-019",""
"CS-1861","HYD-142","03-REGISTERS/domain-e-hydronyms.csv","DATA","SRC-022","CONTRIBUTING","","IG-SRC-021",""
"CS-1862","HYD-142","03-REGISTERS/domain-e-hydronyms.csv","DATA","SRC-023","CONTRIBUTING","","IG-SRC-019",""
"CS-1863","HYD-142","03-REGISTERS/domain-e-hydronyms.csv","DATA","SRC-047","CONTRIBUTING","","IG-SRC-047",""
"CS-1864","HYD-143","03-REGISTERS/domain-e-hydronyms.csv","DATA","SRC-019","CONTRIBUTING","","IG-SRC-019",""
"CS-1865","HYD-143","03-REGISTERS/domain-e-hydronyms.csv","DATA","SRC-022","CONTRIBUTING","","IG-SRC-021",""
"CS-1866","HYD-143","03-REGISTERS/domain-e-hydronyms.csv","DATA","SRC-023","CONTRIBUTING","","IG-SRC-019",""
"CS-1867","HYD-143","03-REGISTERS/domain-e-hydronyms.csv","DATA","SRC-047","CONTRIBUTING","","IG-SRC-047",""
"CS-1868","HYD-144","03-REGISTERS/domain-e-hydronyms.csv","DATA","SRC-019","CONTRIBUTING","","IG-SRC-019",""
"CS-1869","HYD-144","03-REGISTERS/domain-e-hydronyms.csv","DATA","SRC-022","CONTRIBUTING","","IG-SRC-021",""
"CS-1870","HYD-144","03-REGISTERS/domain-e-hydronyms.csv","DATA","SRC-023","CONTRIBUTING","","IG-SRC-019",""
"CS-1871","HYD-144","03-REGISTERS/domain-e-hydronyms.csv","DATA","SRC-047","CONTRIBUTING","","IG-SRC-047",""
"CS-1872","HYD-145","03-REGISTERS/domain-e-hydronyms.csv","DATA","SRC-019","CONTRIBUTING","","IG-SRC-019",""
"CS-1873","HYD-145","03-REGISTERS/domain-e-hydronyms.csv","DATA","SRC-022","CONTRIBUTING","","IG-SRC-021",""
"CS-1874","HYD-145","03-REGISTERS/domain-e-hydronyms.csv","DATA","SRC-023","CONTRIBUTING","","IG-SRC-019",""
"CS-1875","HYD-145","03-REGISTERS/domain-e-hydronyms.csv","DATA","SRC-047","CONTRIBUTING","","IG-SRC-047",""
"CS-1876","HYD-146","03-REGISTERS/domain-e-hydronyms.csv","DATA","SRC-019","CONTRIBUTING","","IG-SRC-019",""
"CS-1877","HYD-146","03-REGISTERS/domain-e-hydronyms.csv","DATA","SRC-022","CONTRIBUTING","","IG-SRC-021",""
"CS-1878","HYD-146","03-REGISTERS/domain-e-hydronyms.csv","DATA","SRC-023","CONTRIBUTING","","IG-SRC-019",""
"CS-1879","HYD-146","03-REGISTERS/domain-e-hydronyms.csv","DATA","SRC-047","CONTRIBUTING","","IG-SRC-047",""
"CS-1880","HYD-147","03-REGISTERS/domain-e-hydronyms.csv","DATA","SRC-019","CONTRIBUTING","","IG-SRC-019",""
"CS-1881","HYD-147","03-REGISTERS/domain-e-hydronyms.csv","DATA","SRC-022","CONTRIBUTING","","IG-SRC-021",""
"CS-1882","HYD-147","03-REGISTERS/domain-e-hydronyms.csv","DATA","SRC-023","CONTRIBUTING","","IG-SRC-019",""
"CS-1883","HYD-147","03-REGISTERS/domain-e-hydronyms.csv","DATA","SRC-047","CONTRIBUTING","","IG-SRC-047",""
"CS-1884","HYD-148","03-REGISTERS/domain-e-hydronyms.csv","DATA","SRC-019","CONTRIBUTING","","IG-SRC-019",""
"CS-1885","HYD-148","03-REGISTERS/domain-e-hydronyms.csv","DATA","SRC-022","CONTRIBUTING","","IG-SRC-021",""
"CS-1886","HYD-148","03-REGISTERS/domain-e-hydronyms.csv","DATA","SRC-023","CONTRIBUTING","","IG-SRC-019",""
"CS-1887","HYD-148","03-REGISTERS/domain-e-hydronyms.csv","DATA","SRC-047","CONTRIBUTING","","IG-SRC-047",""
"CS-1888","HYD-149","03-REGISTERS/domain-e-hydronyms.csv","DATA","SRC-019","CONTRIBUTING","","IG-SRC-019",""
"CS-1889","HYD-149","03-REGISTERS/domain-e-hydronyms.csv","DATA","SRC-022","CONTRIBUTING","","IG-SRC-021",""
"CS-1890","HYD-149","03-REGISTERS/domain-e-hydronyms.csv","DATA","SRC-023","CONTRIBUTING","","IG-SRC-019",""
"CS-1891","HYD-149","03-REGISTERS/domain-e-hydronyms.csv","DATA","SRC-047","CONTRIBUTING","","IG-SRC-047",""
"CS-1892","HYD-150","03-REGISTERS/domain-e-hydronyms.csv","DATA","SRC-019","CONTRIBUTING","","IG-SRC-019",""
"CS-1893","HYD-150","03-REGISTERS/domain-e-hydronyms.csv","DATA","SRC-022","CONTRIBUTING","","IG-SRC-021",""
"CS-1894","HYD-150","03-REGISTERS/domain-e-hydronyms.csv","DATA","SRC-023","CONTRIBUTING","","IG-SRC-019",""
"CS-1895","HYD-150","03-REGISTERS/domain-e-hydronyms.csv","DATA","SRC-047","CONTRIBUTING","","IG-SRC-047",""
"CS-1896","HYD-151","03-REGISTERS/domain-e-hydronyms.csv","DATA","SRC-019","CONTRIBUTING","","IG-SRC-019",""
"CS-1897","HYD-151","03-REGISTERS/domain-e-hydronyms.csv","DATA","SRC-022","CONTRIBUTING","","IG-SRC-021",""
"CS-1898","HYD-151","03-REGISTERS/domain-e-hydronyms.csv","DATA","SRC-023","CONTRIBUTING","","IG-SRC-019",""
"CS-1899","HYD-151","03-REGISTERS/domain-e-hydronyms.csv","DATA","SRC-047","CONTRIBUTING","","IG-SRC-047",""
"CS-1900","HYD-152","03-REGISTERS/domain-e-hydronyms.csv","DATA","SRC-019","CONTRIBUTING","","IG-SRC-019",""
"CS-1901","HYD-152","03-REGISTERS/domain-e-hydronyms.csv","DATA","SRC-022","CONTRIBUTING","","IG-SRC-021",""
"CS-1902","HYD-152","03-REGISTERS/domain-e-hydronyms.csv","DATA","SRC-023","CONTRIBUTING","","IG-SRC-019",""
"CS-1903","HYD-152","03-REGISTERS/domain-e-hydronyms.csv","DATA","SRC-047","CONTRIBUTING","","IG-SRC-047",""
"CS-1904","HYD-153","03-REGISTERS/domain-e-hydronyms.csv","DATA","SRC-019","CONTRIBUTING","","IG-SRC-019",""
"CS-1905","HYD-153","03-REGISTERS/domain-e-hydronyms.csv","DATA","SRC-022","CONTRIBUTING","","IG-SRC-021",""
"CS-1906","HYD-153","03-REGISTERS/domain-e-hydronyms.csv","DATA","SRC-023","CONTRIBUTING","","IG-SRC-019",""
"CS-1907","HYD-153","03-REGISTERS/domain-e-hydronyms.csv","DATA","SRC-047","CONTRIBUTING","","IG-SRC-047",""
"CS-1908","HYD-154","03-REGISTERS/domain-e-hydronyms.csv","DATA","SRC-019","CONTRIBUTING","","IG-SRC-019",""
"CS-1909","HYD-154","03-REGISTERS/domain-e-hydronyms.csv","DATA","SRC-022","CONTRIBUTING","","IG-SRC-021",""
"CS-1910","HYD-154","03-REGISTERS/domain-e-hydronyms.csv","DATA","SRC-023","CONTRIBUTING","","IG-SRC-019",""
"CS-1911","HYD-154","03-REGISTERS/domain-e-hydronyms.csv","DATA","SRC-047","CONTRIBUTING","","IG-SRC-047",""
"CS-1912","HYD-155","03-REGISTERS/domain-e-hydronyms.csv","DATA","SRC-019","CONTRIBUTING","","IG-SRC-019",""
"CS-1913","HYD-155","03-REGISTERS/domain-e-hydronyms.csv","DATA","SRC-022","CONTRIBUTING","","IG-SRC-021",""
"CS-1914","HYD-155","03-REGISTERS/domain-e-hydronyms.csv","DATA","SRC-023","CONTRIBUTING","","IG-SRC-019",""
"CS-1915","HYD-155","03-REGISTERS/domain-e-hydronyms.csv","DATA","SRC-047","CONTRIBUTING","","IG-SRC-047",""
"CS-1916","HYD-156","03-REGISTERS/domain-e-hydronyms.csv","DATA","SRC-019","CONTRIBUTING","","IG-SRC-019",""
"CS-1917","HYD-156","03-REGISTERS/domain-e-hydronyms.csv","DATA","SRC-022","CONTRIBUTING","","IG-SRC-021",""
"CS-1918","HYD-156","03-REGISTERS/domain-e-hydronyms.csv","DATA","SRC-023","CONTRIBUTING","","IG-SRC-019",""
"CS-1919","HYD-156","03-REGISTERS/domain-e-hydronyms.csv","DATA","SRC-047","CONTRIBUTING","","IG-SRC-047",""
"CS-1920","HYD-157","03-REGISTERS/domain-e-hydronyms.csv","DATA","SRC-019","CONTRIBUTING","","IG-SRC-019",""
"CS-1921","HYD-157","03-REGISTERS/domain-e-hydronyms.csv","DATA","SRC-022","CONTRIBUTING","","IG-SRC-021",""
"CS-1922","HYD-157","03-REGISTERS/domain-e-hydronyms.csv","DATA","SRC-023","CONTRIBUTING","","IG-SRC-019",""
"CS-1923","HYD-157","03-REGISTERS/domain-e-hydronyms.csv","DATA","SRC-047","CONTRIBUTING","","IG-SRC-047",""
"CS-1924","HYD-158","03-REGISTERS/domain-e-hydronyms.csv","DATA","SRC-019","CONTRIBUTING","","IG-SRC-019",""
"CS-1925","HYD-158","03-REGISTERS/domain-e-hydronyms.csv","DATA","SRC-022","CONTRIBUTING","","IG-SRC-021",""
"CS-1926","HYD-158","03-REGISTERS/domain-e-hydronyms.csv","DATA","SRC-023","CONTRIBUTING","","IG-SRC-019",""
"CS-1927","HYD-158","03-REGISTERS/domain-e-hydronyms.csv","DATA","SRC-047","CONTRIBUTING","","IG-SRC-047",""
"CS-1928","HYD-159","03-REGISTERS/domain-e-hydronyms.csv","DATA","SRC-019","CONTRIBUTING","","IG-SRC-019",""
"CS-1929","HYD-159","03-REGISTERS/domain-e-hydronyms.csv","DATA","SRC-022","CONTRIBUTING","","IG-SRC-021",""
"CS-1930","HYD-159","03-REGISTERS/domain-e-hydronyms.csv","DATA","SRC-023","CONTRIBUTING","","IG-SRC-019",""
"CS-1931","HYD-159","03-REGISTERS/domain-e-hydronyms.csv","DATA","SRC-047","CONTRIBUTING","","IG-SRC-047",""
"CS-1932","HYD-160","03-REGISTERS/domain-e-hydronyms.csv","DATA","SRC-019","CONTRIBUTING","","IG-SRC-019",""
"CS-1933","HYD-160","03-REGISTERS/domain-e-hydronyms.csv","DATA","SRC-022","CONTRIBUTING","","IG-SRC-021",""
"CS-1934","HYD-160","03-REGISTERS/domain-e-hydronyms.csv","DATA","SRC-023","CONTRIBUTING","","IG-SRC-019",""
"CS-1935","HYD-160","03-REGISTERS/domain-e-hydronyms.csv","DATA","SRC-047","CONTRIBUTING","","IG-SRC-047",""
"CS-1936","HYD-161","03-REGISTERS/domain-e-hydronyms.csv","DATA","SRC-019","CONTRIBUTING","","IG-SRC-019",""
"CS-1937","HYD-161","03-REGISTERS/domain-e-hydronyms.csv","DATA","SRC-022","CONTRIBUTING","","IG-SRC-021",""
"CS-1938","HYD-161","03-REGISTERS/domain-e-hydronyms.csv","DATA","SRC-023","CONTRIBUTING","","IG-SRC-019",""
"CS-1939","HYD-161","03-REGISTERS/domain-e-hydronyms.csv","DATA","SRC-047","CONTRIBUTING","","IG-SRC-047",""
"CS-1940","HYD-162","03-REGISTERS/domain-e-hydronyms.csv","DATA","SRC-019","CONTRIBUTING","","IG-SRC-019",""
"CS-1941","HYD-162","03-REGISTERS/domain-e-hydronyms.csv","DATA","SRC-022","CONTRIBUTING","","IG-SRC-021",""
"CS-1942","HYD-162","03-REGISTERS/domain-e-hydronyms.csv","DATA","SRC-023","CONTRIBUTING","","IG-SRC-019",""
"CS-1943","HYD-162","03-REGISTERS/domain-e-hydronyms.csv","DATA","SRC-047","CONTRIBUTING","","IG-SRC-047",""
"CS-1944","HYD-163","03-REGISTERS/domain-e-hydronyms.csv","DATA","SRC-019","CONTRIBUTING","","IG-SRC-019",""
"CS-1945","HYD-163","03-REGISTERS/domain-e-hydronyms.csv","DATA","SRC-022","CONTRIBUTING","","IG-SRC-021",""
"CS-1946","HYD-163","03-REGISTERS/domain-e-hydronyms.csv","DATA","SRC-023","CONTRIBUTING","","IG-SRC-019",""
"CS-1947","HYD-163","03-REGISTERS/domain-e-hydronyms.csv","DATA","SRC-047","CONTRIBUTING","","IG-SRC-047",""
"CS-1948","HYD-164","03-REGISTERS/domain-e-hydronyms.csv","DATA","SRC-019","CONTRIBUTING","","IG-SRC-019",""
"CS-1949","HYD-164","03-REGISTERS/domain-e-hydronyms.csv","DATA","SRC-022","CONTRIBUTING","","IG-SRC-021",""
"CS-1950","HYD-164","03-REGISTERS/domain-e-hydronyms.csv","DATA","SRC-023","CONTRIBUTING","","IG-SRC-019",""
"CS-1951","HYD-164","03-REGISTERS/domain-e-hydronyms.csv","DATA","SRC-047","CONTRIBUTING","","IG-SRC-047",""
"CS-1952","HYD-165","03-REGISTERS/domain-e-hydronyms.csv","DATA","SRC-019","CONTRIBUTING","","IG-SRC-019",""
"CS-1953","HYD-165","03-REGISTERS/domain-e-hydronyms.csv","DATA","SRC-022","CONTRIBUTING","","IG-SRC-021",""
"CS-1954","HYD-165","03-REGISTERS/domain-e-hydronyms.csv","DATA","SRC-023","CONTRIBUTING","","IG-SRC-019",""
"CS-1955","HYD-165","03-REGISTERS/domain-e-hydronyms.csv","DATA","SRC-047","CONTRIBUTING","","IG-SRC-047",""
"CS-1956","HYD-166","03-REGISTERS/domain-e-hydronyms.csv","DATA","SRC-019","CONTRIBUTING","","IG-SRC-019",""
"CS-1957","HYD-166","03-REGISTERS/domain-e-hydronyms.csv","DATA","SRC-022","CONTRIBUTING","","IG-SRC-021",""
"CS-1958","HYD-166","03-REGISTERS/domain-e-hydronyms.csv","DATA","SRC-023","CONTRIBUTING","","IG-SRC-019",""
"CS-1959","HYD-166","03-REGISTERS/domain-e-hydronyms.csv","DATA","SRC-047","CONTRIBUTING","","IG-SRC-047",""
"CS-1960","HYD-167","03-REGISTERS/domain-e-hydronyms.csv","DATA","SRC-019","CONTRIBUTING","","IG-SRC-019",""
"CS-1961","HYD-167","03-REGISTERS/domain-e-hydronyms.csv","DATA","SRC-022","CONTRIBUTING","","IG-SRC-021",""
"CS-1962","HYD-167","03-REGISTERS/domain-e-hydronyms.csv","DATA","SRC-023","CONTRIBUTING","","IG-SRC-019",""
"CS-1963","HYD-167","03-REGISTERS/domain-e-hydronyms.csv","DATA","SRC-047","CONTRIBUTING","","IG-SRC-047",""
"CS-1964","HYD-168","03-REGISTERS/domain-e-hydronyms.csv","DATA","SRC-019","CONTRIBUTING","","IG-SRC-019",""
"CS-1965","HYD-168","03-REGISTERS/domain-e-hydronyms.csv","DATA","SRC-022","CONTRIBUTING","","IG-SRC-021",""
"CS-1966","HYD-168","03-REGISTERS/domain-e-hydronyms.csv","DATA","SRC-023","CONTRIBUTING","","IG-SRC-019",""
"CS-1967","HYD-168","03-REGISTERS/domain-e-hydronyms.csv","DATA","SRC-047","CONTRIBUTING","","IG-SRC-047",""
"CS-1968","HYD-169","03-REGISTERS/domain-e-hydronyms.csv","DATA","SRC-019","CONTRIBUTING","","IG-SRC-019",""
"CS-1969","HYD-169","03-REGISTERS/domain-e-hydronyms.csv","DATA","SRC-022","CONTRIBUTING","","IG-SRC-021",""
"CS-1970","HYD-169","03-REGISTERS/domain-e-hydronyms.csv","DATA","SRC-023","CONTRIBUTING","","IG-SRC-019",""
"CS-1971","HYD-169","03-REGISTERS/domain-e-hydronyms.csv","DATA","SRC-047","CONTRIBUTING","","IG-SRC-047",""
"CS-1972","HYD-170","03-REGISTERS/domain-e-hydronyms.csv","DATA","SRC-019","CONTRIBUTING","","IG-SRC-019",""
"CS-1973","HYD-170","03-REGISTERS/domain-e-hydronyms.csv","DATA","SRC-022","CONTRIBUTING","","IG-SRC-021",""
"CS-1974","HYD-170","03-REGISTERS/domain-e-hydronyms.csv","DATA","SRC-023","CONTRIBUTING","","IG-SRC-019",""
"CS-1975","HYD-170","03-REGISTERS/domain-e-hydronyms.csv","DATA","SRC-047","CONTRIBUTING","","IG-SRC-047",""
"CS-1976","HYD-171","03-REGISTERS/domain-e-hydronyms.csv","DATA","SRC-019","CONTRIBUTING","","IG-SRC-019",""
"CS-1977","HYD-171","03-REGISTERS/domain-e-hydronyms.csv","DATA","SRC-022","CONTRIBUTING","","IG-SRC-021",""
"CS-1978","HYD-171","03-REGISTERS/domain-e-hydronyms.csv","DATA","SRC-023","CONTRIBUTING","","IG-SRC-019",""
"CS-1979","HYD-171","03-REGISTERS/domain-e-hydronyms.csv","DATA","SRC-047","CONTRIBUTING","","IG-SRC-047",""
"CS-1980","HYD-172","03-REGISTERS/domain-e-hydronyms.csv","DATA","SRC-019","CONTRIBUTING","","IG-SRC-019",""
"CS-1981","HYD-172","03-REGISTERS/domain-e-hydronyms.csv","DATA","SRC-022","CONTRIBUTING","","IG-SRC-021",""
"CS-1982","HYD-172","03-REGISTERS/domain-e-hydronyms.csv","DATA","SRC-023","CONTRIBUTING","","IG-SRC-019",""
"CS-1983","HYD-172","03-REGISTERS/domain-e-hydronyms.csv","DATA","SRC-047","CONTRIBUTING","","IG-SRC-047",""
"CS-1984","HYD-173","03-REGISTERS/domain-e-hydronyms.csv","DATA","SRC-019","CONTRIBUTING","","IG-SRC-019",""
"CS-1985","HYD-173","03-REGISTERS/domain-e-hydronyms.csv","DATA","SRC-022","CONTRIBUTING","","IG-SRC-021",""
"CS-1986","HYD-173","03-REGISTERS/domain-e-hydronyms.csv","DATA","SRC-023","CONTRIBUTING","","IG-SRC-019",""
"CS-1987","HYD-173","03-REGISTERS/domain-e-hydronyms.csv","DATA","SRC-047","CONTRIBUTING","","IG-SRC-047",""
"CS-1988","HYD-174","03-REGISTERS/domain-e-hydronyms.csv","DATA","SRC-019","CONTRIBUTING","","IG-SRC-019",""
"CS-1989","HYD-174","03-REGISTERS/domain-e-hydronyms.csv","DATA","SRC-022","CONTRIBUTING","","IG-SRC-021",""
"CS-1990","HYD-174","03-REGISTERS/domain-e-hydronyms.csv","DATA","SRC-023","CONTRIBUTING","","IG-SRC-019",""
"CS-1991","HYD-174","03-REGISTERS/domain-e-hydronyms.csv","DATA","SRC-047","CONTRIBUTING","","IG-SRC-047",""
"CS-1992","HYD-175","03-REGISTERS/domain-e-hydronyms.csv","DATA","SRC-019","CONTRIBUTING","","IG-SRC-019",""
"CS-1993","HYD-175","03-REGISTERS/domain-e-hydronyms.csv","DATA","SRC-022","CONTRIBUTING","","IG-SRC-021",""
"CS-1994","HYD-175","03-REGISTERS/domain-e-hydronyms.csv","DATA","SRC-023","CONTRIBUTING","","IG-SRC-019",""
"CS-1995","HYD-175","03-REGISTERS/domain-e-hydronyms.csv","DATA","SRC-047","CONTRIBUTING","","IG-SRC-047",""
"CS-1996","HYD-176","03-REGISTERS/domain-e-hydronyms.csv","DATA","SRC-019","CONTRIBUTING","","IG-SRC-019",""
"CS-1997","HYD-176","03-REGISTERS/domain-e-hydronyms.csv","DATA","SRC-022","CONTRIBUTING","","IG-SRC-021",""
"CS-1998","HYD-176","03-REGISTERS/domain-e-hydronyms.csv","DATA","SRC-023","CONTRIBUTING","","IG-SRC-019",""
"CS-1999","HYD-176","03-REGISTERS/domain-e-hydronyms.csv","DATA","SRC-047","CONTRIBUTING","","IG-SRC-047",""
"CS-2000","HYD-177","03-REGISTERS/domain-e-hydronyms.csv","DATA","SRC-019","CONTRIBUTING","","IG-SRC-019",""
"CS-2001","HYD-177","03-REGISTERS/domain-e-hydronyms.csv","DATA","SRC-022","CONTRIBUTING","","IG-SRC-021",""
"CS-2002","HYD-177","03-REGISTERS/domain-e-hydronyms.csv","DATA","SRC-023","CONTRIBUTING","","IG-SRC-019",""
"CS-2003","HYD-177","03-REGISTERS/domain-e-hydronyms.csv","DATA","SRC-047","CONTRIBUTING","","IG-SRC-047",""
"CS-2004","HYD-178","03-REGISTERS/domain-e-hydronyms.csv","DATA","SRC-019","CONTRIBUTING","","IG-SRC-019",""
"CS-2005","HYD-178","03-REGISTERS/domain-e-hydronyms.csv","DATA","SRC-022","CONTRIBUTING","","IG-SRC-021",""
"CS-2006","HYD-178","03-REGISTERS/domain-e-hydronyms.csv","DATA","SRC-023","CONTRIBUTING","","IG-SRC-019",""
"CS-2007","HYD-178","03-REGISTERS/domain-e-hydronyms.csv","DATA","SRC-047","CONTRIBUTING","","IG-SRC-047",""
"CS-2008","HYD-179","03-REGISTERS/domain-e-hydronyms.csv","DATA","SRC-019","CONTRIBUTING","","IG-SRC-019",""
"CS-2009","HYD-179","03-REGISTERS/domain-e-hydronyms.csv","DATA","SRC-022","CONTRIBUTING","","IG-SRC-021",""
"CS-2010","HYD-179","03-REGISTERS/domain-e-hydronyms.csv","DATA","SRC-023","CONTRIBUTING","","IG-SRC-019",""
"CS-2011","HYD-179","03-REGISTERS/domain-e-hydronyms.csv","DATA","SRC-047","CONTRIBUTING","","IG-SRC-047",""
"CS-2012","HYD-180","03-REGISTERS/domain-e-hydronyms.csv","DATA","SRC-019","CONTRIBUTING","","IG-SRC-019",""
"CS-2013","HYD-180","03-REGISTERS/domain-e-hydronyms.csv","DATA","SRC-022","CONTRIBUTING","","IG-SRC-021",""
"CS-2014","HYD-180","03-REGISTERS/domain-e-hydronyms.csv","DATA","SRC-023","CONTRIBUTING","","IG-SRC-019",""
"CS-2015","HYD-180","03-REGISTERS/domain-e-hydronyms.csv","DATA","SRC-047","CONTRIBUTING","","IG-SRC-047",""
"CS-2016","HYD-181","03-REGISTERS/domain-e-hydronyms.csv","DATA","SRC-019","CONTRIBUTING","","IG-SRC-019",""
"CS-2017","HYD-181","03-REGISTERS/domain-e-hydronyms.csv","DATA","SRC-022","CONTRIBUTING","","IG-SRC-021",""
"CS-2018","HYD-181","03-REGISTERS/domain-e-hydronyms.csv","DATA","SRC-023","CONTRIBUTING","","IG-SRC-019",""
"CS-2019","HYD-181","03-REGISTERS/domain-e-hydronyms.csv","DATA","SRC-047","CONTRIBUTING","","IG-SRC-047",""
"CS-2020","HYD-182","03-REGISTERS/domain-e-hydronyms.csv","DATA","SRC-019","CONTRIBUTING","","IG-SRC-019",""
"CS-2021","HYD-182","03-REGISTERS/domain-e-hydronyms.csv","DATA","SRC-022","CONTRIBUTING","","IG-SRC-021",""
"CS-2022","HYD-182","03-REGISTERS/domain-e-hydronyms.csv","DATA","SRC-023","CONTRIBUTING","","IG-SRC-019",""
"CS-2023","HYD-182","03-REGISTERS/domain-e-hydronyms.csv","DATA","SRC-047","CONTRIBUTING","","IG-SRC-047",""
"CS-2024","HYD-183","03-REGISTERS/domain-e-hydronyms.csv","DATA","SRC-019","CONTRIBUTING","","IG-SRC-019",""
"CS-2025","HYD-183","03-REGISTERS/domain-e-hydronyms.csv","DATA","SRC-022","CONTRIBUTING","","IG-SRC-021",""
"CS-2026","HYD-183","03-REGISTERS/domain-e-hydronyms.csv","DATA","SRC-023","CONTRIBUTING","","IG-SRC-019",""
"CS-2027","HYD-183","03-REGISTERS/domain-e-hydronyms.csv","DATA","SRC-047","CONTRIBUTING","","IG-SRC-047",""
"CS-2028","HYD-184","03-REGISTERS/domain-e-hydronyms.csv","DATA","SRC-019","CONTRIBUTING","","IG-SRC-019",""
"CS-2029","HYD-184","03-REGISTERS/domain-e-hydronyms.csv","DATA","SRC-022","CONTRIBUTING","","IG-SRC-021",""
"CS-2030","HYD-184","03-REGISTERS/domain-e-hydronyms.csv","DATA","SRC-023","CONTRIBUTING","","IG-SRC-019",""
"CS-2031","HYD-184","03-REGISTERS/domain-e-hydronyms.csv","DATA","SRC-047","CONTRIBUTING","","IG-SRC-047",""
"CS-2032","HYD-185","03-REGISTERS/domain-e-hydronyms.csv","DATA","SRC-019","CONTRIBUTING","","IG-SRC-019",""
"CS-2033","HYD-185","03-REGISTERS/domain-e-hydronyms.csv","DATA","SRC-022","CONTRIBUTING","","IG-SRC-021",""
"CS-2034","HYD-185","03-REGISTERS/domain-e-hydronyms.csv","DATA","SRC-023","CONTRIBUTING","","IG-SRC-019",""
"CS-2035","HYD-185","03-REGISTERS/domain-e-hydronyms.csv","DATA","SRC-047","CONTRIBUTING","","IG-SRC-047",""
"CS-2036","HYD-186","03-REGISTERS/domain-e-hydronyms.csv","DATA","SRC-019","CONTRIBUTING","","IG-SRC-019",""
"CS-2037","HYD-186","03-REGISTERS/domain-e-hydronyms.csv","DATA","SRC-022","CONTRIBUTING","","IG-SRC-021",""
"CS-2038","HYD-186","03-REGISTERS/domain-e-hydronyms.csv","DATA","SRC-023","CONTRIBUTING","","IG-SRC-019",""
"CS-2039","HYD-186","03-REGISTERS/domain-e-hydronyms.csv","DATA","SRC-047","CONTRIBUTING","","IG-SRC-047",""
"CS-2040","HYD-187","03-REGISTERS/domain-e-hydronyms.csv","DATA","SRC-019","CONTRIBUTING","","IG-SRC-019",""
"CS-2041","HYD-187","03-REGISTERS/domain-e-hydronyms.csv","DATA","SRC-022","CONTRIBUTING","","IG-SRC-021",""
"CS-2042","HYD-187","03-REGISTERS/domain-e-hydronyms.csv","DATA","SRC-023","CONTRIBUTING","","IG-SRC-019",""
"CS-2043","HYD-187","03-REGISTERS/domain-e-hydronyms.csv","DATA","SRC-047","CONTRIBUTING","","IG-SRC-047",""
"CS-2044","HYD-188","03-REGISTERS/domain-e-hydronyms.csv","DATA","SRC-019","CONTRIBUTING","","IG-SRC-019",""
"CS-2045","HYD-188","03-REGISTERS/domain-e-hydronyms.csv","DATA","SRC-022","CONTRIBUTING","","IG-SRC-021",""
"CS-2046","HYD-188","03-REGISTERS/domain-e-hydronyms.csv","DATA","SRC-023","CONTRIBUTING","","IG-SRC-019",""
"CS-2047","HYD-188","03-REGISTERS/domain-e-hydronyms.csv","DATA","SRC-047","CONTRIBUTING","","IG-SRC-047",""
"CS-2048","HYD-189","03-REGISTERS/domain-e-hydronyms.csv","DATA","SRC-019","CONTRIBUTING","","IG-SRC-019",""
"CS-2049","HYD-189","03-REGISTERS/domain-e-hydronyms.csv","DATA","SRC-022","CONTRIBUTING","","IG-SRC-021",""
"CS-2050","HYD-189","03-REGISTERS/domain-e-hydronyms.csv","DATA","SRC-023","CONTRIBUTING","","IG-SRC-019",""
"CS-2051","HYD-189","03-REGISTERS/domain-e-hydronyms.csv","DATA","SRC-047","CONTRIBUTING","","IG-SRC-047",""
"CS-2052","HYD-190","03-REGISTERS/domain-e-hydronyms.csv","DATA","SRC-019","CONTRIBUTING","","IG-SRC-019",""
"CS-2053","HYD-190","03-REGISTERS/domain-e-hydronyms.csv","DATA","SRC-022","CONTRIBUTING","","IG-SRC-021",""
"CS-2054","HYD-190","03-REGISTERS/domain-e-hydronyms.csv","DATA","SRC-023","CONTRIBUTING","","IG-SRC-019",""
"CS-2055","HYD-190","03-REGISTERS/domain-e-hydronyms.csv","DATA","SRC-047","CONTRIBUTING","","IG-SRC-047",""
"CS-2056","HYD-191","03-REGISTERS/domain-e-hydronyms.csv","DATA","SRC-019","CONTRIBUTING","","IG-SRC-019",""
"CS-2057","HYD-191","03-REGISTERS/domain-e-hydronyms.csv","DATA","SRC-022","CONTRIBUTING","","IG-SRC-021",""
"CS-2058","HYD-191","03-REGISTERS/domain-e-hydronyms.csv","DATA","SRC-023","CONTRIBUTING","","IG-SRC-019",""
"CS-2059","HYD-191","03-REGISTERS/domain-e-hydronyms.csv","DATA","SRC-047","CONTRIBUTING","","IG-SRC-047",""
"CS-2060","HYD-192","03-REGISTERS/domain-e-hydronyms.csv","DATA","SRC-019","CONTRIBUTING","","IG-SRC-019",""
"CS-2061","HYD-192","03-REGISTERS/domain-e-hydronyms.csv","DATA","SRC-022","CONTRIBUTING","","IG-SRC-021",""
"CS-2062","HYD-192","03-REGISTERS/domain-e-hydronyms.csv","DATA","SRC-023","CONTRIBUTING","","IG-SRC-019",""
"CS-2063","HYD-192","03-REGISTERS/domain-e-hydronyms.csv","DATA","SRC-047","CONTRIBUTING","","IG-SRC-047",""
"CS-2064","HYD-193","03-REGISTERS/domain-e-hydronyms.csv","DATA","SRC-019","CONTRIBUTING","","IG-SRC-019",""
"CS-2065","HYD-193","03-REGISTERS/domain-e-hydronyms.csv","DATA","SRC-022","CONTRIBUTING","","IG-SRC-021",""
"CS-2066","HYD-193","03-REGISTERS/domain-e-hydronyms.csv","DATA","SRC-023","CONTRIBUTING","","IG-SRC-019",""
"CS-2067","HYD-193","03-REGISTERS/domain-e-hydronyms.csv","DATA","SRC-047","CONTRIBUTING","","IG-SRC-047",""
"CS-2068","HYD-194","03-REGISTERS/domain-e-hydronyms.csv","DATA","SRC-019","CONTRIBUTING","","IG-SRC-019",""
"CS-2069","HYD-194","03-REGISTERS/domain-e-hydronyms.csv","DATA","SRC-022","CONTRIBUTING","","IG-SRC-021",""
"CS-2070","HYD-194","03-REGISTERS/domain-e-hydronyms.csv","DATA","SRC-023","CONTRIBUTING","","IG-SRC-019",""
"CS-2071","HYD-194","03-REGISTERS/domain-e-hydronyms.csv","DATA","SRC-047","CONTRIBUTING","","IG-SRC-047",""
"CS-2072","HYD-195","03-REGISTERS/domain-e-hydronyms.csv","DATA","SRC-019","CONTRIBUTING","","IG-SRC-019",""
"CS-2073","HYD-195","03-REGISTERS/domain-e-hydronyms.csv","DATA","SRC-022","CONTRIBUTING","","IG-SRC-021",""
"CS-2074","HYD-195","03-REGISTERS/domain-e-hydronyms.csv","DATA","SRC-023","CONTRIBUTING","","IG-SRC-019",""
"CS-2075","HYD-195","03-REGISTERS/domain-e-hydronyms.csv","DATA","SRC-047","CONTRIBUTING","","IG-SRC-047",""
"CS-2076","HYD-196","03-REGISTERS/domain-e-hydronyms.csv","DATA","SRC-019","CONTRIBUTING","","IG-SRC-019",""
"CS-2077","HYD-196","03-REGISTERS/domain-e-hydronyms.csv","DATA","SRC-022","CONTRIBUTING","","IG-SRC-021",""
"CS-2078","HYD-196","03-REGISTERS/domain-e-hydronyms.csv","DATA","SRC-023","CONTRIBUTING","","IG-SRC-019",""
"CS-2079","HYD-196","03-REGISTERS/domain-e-hydronyms.csv","DATA","SRC-047","CONTRIBUTING","","IG-SRC-047",""
"CS-2080","HYD-197","03-REGISTERS/domain-e-hydronyms.csv","DATA","SRC-019","CONTRIBUTING","","IG-SRC-019",""
"CS-2081","HYD-197","03-REGISTERS/domain-e-hydronyms.csv","DATA","SRC-022","CONTRIBUTING","","IG-SRC-021",""
"CS-2082","HYD-197","03-REGISTERS/domain-e-hydronyms.csv","DATA","SRC-023","CONTRIBUTING","","IG-SRC-019",""
"CS-2083","HYD-197","03-REGISTERS/domain-e-hydronyms.csv","DATA","SRC-047","CONTRIBUTING","","IG-SRC-047",""
"CS-2084","HYD-198","03-REGISTERS/domain-e-hydronyms.csv","DATA","SRC-019","CONTRIBUTING","","IG-SRC-019",""
"CS-2085","HYD-198","03-REGISTERS/domain-e-hydronyms.csv","DATA","SRC-022","CONTRIBUTING","","IG-SRC-021",""
"CS-2086","HYD-198","03-REGISTERS/domain-e-hydronyms.csv","DATA","SRC-023","CONTRIBUTING","","IG-SRC-019",""
"CS-2087","HYD-198","03-REGISTERS/domain-e-hydronyms.csv","DATA","SRC-047","CONTRIBUTING","","IG-SRC-047",""
"CS-2088","HYD-199","03-REGISTERS/domain-e-hydronyms.csv","DATA","SRC-019","CONTRIBUTING","","IG-SRC-019",""
"CS-2089","HYD-199","03-REGISTERS/domain-e-hydronyms.csv","DATA","SRC-022","CONTRIBUTING","","IG-SRC-021",""
"CS-2090","HYD-199","03-REGISTERS/domain-e-hydronyms.csv","DATA","SRC-023","CONTRIBUTING","","IG-SRC-019",""
"CS-2091","HYD-199","03-REGISTERS/domain-e-hydronyms.csv","DATA","SRC-047","CONTRIBUTING","","IG-SRC-047",""
"CS-2092","HYD-200","03-REGISTERS/domain-e-hydronyms.csv","DATA","SRC-019","CONTRIBUTING","","IG-SRC-019",""
"CS-2093","HYD-200","03-REGISTERS/domain-e-hydronyms.csv","DATA","SRC-022","CONTRIBUTING","","IG-SRC-021",""
"CS-2094","HYD-200","03-REGISTERS/domain-e-hydronyms.csv","DATA","SRC-023","CONTRIBUTING","","IG-SRC-019",""
"CS-2095","HYD-200","03-REGISTERS/domain-e-hydronyms.csv","DATA","SRC-047","CONTRIBUTING","","IG-SRC-047",""
"CS-2096","HYD-201","03-REGISTERS/domain-e-hydronyms.csv","DATA","SRC-019","CONTRIBUTING","","IG-SRC-019",""
"CS-2097","HYD-201","03-REGISTERS/domain-e-hydronyms.csv","DATA","SRC-022","CONTRIBUTING","","IG-SRC-021",""
"CS-2098","HYD-201","03-REGISTERS/domain-e-hydronyms.csv","DATA","SRC-023","CONTRIBUTING","","IG-SRC-019",""
"CS-2099","HYD-201","03-REGISTERS/domain-e-hydronyms.csv","DATA","SRC-047","CONTRIBUTING","","IG-SRC-047",""
"CS-2100","HYD-202","03-REGISTERS/domain-e-hydronyms.csv","DATA","SRC-019","CONTRIBUTING","","IG-SRC-019",""
"CS-2101","HYD-202","03-REGISTERS/domain-e-hydronyms.csv","DATA","SRC-022","CONTRIBUTING","","IG-SRC-021",""
"CS-2102","HYD-202","03-REGISTERS/domain-e-hydronyms.csv","DATA","SRC-023","CONTRIBUTING","","IG-SRC-019",""
"CS-2103","HYD-202","03-REGISTERS/domain-e-hydronyms.csv","DATA","SRC-047","CONTRIBUTING","","IG-SRC-047",""
"CS-2104","HYD-203","03-REGISTERS/domain-e-hydronyms.csv","DATA","SRC-019","CONTRIBUTING","","IG-SRC-019",""
"CS-2105","HYD-203","03-REGISTERS/domain-e-hydronyms.csv","DATA","SRC-022","CONTRIBUTING","","IG-SRC-021",""
"CS-2106","HYD-203","03-REGISTERS/domain-e-hydronyms.csv","DATA","SRC-023","CONTRIBUTING","","IG-SRC-019",""
"CS-2107","HYD-203","03-REGISTERS/domain-e-hydronyms.csv","DATA","SRC-047","CONTRIBUTING","","IG-SRC-047",""
"CS-2108","HYD-204","03-REGISTERS/domain-e-hydronyms.csv","DATA","SRC-019","CONTRIBUTING","","IG-SRC-019",""
"CS-2109","HYD-204","03-REGISTERS/domain-e-hydronyms.csv","DATA","SRC-022","CONTRIBUTING","","IG-SRC-021",""
"CS-2110","HYD-204","03-REGISTERS/domain-e-hydronyms.csv","DATA","SRC-023","CONTRIBUTING","","IG-SRC-019",""
"CS-2111","HYD-204","03-REGISTERS/domain-e-hydronyms.csv","DATA","SRC-047","CONTRIBUTING","","IG-SRC-047",""
"CS-2112","HYD-205","03-REGISTERS/domain-e-hydronyms.csv","DATA","SRC-019","CONTRIBUTING","","IG-SRC-019",""
"CS-2113","HYD-205","03-REGISTERS/domain-e-hydronyms.csv","DATA","SRC-022","CONTRIBUTING","","IG-SRC-021",""
"CS-2114","HYD-205","03-REGISTERS/domain-e-hydronyms.csv","DATA","SRC-023","CONTRIBUTING","","IG-SRC-019",""
"CS-2115","HYD-205","03-REGISTERS/domain-e-hydronyms.csv","DATA","SRC-047","CONTRIBUTING","","IG-SRC-047",""
"CS-2116","HYD-206","03-REGISTERS/domain-e-hydronyms.csv","DATA","SRC-019","CONTRIBUTING","","IG-SRC-019",""
"CS-2117","HYD-206","03-REGISTERS/domain-e-hydronyms.csv","DATA","SRC-022","CONTRIBUTING","","IG-SRC-021",""
"CS-2118","HYD-206","03-REGISTERS/domain-e-hydronyms.csv","DATA","SRC-023","CONTRIBUTING","","IG-SRC-019",""
"CS-2119","HYD-206","03-REGISTERS/domain-e-hydronyms.csv","DATA","SRC-047","CONTRIBUTING","","IG-SRC-047",""
"CS-2120","HYD-207","03-REGISTERS/domain-e-hydronyms.csv","DATA","SRC-019","CONTRIBUTING","","IG-SRC-019",""
"CS-2121","HYD-207","03-REGISTERS/domain-e-hydronyms.csv","DATA","SRC-022","CONTRIBUTING","","IG-SRC-021",""
"CS-2122","HYD-207","03-REGISTERS/domain-e-hydronyms.csv","DATA","SRC-023","CONTRIBUTING","","IG-SRC-019",""
"CS-2123","HYD-207","03-REGISTERS/domain-e-hydronyms.csv","DATA","SRC-047","CONTRIBUTING","","IG-SRC-047",""
"CS-2124","HYD-208","03-REGISTERS/domain-e-hydronyms.csv","DATA","SRC-019","CONTRIBUTING","","IG-SRC-019",""
"CS-2125","HYD-208","03-REGISTERS/domain-e-hydronyms.csv","DATA","SRC-022","CONTRIBUTING","","IG-SRC-021",""
"CS-2126","HYD-208","03-REGISTERS/domain-e-hydronyms.csv","DATA","SRC-023","CONTRIBUTING","","IG-SRC-019",""
"CS-2127","HYD-208","03-REGISTERS/domain-e-hydronyms.csv","DATA","SRC-047","CONTRIBUTING","","IG-SRC-047",""
"CS-2128","HYD-209","03-REGISTERS/domain-e-hydronyms.csv","DATA","SRC-019","CONTRIBUTING","","IG-SRC-019",""
"CS-2129","HYD-209","03-REGISTERS/domain-e-hydronyms.csv","DATA","SRC-022","CONTRIBUTING","","IG-SRC-021",""
"CS-2130","HYD-209","03-REGISTERS/domain-e-hydronyms.csv","DATA","SRC-023","CONTRIBUTING","","IG-SRC-019",""
"CS-2131","HYD-209","03-REGISTERS/domain-e-hydronyms.csv","DATA","SRC-047","CONTRIBUTING","","IG-SRC-047",""
"CS-2132","HYD-210","03-REGISTERS/domain-e-hydronyms.csv","DATA","SRC-019","CONTRIBUTING","","IG-SRC-019",""
"CS-2133","HYD-210","03-REGISTERS/domain-e-hydronyms.csv","DATA","SRC-022","CONTRIBUTING","","IG-SRC-021",""
"CS-2134","HYD-210","03-REGISTERS/domain-e-hydronyms.csv","DATA","SRC-023","CONTRIBUTING","","IG-SRC-019",""
"CS-2135","HYD-210","03-REGISTERS/domain-e-hydronyms.csv","DATA","SRC-047","CONTRIBUTING","","IG-SRC-047",""
"CS-2136","HYD-211","03-REGISTERS/domain-e-hydronyms.csv","DATA","SRC-019","CONTRIBUTING","","IG-SRC-019",""
"CS-2137","HYD-211","03-REGISTERS/domain-e-hydronyms.csv","DATA","SRC-022","CONTRIBUTING","","IG-SRC-021",""
"CS-2138","HYD-211","03-REGISTERS/domain-e-hydronyms.csv","DATA","SRC-023","CONTRIBUTING","","IG-SRC-019",""
"CS-2139","HYD-211","03-REGISTERS/domain-e-hydronyms.csv","DATA","SRC-047","CONTRIBUTING","","IG-SRC-047",""
"CS-2140","HYD-212","03-REGISTERS/domain-e-hydronyms.csv","DATA","SRC-019","CONTRIBUTING","","IG-SRC-019",""
"CS-2141","HYD-212","03-REGISTERS/domain-e-hydronyms.csv","DATA","SRC-022","CONTRIBUTING","","IG-SRC-021",""
"CS-2142","HYD-212","03-REGISTERS/domain-e-hydronyms.csv","DATA","SRC-023","CONTRIBUTING","","IG-SRC-019",""
"CS-2143","HYD-212","03-REGISTERS/domain-e-hydronyms.csv","DATA","SRC-047","CONTRIBUTING","","IG-SRC-047",""
"CS-2144","HYD-213","03-REGISTERS/domain-e-hydronyms.csv","DATA","SRC-019","CONTRIBUTING","","IG-SRC-019",""
"CS-2145","HYD-213","03-REGISTERS/domain-e-hydronyms.csv","DATA","SRC-022","CONTRIBUTING","","IG-SRC-021",""
"CS-2146","HYD-213","03-REGISTERS/domain-e-hydronyms.csv","DATA","SRC-023","CONTRIBUTING","","IG-SRC-019",""
"CS-2147","HYD-213","03-REGISTERS/domain-e-hydronyms.csv","DATA","SRC-047","CONTRIBUTING","","IG-SRC-047",""
"CS-2148","HYD-214","03-REGISTERS/domain-e-hydronyms.csv","DATA","SRC-019","CONTRIBUTING","","IG-SRC-019",""
"CS-2149","HYD-214","03-REGISTERS/domain-e-hydronyms.csv","DATA","SRC-022","CONTRIBUTING","","IG-SRC-021",""
"CS-2150","HYD-214","03-REGISTERS/domain-e-hydronyms.csv","DATA","SRC-023","CONTRIBUTING","","IG-SRC-019",""
"CS-2151","HYD-214","03-REGISTERS/domain-e-hydronyms.csv","DATA","SRC-047","CONTRIBUTING","","IG-SRC-047",""
"CS-2152","HYD-215","03-REGISTERS/domain-e-hydronyms.csv","DATA","SRC-019","CONTRIBUTING","","IG-SRC-019",""
"CS-2153","HYD-215","03-REGISTERS/domain-e-hydronyms.csv","DATA","SRC-022","CONTRIBUTING","","IG-SRC-021",""
"CS-2154","HYD-215","03-REGISTERS/domain-e-hydronyms.csv","DATA","SRC-023","CONTRIBUTING","","IG-SRC-019",""
"CS-2155","HYD-215","03-REGISTERS/domain-e-hydronyms.csv","DATA","SRC-047","CONTRIBUTING","","IG-SRC-047",""
"CS-2156","HYD-216","03-REGISTERS/domain-e-hydronyms.csv","DATA","SRC-019","CONTRIBUTING","","IG-SRC-019",""
"CS-2157","HYD-216","03-REGISTERS/domain-e-hydronyms.csv","DATA","SRC-022","CONTRIBUTING","","IG-SRC-021",""
"CS-2158","HYD-216","03-REGISTERS/domain-e-hydronyms.csv","DATA","SRC-023","CONTRIBUTING","","IG-SRC-019",""
"CS-2159","HYD-216","03-REGISTERS/domain-e-hydronyms.csv","DATA","SRC-047","CONTRIBUTING","","IG-SRC-047",""
"CS-2160","HYD-217","03-REGISTERS/domain-e-hydronyms.csv","DATA","SRC-019","CONTRIBUTING","","IG-SRC-019",""
"CS-2161","HYD-217","03-REGISTERS/domain-e-hydronyms.csv","DATA","SRC-022","CONTRIBUTING","","IG-SRC-021",""
"CS-2162","HYD-217","03-REGISTERS/domain-e-hydronyms.csv","DATA","SRC-023","CONTRIBUTING","","IG-SRC-019",""
"CS-2163","HYD-217","03-REGISTERS/domain-e-hydronyms.csv","DATA","SRC-047","CONTRIBUTING","","IG-SRC-047",""
"CS-2164","HYD-218","03-REGISTERS/domain-e-hydronyms.csv","DATA","SRC-019","CONTRIBUTING","","IG-SRC-019",""
"CS-2165","HYD-218","03-REGISTERS/domain-e-hydronyms.csv","DATA","SRC-022","CONTRIBUTING","","IG-SRC-021",""
"CS-2166","HYD-218","03-REGISTERS/domain-e-hydronyms.csv","DATA","SRC-023","CONTRIBUTING","","IG-SRC-019",""
"CS-2167","HYD-218","03-REGISTERS/domain-e-hydronyms.csv","DATA","SRC-047","CONTRIBUTING","","IG-SRC-047",""
"CS-2168","HYD-219","03-REGISTERS/domain-e-hydronyms.csv","DATA","SRC-019","CONTRIBUTING","","IG-SRC-019",""
"CS-2169","HYD-219","03-REGISTERS/domain-e-hydronyms.csv","DATA","SRC-022","CONTRIBUTING","","IG-SRC-021",""
"CS-2170","HYD-219","03-REGISTERS/domain-e-hydronyms.csv","DATA","SRC-023","CONTRIBUTING","","IG-SRC-019",""
"CS-2171","HYD-219","03-REGISTERS/domain-e-hydronyms.csv","DATA","SRC-047","CONTRIBUTING","","IG-SRC-047",""
"CS-2172","HYD-220","03-REGISTERS/domain-e-hydronyms.csv","DATA","SRC-019","CONTRIBUTING","","IG-SRC-019",""
"CS-2173","HYD-220","03-REGISTERS/domain-e-hydronyms.csv","DATA","SRC-022","CONTRIBUTING","","IG-SRC-021",""
"CS-2174","HYD-220","03-REGISTERS/domain-e-hydronyms.csv","DATA","SRC-023","CONTRIBUTING","","IG-SRC-019",""
"CS-2175","HYD-220","03-REGISTERS/domain-e-hydronyms.csv","DATA","SRC-047","CONTRIBUTING","","IG-SRC-047",""
"CS-2176","HYD-221","03-REGISTERS/domain-e-hydronyms.csv","DATA","SRC-019","CONTRIBUTING","","IG-SRC-019",""
"CS-2177","HYD-221","03-REGISTERS/domain-e-hydronyms.csv","DATA","SRC-022","CONTRIBUTING","","IG-SRC-021",""
"CS-2178","HYD-221","03-REGISTERS/domain-e-hydronyms.csv","DATA","SRC-023","CONTRIBUTING","","IG-SRC-019",""
"CS-2179","HYD-221","03-REGISTERS/domain-e-hydronyms.csv","DATA","SRC-047","CONTRIBUTING","","IG-SRC-047",""
"CS-2180","HYD-222","03-REGISTERS/domain-e-hydronyms.csv","DATA","SRC-019","CONTRIBUTING","","IG-SRC-019",""
"CS-2181","HYD-222","03-REGISTERS/domain-e-hydronyms.csv","DATA","SRC-022","CONTRIBUTING","","IG-SRC-021",""
"CS-2182","HYD-222","03-REGISTERS/domain-e-hydronyms.csv","DATA","SRC-023","CONTRIBUTING","","IG-SRC-019",""
"CS-2183","HYD-222","03-REGISTERS/domain-e-hydronyms.csv","DATA","SRC-047","CONTRIBUTING","","IG-SRC-047",""
"CS-2184","HYD-223","03-REGISTERS/domain-e-hydronyms.csv","DATA","SRC-019","CONTRIBUTING","","IG-SRC-019",""
"CS-2185","HYD-223","03-REGISTERS/domain-e-hydronyms.csv","DATA","SRC-022","CONTRIBUTING","","IG-SRC-021",""
"CS-2186","HYD-223","03-REGISTERS/domain-e-hydronyms.csv","DATA","SRC-023","CONTRIBUTING","","IG-SRC-019",""
"CS-2187","HYD-223","03-REGISTERS/domain-e-hydronyms.csv","DATA","SRC-047","CONTRIBUTING","","IG-SRC-047",""
"CS-2188","HYD-224","03-REGISTERS/domain-e-hydronyms.csv","DATA","SRC-019","CONTRIBUTING","","IG-SRC-019",""
"CS-2189","HYD-224","03-REGISTERS/domain-e-hydronyms.csv","DATA","SRC-022","CONTRIBUTING","","IG-SRC-021",""
"CS-2190","HYD-224","03-REGISTERS/domain-e-hydronyms.csv","DATA","SRC-023","CONTRIBUTING","","IG-SRC-019",""
"CS-2191","HYD-224","03-REGISTERS/domain-e-hydronyms.csv","DATA","SRC-047","CONTRIBUTING","","IG-SRC-047",""
"CS-2192","HYD-225","03-REGISTERS/domain-e-hydronyms.csv","DATA","SRC-019","CONTRIBUTING","","IG-SRC-019",""
"CS-2193","HYD-225","03-REGISTERS/domain-e-hydronyms.csv","DATA","SRC-022","CONTRIBUTING","","IG-SRC-021",""
"CS-2194","HYD-225","03-REGISTERS/domain-e-hydronyms.csv","DATA","SRC-023","CONTRIBUTING","","IG-SRC-019",""
"CS-2195","HYD-225","03-REGISTERS/domain-e-hydronyms.csv","DATA","SRC-047","CONTRIBUTING","","IG-SRC-047",""
"CS-2196","HYD-226","03-REGISTERS/domain-e-hydronyms.csv","DATA","SRC-019","CONTRIBUTING","","IG-SRC-019",""
"CS-2197","HYD-226","03-REGISTERS/domain-e-hydronyms.csv","DATA","SRC-022","CONTRIBUTING","","IG-SRC-021",""
"CS-2198","HYD-226","03-REGISTERS/domain-e-hydronyms.csv","DATA","SRC-023","CONTRIBUTING","","IG-SRC-019",""
"CS-2199","HYD-226","03-REGISTERS/domain-e-hydronyms.csv","DATA","SRC-047","CONTRIBUTING","","IG-SRC-047",""
"CS-2200","HYD-227","03-REGISTERS/domain-e-hydronyms.csv","DATA","SRC-019","CONTRIBUTING","","IG-SRC-019",""
"CS-2201","HYD-227","03-REGISTERS/domain-e-hydronyms.csv","DATA","SRC-022","CONTRIBUTING","","IG-SRC-021",""
"CS-2202","HYD-227","03-REGISTERS/domain-e-hydronyms.csv","DATA","SRC-023","CONTRIBUTING","","IG-SRC-019",""
"CS-2203","HYD-227","03-REGISTERS/domain-e-hydronyms.csv","DATA","SRC-047","CONTRIBUTING","","IG-SRC-047",""
"CS-2204","HYD-228","03-REGISTERS/domain-e-hydronyms.csv","DATA","SRC-019","CONTRIBUTING","","IG-SRC-019",""
"CS-2205","HYD-228","03-REGISTERS/domain-e-hydronyms.csv","DATA","SRC-022","CONTRIBUTING","","IG-SRC-021",""
"CS-2206","HYD-228","03-REGISTERS/domain-e-hydronyms.csv","DATA","SRC-023","CONTRIBUTING","","IG-SRC-019",""
"CS-2207","HYD-228","03-REGISTERS/domain-e-hydronyms.csv","DATA","SRC-047","CONTRIBUTING","","IG-SRC-047",""
"CS-2208","HYD-229","03-REGISTERS/domain-e-hydronyms.csv","DATA","SRC-019","CONTRIBUTING","","IG-SRC-019",""
"CS-2209","HYD-229","03-REGISTERS/domain-e-hydronyms.csv","DATA","SRC-022","CONTRIBUTING","","IG-SRC-021",""
"CS-2210","HYD-229","03-REGISTERS/domain-e-hydronyms.csv","DATA","SRC-023","CONTRIBUTING","","IG-SRC-019",""
"CS-2211","HYD-229","03-REGISTERS/domain-e-hydronyms.csv","DATA","SRC-047","CONTRIBUTING","","IG-SRC-047",""
"CS-2212","HYD-230","03-REGISTERS/domain-e-hydronyms.csv","DATA","SRC-019","CONTRIBUTING","","IG-SRC-019",""
"CS-2213","HYD-230","03-REGISTERS/domain-e-hydronyms.csv","DATA","SRC-022","CONTRIBUTING","","IG-SRC-021",""
"CS-2214","HYD-230","03-REGISTERS/domain-e-hydronyms.csv","DATA","SRC-023","CONTRIBUTING","","IG-SRC-019",""
"CS-2215","HYD-230","03-REGISTERS/domain-e-hydronyms.csv","DATA","SRC-047","CONTRIBUTING","","IG-SRC-047",""
"CS-2216","HYD-231","03-REGISTERS/domain-e-hydronyms.csv","DATA","SRC-019","CONTRIBUTING","","IG-SRC-019",""
"CS-2217","HYD-231","03-REGISTERS/domain-e-hydronyms.csv","DATA","SRC-022","CONTRIBUTING","","IG-SRC-021",""
"CS-2218","HYD-231","03-REGISTERS/domain-e-hydronyms.csv","DATA","SRC-023","CONTRIBUTING","","IG-SRC-019",""
"CS-2219","HYD-231","03-REGISTERS/domain-e-hydronyms.csv","DATA","SRC-047","CONTRIBUTING","","IG-SRC-047",""
"CS-2220","HYD-232","03-REGISTERS/domain-e-hydronyms.csv","DATA","SRC-019","CONTRIBUTING","","IG-SRC-019",""
"CS-2221","HYD-232","03-REGISTERS/domain-e-hydronyms.csv","DATA","SRC-022","CONTRIBUTING","","IG-SRC-021",""
"CS-2222","HYD-232","03-REGISTERS/domain-e-hydronyms.csv","DATA","SRC-023","CONTRIBUTING","","IG-SRC-019",""
"CS-2223","HYD-232","03-REGISTERS/domain-e-hydronyms.csv","DATA","SRC-047","CONTRIBUTING","","IG-SRC-047",""
"CS-2224","HYD-233","03-REGISTERS/domain-e-hydronyms.csv","DATA","SRC-019","CONTRIBUTING","","IG-SRC-019",""
"CS-2225","HYD-233","03-REGISTERS/domain-e-hydronyms.csv","DATA","SRC-022","CONTRIBUTING","","IG-SRC-021",""
"CS-2226","HYD-233","03-REGISTERS/domain-e-hydronyms.csv","DATA","SRC-023","CONTRIBUTING","","IG-SRC-019",""
"CS-2227","HYD-233","03-REGISTERS/domain-e-hydronyms.csv","DATA","SRC-047","CONTRIBUTING","","IG-SRC-047",""
"CS-2228","HYD-234","03-REGISTERS/domain-e-hydronyms.csv","DATA","SRC-019","CONTRIBUTING","","IG-SRC-019",""
"CS-2229","HYD-234","03-REGISTERS/domain-e-hydronyms.csv","DATA","SRC-022","CONTRIBUTING","","IG-SRC-021",""
"CS-2230","HYD-234","03-REGISTERS/domain-e-hydronyms.csv","DATA","SRC-023","CONTRIBUTING","","IG-SRC-019",""
"CS-2231","HYD-234","03-REGISTERS/domain-e-hydronyms.csv","DATA","SRC-047","CONTRIBUTING","","IG-SRC-047",""
"CS-2232","HYD-235","03-REGISTERS/domain-e-hydronyms.csv","DATA","SRC-019","CONTRIBUTING","","IG-SRC-019",""
"CS-2233","HYD-235","03-REGISTERS/domain-e-hydronyms.csv","DATA","SRC-022","CONTRIBUTING","","IG-SRC-021",""
"CS-2234","HYD-235","03-REGISTERS/domain-e-hydronyms.csv","DATA","SRC-023","CONTRIBUTING","","IG-SRC-019",""
"CS-2235","HYD-235","03-REGISTERS/domain-e-hydronyms.csv","DATA","SRC-047","CONTRIBUTING","","IG-SRC-047",""
"CS-2236","HYD-236","03-REGISTERS/domain-e-hydronyms.csv","DATA","SRC-019","CONTRIBUTING","","IG-SRC-019",""
"CS-2237","HYD-236","03-REGISTERS/domain-e-hydronyms.csv","DATA","SRC-022","CONTRIBUTING","","IG-SRC-021",""
"CS-2238","HYD-236","03-REGISTERS/domain-e-hydronyms.csv","DATA","SRC-023","CONTRIBUTING","","IG-SRC-019",""
"CS-2239","HYD-236","03-REGISTERS/domain-e-hydronyms.csv","DATA","SRC-047","CONTRIBUTING","","IG-SRC-047",""
"CS-2240","HYD-237","03-REGISTERS/domain-e-hydronyms.csv","DATA","SRC-019","CONTRIBUTING","","IG-SRC-019",""
"CS-2241","HYD-237","03-REGISTERS/domain-e-hydronyms.csv","DATA","SRC-022","CONTRIBUTING","","IG-SRC-021",""
"CS-2242","HYD-237","03-REGISTERS/domain-e-hydronyms.csv","DATA","SRC-023","CONTRIBUTING","","IG-SRC-019",""
"CS-2243","HYD-237","03-REGISTERS/domain-e-hydronyms.csv","DATA","SRC-047","CONTRIBUTING","","IG-SRC-047",""
"CS-2244","HYD-238","03-REGISTERS/domain-e-hydronyms.csv","DATA","SRC-019","CONTRIBUTING","","IG-SRC-019",""
"CS-2245","HYD-238","03-REGISTERS/domain-e-hydronyms.csv","DATA","SRC-022","CONTRIBUTING","","IG-SRC-021",""
"CS-2246","HYD-238","03-REGISTERS/domain-e-hydronyms.csv","DATA","SRC-023","CONTRIBUTING","","IG-SRC-019",""
"CS-2247","HYD-238","03-REGISTERS/domain-e-hydronyms.csv","DATA","SRC-047","CONTRIBUTING","","IG-SRC-047",""
"CS-2248","HYD-239","03-REGISTERS/domain-e-hydronyms.csv","DATA","SRC-019","CONTRIBUTING","","IG-SRC-019",""
"CS-2249","HYD-239","03-REGISTERS/domain-e-hydronyms.csv","DATA","SRC-022","CONTRIBUTING","","IG-SRC-021",""
"CS-2250","HYD-239","03-REGISTERS/domain-e-hydronyms.csv","DATA","SRC-023","CONTRIBUTING","","IG-SRC-019",""
"CS-2251","HYD-239","03-REGISTERS/domain-e-hydronyms.csv","DATA","SRC-047","CONTRIBUTING","","IG-SRC-047",""
"CS-2252","HYD-240","03-REGISTERS/domain-e-hydronyms.csv","DATA","SRC-019","CONTRIBUTING","","IG-SRC-019",""
"CS-2253","HYD-240","03-REGISTERS/domain-e-hydronyms.csv","DATA","SRC-022","CONTRIBUTING","","IG-SRC-021",""
"CS-2254","HYD-240","03-REGISTERS/domain-e-hydronyms.csv","DATA","SRC-023","CONTRIBUTING","","IG-SRC-019",""
"CS-2255","HYD-240","03-REGISTERS/domain-e-hydronyms.csv","DATA","SRC-047","CONTRIBUTING","","IG-SRC-047",""
"CS-2256","HYD-241","03-REGISTERS/domain-e-hydronyms.csv","DATA","SRC-019","CONTRIBUTING","","IG-SRC-019",""
"CS-2257","HYD-241","03-REGISTERS/domain-e-hydronyms.csv","DATA","SRC-022","CONTRIBUTING","","IG-SRC-021",""
"CS-2258","HYD-241","03-REGISTERS/domain-e-hydronyms.csv","DATA","SRC-023","CONTRIBUTING","","IG-SRC-019",""
"CS-2259","HYD-241","03-REGISTERS/domain-e-hydronyms.csv","DATA","SRC-047","CONTRIBUTING","","IG-SRC-047",""
"CS-2260","HYD-242","03-REGISTERS/domain-e-hydronyms.csv","DATA","SRC-019","CONTRIBUTING","","IG-SRC-019",""
"CS-2261","HYD-242","03-REGISTERS/domain-e-hydronyms.csv","DATA","SRC-022","CONTRIBUTING","","IG-SRC-021",""
"CS-2262","HYD-242","03-REGISTERS/domain-e-hydronyms.csv","DATA","SRC-023","CONTRIBUTING","","IG-SRC-019",""
"CS-2263","HYD-242","03-REGISTERS/domain-e-hydronyms.csv","DATA","SRC-047","CONTRIBUTING","","IG-SRC-047",""
"CS-2264","HYD-243","03-REGISTERS/domain-e-hydronyms.csv","DATA","SRC-019","CONTRIBUTING","","IG-SRC-019",""
"CS-2265","HYD-243","03-REGISTERS/domain-e-hydronyms.csv","DATA","SRC-022","CONTRIBUTING","","IG-SRC-021",""
"CS-2266","HYD-243","03-REGISTERS/domain-e-hydronyms.csv","DATA","SRC-023","CONTRIBUTING","","IG-SRC-019",""
"CS-2267","HYD-243","03-REGISTERS/domain-e-hydronyms.csv","DATA","SRC-047","CONTRIBUTING","","IG-SRC-047",""
"CS-2268","HYD-244","03-REGISTERS/domain-e-hydronyms.csv","DATA","SRC-019","CONTRIBUTING","","IG-SRC-019",""
"CS-2269","HYD-244","03-REGISTERS/domain-e-hydronyms.csv","DATA","SRC-022","CONTRIBUTING","","IG-SRC-021",""
"CS-2270","HYD-244","03-REGISTERS/domain-e-hydronyms.csv","DATA","SRC-023","CONTRIBUTING","","IG-SRC-019",""
"CS-2271","HYD-244","03-REGISTERS/domain-e-hydronyms.csv","DATA","SRC-047","CONTRIBUTING","","IG-SRC-047",""
"CS-2272","HYD-245","03-REGISTERS/domain-e-hydronyms.csv","DATA","SRC-019","CONTRIBUTING","","IG-SRC-019",""
"CS-2273","HYD-245","03-REGISTERS/domain-e-hydronyms.csv","DATA","SRC-022","CONTRIBUTING","","IG-SRC-021",""
"CS-2274","HYD-245","03-REGISTERS/domain-e-hydronyms.csv","DATA","SRC-023","CONTRIBUTING","","IG-SRC-019",""
"CS-2275","HYD-245","03-REGISTERS/domain-e-hydronyms.csv","DATA","SRC-047","CONTRIBUTING","","IG-SRC-047",""
"CS-2276","HYD-246","03-REGISTERS/domain-e-hydronyms.csv","DATA","SRC-019","CONTRIBUTING","","IG-SRC-019",""
"CS-2277","HYD-246","03-REGISTERS/domain-e-hydronyms.csv","DATA","SRC-022","CONTRIBUTING","","IG-SRC-021",""
"CS-2278","HYD-246","03-REGISTERS/domain-e-hydronyms.csv","DATA","SRC-023","CONTRIBUTING","","IG-SRC-019",""
"CS-2279","HYD-246","03-REGISTERS/domain-e-hydronyms.csv","DATA","SRC-047","CONTRIBUTING","","IG-SRC-047",""
"CS-2280","HYD-247","03-REGISTERS/domain-e-hydronyms.csv","DATA","SRC-019","CONTRIBUTING","","IG-SRC-019",""
"CS-2281","HYD-247","03-REGISTERS/domain-e-hydronyms.csv","DATA","SRC-022","CONTRIBUTING","","IG-SRC-021",""
"CS-2282","HYD-247","03-REGISTERS/domain-e-hydronyms.csv","DATA","SRC-023","CONTRIBUTING","","IG-SRC-019",""
"CS-2283","HYD-247","03-REGISTERS/domain-e-hydronyms.csv","DATA","SRC-047","CONTRIBUTING","","IG-SRC-047",""
"CS-2284","HYD-248","03-REGISTERS/domain-e-hydronyms.csv","DATA","SRC-019","CONTRIBUTING","","IG-SRC-019",""
"CS-2285","HYD-248","03-REGISTERS/domain-e-hydronyms.csv","DATA","SRC-022","CONTRIBUTING","","IG-SRC-021",""
"CS-2286","HYD-248","03-REGISTERS/domain-e-hydronyms.csv","DATA","SRC-023","CONTRIBUTING","","IG-SRC-019",""
"CS-2287","HYD-248","03-REGISTERS/domain-e-hydronyms.csv","DATA","SRC-047","CONTRIBUTING","","IG-SRC-047",""
"CS-2288","HYD-249","03-REGISTERS/domain-e-hydronyms.csv","DATA","SRC-019","CONTRIBUTING","","IG-SRC-019",""
"CS-2289","HYD-249","03-REGISTERS/domain-e-hydronyms.csv","DATA","SRC-022","CONTRIBUTING","","IG-SRC-021",""
"CS-2290","HYD-249","03-REGISTERS/domain-e-hydronyms.csv","DATA","SRC-023","CONTRIBUTING","","IG-SRC-019",""
"CS-2291","HYD-249","03-REGISTERS/domain-e-hydronyms.csv","DATA","SRC-047","CONTRIBUTING","","IG-SRC-047",""
"CS-2292","HYD-250","03-REGISTERS/domain-e-hydronyms.csv","DATA","SRC-019","CONTRIBUTING","","IG-SRC-019",""
"CS-2293","HYD-250","03-REGISTERS/domain-e-hydronyms.csv","DATA","SRC-022","CONTRIBUTING","","IG-SRC-021",""
"CS-2294","HYD-250","03-REGISTERS/domain-e-hydronyms.csv","DATA","SRC-023","CONTRIBUTING","","IG-SRC-019",""
"CS-2295","HYD-250","03-REGISTERS/domain-e-hydronyms.csv","DATA","SRC-047","CONTRIBUTING","","IG-SRC-047",""
"CS-2296","HYD-251","03-REGISTERS/domain-e-hydronyms.csv","DATA","SRC-019","CONTRIBUTING","","IG-SRC-019",""
"CS-2297","HYD-251","03-REGISTERS/domain-e-hydronyms.csv","DATA","SRC-022","CONTRIBUTING","","IG-SRC-021",""
"CS-2298","HYD-251","03-REGISTERS/domain-e-hydronyms.csv","DATA","SRC-023","CONTRIBUTING","","IG-SRC-019",""
"CS-2299","HYD-251","03-REGISTERS/domain-e-hydronyms.csv","DATA","SRC-047","CONTRIBUTING","","IG-SRC-047",""
"CS-2300","HYD-252","03-REGISTERS/domain-e-hydronyms.csv","DATA","SRC-019","CONTRIBUTING","","IG-SRC-019",""
"CS-2301","HYD-252","03-REGISTERS/domain-e-hydronyms.csv","DATA","SRC-022","CONTRIBUTING","","IG-SRC-021",""
"CS-2302","HYD-252","03-REGISTERS/domain-e-hydronyms.csv","DATA","SRC-023","CONTRIBUTING","","IG-SRC-019",""
"CS-2303","HYD-252","03-REGISTERS/domain-e-hydronyms.csv","DATA","SRC-047","CONTRIBUTING","","IG-SRC-047",""
"CS-2304","HYD-253","03-REGISTERS/domain-e-hydronyms.csv","DATA","SRC-019","CONTRIBUTING","","IG-SRC-019",""
"CS-2305","HYD-253","03-REGISTERS/domain-e-hydronyms.csv","DATA","SRC-022","CONTRIBUTING","","IG-SRC-021",""
"CS-2306","HYD-253","03-REGISTERS/domain-e-hydronyms.csv","DATA","SRC-023","CONTRIBUTING","","IG-SRC-019",""
"CS-2307","HYD-253","03-REGISTERS/domain-e-hydronyms.csv","DATA","SRC-047","CONTRIBUTING","","IG-SRC-047",""
"CS-2308","HYD-254","03-REGISTERS/domain-e-hydronyms.csv","DATA","SRC-019","CONTRIBUTING","","IG-SRC-019",""
"CS-2309","HYD-254","03-REGISTERS/domain-e-hydronyms.csv","DATA","SRC-022","CONTRIBUTING","","IG-SRC-021",""
"CS-2310","HYD-254","03-REGISTERS/domain-e-hydronyms.csv","DATA","SRC-023","CONTRIBUTING","","IG-SRC-019",""
"CS-2311","HYD-254","03-REGISTERS/domain-e-hydronyms.csv","DATA","SRC-047","CONTRIBUTING","","IG-SRC-047",""
"CS-2312","HYD-255","03-REGISTERS/domain-e-hydronyms.csv","DATA","SRC-019","CONTRIBUTING","","IG-SRC-019",""
"CS-2313","HYD-255","03-REGISTERS/domain-e-hydronyms.csv","DATA","SRC-022","CONTRIBUTING","","IG-SRC-021",""
"CS-2314","HYD-255","03-REGISTERS/domain-e-hydronyms.csv","DATA","SRC-023","CONTRIBUTING","","IG-SRC-019",""
"CS-2315","HYD-255","03-REGISTERS/domain-e-hydronyms.csv","DATA","SRC-047","CONTRIBUTING","","IG-SRC-047",""
"CS-2316","HYD-256","03-REGISTERS/domain-e-hydronyms.csv","DATA","SRC-019","CONTRIBUTING","","IG-SRC-019",""
"CS-2317","HYD-256","03-REGISTERS/domain-e-hydronyms.csv","DATA","SRC-022","CONTRIBUTING","","IG-SRC-021",""
"CS-2318","HYD-256","03-REGISTERS/domain-e-hydronyms.csv","DATA","SRC-023","CONTRIBUTING","","IG-SRC-019",""
"CS-2319","HYD-256","03-REGISTERS/domain-e-hydronyms.csv","DATA","SRC-047","CONTRIBUTING","","IG-SRC-047",""
"CS-2320","HYD-257","03-REGISTERS/domain-e-hydronyms.csv","DATA","SRC-019","CONTRIBUTING","","IG-SRC-019",""
"CS-2321","HYD-257","03-REGISTERS/domain-e-hydronyms.csv","DATA","SRC-022","CONTRIBUTING","","IG-SRC-021",""
"CS-2322","HYD-257","03-REGISTERS/domain-e-hydronyms.csv","DATA","SRC-023","CONTRIBUTING","","IG-SRC-019",""
"CS-2323","HYD-257","03-REGISTERS/domain-e-hydronyms.csv","DATA","SRC-047","CONTRIBUTING","","IG-SRC-047",""
"CS-2324","HYD-258","03-REGISTERS/domain-e-hydronyms.csv","DATA","SRC-019","CONTRIBUTING","","IG-SRC-019",""
"CS-2325","HYD-258","03-REGISTERS/domain-e-hydronyms.csv","DATA","SRC-022","CONTRIBUTING","","IG-SRC-021",""
"CS-2326","HYD-258","03-REGISTERS/domain-e-hydronyms.csv","DATA","SRC-023","CONTRIBUTING","","IG-SRC-019",""
"CS-2327","HYD-258","03-REGISTERS/domain-e-hydronyms.csv","DATA","SRC-047","CONTRIBUTING","","IG-SRC-047",""
"CS-2328","HYD-259","03-REGISTERS/domain-e-hydronyms.csv","DATA","SRC-019","CONTRIBUTING","","IG-SRC-019",""
"CS-2329","HYD-259","03-REGISTERS/domain-e-hydronyms.csv","DATA","SRC-022","CONTRIBUTING","","IG-SRC-021",""
"CS-2330","HYD-259","03-REGISTERS/domain-e-hydronyms.csv","DATA","SRC-023","CONTRIBUTING","","IG-SRC-019",""
"CS-2331","HYD-259","03-REGISTERS/domain-e-hydronyms.csv","DATA","SRC-047","CONTRIBUTING","","IG-SRC-047",""
"CS-2332","HYD-260","03-REGISTERS/domain-e-hydronyms.csv","DATA","SRC-019","CONTRIBUTING","","IG-SRC-019",""
"CS-2333","HYD-260","03-REGISTERS/domain-e-hydronyms.csv","DATA","SRC-022","CONTRIBUTING","","IG-SRC-021",""
"CS-2334","HYD-260","03-REGISTERS/domain-e-hydronyms.csv","DATA","SRC-023","CONTRIBUTING","","IG-SRC-019",""
"CS-2335","HYD-260","03-REGISTERS/domain-e-hydronyms.csv","DATA","SRC-047","CONTRIBUTING","","IG-SRC-047",""
"CS-2336","HYD-261","03-REGISTERS/domain-e-hydronyms.csv","DATA","SRC-019","CONTRIBUTING","","IG-SRC-019",""
"CS-2337","HYD-261","03-REGISTERS/domain-e-hydronyms.csv","DATA","SRC-022","CONTRIBUTING","","IG-SRC-021",""
"CS-2338","HYD-261","03-REGISTERS/domain-e-hydronyms.csv","DATA","SRC-023","CONTRIBUTING","","IG-SRC-019",""
"CS-2339","HYD-261","03-REGISTERS/domain-e-hydronyms.csv","DATA","SRC-047","CONTRIBUTING","","IG-SRC-047",""
"CS-2340","HYD-262","03-REGISTERS/domain-e-hydronyms.csv","DATA","SRC-019","CONTRIBUTING","","IG-SRC-019",""
"CS-2341","HYD-262","03-REGISTERS/domain-e-hydronyms.csv","DATA","SRC-022","CONTRIBUTING","","IG-SRC-021",""
"CS-2342","HYD-262","03-REGISTERS/domain-e-hydronyms.csv","DATA","SRC-023","CONTRIBUTING","","IG-SRC-019",""
"CS-2343","HYD-262","03-REGISTERS/domain-e-hydronyms.csv","DATA","SRC-047","CONTRIBUTING","","IG-SRC-047",""
"CS-2344","HYD-263","03-REGISTERS/domain-e-hydronyms.csv","DATA","SRC-019","CONTRIBUTING","","IG-SRC-019",""
"CS-2345","HYD-263","03-REGISTERS/domain-e-hydronyms.csv","DATA","SRC-022","CONTRIBUTING","","IG-SRC-021",""
"CS-2346","HYD-263","03-REGISTERS/domain-e-hydronyms.csv","DATA","SRC-023","CONTRIBUTING","","IG-SRC-019",""
"CS-2347","HYD-263","03-REGISTERS/domain-e-hydronyms.csv","DATA","SRC-047","CONTRIBUTING","","IG-SRC-047",""
"CS-2348","HYD-264","03-REGISTERS/domain-e-hydronyms.csv","DATA","SRC-019","CONTRIBUTING","","IG-SRC-019",""
"CS-2349","HYD-264","03-REGISTERS/domain-e-hydronyms.csv","DATA","SRC-022","CONTRIBUTING","","IG-SRC-021",""
"CS-2350","HYD-264","03-REGISTERS/domain-e-hydronyms.csv","DATA","SRC-023","CONTRIBUTING","","IG-SRC-019",""
"CS-2351","HYD-264","03-REGISTERS/domain-e-hydronyms.csv","DATA","SRC-047","CONTRIBUTING","","IG-SRC-047",""
"CS-2352","HYD-265","03-REGISTERS/domain-e-hydronyms.csv","DATA","SRC-019","CONTRIBUTING","","IG-SRC-019",""
"CS-2353","HYD-265","03-REGISTERS/domain-e-hydronyms.csv","DATA","SRC-022","CONTRIBUTING","","IG-SRC-021",""
"CS-2354","HYD-265","03-REGISTERS/domain-e-hydronyms.csv","DATA","SRC-023","CONTRIBUTING","","IG-SRC-019",""
"CS-2355","HYD-265","03-REGISTERS/domain-e-hydronyms.csv","DATA","SRC-047","CONTRIBUTING","","IG-SRC-047",""
"CS-2356","HYD-266","03-REGISTERS/domain-e-hydronyms.csv","DATA","SRC-019","CONTRIBUTING","","IG-SRC-019",""
"CS-2357","HYD-266","03-REGISTERS/domain-e-hydronyms.csv","DATA","SRC-022","CONTRIBUTING","","IG-SRC-021",""
"CS-2358","HYD-266","03-REGISTERS/domain-e-hydronyms.csv","DATA","SRC-023","CONTRIBUTING","","IG-SRC-019",""
"CS-2359","HYD-266","03-REGISTERS/domain-e-hydronyms.csv","DATA","SRC-047","CONTRIBUTING","","IG-SRC-047",""
"CS-2360","HYD-267","03-REGISTERS/domain-e-hydronyms.csv","DATA","SRC-019","CONTRIBUTING","","IG-SRC-019",""
"CS-2361","HYD-267","03-REGISTERS/domain-e-hydronyms.csv","DATA","SRC-022","CONTRIBUTING","","IG-SRC-021",""
"CS-2362","HYD-267","03-REGISTERS/domain-e-hydronyms.csv","DATA","SRC-023","CONTRIBUTING","","IG-SRC-019",""
"CS-2363","HYD-267","03-REGISTERS/domain-e-hydronyms.csv","DATA","SRC-047","CONTRIBUTING","","IG-SRC-047",""
"CS-2364","HYD-268","03-REGISTERS/domain-e-hydronyms.csv","DATA","SRC-019","CONTRIBUTING","","IG-SRC-019",""
"CS-2365","HYD-268","03-REGISTERS/domain-e-hydronyms.csv","DATA","SRC-022","CONTRIBUTING","","IG-SRC-021",""
"CS-2366","HYD-268","03-REGISTERS/domain-e-hydronyms.csv","DATA","SRC-023","CONTRIBUTING","","IG-SRC-019",""
"CS-2367","HYD-268","03-REGISTERS/domain-e-hydronyms.csv","DATA","SRC-047","CONTRIBUTING","","IG-SRC-047",""
"CS-2368","HYD-269","03-REGISTERS/domain-e-hydronyms.csv","DATA","SRC-019","CONTRIBUTING","","IG-SRC-019",""
"CS-2369","HYD-269","03-REGISTERS/domain-e-hydronyms.csv","DATA","SRC-022","CONTRIBUTING","","IG-SRC-021",""
"CS-2370","HYD-269","03-REGISTERS/domain-e-hydronyms.csv","DATA","SRC-023","CONTRIBUTING","","IG-SRC-019",""
"CS-2371","HYD-269","03-REGISTERS/domain-e-hydronyms.csv","DATA","SRC-047","CONTRIBUTING","","IG-SRC-047",""
"CS-2372","HYD-270","03-REGISTERS/domain-e-hydronyms.csv","DATA","SRC-019","CONTRIBUTING","","IG-SRC-019",""
"CS-2373","HYD-270","03-REGISTERS/domain-e-hydronyms.csv","DATA","SRC-022","CONTRIBUTING","","IG-SRC-021",""
"CS-2374","HYD-270","03-REGISTERS/domain-e-hydronyms.csv","DATA","SRC-023","CONTRIBUTING","","IG-SRC-019",""
"CS-2375","HYD-270","03-REGISTERS/domain-e-hydronyms.csv","DATA","SRC-047","CONTRIBUTING","","IG-SRC-047",""
"CS-2376","HYD-271","03-REGISTERS/domain-e-hydronyms.csv","DATA","SRC-019","CONTRIBUTING","","IG-SRC-019",""
"CS-2377","HYD-271","03-REGISTERS/domain-e-hydronyms.csv","DATA","SRC-022","CONTRIBUTING","","IG-SRC-021",""
"CS-2378","HYD-271","03-REGISTERS/domain-e-hydronyms.csv","DATA","SRC-023","CONTRIBUTING","","IG-SRC-019",""
"CS-2379","HYD-271","03-REGISTERS/domain-e-hydronyms.csv","DATA","SRC-047","CONTRIBUTING","","IG-SRC-047",""
"CS-2380","HYD-272","03-REGISTERS/domain-e-hydronyms.csv","DATA","SRC-019","CONTRIBUTING","","IG-SRC-019",""
"CS-2381","HYD-272","03-REGISTERS/domain-e-hydronyms.csv","DATA","SRC-022","CONTRIBUTING","","IG-SRC-021",""
"CS-2382","HYD-272","03-REGISTERS/domain-e-hydronyms.csv","DATA","SRC-023","CONTRIBUTING","","IG-SRC-019",""
"CS-2383","HYD-272","03-REGISTERS/domain-e-hydronyms.csv","DATA","SRC-047","CONTRIBUTING","","IG-SRC-047",""
"CS-2384","HYD-273","03-REGISTERS/domain-e-hydronyms.csv","DATA","SRC-019","CONTRIBUTING","","IG-SRC-019",""
"CS-2385","HYD-273","03-REGISTERS/domain-e-hydronyms.csv","DATA","SRC-022","CONTRIBUTING","","IG-SRC-021",""
"CS-2386","HYD-273","03-REGISTERS/domain-e-hydronyms.csv","DATA","SRC-023","CONTRIBUTING","","IG-SRC-019",""
"CS-2387","HYD-273","03-REGISTERS/domain-e-hydronyms.csv","DATA","SRC-047","CONTRIBUTING","","IG-SRC-047",""
"CS-2388","HYD-274","03-REGISTERS/domain-e-hydronyms.csv","DATA","SRC-019","CONTRIBUTING","","IG-SRC-019",""
"CS-2389","HYD-274","03-REGISTERS/domain-e-hydronyms.csv","DATA","SRC-022","CONTRIBUTING","","IG-SRC-021",""
"CS-2390","HYD-274","03-REGISTERS/domain-e-hydronyms.csv","DATA","SRC-023","CONTRIBUTING","","IG-SRC-019",""
"CS-2391","HYD-274","03-REGISTERS/domain-e-hydronyms.csv","DATA","SRC-047","CONTRIBUTING","","IG-SRC-047",""
"CS-2392","HYD-275","03-REGISTERS/domain-e-hydronyms.csv","DATA","SRC-019","CONTRIBUTING","","IG-SRC-019",""
"CS-2393","HYD-275","03-REGISTERS/domain-e-hydronyms.csv","DATA","SRC-022","CONTRIBUTING","","IG-SRC-021",""
"CS-2394","HYD-275","03-REGISTERS/domain-e-hydronyms.csv","DATA","SRC-023","CONTRIBUTING","","IG-SRC-019",""
"CS-2395","HYD-275","03-REGISTERS/domain-e-hydronyms.csv","DATA","SRC-047","CONTRIBUTING","","IG-SRC-047",""
"CS-2396","HYD-276","03-REGISTERS/domain-e-hydronyms.csv","DATA","SRC-019","CONTRIBUTING","","IG-SRC-019",""
"CS-2397","HYD-276","03-REGISTERS/domain-e-hydronyms.csv","DATA","SRC-022","CONTRIBUTING","","IG-SRC-021",""
"CS-2398","HYD-276","03-REGISTERS/domain-e-hydronyms.csv","DATA","SRC-023","CONTRIBUTING","","IG-SRC-019",""
"CS-2399","HYD-276","03-REGISTERS/domain-e-hydronyms.csv","DATA","SRC-047","CONTRIBUTING","","IG-SRC-047",""
"CS-2400","HYD-277","03-REGISTERS/domain-e-hydronyms.csv","DATA","SRC-019","CONTRIBUTING","","IG-SRC-019",""
"CS-2401","HYD-277","03-REGISTERS/domain-e-hydronyms.csv","DATA","SRC-022","CONTRIBUTING","","IG-SRC-021",""
"CS-2402","HYD-277","03-REGISTERS/domain-e-hydronyms.csv","DATA","SRC-023","CONTRIBUTING","","IG-SRC-019",""
"CS-2403","HYD-277","03-REGISTERS/domain-e-hydronyms.csv","DATA","SRC-047","CONTRIBUTING","","IG-SRC-047",""
"CS-2404","HYD-278","03-REGISTERS/domain-e-hydronyms.csv","DATA","SRC-019","CONTRIBUTING","","IG-SRC-019",""
"CS-2405","HYD-278","03-REGISTERS/domain-e-hydronyms.csv","DATA","SRC-022","CONTRIBUTING","","IG-SRC-021",""
"CS-2406","HYD-278","03-REGISTERS/domain-e-hydronyms.csv","DATA","SRC-023","CONTRIBUTING","","IG-SRC-019",""
"CS-2407","HYD-278","03-REGISTERS/domain-e-hydronyms.csv","DATA","SRC-047","CONTRIBUTING","","IG-SRC-047",""
"CS-2408","HYD-279","03-REGISTERS/domain-e-hydronyms.csv","DATA","SRC-019","CONTRIBUTING","","IG-SRC-019",""
"CS-2409","HYD-279","03-REGISTERS/domain-e-hydronyms.csv","DATA","SRC-022","CONTRIBUTING","","IG-SRC-021",""
"CS-2410","HYD-279","03-REGISTERS/domain-e-hydronyms.csv","DATA","SRC-023","CONTRIBUTING","","IG-SRC-019",""
"CS-2411","HYD-279","03-REGISTERS/domain-e-hydronyms.csv","DATA","SRC-047","CONTRIBUTING","","IG-SRC-047",""
"CS-2412","HYD-280","03-REGISTERS/domain-e-hydronyms.csv","DATA","SRC-019","CONTRIBUTING","","IG-SRC-019",""
"CS-2413","HYD-280","03-REGISTERS/domain-e-hydronyms.csv","DATA","SRC-022","CONTRIBUTING","","IG-SRC-021",""
"CS-2414","HYD-280","03-REGISTERS/domain-e-hydronyms.csv","DATA","SRC-023","CONTRIBUTING","","IG-SRC-019",""
"CS-2415","HYD-280","03-REGISTERS/domain-e-hydronyms.csv","DATA","SRC-047","CONTRIBUTING","","IG-SRC-047",""
"CS-2416","HYD-281","03-REGISTERS/domain-e-hydronyms.csv","DATA","SRC-019","CONTRIBUTING","","IG-SRC-019",""
"CS-2417","HYD-281","03-REGISTERS/domain-e-hydronyms.csv","DATA","SRC-022","CONTRIBUTING","","IG-SRC-021",""
"CS-2418","HYD-281","03-REGISTERS/domain-e-hydronyms.csv","DATA","SRC-023","CONTRIBUTING","","IG-SRC-019",""
"CS-2419","HYD-281","03-REGISTERS/domain-e-hydronyms.csv","DATA","SRC-047","CONTRIBUTING","","IG-SRC-047",""
"CS-2420","HYD-282","03-REGISTERS/domain-e-hydronyms.csv","DATA","SRC-019","CONTRIBUTING","","IG-SRC-019",""
"CS-2421","HYD-282","03-REGISTERS/domain-e-hydronyms.csv","DATA","SRC-022","CONTRIBUTING","","IG-SRC-021",""
"CS-2422","HYD-282","03-REGISTERS/domain-e-hydronyms.csv","DATA","SRC-023","CONTRIBUTING","","IG-SRC-019",""
"CS-2423","HYD-282","03-REGISTERS/domain-e-hydronyms.csv","DATA","SRC-047","CONTRIBUTING","","IG-SRC-047",""
"CS-2424","HYD-283","03-REGISTERS/domain-e-hydronyms.csv","DATA","SRC-019","CONTRIBUTING","","IG-SRC-019",""
"CS-2425","HYD-283","03-REGISTERS/domain-e-hydronyms.csv","DATA","SRC-022","CONTRIBUTING","","IG-SRC-021",""
"CS-2426","HYD-283","03-REGISTERS/domain-e-hydronyms.csv","DATA","SRC-023","CONTRIBUTING","","IG-SRC-019",""
"CS-2427","HYD-283","03-REGISTERS/domain-e-hydronyms.csv","DATA","SRC-047","CONTRIBUTING","","IG-SRC-047",""
"CS-2428","HYD-284","03-REGISTERS/domain-e-hydronyms.csv","DATA","SRC-019","CONTRIBUTING","","IG-SRC-019",""
"CS-2429","HYD-284","03-REGISTERS/domain-e-hydronyms.csv","DATA","SRC-022","CONTRIBUTING","","IG-SRC-021",""
"CS-2430","HYD-284","03-REGISTERS/domain-e-hydronyms.csv","DATA","SRC-023","CONTRIBUTING","","IG-SRC-019",""
"CS-2431","HYD-284","03-REGISTERS/domain-e-hydronyms.csv","DATA","SRC-047","CONTRIBUTING","","IG-SRC-047",""
"CS-2432","HYD-285","03-REGISTERS/domain-e-hydronyms.csv","DATA","SRC-019","CONTRIBUTING","","IG-SRC-019",""
"CS-2433","HYD-285","03-REGISTERS/domain-e-hydronyms.csv","DATA","SRC-022","CONTRIBUTING","","IG-SRC-021",""
"CS-2434","HYD-285","03-REGISTERS/domain-e-hydronyms.csv","DATA","SRC-023","CONTRIBUTING","","IG-SRC-019",""
"CS-2435","HYD-285","03-REGISTERS/domain-e-hydronyms.csv","DATA","SRC-047","CONTRIBUTING","","IG-SRC-047",""
"CS-2436","HYD-286","03-REGISTERS/domain-e-hydronyms.csv","DATA","SRC-019","CONTRIBUTING","","IG-SRC-019",""
"CS-2437","HYD-286","03-REGISTERS/domain-e-hydronyms.csv","DATA","SRC-022","CONTRIBUTING","","IG-SRC-021",""
"CS-2438","HYD-286","03-REGISTERS/domain-e-hydronyms.csv","DATA","SRC-023","CONTRIBUTING","","IG-SRC-019",""
"CS-2439","HYD-286","03-REGISTERS/domain-e-hydronyms.csv","DATA","SRC-047","CONTRIBUTING","","IG-SRC-047",""
"CS-2440","HYD-287","03-REGISTERS/domain-e-hydronyms.csv","DATA","SRC-019","CONTRIBUTING","","IG-SRC-019",""
"CS-2441","HYD-287","03-REGISTERS/domain-e-hydronyms.csv","DATA","SRC-022","CONTRIBUTING","","IG-SRC-021",""
"CS-2442","HYD-287","03-REGISTERS/domain-e-hydronyms.csv","DATA","SRC-023","CONTRIBUTING","","IG-SRC-019",""
"CS-2443","HYD-287","03-REGISTERS/domain-e-hydronyms.csv","DATA","SRC-047","CONTRIBUTING","","IG-SRC-047",""
"CS-2444","HYD-288","03-REGISTERS/domain-e-hydronyms.csv","DATA","SRC-019","CONTRIBUTING","","IG-SRC-019",""
"CS-2445","HYD-288","03-REGISTERS/domain-e-hydronyms.csv","DATA","SRC-022","CONTRIBUTING","","IG-SRC-021",""
"CS-2446","HYD-288","03-REGISTERS/domain-e-hydronyms.csv","DATA","SRC-023","CONTRIBUTING","","IG-SRC-019",""
"CS-2447","HYD-288","03-REGISTERS/domain-e-hydronyms.csv","DATA","SRC-047","CONTRIBUTING","","IG-SRC-047",""
"CS-2448","HYD-289","03-REGISTERS/domain-e-hydronyms.csv","DATA","SRC-019","CONTRIBUTING","","IG-SRC-019",""
"CS-2449","HYD-289","03-REGISTERS/domain-e-hydronyms.csv","DATA","SRC-022","CONTRIBUTING","","IG-SRC-021",""
"CS-2450","HYD-289","03-REGISTERS/domain-e-hydronyms.csv","DATA","SRC-023","CONTRIBUTING","","IG-SRC-019",""
"CS-2451","HYD-289","03-REGISTERS/domain-e-hydronyms.csv","DATA","SRC-047","CONTRIBUTING","","IG-SRC-047",""
"CS-2452","HYD-290","03-REGISTERS/domain-e-hydronyms.csv","DATA","SRC-019","CONTRIBUTING","","IG-SRC-019",""
"CS-2453","HYD-290","03-REGISTERS/domain-e-hydronyms.csv","DATA","SRC-022","CONTRIBUTING","","IG-SRC-021",""
"CS-2454","HYD-290","03-REGISTERS/domain-e-hydronyms.csv","DATA","SRC-023","CONTRIBUTING","","IG-SRC-019",""
"CS-2455","HYD-290","03-REGISTERS/domain-e-hydronyms.csv","DATA","SRC-047","CONTRIBUTING","","IG-SRC-047",""
"CS-2456","HYD-291","03-REGISTERS/domain-e-hydronyms.csv","DATA","SRC-019","CONTRIBUTING","","IG-SRC-019",""
"CS-2457","HYD-291","03-REGISTERS/domain-e-hydronyms.csv","DATA","SRC-022","CONTRIBUTING","","IG-SRC-021",""
"CS-2458","HYD-291","03-REGISTERS/domain-e-hydronyms.csv","DATA","SRC-023","CONTRIBUTING","","IG-SRC-019",""
"CS-2459","HYD-291","03-REGISTERS/domain-e-hydronyms.csv","DATA","SRC-047","CONTRIBUTING","","IG-SRC-047",""
"CS-2460","HYD-292","03-REGISTERS/domain-e-hydronyms.csv","DATA","SRC-019","CONTRIBUTING","","IG-SRC-019",""
"CS-2461","HYD-292","03-REGISTERS/domain-e-hydronyms.csv","DATA","SRC-022","CONTRIBUTING","","IG-SRC-021",""
"CS-2462","HYD-292","03-REGISTERS/domain-e-hydronyms.csv","DATA","SRC-023","CONTRIBUTING","","IG-SRC-019",""
"CS-2463","HYD-292","03-REGISTERS/domain-e-hydronyms.csv","DATA","SRC-047","CONTRIBUTING","","IG-SRC-047",""
"CS-2464","HYD-293","03-REGISTERS/domain-e-hydronyms.csv","DATA","SRC-019","CONTRIBUTING","","IG-SRC-019",""
"CS-2465","HYD-293","03-REGISTERS/domain-e-hydronyms.csv","DATA","SRC-022","CONTRIBUTING","","IG-SRC-021",""
"CS-2466","HYD-293","03-REGISTERS/domain-e-hydronyms.csv","DATA","SRC-023","CONTRIBUTING","","IG-SRC-019",""
"CS-2467","HYD-293","03-REGISTERS/domain-e-hydronyms.csv","DATA","SRC-047","CONTRIBUTING","","IG-SRC-047",""
"CS-2468","HYD-294","03-REGISTERS/domain-e-hydronyms.csv","DATA","SRC-019","CONTRIBUTING","","IG-SRC-019",""
"CS-2469","HYD-294","03-REGISTERS/domain-e-hydronyms.csv","DATA","SRC-022","CONTRIBUTING","","IG-SRC-021",""
"CS-2470","HYD-294","03-REGISTERS/domain-e-hydronyms.csv","DATA","SRC-023","CONTRIBUTING","","IG-SRC-019",""
"CS-2471","HYD-294","03-REGISTERS/domain-e-hydronyms.csv","DATA","SRC-047","CONTRIBUTING","","IG-SRC-047",""
"CS-2472","HYD-295","03-REGISTERS/domain-e-hydronyms.csv","DATA","SRC-019","CONTRIBUTING","","IG-SRC-019",""
"CS-2473","HYD-295","03-REGISTERS/domain-e-hydronyms.csv","DATA","SRC-022","CONTRIBUTING","","IG-SRC-021",""
"CS-2474","HYD-295","03-REGISTERS/domain-e-hydronyms.csv","DATA","SRC-023","CONTRIBUTING","","IG-SRC-019",""
"CS-2475","HYD-295","03-REGISTERS/domain-e-hydronyms.csv","DATA","SRC-047","CONTRIBUTING","","IG-SRC-047",""
"CS-2476","HYD-296","03-REGISTERS/domain-e-hydronyms.csv","DATA","SRC-019","CONTRIBUTING","","IG-SRC-019",""
"CS-2477","HYD-296","03-REGISTERS/domain-e-hydronyms.csv","DATA","SRC-022","CONTRIBUTING","","IG-SRC-021",""
"CS-2478","HYD-296","03-REGISTERS/domain-e-hydronyms.csv","DATA","SRC-023","CONTRIBUTING","","IG-SRC-019",""
"CS-2479","HYD-296","03-REGISTERS/domain-e-hydronyms.csv","DATA","SRC-047","CONTRIBUTING","","IG-SRC-047",""
"CS-2480","HYD-297","03-REGISTERS/domain-e-hydronyms.csv","DATA","SRC-019","CONTRIBUTING","","IG-SRC-019",""
"CS-2481","HYD-297","03-REGISTERS/domain-e-hydronyms.csv","DATA","SRC-022","CONTRIBUTING","","IG-SRC-021",""
"CS-2482","HYD-297","03-REGISTERS/domain-e-hydronyms.csv","DATA","SRC-023","CONTRIBUTING","","IG-SRC-019",""
"CS-2483","HYD-297","03-REGISTERS/domain-e-hydronyms.csv","DATA","SRC-047","CONTRIBUTING","","IG-SRC-047",""
"CS-2484","HYD-298","03-REGISTERS/domain-e-hydronyms.csv","DATA","SRC-019","CONTRIBUTING","","IG-SRC-019",""
"CS-2485","HYD-298","03-REGISTERS/domain-e-hydronyms.csv","DATA","SRC-022","CONTRIBUTING","","IG-SRC-021",""
"CS-2486","HYD-298","03-REGISTERS/domain-e-hydronyms.csv","DATA","SRC-023","CONTRIBUTING","","IG-SRC-019",""
"CS-2487","HYD-298","03-REGISTERS/domain-e-hydronyms.csv","DATA","SRC-047","CONTRIBUTING","","IG-SRC-047",""
"CS-2488","HYD-299","03-REGISTERS/domain-e-hydronyms.csv","DATA","SRC-019","CONTRIBUTING","","IG-SRC-019",""
"CS-2489","HYD-299","03-REGISTERS/domain-e-hydronyms.csv","DATA","SRC-022","CONTRIBUTING","","IG-SRC-021",""
"CS-2490","HYD-299","03-REGISTERS/domain-e-hydronyms.csv","DATA","SRC-023","CONTRIBUTING","","IG-SRC-019",""
"CS-2491","HYD-299","03-REGISTERS/domain-e-hydronyms.csv","DATA","SRC-047","CONTRIBUTING","","IG-SRC-047",""
"CS-2492","HYD-300","03-REGISTERS/domain-e-hydronyms.csv","DATA","SRC-019","CONTRIBUTING","","IG-SRC-019",""
"CS-2493","HYD-300","03-REGISTERS/domain-e-hydronyms.csv","DATA","SRC-022","CONTRIBUTING","","IG-SRC-021",""
"CS-2494","HYD-300","03-REGISTERS/domain-e-hydronyms.csv","DATA","SRC-023","CONTRIBUTING","","IG-SRC-019",""
"CS-2495","HYD-300","03-REGISTERS/domain-e-hydronyms.csv","DATA","SRC-047","CONTRIBUTING","","IG-SRC-047",""
"CS-2496","HYD-301","03-REGISTERS/domain-e-hydronyms.csv","DATA","SRC-019","CONTRIBUTING","","IG-SRC-019",""
"CS-2497","HYD-301","03-REGISTERS/domain-e-hydronyms.csv","DATA","SRC-022","CONTRIBUTING","","IG-SRC-021",""
"CS-2498","HYD-301","03-REGISTERS/domain-e-hydronyms.csv","DATA","SRC-023","CONTRIBUTING","","IG-SRC-019",""
"CS-2499","HYD-301","03-REGISTERS/domain-e-hydronyms.csv","DATA","SRC-047","CONTRIBUTING","","IG-SRC-047",""
"CS-2500","HYD-302","03-REGISTERS/domain-e-hydronyms.csv","DATA","SRC-019","CONTRIBUTING","","IG-SRC-019",""
"CS-2501","HYD-302","03-REGISTERS/domain-e-hydronyms.csv","DATA","SRC-022","CONTRIBUTING","","IG-SRC-021",""
"CS-2502","HYD-302","03-REGISTERS/domain-e-hydronyms.csv","DATA","SRC-023","CONTRIBUTING","","IG-SRC-019",""
"CS-2503","HYD-302","03-REGISTERS/domain-e-hydronyms.csv","DATA","SRC-047","CONTRIBUTING","","IG-SRC-047",""
"CS-2504","HYD-303","03-REGISTERS/domain-e-hydronyms.csv","DATA","SRC-019","CONTRIBUTING","","IG-SRC-019",""
"CS-2505","HYD-303","03-REGISTERS/domain-e-hydronyms.csv","DATA","SRC-022","CONTRIBUTING","","IG-SRC-021",""
"CS-2506","HYD-303","03-REGISTERS/domain-e-hydronyms.csv","DATA","SRC-023","CONTRIBUTING","","IG-SRC-019",""
"CS-2507","HYD-303","03-REGISTERS/domain-e-hydronyms.csv","DATA","SRC-047","CONTRIBUTING","","IG-SRC-047",""
"CS-2508","HYD-304","03-REGISTERS/domain-e-hydronyms.csv","DATA","SRC-019","CONTRIBUTING","","IG-SRC-019",""
"CS-2509","HYD-304","03-REGISTERS/domain-e-hydronyms.csv","DATA","SRC-022","CONTRIBUTING","","IG-SRC-021",""
"CS-2510","HYD-304","03-REGISTERS/domain-e-hydronyms.csv","DATA","SRC-023","CONTRIBUTING","","IG-SRC-019",""
"CS-2511","HYD-304","03-REGISTERS/domain-e-hydronyms.csv","DATA","SRC-047","CONTRIBUTING","","IG-SRC-047",""
"CS-2512","HYD-305","03-REGISTERS/domain-e-hydronyms.csv","DATA","SRC-019","CONTRIBUTING","","IG-SRC-019",""
"CS-2513","HYD-305","03-REGISTERS/domain-e-hydronyms.csv","DATA","SRC-022","CONTRIBUTING","","IG-SRC-021",""
"CS-2514","HYD-305","03-REGISTERS/domain-e-hydronyms.csv","DATA","SRC-023","CONTRIBUTING","","IG-SRC-019",""
"CS-2515","HYD-305","03-REGISTERS/domain-e-hydronyms.csv","DATA","SRC-047","CONTRIBUTING","","IG-SRC-047",""
"CS-2516","HYD-306","03-REGISTERS/domain-e-hydronyms.csv","DATA","SRC-019","CONTRIBUTING","","IG-SRC-019",""
"CS-2517","HYD-306","03-REGISTERS/domain-e-hydronyms.csv","DATA","SRC-022","CONTRIBUTING","","IG-SRC-021",""
"CS-2518","HYD-306","03-REGISTERS/domain-e-hydronyms.csv","DATA","SRC-023","CONTRIBUTING","","IG-SRC-019",""
"CS-2519","HYD-306","03-REGISTERS/domain-e-hydronyms.csv","DATA","SRC-047","CONTRIBUTING","","IG-SRC-047",""
"CS-2520","HYD-307","03-REGISTERS/domain-e-hydronyms.csv","DATA","SRC-019","CONTRIBUTING","","IG-SRC-019",""
"CS-2521","HYD-307","03-REGISTERS/domain-e-hydronyms.csv","DATA","SRC-022","CONTRIBUTING","","IG-SRC-021",""
"CS-2522","HYD-307","03-REGISTERS/domain-e-hydronyms.csv","DATA","SRC-023","CONTRIBUTING","","IG-SRC-019",""
"CS-2523","HYD-307","03-REGISTERS/domain-e-hydronyms.csv","DATA","SRC-047","CONTRIBUTING","","IG-SRC-047",""
"CS-2524","HYD-308","03-REGISTERS/domain-e-hydronyms.csv","DATA","SRC-019","CONTRIBUTING","","IG-SRC-019",""
"CS-2525","HYD-308","03-REGISTERS/domain-e-hydronyms.csv","DATA","SRC-022","CONTRIBUTING","","IG-SRC-021",""
"CS-2526","HYD-308","03-REGISTERS/domain-e-hydronyms.csv","DATA","SRC-023","CONTRIBUTING","","IG-SRC-019",""
"CS-2527","HYD-308","03-REGISTERS/domain-e-hydronyms.csv","DATA","SRC-047","CONTRIBUTING","","IG-SRC-047",""
"CS-2528","HYD-309","03-REGISTERS/domain-e-hydronyms.csv","DATA","SRC-019","CONTRIBUTING","","IG-SRC-019",""
"CS-2529","HYD-309","03-REGISTERS/domain-e-hydronyms.csv","DATA","SRC-022","CONTRIBUTING","","IG-SRC-021",""
"CS-2530","HYD-309","03-REGISTERS/domain-e-hydronyms.csv","DATA","SRC-023","CONTRIBUTING","","IG-SRC-019",""
"CS-2531","HYD-309","03-REGISTERS/domain-e-hydronyms.csv","DATA","SRC-047","CONTRIBUTING","","IG-SRC-047",""
"CS-2532","HYD-310","03-REGISTERS/domain-e-hydronyms.csv","DATA","SRC-019","CONTRIBUTING","","IG-SRC-019",""
"CS-2533","HYD-310","03-REGISTERS/domain-e-hydronyms.csv","DATA","SRC-022","CONTRIBUTING","","IG-SRC-021",""
"CS-2534","HYD-310","03-REGISTERS/domain-e-hydronyms.csv","DATA","SRC-023","CONTRIBUTING","","IG-SRC-019",""
"CS-2535","HYD-310","03-REGISTERS/domain-e-hydronyms.csv","DATA","SRC-047","CONTRIBUTING","","IG-SRC-047",""
"CS-2536","HYD-311","03-REGISTERS/domain-e-hydronyms.csv","DATA","SRC-019","CONTRIBUTING","","IG-SRC-019",""
"CS-2537","HYD-311","03-REGISTERS/domain-e-hydronyms.csv","DATA","SRC-022","CONTRIBUTING","","IG-SRC-021",""
"CS-2538","HYD-311","03-REGISTERS/domain-e-hydronyms.csv","DATA","SRC-023","CONTRIBUTING","","IG-SRC-019",""
"CS-2539","HYD-311","03-REGISTERS/domain-e-hydronyms.csv","DATA","SRC-047","CONTRIBUTING","","IG-SRC-047",""
"CS-2540","HYD-312","03-REGISTERS/domain-e-hydronyms.csv","DATA","SRC-019","CONTRIBUTING","","IG-SRC-019",""
"CS-2541","HYD-312","03-REGISTERS/domain-e-hydronyms.csv","DATA","SRC-022","CONTRIBUTING","","IG-SRC-021",""
"CS-2542","HYD-312","03-REGISTERS/domain-e-hydronyms.csv","DATA","SRC-023","CONTRIBUTING","","IG-SRC-019",""
"CS-2543","HYD-312","03-REGISTERS/domain-e-hydronyms.csv","DATA","SRC-047","CONTRIBUTING","","IG-SRC-047",""
"CS-2544","HYD-313","03-REGISTERS/domain-e-hydronyms.csv","DATA","SRC-019","CONTRIBUTING","","IG-SRC-019",""
"CS-2545","HYD-313","03-REGISTERS/domain-e-hydronyms.csv","DATA","SRC-022","CONTRIBUTING","","IG-SRC-021",""
"CS-2546","HYD-313","03-REGISTERS/domain-e-hydronyms.csv","DATA","SRC-023","CONTRIBUTING","","IG-SRC-019",""
"CS-2547","HYD-313","03-REGISTERS/domain-e-hydronyms.csv","DATA","SRC-047","CONTRIBUTING","","IG-SRC-047",""
"CS-2548","HYD-314","03-REGISTERS/domain-e-hydronyms.csv","DATA","SRC-019","CONTRIBUTING","","IG-SRC-019",""
"CS-2549","HYD-314","03-REGISTERS/domain-e-hydronyms.csv","DATA","SRC-022","CONTRIBUTING","","IG-SRC-021",""
"CS-2550","HYD-314","03-REGISTERS/domain-e-hydronyms.csv","DATA","SRC-023","CONTRIBUTING","","IG-SRC-019",""
"CS-2551","HYD-314","03-REGISTERS/domain-e-hydronyms.csv","DATA","SRC-047","CONTRIBUTING","","IG-SRC-047",""
"CS-2552","HYD-315","03-REGISTERS/domain-e-hydronyms.csv","DATA","SRC-019","CONTRIBUTING","","IG-SRC-019",""
"CS-2553","HYD-315","03-REGISTERS/domain-e-hydronyms.csv","DATA","SRC-022","CONTRIBUTING","","IG-SRC-021",""
"CS-2554","HYD-315","03-REGISTERS/domain-e-hydronyms.csv","DATA","SRC-023","CONTRIBUTING","","IG-SRC-019",""
"CS-2555","HYD-315","03-REGISTERS/domain-e-hydronyms.csv","DATA","SRC-047","CONTRIBUTING","","IG-SRC-047",""
"CS-2556","HYD-316","03-REGISTERS/domain-e-hydronyms.csv","DATA","SRC-019","CONTRIBUTING","","IG-SRC-019",""
"CS-2557","HYD-316","03-REGISTERS/domain-e-hydronyms.csv","DATA","SRC-022","CONTRIBUTING","","IG-SRC-021",""
"CS-2558","HYD-316","03-REGISTERS/domain-e-hydronyms.csv","DATA","SRC-023","CONTRIBUTING","","IG-SRC-019",""
"CS-2559","HYD-316","03-REGISTERS/domain-e-hydronyms.csv","DATA","SRC-047","CONTRIBUTING","","IG-SRC-047",""
"CS-2560","HYD-317","03-REGISTERS/domain-e-hydronyms.csv","DATA","SRC-019","CONTRIBUTING","","IG-SRC-019",""
"CS-2561","HYD-317","03-REGISTERS/domain-e-hydronyms.csv","DATA","SRC-022","CONTRIBUTING","","IG-SRC-021",""
"CS-2562","HYD-317","03-REGISTERS/domain-e-hydronyms.csv","DATA","SRC-023","CONTRIBUTING","","IG-SRC-019",""
"CS-2563","HYD-317","03-REGISTERS/domain-e-hydronyms.csv","DATA","SRC-047","CONTRIBUTING","","IG-SRC-047",""
"CS-2564","HYD-318","03-REGISTERS/domain-e-hydronyms.csv","DATA","SRC-019","CONTRIBUTING","","IG-SRC-019",""
"CS-2565","HYD-318","03-REGISTERS/domain-e-hydronyms.csv","DATA","SRC-022","CONTRIBUTING","","IG-SRC-021",""
"CS-2566","HYD-318","03-REGISTERS/domain-e-hydronyms.csv","DATA","SRC-023","CONTRIBUTING","","IG-SRC-019",""
"CS-2567","HYD-318","03-REGISTERS/domain-e-hydronyms.csv","DATA","SRC-047","CONTRIBUTING","","IG-SRC-047",""
"CS-2568","HYD-319","03-REGISTERS/domain-e-hydronyms.csv","DATA","SRC-019","CONTRIBUTING","","IG-SRC-019",""
"CS-2569","HYD-319","03-REGISTERS/domain-e-hydronyms.csv","DATA","SRC-022","CONTRIBUTING","","IG-SRC-021",""
"CS-2570","HYD-319","03-REGISTERS/domain-e-hydronyms.csv","DATA","SRC-023","CONTRIBUTING","","IG-SRC-019",""
"CS-2571","HYD-319","03-REGISTERS/domain-e-hydronyms.csv","DATA","SRC-047","CONTRIBUTING","","IG-SRC-047",""
"CS-2572","HYD-320","03-REGISTERS/domain-e-hydronyms.csv","DATA","SRC-019","CONTRIBUTING","","IG-SRC-019",""
"CS-2573","HYD-320","03-REGISTERS/domain-e-hydronyms.csv","DATA","SRC-022","CONTRIBUTING","","IG-SRC-021",""
"CS-2574","HYD-320","03-REGISTERS/domain-e-hydronyms.csv","DATA","SRC-023","CONTRIBUTING","","IG-SRC-019",""
"CS-2575","HYD-320","03-REGISTERS/domain-e-hydronyms.csv","DATA","SRC-047","CONTRIBUTING","","IG-SRC-047",""
"CS-2576","HYD-321","03-REGISTERS/domain-e-hydronyms.csv","DATA","SRC-019","CONTRIBUTING","","IG-SRC-019",""
"CS-2577","HYD-321","03-REGISTERS/domain-e-hydronyms.csv","DATA","SRC-022","CONTRIBUTING","","IG-SRC-021",""
"CS-2578","HYD-321","03-REGISTERS/domain-e-hydronyms.csv","DATA","SRC-023","CONTRIBUTING","","IG-SRC-019",""
"CS-2579","HYD-321","03-REGISTERS/domain-e-hydronyms.csv","DATA","SRC-047","CONTRIBUTING","","IG-SRC-047",""
"CS-2580","HYD-322","03-REGISTERS/domain-e-hydronyms.csv","DATA","SRC-019","CONTRIBUTING","","IG-SRC-019",""
"CS-2581","HYD-322","03-REGISTERS/domain-e-hydronyms.csv","DATA","SRC-022","CONTRIBUTING","","IG-SRC-021",""
"CS-2582","HYD-322","03-REGISTERS/domain-e-hydronyms.csv","DATA","SRC-023","CONTRIBUTING","","IG-SRC-019",""
"CS-2583","HYD-322","03-REGISTERS/domain-e-hydronyms.csv","DATA","SRC-047","CONTRIBUTING","","IG-SRC-047",""
"CS-2584","HYD-323","03-REGISTERS/domain-e-hydronyms.csv","DATA","SRC-019","CONTRIBUTING","","IG-SRC-019",""
"CS-2585","HYD-323","03-REGISTERS/domain-e-hydronyms.csv","DATA","SRC-022","CONTRIBUTING","","IG-SRC-021",""
"CS-2586","HYD-323","03-REGISTERS/domain-e-hydronyms.csv","DATA","SRC-023","CONTRIBUTING","","IG-SRC-019",""
"CS-2587","HYD-323","03-REGISTERS/domain-e-hydronyms.csv","DATA","SRC-047","CONTRIBUTING","","IG-SRC-047",""
"CS-2588","HYD-324","03-REGISTERS/domain-e-hydronyms.csv","DATA","SRC-019","CONTRIBUTING","","IG-SRC-019",""
"CS-2589","HYD-324","03-REGISTERS/domain-e-hydronyms.csv","DATA","SRC-022","CONTRIBUTING","","IG-SRC-021",""
"CS-2590","HYD-324","03-REGISTERS/domain-e-hydronyms.csv","DATA","SRC-023","CONTRIBUTING","","IG-SRC-019",""
"CS-2591","HYD-324","03-REGISTERS/domain-e-hydronyms.csv","DATA","SRC-047","CONTRIBUTING","","IG-SRC-047",""
"CS-2592","HYD-325","03-REGISTERS/domain-e-hydronyms.csv","DATA","SRC-019","CONTRIBUTING","","IG-SRC-019",""
"CS-2593","HYD-325","03-REGISTERS/domain-e-hydronyms.csv","DATA","SRC-022","CONTRIBUTING","","IG-SRC-021",""
"CS-2594","HYD-325","03-REGISTERS/domain-e-hydronyms.csv","DATA","SRC-023","CONTRIBUTING","","IG-SRC-019",""
"CS-2595","HYD-325","03-REGISTERS/domain-e-hydronyms.csv","DATA","SRC-047","CONTRIBUTING","","IG-SRC-047",""
"CS-2596","HYD-326","03-REGISTERS/domain-e-hydronyms.csv","DATA","SRC-019","CONTRIBUTING","","IG-SRC-019",""
"CS-2597","HYD-326","03-REGISTERS/domain-e-hydronyms.csv","DATA","SRC-022","CONTRIBUTING","","IG-SRC-021",""
"CS-2598","HYD-326","03-REGISTERS/domain-e-hydronyms.csv","DATA","SRC-023","CONTRIBUTING","","IG-SRC-019",""
"CS-2599","HYD-326","03-REGISTERS/domain-e-hydronyms.csv","DATA","SRC-047","CONTRIBUTING","","IG-SRC-047",""
"CS-2600","HYD-327","03-REGISTERS/domain-e-hydronyms.csv","DATA","SRC-019","CONTRIBUTING","","IG-SRC-019",""
"CS-2601","HYD-327","03-REGISTERS/domain-e-hydronyms.csv","DATA","SRC-022","CONTRIBUTING","","IG-SRC-021",""
"CS-2602","HYD-327","03-REGISTERS/domain-e-hydronyms.csv","DATA","SRC-023","CONTRIBUTING","","IG-SRC-019",""
"CS-2603","HYD-327","03-REGISTERS/domain-e-hydronyms.csv","DATA","SRC-047","CONTRIBUTING","","IG-SRC-047",""
"CS-2604","HYD-328","03-REGISTERS/domain-e-hydronyms.csv","DATA","SRC-019","CONTRIBUTING","","IG-SRC-019",""
"CS-2605","HYD-328","03-REGISTERS/domain-e-hydronyms.csv","DATA","SRC-022","CONTRIBUTING","","IG-SRC-021",""
"CS-2606","HYD-328","03-REGISTERS/domain-e-hydronyms.csv","DATA","SRC-023","CONTRIBUTING","","IG-SRC-019",""
"CS-2607","HYD-328","03-REGISTERS/domain-e-hydronyms.csv","DATA","SRC-047","CONTRIBUTING","","IG-SRC-047",""
"CS-2608","HYD-329","03-REGISTERS/domain-e-hydronyms.csv","DATA","SRC-019","CONTRIBUTING","","IG-SRC-019",""
"CS-2609","HYD-329","03-REGISTERS/domain-e-hydronyms.csv","DATA","SRC-022","CONTRIBUTING","","IG-SRC-021",""
"CS-2610","HYD-329","03-REGISTERS/domain-e-hydronyms.csv","DATA","SRC-023","CONTRIBUTING","","IG-SRC-019",""
"CS-2611","HYD-329","03-REGISTERS/domain-e-hydronyms.csv","DATA","SRC-047","CONTRIBUTING","","IG-SRC-047",""
"CS-2612","HYD-330","03-REGISTERS/domain-e-hydronyms.csv","DATA","SRC-019","CONTRIBUTING","","IG-SRC-019",""
"CS-2613","HYD-330","03-REGISTERS/domain-e-hydronyms.csv","DATA","SRC-022","CONTRIBUTING","","IG-SRC-021",""
"CS-2614","HYD-330","03-REGISTERS/domain-e-hydronyms.csv","DATA","SRC-023","CONTRIBUTING","","IG-SRC-019",""
"CS-2615","HYD-330","03-REGISTERS/domain-e-hydronyms.csv","DATA","SRC-047","CONTRIBUTING","","IG-SRC-047",""
"CS-2616","HYD-331","03-REGISTERS/domain-e-hydronyms.csv","DATA","SRC-019","CONTRIBUTING","","IG-SRC-019",""
"CS-2617","HYD-331","03-REGISTERS/domain-e-hydronyms.csv","DATA","SRC-022","CONTRIBUTING","","IG-SRC-021",""
"CS-2618","HYD-331","03-REGISTERS/domain-e-hydronyms.csv","DATA","SRC-023","CONTRIBUTING","","IG-SRC-019",""
"CS-2619","HYD-331","03-REGISTERS/domain-e-hydronyms.csv","DATA","SRC-047","CONTRIBUTING","","IG-SRC-047",""
"CS-2620","HYD-332","03-REGISTERS/domain-e-hydronyms.csv","DATA","SRC-019","CONTRIBUTING","","IG-SRC-019",""
"CS-2621","HYD-332","03-REGISTERS/domain-e-hydronyms.csv","DATA","SRC-022","CONTRIBUTING","","IG-SRC-021",""
"CS-2622","HYD-332","03-REGISTERS/domain-e-hydronyms.csv","DATA","SRC-023","CONTRIBUTING","","IG-SRC-019",""
"CS-2623","HYD-332","03-REGISTERS/domain-e-hydronyms.csv","DATA","SRC-047","CONTRIBUTING","","IG-SRC-047",""
"CS-2624","HYD-333","03-REGISTERS/domain-e-hydronyms.csv","DATA","SRC-019","CONTRIBUTING","","IG-SRC-019",""
"CS-2625","HYD-333","03-REGISTERS/domain-e-hydronyms.csv","DATA","SRC-022","CONTRIBUTING","","IG-SRC-021",""
"CS-2626","HYD-333","03-REGISTERS/domain-e-hydronyms.csv","DATA","SRC-023","CONTRIBUTING","","IG-SRC-019",""
"CS-2627","HYD-333","03-REGISTERS/domain-e-hydronyms.csv","DATA","SRC-047","CONTRIBUTING","","IG-SRC-047",""
"CS-2628","HYD-334","03-REGISTERS/domain-e-hydronyms.csv","DATA","SRC-019","CONTRIBUTING","","IG-SRC-019",""
"CS-2629","HYD-334","03-REGISTERS/domain-e-hydronyms.csv","DATA","SRC-022","CONTRIBUTING","","IG-SRC-021",""
"CS-2630","HYD-334","03-REGISTERS/domain-e-hydronyms.csv","DATA","SRC-023","CONTRIBUTING","","IG-SRC-019",""
"CS-2631","HYD-334","03-REGISTERS/domain-e-hydronyms.csv","DATA","SRC-047","CONTRIBUTING","","IG-SRC-047",""
"CS-2632","HYD-335","03-REGISTERS/domain-e-hydronyms.csv","DATA","SRC-019","CONTRIBUTING","","IG-SRC-019",""
"CS-2633","HYD-335","03-REGISTERS/domain-e-hydronyms.csv","DATA","SRC-022","CONTRIBUTING","","IG-SRC-021",""
"CS-2634","HYD-335","03-REGISTERS/domain-e-hydronyms.csv","DATA","SRC-023","CONTRIBUTING","","IG-SRC-019",""
"CS-2635","HYD-335","03-REGISTERS/domain-e-hydronyms.csv","DATA","SRC-047","CONTRIBUTING","","IG-SRC-047",""
"CS-2636","HYD-336","03-REGISTERS/domain-e-hydronyms.csv","DATA","SRC-019","CONTRIBUTING","","IG-SRC-019",""
"CS-2637","HYD-336","03-REGISTERS/domain-e-hydronyms.csv","DATA","SRC-022","CONTRIBUTING","","IG-SRC-021",""
"CS-2638","HYD-336","03-REGISTERS/domain-e-hydronyms.csv","DATA","SRC-023","CONTRIBUTING","","IG-SRC-019",""
"CS-2639","HYD-336","03-REGISTERS/domain-e-hydronyms.csv","DATA","SRC-047","CONTRIBUTING","","IG-SRC-047",""
"CS-2640","HYD-337","03-REGISTERS/domain-e-hydronyms.csv","DATA","SRC-019","CONTRIBUTING","","IG-SRC-019",""
"CS-2641","HYD-337","03-REGISTERS/domain-e-hydronyms.csv","DATA","SRC-022","CONTRIBUTING","","IG-SRC-021",""
"CS-2642","HYD-337","03-REGISTERS/domain-e-hydronyms.csv","DATA","SRC-023","CONTRIBUTING","","IG-SRC-019",""
"CS-2643","HYD-337","03-REGISTERS/domain-e-hydronyms.csv","DATA","SRC-047","CONTRIBUTING","","IG-SRC-047",""
"CS-2644","HYD-338","03-REGISTERS/domain-e-hydronyms.csv","DATA","SRC-019","CONTRIBUTING","","IG-SRC-019",""
"CS-2645","HYD-338","03-REGISTERS/domain-e-hydronyms.csv","DATA","SRC-022","CONTRIBUTING","","IG-SRC-021",""
"CS-2646","HYD-338","03-REGISTERS/domain-e-hydronyms.csv","DATA","SRC-023","CONTRIBUTING","","IG-SRC-019",""
"CS-2647","HYD-338","03-REGISTERS/domain-e-hydronyms.csv","DATA","SRC-047","CONTRIBUTING","","IG-SRC-047",""
"CS-2648","HYD-339","03-REGISTERS/domain-e-hydronyms.csv","DATA","SRC-019","CONTRIBUTING","","IG-SRC-019",""
"CS-2649","HYD-339","03-REGISTERS/domain-e-hydronyms.csv","DATA","SRC-022","CONTRIBUTING","","IG-SRC-021",""
"CS-2650","HYD-339","03-REGISTERS/domain-e-hydronyms.csv","DATA","SRC-023","CONTRIBUTING","","IG-SRC-019",""
"CS-2651","HYD-339","03-REGISTERS/domain-e-hydronyms.csv","DATA","SRC-047","CONTRIBUTING","","IG-SRC-047",""
"CS-2652","HYD-340","03-REGISTERS/domain-e-hydronyms.csv","DATA","SRC-019","CONTRIBUTING","","IG-SRC-019",""
"CS-2653","HYD-340","03-REGISTERS/domain-e-hydronyms.csv","DATA","SRC-022","CONTRIBUTING","","IG-SRC-021",""
"CS-2654","HYD-340","03-REGISTERS/domain-e-hydronyms.csv","DATA","SRC-023","CONTRIBUTING","","IG-SRC-019",""
"CS-2655","HYD-340","03-REGISTERS/domain-e-hydronyms.csv","DATA","SRC-047","CONTRIBUTING","","IG-SRC-047",""
"CS-2656","HYD-341","03-REGISTERS/domain-e-hydronyms.csv","DATA","SRC-019","CONTRIBUTING","","IG-SRC-019",""
"CS-2657","HYD-341","03-REGISTERS/domain-e-hydronyms.csv","DATA","SRC-022","CONTRIBUTING","","IG-SRC-021",""
"CS-2658","HYD-341","03-REGISTERS/domain-e-hydronyms.csv","DATA","SRC-023","CONTRIBUTING","","IG-SRC-019",""
"CS-2659","HYD-341","03-REGISTERS/domain-e-hydronyms.csv","DATA","SRC-047","CONTRIBUTING","","IG-SRC-047",""
"CS-2660","HYD-342","03-REGISTERS/domain-e-hydronyms.csv","DATA","SRC-019","CONTRIBUTING","","IG-SRC-019",""
"CS-2661","HYD-342","03-REGISTERS/domain-e-hydronyms.csv","DATA","SRC-022","CONTRIBUTING","","IG-SRC-021",""
"CS-2662","HYD-342","03-REGISTERS/domain-e-hydronyms.csv","DATA","SRC-023","CONTRIBUTING","","IG-SRC-019",""
"CS-2663","HYD-342","03-REGISTERS/domain-e-hydronyms.csv","DATA","SRC-047","CONTRIBUTING","","IG-SRC-047",""
"CS-2664","HYD-343","03-REGISTERS/domain-e-hydronyms.csv","DATA","SRC-019","CONTRIBUTING","","IG-SRC-019",""
"CS-2665","HYD-343","03-REGISTERS/domain-e-hydronyms.csv","DATA","SRC-022","CONTRIBUTING","","IG-SRC-021",""
"CS-2666","HYD-343","03-REGISTERS/domain-e-hydronyms.csv","DATA","SRC-023","CONTRIBUTING","","IG-SRC-019",""
"CS-2667","HYD-343","03-REGISTERS/domain-e-hydronyms.csv","DATA","SRC-047","CONTRIBUTING","","IG-SRC-047",""
"CS-2668","HYD-344","03-REGISTERS/domain-e-hydronyms.csv","DATA","SRC-019","CONTRIBUTING","","IG-SRC-019",""
"CS-2669","HYD-344","03-REGISTERS/domain-e-hydronyms.csv","DATA","SRC-022","CONTRIBUTING","","IG-SRC-021",""
"CS-2670","HYD-344","03-REGISTERS/domain-e-hydronyms.csv","DATA","SRC-023","CONTRIBUTING","","IG-SRC-019",""
"CS-2671","HYD-344","03-REGISTERS/domain-e-hydronyms.csv","DATA","SRC-047","CONTRIBUTING","","IG-SRC-047",""
"CS-2672","HYD-345","03-REGISTERS/domain-e-hydronyms.csv","DATA","SRC-019","CONTRIBUTING","","IG-SRC-019",""
"CS-2673","HYD-345","03-REGISTERS/domain-e-hydronyms.csv","DATA","SRC-022","CONTRIBUTING","","IG-SRC-021",""
"CS-2674","HYD-345","03-REGISTERS/domain-e-hydronyms.csv","DATA","SRC-023","CONTRIBUTING","","IG-SRC-019",""
"CS-2675","HYD-345","03-REGISTERS/domain-e-hydronyms.csv","DATA","SRC-047","CONTRIBUTING","","IG-SRC-047",""
"CS-2676","HYD-346","03-REGISTERS/domain-e-hydronyms.csv","DATA","SRC-019","CONTRIBUTING","","IG-SRC-019",""
"CS-2677","HYD-346","03-REGISTERS/domain-e-hydronyms.csv","DATA","SRC-022","CONTRIBUTING","","IG-SRC-021",""
"CS-2678","HYD-346","03-REGISTERS/domain-e-hydronyms.csv","DATA","SRC-023","CONTRIBUTING","","IG-SRC-019",""
"CS-2679","HYD-346","03-REGISTERS/domain-e-hydronyms.csv","DATA","SRC-047","CONTRIBUTING","","IG-SRC-047",""
"CS-2680","HYD-347","03-REGISTERS/domain-e-hydronyms.csv","DATA","SRC-019","CONTRIBUTING","","IG-SRC-019",""
"CS-2681","HYD-347","03-REGISTERS/domain-e-hydronyms.csv","DATA","SRC-022","CONTRIBUTING","","IG-SRC-021",""
"CS-2682","HYD-347","03-REGISTERS/domain-e-hydronyms.csv","DATA","SRC-023","CONTRIBUTING","","IG-SRC-019",""
"CS-2683","HYD-347","03-REGISTERS/domain-e-hydronyms.csv","DATA","SRC-047","CONTRIBUTING","","IG-SRC-047",""
"CS-2684","HYD-348","03-REGISTERS/domain-e-hydronyms.csv","DATA","SRC-019","CONTRIBUTING","","IG-SRC-019",""
"CS-2685","HYD-348","03-REGISTERS/domain-e-hydronyms.csv","DATA","SRC-022","CONTRIBUTING","","IG-SRC-021",""
"CS-2686","HYD-348","03-REGISTERS/domain-e-hydronyms.csv","DATA","SRC-023","CONTRIBUTING","","IG-SRC-019",""
"CS-2687","HYD-348","03-REGISTERS/domain-e-hydronyms.csv","DATA","SRC-047","CONTRIBUTING","","IG-SRC-047",""
"CS-2688","HYD-349","03-REGISTERS/domain-e-hydronyms.csv","DATA","SRC-019","CONTRIBUTING","","IG-SRC-019",""
"CS-2689","HYD-349","03-REGISTERS/domain-e-hydronyms.csv","DATA","SRC-022","CONTRIBUTING","","IG-SRC-021",""
"CS-2690","HYD-349","03-REGISTERS/domain-e-hydronyms.csv","DATA","SRC-023","CONTRIBUTING","","IG-SRC-019",""
"CS-2691","HYD-349","03-REGISTERS/domain-e-hydronyms.csv","DATA","SRC-047","CONTRIBUTING","","IG-SRC-047",""
"CS-2692","HYD-350","03-REGISTERS/domain-e-hydronyms.csv","DATA","SRC-019","CONTRIBUTING","","IG-SRC-019",""
"CS-2693","HYD-350","03-REGISTERS/domain-e-hydronyms.csv","DATA","SRC-022","CONTRIBUTING","","IG-SRC-021",""
"CS-2694","HYD-350","03-REGISTERS/domain-e-hydronyms.csv","DATA","SRC-023","CONTRIBUTING","","IG-SRC-019",""
"CS-2695","HYD-350","03-REGISTERS/domain-e-hydronyms.csv","DATA","SRC-047","CONTRIBUTING","","IG-SRC-047",""
"CS-2696","HYD-351","03-REGISTERS/domain-e-hydronyms.csv","DATA","SRC-019","CONTRIBUTING","","IG-SRC-019",""
"CS-2697","HYD-351","03-REGISTERS/domain-e-hydronyms.csv","DATA","SRC-022","CONTRIBUTING","","IG-SRC-021",""
"CS-2698","HYD-351","03-REGISTERS/domain-e-hydronyms.csv","DATA","SRC-023","CONTRIBUTING","","IG-SRC-019",""
"CS-2699","HYD-351","03-REGISTERS/domain-e-hydronyms.csv","DATA","SRC-047","CONTRIBUTING","","IG-SRC-047",""
"CS-2700","HYD-352","03-REGISTERS/domain-e-hydronyms.csv","DATA","SRC-019","CONTRIBUTING","","IG-SRC-019",""
"CS-2701","HYD-352","03-REGISTERS/domain-e-hydronyms.csv","DATA","SRC-022","CONTRIBUTING","","IG-SRC-021",""
"CS-2702","HYD-352","03-REGISTERS/domain-e-hydronyms.csv","DATA","SRC-023","CONTRIBUTING","","IG-SRC-019",""
"CS-2703","HYD-352","03-REGISTERS/domain-e-hydronyms.csv","DATA","SRC-047","CONTRIBUTING","","IG-SRC-047",""
"CS-2704","HYD-353","03-REGISTERS/domain-e-hydronyms.csv","DATA","SRC-019","CONTRIBUTING","","IG-SRC-019",""
"CS-2705","HYD-353","03-REGISTERS/domain-e-hydronyms.csv","DATA","SRC-022","CONTRIBUTING","","IG-SRC-021",""
"CS-2706","HYD-353","03-REGISTERS/domain-e-hydronyms.csv","DATA","SRC-023","CONTRIBUTING","","IG-SRC-019",""
"CS-2707","HYD-353","03-REGISTERS/domain-e-hydronyms.csv","DATA","SRC-047","CONTRIBUTING","","IG-SRC-047",""
"CS-2708","HYD-354","03-REGISTERS/domain-e-hydronyms.csv","DATA","SRC-019","CONTRIBUTING","","IG-SRC-019",""
"CS-2709","HYD-354","03-REGISTERS/domain-e-hydronyms.csv","DATA","SRC-022","CONTRIBUTING","","IG-SRC-021",""
"CS-2710","HYD-354","03-REGISTERS/domain-e-hydronyms.csv","DATA","SRC-023","CONTRIBUTING","","IG-SRC-019",""
"CS-2711","HYD-354","03-REGISTERS/domain-e-hydronyms.csv","DATA","SRC-047","CONTRIBUTING","","IG-SRC-047",""
"CS-2712","HYD-355","03-REGISTERS/domain-e-hydronyms.csv","DATA","SRC-019","CONTRIBUTING","","IG-SRC-019",""
"CS-2713","HYD-355","03-REGISTERS/domain-e-hydronyms.csv","DATA","SRC-022","CONTRIBUTING","","IG-SRC-021",""
"CS-2714","HYD-355","03-REGISTERS/domain-e-hydronyms.csv","DATA","SRC-023","CONTRIBUTING","","IG-SRC-019",""
"CS-2715","HYD-355","03-REGISTERS/domain-e-hydronyms.csv","DATA","SRC-047","CONTRIBUTING","","IG-SRC-047",""
"CS-2716","HYD-356","03-REGISTERS/domain-e-hydronyms.csv","DATA","SRC-019","CONTRIBUTING","","IG-SRC-019",""
"CS-2717","HYD-356","03-REGISTERS/domain-e-hydronyms.csv","DATA","SRC-022","CONTRIBUTING","","IG-SRC-021",""
"CS-2718","HYD-356","03-REGISTERS/domain-e-hydronyms.csv","DATA","SRC-023","CONTRIBUTING","","IG-SRC-019",""
"CS-2719","HYD-356","03-REGISTERS/domain-e-hydronyms.csv","DATA","SRC-047","CONTRIBUTING","","IG-SRC-047",""
"CS-2720","HYD-357","03-REGISTERS/domain-e-hydronyms.csv","DATA","SRC-019","CONTRIBUTING","","IG-SRC-019",""
"CS-2721","HYD-357","03-REGISTERS/domain-e-hydronyms.csv","DATA","SRC-022","CONTRIBUTING","","IG-SRC-021",""
"CS-2722","HYD-357","03-REGISTERS/domain-e-hydronyms.csv","DATA","SRC-023","CONTRIBUTING","","IG-SRC-019",""
"CS-2723","HYD-357","03-REGISTERS/domain-e-hydronyms.csv","DATA","SRC-047","CONTRIBUTING","","IG-SRC-047",""
"CS-2724","HYD-358","03-REGISTERS/domain-e-hydronyms.csv","DATA","SRC-019","CONTRIBUTING","","IG-SRC-019",""
"CS-2725","HYD-358","03-REGISTERS/domain-e-hydronyms.csv","DATA","SRC-022","CONTRIBUTING","","IG-SRC-021",""
"CS-2726","HYD-358","03-REGISTERS/domain-e-hydronyms.csv","DATA","SRC-023","CONTRIBUTING","","IG-SRC-019",""
"CS-2727","HYD-358","03-REGISTERS/domain-e-hydronyms.csv","DATA","SRC-047","CONTRIBUTING","","IG-SRC-047",""
"CS-2728","HYD-359","03-REGISTERS/domain-e-hydronyms.csv","DATA","SRC-019","CONTRIBUTING","","IG-SRC-019",""
"CS-2729","HYD-359","03-REGISTERS/domain-e-hydronyms.csv","DATA","SRC-022","CONTRIBUTING","","IG-SRC-021",""
"CS-2730","HYD-359","03-REGISTERS/domain-e-hydronyms.csv","DATA","SRC-023","CONTRIBUTING","","IG-SRC-019",""
"CS-2731","HYD-359","03-REGISTERS/domain-e-hydronyms.csv","DATA","SRC-047","CONTRIBUTING","","IG-SRC-047",""
"CS-2732","HYD-360","03-REGISTERS/domain-e-hydronyms.csv","DATA","SRC-019","CONTRIBUTING","","IG-SRC-019",""
"CS-2733","HYD-360","03-REGISTERS/domain-e-hydronyms.csv","DATA","SRC-022","CONTRIBUTING","","IG-SRC-021",""
"CS-2734","HYD-360","03-REGISTERS/domain-e-hydronyms.csv","DATA","SRC-023","CONTRIBUTING","","IG-SRC-019",""
"CS-2735","HYD-360","03-REGISTERS/domain-e-hydronyms.csv","DATA","SRC-047","CONTRIBUTING","","IG-SRC-047",""
"CS-2736","HYD-361","03-REGISTERS/domain-e-hydronyms.csv","DATA","SRC-019","CONTRIBUTING","","IG-SRC-019",""
"CS-2737","HYD-361","03-REGISTERS/domain-e-hydronyms.csv","DATA","SRC-022","CONTRIBUTING","","IG-SRC-021",""
"CS-2738","HYD-361","03-REGISTERS/domain-e-hydronyms.csv","DATA","SRC-023","CONTRIBUTING","","IG-SRC-019",""
"CS-2739","HYD-361","03-REGISTERS/domain-e-hydronyms.csv","DATA","SRC-047","CONTRIBUTING","","IG-SRC-047",""
"CS-2740","HYD-362","03-REGISTERS/domain-e-hydronyms.csv","DATA","SRC-019","CONTRIBUTING","","IG-SRC-019",""
"CS-2741","HYD-362","03-REGISTERS/domain-e-hydronyms.csv","DATA","SRC-022","CONTRIBUTING","","IG-SRC-021",""
"CS-2742","HYD-362","03-REGISTERS/domain-e-hydronyms.csv","DATA","SRC-023","CONTRIBUTING","","IG-SRC-019",""
"CS-2743","HYD-362","03-REGISTERS/domain-e-hydronyms.csv","DATA","SRC-047","CONTRIBUTING","","IG-SRC-047",""
"CS-2744","HYD-363","03-REGISTERS/domain-e-hydronyms.csv","DATA","SRC-019","CONTRIBUTING","","IG-SRC-019",""
"CS-2745","HYD-363","03-REGISTERS/domain-e-hydronyms.csv","DATA","SRC-022","CONTRIBUTING","","IG-SRC-021",""
"CS-2746","HYD-363","03-REGISTERS/domain-e-hydronyms.csv","DATA","SRC-023","CONTRIBUTING","","IG-SRC-019",""
"CS-2747","HYD-363","03-REGISTERS/domain-e-hydronyms.csv","DATA","SRC-047","CONTRIBUTING","","IG-SRC-047",""
"CS-2748","HYD-364","03-REGISTERS/domain-e-hydronyms.csv","DATA","SRC-019","CONTRIBUTING","","IG-SRC-019",""
"CS-2749","HYD-364","03-REGISTERS/domain-e-hydronyms.csv","DATA","SRC-022","CONTRIBUTING","","IG-SRC-021",""
"CS-2750","HYD-364","03-REGISTERS/domain-e-hydronyms.csv","DATA","SRC-023","CONTRIBUTING","","IG-SRC-019",""
"CS-2751","HYD-364","03-REGISTERS/domain-e-hydronyms.csv","DATA","SRC-047","CONTRIBUTING","","IG-SRC-047",""
"CS-2752","HYD-365","03-REGISTERS/domain-e-hydronyms.csv","DATA","SRC-019","CONTRIBUTING","","IG-SRC-019",""
"CS-2753","HYD-365","03-REGISTERS/domain-e-hydronyms.csv","DATA","SRC-022","CONTRIBUTING","","IG-SRC-021",""
"CS-2754","HYD-365","03-REGISTERS/domain-e-hydronyms.csv","DATA","SRC-023","CONTRIBUTING","","IG-SRC-019",""
"CS-2755","HYD-365","03-REGISTERS/domain-e-hydronyms.csv","DATA","SRC-047","CONTRIBUTING","","IG-SRC-047",""
"CS-2756","HYD-366","03-REGISTERS/domain-e-hydronyms.csv","DATA","SRC-019","CONTRIBUTING","","IG-SRC-019",""
"CS-2757","HYD-366","03-REGISTERS/domain-e-hydronyms.csv","DATA","SRC-022","CONTRIBUTING","","IG-SRC-021",""
"CS-2758","HYD-366","03-REGISTERS/domain-e-hydronyms.csv","DATA","SRC-023","CONTRIBUTING","","IG-SRC-019",""
"CS-2759","HYD-366","03-REGISTERS/domain-e-hydronyms.csv","DATA","SRC-047","CONTRIBUTING","","IG-SRC-047",""
"CS-2760","HYD-367","03-REGISTERS/domain-e-hydronyms.csv","DATA","SRC-019","CONTRIBUTING","","IG-SRC-019",""
"CS-2761","HYD-367","03-REGISTERS/domain-e-hydronyms.csv","DATA","SRC-022","CONTRIBUTING","","IG-SRC-021",""
"CS-2762","HYD-367","03-REGISTERS/domain-e-hydronyms.csv","DATA","SRC-023","CONTRIBUTING","","IG-SRC-019",""
"CS-2763","HYD-367","03-REGISTERS/domain-e-hydronyms.csv","DATA","SRC-047","CONTRIBUTING","","IG-SRC-047",""
"CS-2764","HYD-368","03-REGISTERS/domain-e-hydronyms.csv","DATA","SRC-019","CONTRIBUTING","","IG-SRC-019",""
"CS-2765","HYD-368","03-REGISTERS/domain-e-hydronyms.csv","DATA","SRC-022","CONTRIBUTING","","IG-SRC-021",""
"CS-2766","HYD-368","03-REGISTERS/domain-e-hydronyms.csv","DATA","SRC-023","CONTRIBUTING","","IG-SRC-019",""
"CS-2767","HYD-368","03-REGISTERS/domain-e-hydronyms.csv","DATA","SRC-047","CONTRIBUTING","","IG-SRC-047",""
"CS-2768","HYD-369","03-REGISTERS/domain-e-hydronyms.csv","DATA","SRC-019","CONTRIBUTING","","IG-SRC-019",""
"CS-2769","HYD-369","03-REGISTERS/domain-e-hydronyms.csv","DATA","SRC-022","CONTRIBUTING","","IG-SRC-021",""
"CS-2770","HYD-369","03-REGISTERS/domain-e-hydronyms.csv","DATA","SRC-023","CONTRIBUTING","","IG-SRC-019",""
"CS-2771","HYD-369","03-REGISTERS/domain-e-hydronyms.csv","DATA","SRC-047","CONTRIBUTING","","IG-SRC-047",""
"CS-2772","HYD-370","03-REGISTERS/domain-e-hydronyms.csv","DATA","SRC-019","CONTRIBUTING","","IG-SRC-019",""
"CS-2773","HYD-370","03-REGISTERS/domain-e-hydronyms.csv","DATA","SRC-022","CONTRIBUTING","","IG-SRC-021",""
"CS-2774","HYD-370","03-REGISTERS/domain-e-hydronyms.csv","DATA","SRC-023","CONTRIBUTING","","IG-SRC-019",""
"CS-2775","HYD-370","03-REGISTERS/domain-e-hydronyms.csv","DATA","SRC-047","CONTRIBUTING","","IG-SRC-047",""
"CS-2776","HYD-371","03-REGISTERS/domain-e-hydronyms.csv","DATA","SRC-019","CONTRIBUTING","","IG-SRC-019",""
"CS-2777","HYD-371","03-REGISTERS/domain-e-hydronyms.csv","DATA","SRC-022","CONTRIBUTING","","IG-SRC-021",""
"CS-2778","HYD-371","03-REGISTERS/domain-e-hydronyms.csv","DATA","SRC-023","CONTRIBUTING","","IG-SRC-019",""
"CS-2779","HYD-371","03-REGISTERS/domain-e-hydronyms.csv","DATA","SRC-047","CONTRIBUTING","","IG-SRC-047",""
"CS-2780","HYD-372","03-REGISTERS/domain-e-hydronyms.csv","DATA","SRC-019","CONTRIBUTING","","IG-SRC-019",""
"CS-2781","HYD-372","03-REGISTERS/domain-e-hydronyms.csv","DATA","SRC-022","CONTRIBUTING","","IG-SRC-021",""
"CS-2782","HYD-372","03-REGISTERS/domain-e-hydronyms.csv","DATA","SRC-023","CONTRIBUTING","","IG-SRC-019",""
"CS-2783","HYD-372","03-REGISTERS/domain-e-hydronyms.csv","DATA","SRC-047","CONTRIBUTING","","IG-SRC-047",""
"CS-2784","HYD-373","03-REGISTERS/domain-e-hydronyms.csv","DATA","SRC-019","CONTRIBUTING","","IG-SRC-019",""
"CS-2785","HYD-373","03-REGISTERS/domain-e-hydronyms.csv","DATA","SRC-022","CONTRIBUTING","","IG-SRC-021",""
"CS-2786","HYD-373","03-REGISTERS/domain-e-hydronyms.csv","DATA","SRC-023","CONTRIBUTING","","IG-SRC-019",""
"CS-2787","HYD-373","03-REGISTERS/domain-e-hydronyms.csv","DATA","SRC-047","CONTRIBUTING","","IG-SRC-047",""
"CS-2788","HYD-374","03-REGISTERS/domain-e-hydronyms.csv","DATA","SRC-019","CONTRIBUTING","","IG-SRC-019",""
"CS-2789","HYD-374","03-REGISTERS/domain-e-hydronyms.csv","DATA","SRC-022","CONTRIBUTING","","IG-SRC-021",""
"CS-2790","HYD-374","03-REGISTERS/domain-e-hydronyms.csv","DATA","SRC-023","CONTRIBUTING","","IG-SRC-019",""
"CS-2791","HYD-374","03-REGISTERS/domain-e-hydronyms.csv","DATA","SRC-047","CONTRIBUTING","","IG-SRC-047",""
"CS-2792","HYD-375","03-REGISTERS/domain-e-hydronyms.csv","DATA","SRC-019","CONTRIBUTING","","IG-SRC-019",""
"CS-2793","HYD-375","03-REGISTERS/domain-e-hydronyms.csv","DATA","SRC-022","CONTRIBUTING","","IG-SRC-021",""
"CS-2794","HYD-375","03-REGISTERS/domain-e-hydronyms.csv","DATA","SRC-023","CONTRIBUTING","","IG-SRC-019",""
"CS-2795","HYD-375","03-REGISTERS/domain-e-hydronyms.csv","DATA","SRC-047","CONTRIBUTING","","IG-SRC-047",""
"CS-2796","HYD-376","03-REGISTERS/domain-e-hydronyms.csv","DATA","SRC-019","CONTRIBUTING","","IG-SRC-019",""
"CS-2797","HYD-376","03-REGISTERS/domain-e-hydronyms.csv","DATA","SRC-022","CONTRIBUTING","","IG-SRC-021",""
"CS-2798","HYD-376","03-REGISTERS/domain-e-hydronyms.csv","DATA","SRC-023","CONTRIBUTING","","IG-SRC-019",""
"CS-2799","HYD-376","03-REGISTERS/domain-e-hydronyms.csv","DATA","SRC-047","CONTRIBUTING","","IG-SRC-047",""
"CS-2800","HYD-377","03-REGISTERS/domain-e-hydronyms.csv","DATA","SRC-019","CONTRIBUTING","","IG-SRC-019",""
"CS-2801","HYD-377","03-REGISTERS/domain-e-hydronyms.csv","DATA","SRC-022","CONTRIBUTING","","IG-SRC-021",""
"CS-2802","HYD-377","03-REGISTERS/domain-e-hydronyms.csv","DATA","SRC-023","CONTRIBUTING","","IG-SRC-019",""
"CS-2803","HYD-377","03-REGISTERS/domain-e-hydronyms.csv","DATA","SRC-047","CONTRIBUTING","","IG-SRC-047",""
"CS-2804","HYD-378","03-REGISTERS/domain-e-hydronyms.csv","DATA","SRC-019","CONTRIBUTING","","IG-SRC-019",""
"CS-2805","HYD-378","03-REGISTERS/domain-e-hydronyms.csv","DATA","SRC-022","CONTRIBUTING","","IG-SRC-021",""
"CS-2806","HYD-378","03-REGISTERS/domain-e-hydronyms.csv","DATA","SRC-023","CONTRIBUTING","","IG-SRC-019",""
"CS-2807","HYD-378","03-REGISTERS/domain-e-hydronyms.csv","DATA","SRC-047","CONTRIBUTING","","IG-SRC-047",""
"CS-2808","HYD-379","03-REGISTERS/domain-e-hydronyms.csv","DATA","SRC-019","CONTRIBUTING","","IG-SRC-019",""
"CS-2809","HYD-379","03-REGISTERS/domain-e-hydronyms.csv","DATA","SRC-022","CONTRIBUTING","","IG-SRC-021",""
"CS-2810","HYD-379","03-REGISTERS/domain-e-hydronyms.csv","DATA","SRC-023","CONTRIBUTING","","IG-SRC-019",""
"CS-2811","HYD-379","03-REGISTERS/domain-e-hydronyms.csv","DATA","SRC-047","CONTRIBUTING","","IG-SRC-047",""
"CS-2812","HYD-380","03-REGISTERS/domain-e-hydronyms.csv","DATA","SRC-019","CONTRIBUTING","","IG-SRC-019",""
"CS-2813","HYD-380","03-REGISTERS/domain-e-hydronyms.csv","DATA","SRC-022","CONTRIBUTING","","IG-SRC-021",""
"CS-2814","HYD-380","03-REGISTERS/domain-e-hydronyms.csv","DATA","SRC-023","CONTRIBUTING","","IG-SRC-019",""
"CS-2815","HYD-380","03-REGISTERS/domain-e-hydronyms.csv","DATA","SRC-047","CONTRIBUTING","","IG-SRC-047",""
"CS-2816","HYD-381","03-REGISTERS/domain-e-hydronyms.csv","DATA","SRC-019","CONTRIBUTING","","IG-SRC-019",""
"CS-2817","HYD-381","03-REGISTERS/domain-e-hydronyms.csv","DATA","SRC-022","CONTRIBUTING","","IG-SRC-021",""
"CS-2818","HYD-381","03-REGISTERS/domain-e-hydronyms.csv","DATA","SRC-023","CONTRIBUTING","","IG-SRC-019",""
"CS-2819","HYD-381","03-REGISTERS/domain-e-hydronyms.csv","DATA","SRC-047","CONTRIBUTING","","IG-SRC-047",""
"CS-2820","HYD-382","03-REGISTERS/domain-e-hydronyms.csv","DATA","SRC-019","CONTRIBUTING","","IG-SRC-019",""
"CS-2821","HYD-382","03-REGISTERS/domain-e-hydronyms.csv","DATA","SRC-022","CONTRIBUTING","","IG-SRC-021",""
"CS-2822","HYD-382","03-REGISTERS/domain-e-hydronyms.csv","DATA","SRC-023","CONTRIBUTING","","IG-SRC-019",""
"CS-2823","HYD-382","03-REGISTERS/domain-e-hydronyms.csv","DATA","SRC-047","CONTRIBUTING","","IG-SRC-047",""
"CS-2824","HYD-383","03-REGISTERS/domain-e-hydronyms.csv","DATA","SRC-019","CONTRIBUTING","","IG-SRC-019",""
"CS-2825","HYD-383","03-REGISTERS/domain-e-hydronyms.csv","DATA","SRC-022","CONTRIBUTING","","IG-SRC-021",""
"CS-2826","HYD-383","03-REGISTERS/domain-e-hydronyms.csv","DATA","SRC-023","CONTRIBUTING","","IG-SRC-019",""
"CS-2827","HYD-383","03-REGISTERS/domain-e-hydronyms.csv","DATA","SRC-047","CONTRIBUTING","","IG-SRC-047",""
"CS-2828","HYD-384","03-REGISTERS/domain-e-hydronyms.csv","DATA","SRC-019","CONTRIBUTING","","IG-SRC-019",""
"CS-2829","HYD-384","03-REGISTERS/domain-e-hydronyms.csv","DATA","SRC-022","CONTRIBUTING","","IG-SRC-021",""
"CS-2830","HYD-384","03-REGISTERS/domain-e-hydronyms.csv","DATA","SRC-023","CONTRIBUTING","","IG-SRC-019",""
"CS-2831","HYD-384","03-REGISTERS/domain-e-hydronyms.csv","DATA","SRC-047","CONTRIBUTING","","IG-SRC-047",""
"CS-2832","HYD-385","03-REGISTERS/domain-e-hydronyms.csv","DATA","SRC-019","CONTRIBUTING","","IG-SRC-019",""
"CS-2833","HYD-385","03-REGISTERS/domain-e-hydronyms.csv","DATA","SRC-022","CONTRIBUTING","","IG-SRC-021",""
"CS-2834","HYD-385","03-REGISTERS/domain-e-hydronyms.csv","DATA","SRC-023","CONTRIBUTING","","IG-SRC-019",""
"CS-2835","HYD-385","03-REGISTERS/domain-e-hydronyms.csv","DATA","SRC-047","CONTRIBUTING","","IG-SRC-047",""
"CS-2836","HYD-386","03-REGISTERS/domain-e-hydronyms.csv","DATA","SRC-019","CONTRIBUTING","","IG-SRC-019",""
"CS-2837","HYD-386","03-REGISTERS/domain-e-hydronyms.csv","DATA","SRC-022","CONTRIBUTING","","IG-SRC-021",""
"CS-2838","HYD-386","03-REGISTERS/domain-e-hydronyms.csv","DATA","SRC-023","CONTRIBUTING","","IG-SRC-019",""
"CS-2839","HYD-386","03-REGISTERS/domain-e-hydronyms.csv","DATA","SRC-047","CONTRIBUTING","","IG-SRC-047",""
"CS-2840","HYD-387","03-REGISTERS/domain-e-hydronyms.csv","DATA","SRC-019","CONTRIBUTING","","IG-SRC-019",""
"CS-2841","HYD-387","03-REGISTERS/domain-e-hydronyms.csv","DATA","SRC-022","CONTRIBUTING","","IG-SRC-021",""
"CS-2842","HYD-387","03-REGISTERS/domain-e-hydronyms.csv","DATA","SRC-023","CONTRIBUTING","","IG-SRC-019",""
"CS-2843","HYD-387","03-REGISTERS/domain-e-hydronyms.csv","DATA","SRC-047","CONTRIBUTING","","IG-SRC-047",""
"CS-2844","HYD-388","03-REGISTERS/domain-e-hydronyms.csv","DATA","SRC-019","CONTRIBUTING","","IG-SRC-019",""
"CS-2845","HYD-388","03-REGISTERS/domain-e-hydronyms.csv","DATA","SRC-022","CONTRIBUTING","","IG-SRC-021",""
"CS-2846","HYD-388","03-REGISTERS/domain-e-hydronyms.csv","DATA","SRC-023","CONTRIBUTING","","IG-SRC-019",""
"CS-2847","HYD-388","03-REGISTERS/domain-e-hydronyms.csv","DATA","SRC-047","CONTRIBUTING","","IG-SRC-047",""
"CS-2848","HYD-389","03-REGISTERS/domain-e-hydronyms.csv","DATA","SRC-019","CONTRIBUTING","","IG-SRC-019",""
"CS-2849","HYD-389","03-REGISTERS/domain-e-hydronyms.csv","DATA","SRC-022","CONTRIBUTING","","IG-SRC-021",""
"CS-2850","HYD-389","03-REGISTERS/domain-e-hydronyms.csv","DATA","SRC-023","CONTRIBUTING","","IG-SRC-019",""
"CS-2851","HYD-389","03-REGISTERS/domain-e-hydronyms.csv","DATA","SRC-047","CONTRIBUTING","","IG-SRC-047",""
"CS-2852","HYD-390","03-REGISTERS/domain-e-hydronyms.csv","DATA","SRC-019","CONTRIBUTING","","IG-SRC-019",""
"CS-2853","HYD-390","03-REGISTERS/domain-e-hydronyms.csv","DATA","SRC-022","CONTRIBUTING","","IG-SRC-021",""
"CS-2854","HYD-390","03-REGISTERS/domain-e-hydronyms.csv","DATA","SRC-023","CONTRIBUTING","","IG-SRC-019",""
"CS-2855","HYD-390","03-REGISTERS/domain-e-hydronyms.csv","DATA","SRC-047","CONTRIBUTING","","IG-SRC-047",""
"CS-2856","HYD-391","03-REGISTERS/domain-e-hydronyms.csv","DATA","SRC-019","CONTRIBUTING","","IG-SRC-019",""
"CS-2857","HYD-391","03-REGISTERS/domain-e-hydronyms.csv","DATA","SRC-022","CONTRIBUTING","","IG-SRC-021",""
"CS-2858","HYD-391","03-REGISTERS/domain-e-hydronyms.csv","DATA","SRC-023","CONTRIBUTING","","IG-SRC-019",""
"CS-2859","HYD-391","03-REGISTERS/domain-e-hydronyms.csv","DATA","SRC-047","CONTRIBUTING","","IG-SRC-047",""
"CS-2860","HYD-392","03-REGISTERS/domain-e-hydronyms.csv","DATA","SRC-019","CONTRIBUTING","","IG-SRC-019",""
"CS-2861","HYD-392","03-REGISTERS/domain-e-hydronyms.csv","DATA","SRC-022","CONTRIBUTING","","IG-SRC-021",""
"CS-2862","HYD-392","03-REGISTERS/domain-e-hydronyms.csv","DATA","SRC-023","CONTRIBUTING","","IG-SRC-019",""
"CS-2863","HYD-392","03-REGISTERS/domain-e-hydronyms.csv","DATA","SRC-047","CONTRIBUTING","","IG-SRC-047",""
"CS-2864","HYD-393","03-REGISTERS/domain-e-hydronyms.csv","DATA","SRC-019","CONTRIBUTING","","IG-SRC-019",""
"CS-2865","HYD-393","03-REGISTERS/domain-e-hydronyms.csv","DATA","SRC-022","CONTRIBUTING","","IG-SRC-021",""
"CS-2866","HYD-393","03-REGISTERS/domain-e-hydronyms.csv","DATA","SRC-023","CONTRIBUTING","","IG-SRC-019",""
"CS-2867","HYD-393","03-REGISTERS/domain-e-hydronyms.csv","DATA","SRC-047","CONTRIBUTING","","IG-SRC-047",""
"CS-2868","HYD-394","03-REGISTERS/domain-e-hydronyms.csv","DATA","SRC-019","CONTRIBUTING","","IG-SRC-019",""
"CS-2869","HYD-394","03-REGISTERS/domain-e-hydronyms.csv","DATA","SRC-022","CONTRIBUTING","","IG-SRC-021",""
"CS-2870","HYD-394","03-REGISTERS/domain-e-hydronyms.csv","DATA","SRC-023","CONTRIBUTING","","IG-SRC-019",""
"CS-2871","HYD-394","03-REGISTERS/domain-e-hydronyms.csv","DATA","SRC-047","CONTRIBUTING","","IG-SRC-047",""
"CS-2872","HYD-395","03-REGISTERS/domain-e-hydronyms.csv","DATA","SRC-019","CONTRIBUTING","","IG-SRC-019",""
"CS-2873","HYD-395","03-REGISTERS/domain-e-hydronyms.csv","DATA","SRC-022","CONTRIBUTING","","IG-SRC-021",""
"CS-2874","HYD-395","03-REGISTERS/domain-e-hydronyms.csv","DATA","SRC-023","CONTRIBUTING","","IG-SRC-019",""
"CS-2875","HYD-395","03-REGISTERS/domain-e-hydronyms.csv","DATA","SRC-047","CONTRIBUTING","","IG-SRC-047",""
"CS-2876","HYD-396","03-REGISTERS/domain-e-hydronyms.csv","DATA","SRC-019","CONTRIBUTING","","IG-SRC-019",""
"CS-2877","HYD-396","03-REGISTERS/domain-e-hydronyms.csv","DATA","SRC-022","CONTRIBUTING","","IG-SRC-021",""
"CS-2878","HYD-396","03-REGISTERS/domain-e-hydronyms.csv","DATA","SRC-023","CONTRIBUTING","","IG-SRC-019",""
"CS-2879","HYD-396","03-REGISTERS/domain-e-hydronyms.csv","DATA","SRC-047","CONTRIBUTING","","IG-SRC-047",""
"CS-2880","HYD-397","03-REGISTERS/domain-e-hydronyms.csv","DATA","SRC-019","CONTRIBUTING","","IG-SRC-019",""
"CS-2881","HYD-397","03-REGISTERS/domain-e-hydronyms.csv","DATA","SRC-022","CONTRIBUTING","","IG-SRC-021",""
"CS-2882","HYD-397","03-REGISTERS/domain-e-hydronyms.csv","DATA","SRC-023","CONTRIBUTING","","IG-SRC-019",""
"CS-2883","HYD-397","03-REGISTERS/domain-e-hydronyms.csv","DATA","SRC-047","CONTRIBUTING","","IG-SRC-047",""
"CS-2884","HYD-398","03-REGISTERS/domain-e-hydronyms.csv","DATA","SRC-019","CONTRIBUTING","","IG-SRC-019",""
"CS-2885","HYD-398","03-REGISTERS/domain-e-hydronyms.csv","DATA","SRC-022","CONTRIBUTING","","IG-SRC-021",""
"CS-2886","HYD-398","03-REGISTERS/domain-e-hydronyms.csv","DATA","SRC-023","CONTRIBUTING","","IG-SRC-019",""
"CS-2887","HYD-398","03-REGISTERS/domain-e-hydronyms.csv","DATA","SRC-047","CONTRIBUTING","","IG-SRC-047",""
"CS-2888","HYD-399","03-REGISTERS/domain-e-hydronyms.csv","DATA","SRC-019","CONTRIBUTING","","IG-SRC-019",""
"CS-2889","HYD-399","03-REGISTERS/domain-e-hydronyms.csv","DATA","SRC-022","CONTRIBUTING","","IG-SRC-021",""
"CS-2890","HYD-399","03-REGISTERS/domain-e-hydronyms.csv","DATA","SRC-023","CONTRIBUTING","","IG-SRC-019",""
"CS-2891","HYD-399","03-REGISTERS/domain-e-hydronyms.csv","DATA","SRC-047","CONTRIBUTING","","IG-SRC-047",""
"CS-2892","HYD-400","03-REGISTERS/domain-e-hydronyms.csv","DATA","SRC-019","CONTRIBUTING","","IG-SRC-019",""
"CS-2893","HYD-400","03-REGISTERS/domain-e-hydronyms.csv","DATA","SRC-022","CONTRIBUTING","","IG-SRC-021",""
"CS-2894","HYD-400","03-REGISTERS/domain-e-hydronyms.csv","DATA","SRC-023","CONTRIBUTING","","IG-SRC-019",""
"CS-2895","HYD-400","03-REGISTERS/domain-e-hydronyms.csv","DATA","SRC-047","CONTRIBUTING","","IG-SRC-047",""
"CS-2896","HYD-401","03-REGISTERS/domain-e-hydronyms.csv","DATA","SRC-019","CONTRIBUTING","","IG-SRC-019",""
"CS-2897","HYD-401","03-REGISTERS/domain-e-hydronyms.csv","DATA","SRC-022","CONTRIBUTING","","IG-SRC-021",""
"CS-2898","HYD-401","03-REGISTERS/domain-e-hydronyms.csv","DATA","SRC-023","CONTRIBUTING","","IG-SRC-019",""
"CS-2899","HYD-401","03-REGISTERS/domain-e-hydronyms.csv","DATA","SRC-047","CONTRIBUTING","","IG-SRC-047",""
"CS-2900","HYD-402","03-REGISTERS/domain-e-hydronyms.csv","DATA","SRC-019","CONTRIBUTING","","IG-SRC-019",""
"CS-2901","HYD-402","03-REGISTERS/domain-e-hydronyms.csv","DATA","SRC-022","CONTRIBUTING","","IG-SRC-021",""
"CS-2902","HYD-402","03-REGISTERS/domain-e-hydronyms.csv","DATA","SRC-023","CONTRIBUTING","","IG-SRC-019",""
"CS-2903","HYD-402","03-REGISTERS/domain-e-hydronyms.csv","DATA","SRC-047","CONTRIBUTING","","IG-SRC-047",""
"CS-2904","HYD-403","03-REGISTERS/domain-e-hydronyms.csv","DATA","SRC-019","CONTRIBUTING","","IG-SRC-019",""
"CS-2905","HYD-403","03-REGISTERS/domain-e-hydronyms.csv","DATA","SRC-022","CONTRIBUTING","","IG-SRC-021",""
"CS-2906","HYD-403","03-REGISTERS/domain-e-hydronyms.csv","DATA","SRC-023","CONTRIBUTING","","IG-SRC-019",""
"CS-2907","HYD-403","03-REGISTERS/domain-e-hydronyms.csv","DATA","SRC-047","CONTRIBUTING","","IG-SRC-047",""
"CS-2908","HYD-404","03-REGISTERS/domain-e-hydronyms.csv","DATA","SRC-019","CONTRIBUTING","","IG-SRC-019",""
"CS-2909","HYD-404","03-REGISTERS/domain-e-hydronyms.csv","DATA","SRC-022","CONTRIBUTING","","IG-SRC-021",""
"CS-2910","HYD-404","03-REGISTERS/domain-e-hydronyms.csv","DATA","SRC-023","CONTRIBUTING","","IG-SRC-019",""
"CS-2911","HYD-404","03-REGISTERS/domain-e-hydronyms.csv","DATA","SRC-047","CONTRIBUTING","","IG-SRC-047",""
"CS-2912","HYD-405","03-REGISTERS/domain-e-hydronyms.csv","DATA","SRC-019","CONTRIBUTING","","IG-SRC-019",""
"CS-2913","HYD-405","03-REGISTERS/domain-e-hydronyms.csv","DATA","SRC-022","CONTRIBUTING","","IG-SRC-021",""
"CS-2914","HYD-405","03-REGISTERS/domain-e-hydronyms.csv","DATA","SRC-023","CONTRIBUTING","","IG-SRC-019",""
"CS-2915","HYD-405","03-REGISTERS/domain-e-hydronyms.csv","DATA","SRC-047","CONTRIBUTING","","IG-SRC-047",""
"CS-2916","HYD-406","03-REGISTERS/domain-e-hydronyms.csv","DATA","SRC-019","CONTRIBUTING","","IG-SRC-019",""
"CS-2917","HYD-406","03-REGISTERS/domain-e-hydronyms.csv","DATA","SRC-022","CONTRIBUTING","","IG-SRC-021",""
"CS-2918","HYD-406","03-REGISTERS/domain-e-hydronyms.csv","DATA","SRC-023","CONTRIBUTING","","IG-SRC-019",""
"CS-2919","HYD-406","03-REGISTERS/domain-e-hydronyms.csv","DATA","SRC-047","CONTRIBUTING","","IG-SRC-047",""
"CS-2920","HYD-407","03-REGISTERS/domain-e-hydronyms.csv","DATA","SRC-019","CONTRIBUTING","","IG-SRC-019",""
"CS-2921","HYD-407","03-REGISTERS/domain-e-hydronyms.csv","DATA","SRC-022","CONTRIBUTING","","IG-SRC-021",""
"CS-2922","HYD-407","03-REGISTERS/domain-e-hydronyms.csv","DATA","SRC-023","CONTRIBUTING","","IG-SRC-019",""
"CS-2923","HYD-407","03-REGISTERS/domain-e-hydronyms.csv","DATA","SRC-047","CONTRIBUTING","","IG-SRC-047",""
"CS-2924","HYD-408","03-REGISTERS/domain-e-hydronyms.csv","DATA","SRC-019","CONTRIBUTING","","IG-SRC-019",""
"CS-2925","HYD-408","03-REGISTERS/domain-e-hydronyms.csv","DATA","SRC-022","CONTRIBUTING","","IG-SRC-021",""
"CS-2926","HYD-408","03-REGISTERS/domain-e-hydronyms.csv","DATA","SRC-023","CONTRIBUTING","","IG-SRC-019",""
"CS-2927","HYD-408","03-REGISTERS/domain-e-hydronyms.csv","DATA","SRC-047","CONTRIBUTING","","IG-SRC-047",""
"CS-2928","HYD-409","03-REGISTERS/domain-e-hydronyms.csv","DATA","SRC-019","CONTRIBUTING","","IG-SRC-019",""
"CS-2929","HYD-409","03-REGISTERS/domain-e-hydronyms.csv","DATA","SRC-022","CONTRIBUTING","","IG-SRC-021",""
"CS-2930","HYD-409","03-REGISTERS/domain-e-hydronyms.csv","DATA","SRC-023","CONTRIBUTING","","IG-SRC-019",""
"CS-2931","HYD-409","03-REGISTERS/domain-e-hydronyms.csv","DATA","SRC-047","CONTRIBUTING","","IG-SRC-047",""
"CS-2932","HYD-410","03-REGISTERS/domain-e-hydronyms.csv","DATA","SRC-019","CONTRIBUTING","","IG-SRC-019",""
"CS-2933","HYD-410","03-REGISTERS/domain-e-hydronyms.csv","DATA","SRC-022","CONTRIBUTING","","IG-SRC-021",""
"CS-2934","HYD-410","03-REGISTERS/domain-e-hydronyms.csv","DATA","SRC-023","CONTRIBUTING","","IG-SRC-019",""
"CS-2935","HYD-410","03-REGISTERS/domain-e-hydronyms.csv","DATA","SRC-047","CONTRIBUTING","","IG-SRC-047",""
"CS-2936","HYD-411","03-REGISTERS/domain-e-hydronyms.csv","DATA","SRC-019","CONTRIBUTING","","IG-SRC-019",""
"CS-2937","HYD-411","03-REGISTERS/domain-e-hydronyms.csv","DATA","SRC-022","CONTRIBUTING","","IG-SRC-021",""
"CS-2938","HYD-411","03-REGISTERS/domain-e-hydronyms.csv","DATA","SRC-023","CONTRIBUTING","","IG-SRC-019",""
"CS-2939","HYD-411","03-REGISTERS/domain-e-hydronyms.csv","DATA","SRC-047","CONTRIBUTING","","IG-SRC-047",""
"CS-2940","HYD-412","03-REGISTERS/domain-e-hydronyms.csv","DATA","SRC-019","CONTRIBUTING","","IG-SRC-019",""
"CS-2941","HYD-412","03-REGISTERS/domain-e-hydronyms.csv","DATA","SRC-022","CONTRIBUTING","","IG-SRC-021",""
"CS-2942","HYD-412","03-REGISTERS/domain-e-hydronyms.csv","DATA","SRC-023","CONTRIBUTING","","IG-SRC-019",""
"CS-2943","HYD-412","03-REGISTERS/domain-e-hydronyms.csv","DATA","SRC-047","CONTRIBUTING","","IG-SRC-047",""
"CS-2944","HYD-413","03-REGISTERS/domain-e-hydronyms.csv","DATA","SRC-019","CONTRIBUTING","","IG-SRC-019",""
"CS-2945","HYD-413","03-REGISTERS/domain-e-hydronyms.csv","DATA","SRC-022","CONTRIBUTING","","IG-SRC-021",""
"CS-2946","HYD-413","03-REGISTERS/domain-e-hydronyms.csv","DATA","SRC-023","CONTRIBUTING","","IG-SRC-019",""
"CS-2947","HYD-413","03-REGISTERS/domain-e-hydronyms.csv","DATA","SRC-047","CONTRIBUTING","","IG-SRC-047",""
"CS-2948","HYD-414","03-REGISTERS/domain-e-hydronyms.csv","DATA","SRC-019","CONTRIBUTING","","IG-SRC-019",""
"CS-2949","HYD-414","03-REGISTERS/domain-e-hydronyms.csv","DATA","SRC-022","CONTRIBUTING","","IG-SRC-021",""
"CS-2950","HYD-414","03-REGISTERS/domain-e-hydronyms.csv","DATA","SRC-023","CONTRIBUTING","","IG-SRC-019",""
"CS-2951","HYD-414","03-REGISTERS/domain-e-hydronyms.csv","DATA","SRC-047","CONTRIBUTING","","IG-SRC-047",""
"CS-2952","HYD-415","03-REGISTERS/domain-e-hydronyms.csv","DATA","SRC-019","CONTRIBUTING","","IG-SRC-019",""
"CS-2953","HYD-415","03-REGISTERS/domain-e-hydronyms.csv","DATA","SRC-022","CONTRIBUTING","","IG-SRC-021",""
"CS-2954","HYD-415","03-REGISTERS/domain-e-hydronyms.csv","DATA","SRC-023","CONTRIBUTING","","IG-SRC-019",""
"CS-2955","HYD-415","03-REGISTERS/domain-e-hydronyms.csv","DATA","SRC-047","CONTRIBUTING","","IG-SRC-047",""
"CS-2956","HYD-416","03-REGISTERS/domain-e-hydronyms.csv","DATA","SRC-019","CONTRIBUTING","","IG-SRC-019",""
"CS-2957","HYD-416","03-REGISTERS/domain-e-hydronyms.csv","DATA","SRC-022","CONTRIBUTING","","IG-SRC-021",""
"CS-2958","HYD-416","03-REGISTERS/domain-e-hydronyms.csv","DATA","SRC-023","CONTRIBUTING","","IG-SRC-019",""
"CS-2959","HYD-416","03-REGISTERS/domain-e-hydronyms.csv","DATA","SRC-047","CONTRIBUTING","","IG-SRC-047",""
"CS-2960","HYD-417","03-REGISTERS/domain-e-hydronyms.csv","DATA","SRC-019","CONTRIBUTING","","IG-SRC-019",""
"CS-2961","HYD-417","03-REGISTERS/domain-e-hydronyms.csv","DATA","SRC-022","CONTRIBUTING","","IG-SRC-021",""
"CS-2962","HYD-417","03-REGISTERS/domain-e-hydronyms.csv","DATA","SRC-023","CONTRIBUTING","","IG-SRC-019",""
"CS-2963","HYD-417","03-REGISTERS/domain-e-hydronyms.csv","DATA","SRC-047","CONTRIBUTING","","IG-SRC-047",""
"CS-2964","HYD-418","03-REGISTERS/domain-e-hydronyms.csv","DATA","SRC-019","CONTRIBUTING","","IG-SRC-019",""
"CS-2965","HYD-418","03-REGISTERS/domain-e-hydronyms.csv","DATA","SRC-022","CONTRIBUTING","","IG-SRC-021",""
"CS-2966","HYD-418","03-REGISTERS/domain-e-hydronyms.csv","DATA","SRC-023","CONTRIBUTING","","IG-SRC-019",""
"CS-2967","HYD-418","03-REGISTERS/domain-e-hydronyms.csv","DATA","SRC-047","CONTRIBUTING","","IG-SRC-047",""
"CS-2968","HYD-419","03-REGISTERS/domain-e-hydronyms.csv","DATA","SRC-019","CONTRIBUTING","","IG-SRC-019",""
"CS-2969","HYD-419","03-REGISTERS/domain-e-hydronyms.csv","DATA","SRC-022","CONTRIBUTING","","IG-SRC-021",""
"CS-2970","HYD-419","03-REGISTERS/domain-e-hydronyms.csv","DATA","SRC-023","CONTRIBUTING","","IG-SRC-019",""
"CS-2971","HYD-419","03-REGISTERS/domain-e-hydronyms.csv","DATA","SRC-047","CONTRIBUTING","","IG-SRC-047",""
"CS-2972","HYD-420","03-REGISTERS/domain-e-hydronyms.csv","DATA","SRC-019","CONTRIBUTING","","IG-SRC-019",""
"CS-2973","HYD-420","03-REGISTERS/domain-e-hydronyms.csv","DATA","SRC-022","CONTRIBUTING","","IG-SRC-021",""
"CS-2974","HYD-420","03-REGISTERS/domain-e-hydronyms.csv","DATA","SRC-023","CONTRIBUTING","","IG-SRC-019",""
"CS-2975","HYD-420","03-REGISTERS/domain-e-hydronyms.csv","DATA","SRC-047","CONTRIBUTING","","IG-SRC-047",""
"CS-2976","HYD-421","03-REGISTERS/domain-e-hydronyms.csv","DATA","SRC-019","CONTRIBUTING","","IG-SRC-019",""
"CS-2977","HYD-421","03-REGISTERS/domain-e-hydronyms.csv","DATA","SRC-022","CONTRIBUTING","","IG-SRC-021",""
"CS-2978","HYD-421","03-REGISTERS/domain-e-hydronyms.csv","DATA","SRC-023","CONTRIBUTING","","IG-SRC-019",""
"CS-2979","HYD-421","03-REGISTERS/domain-e-hydronyms.csv","DATA","SRC-047","CONTRIBUTING","","IG-SRC-047",""
"CS-2980","HYD-422","03-REGISTERS/domain-e-hydronyms.csv","DATA","SRC-019","CONTRIBUTING","","IG-SRC-019",""
"CS-2981","HYD-422","03-REGISTERS/domain-e-hydronyms.csv","DATA","SRC-022","CONTRIBUTING","","IG-SRC-021",""
"CS-2982","HYD-422","03-REGISTERS/domain-e-hydronyms.csv","DATA","SRC-023","CONTRIBUTING","","IG-SRC-019",""
"CS-2983","HYD-422","03-REGISTERS/domain-e-hydronyms.csv","DATA","SRC-047","CONTRIBUTING","","IG-SRC-047",""
"CS-2984","HYD-423","03-REGISTERS/domain-e-hydronyms.csv","DATA","SRC-019","CONTRIBUTING","","IG-SRC-019",""
"CS-2985","HYD-423","03-REGISTERS/domain-e-hydronyms.csv","DATA","SRC-022","CONTRIBUTING","","IG-SRC-021",""
"CS-2986","HYD-423","03-REGISTERS/domain-e-hydronyms.csv","DATA","SRC-023","CONTRIBUTING","","IG-SRC-019",""
"CS-2987","HYD-423","03-REGISTERS/domain-e-hydronyms.csv","DATA","SRC-047","CONTRIBUTING","","IG-SRC-047",""
"CS-2988","HYD-424","03-REGISTERS/domain-e-hydronyms.csv","DATA","SRC-019","CONTRIBUTING","","IG-SRC-019",""
"CS-2989","HYD-424","03-REGISTERS/domain-e-hydronyms.csv","DATA","SRC-022","CONTRIBUTING","","IG-SRC-021",""
"CS-2990","HYD-424","03-REGISTERS/domain-e-hydronyms.csv","DATA","SRC-023","CONTRIBUTING","","IG-SRC-019",""
"CS-2991","HYD-424","03-REGISTERS/domain-e-hydronyms.csv","DATA","SRC-047","CONTRIBUTING","","IG-SRC-047",""
"CS-2992","HYD-425","03-REGISTERS/domain-e-hydronyms.csv","DATA","SRC-019","CONTRIBUTING","","IG-SRC-019",""
"CS-2993","HYD-425","03-REGISTERS/domain-e-hydronyms.csv","DATA","SRC-022","CONTRIBUTING","","IG-SRC-021",""
"CS-2994","HYD-425","03-REGISTERS/domain-e-hydronyms.csv","DATA","SRC-023","CONTRIBUTING","","IG-SRC-019",""
"CS-2995","HYD-425","03-REGISTERS/domain-e-hydronyms.csv","DATA","SRC-047","CONTRIBUTING","","IG-SRC-047",""
"CS-2996","HYD-426","03-REGISTERS/domain-e-hydronyms.csv","DATA","SRC-019","CONTRIBUTING","","IG-SRC-019",""
"CS-2997","HYD-426","03-REGISTERS/domain-e-hydronyms.csv","DATA","SRC-022","CONTRIBUTING","","IG-SRC-021",""
"CS-2998","HYD-426","03-REGISTERS/domain-e-hydronyms.csv","DATA","SRC-023","CONTRIBUTING","","IG-SRC-019",""
"CS-2999","HYD-426","03-REGISTERS/domain-e-hydronyms.csv","DATA","SRC-047","CONTRIBUTING","","IG-SRC-047",""
"CS-3000","HYD-427","03-REGISTERS/domain-e-hydronyms.csv","DATA","SRC-019","CONTRIBUTING","","IG-SRC-019",""
"CS-3001","HYD-427","03-REGISTERS/domain-e-hydronyms.csv","DATA","SRC-022","CONTRIBUTING","","IG-SRC-021",""
"CS-3002","HYD-427","03-REGISTERS/domain-e-hydronyms.csv","DATA","SRC-023","CONTRIBUTING","","IG-SRC-019",""
"CS-3003","HYD-427","03-REGISTERS/domain-e-hydronyms.csv","DATA","SRC-047","CONTRIBUTING","","IG-SRC-047",""
"CS-3004","HYD-428","03-REGISTERS/domain-e-hydronyms.csv","DATA","SRC-019","CONTRIBUTING","","IG-SRC-019",""
"CS-3005","HYD-428","03-REGISTERS/domain-e-hydronyms.csv","DATA","SRC-022","CONTRIBUTING","","IG-SRC-021",""
"CS-3006","HYD-428","03-REGISTERS/domain-e-hydronyms.csv","DATA","SRC-023","CONTRIBUTING","","IG-SRC-019",""
"CS-3007","HYD-428","03-REGISTERS/domain-e-hydronyms.csv","DATA","SRC-047","CONTRIBUTING","","IG-SRC-047",""
"CS-3008","HYD-429","03-REGISTERS/domain-e-hydronyms.csv","DATA","SRC-019","CONTRIBUTING","","IG-SRC-019",""
"CS-3009","HYD-429","03-REGISTERS/domain-e-hydronyms.csv","DATA","SRC-022","CONTRIBUTING","","IG-SRC-021",""
"CS-3010","HYD-429","03-REGISTERS/domain-e-hydronyms.csv","DATA","SRC-023","CONTRIBUTING","","IG-SRC-019",""
"CS-3011","HYD-429","03-REGISTERS/domain-e-hydronyms.csv","DATA","SRC-047","CONTRIBUTING","","IG-SRC-047",""
"CS-3012","HYD-430","03-REGISTERS/domain-e-hydronyms.csv","DATA","SRC-019","CONTRIBUTING","","IG-SRC-019",""
"CS-3013","HYD-430","03-REGISTERS/domain-e-hydronyms.csv","DATA","SRC-022","CONTRIBUTING","","IG-SRC-021",""
"CS-3014","HYD-430","03-REGISTERS/domain-e-hydronyms.csv","DATA","SRC-023","CONTRIBUTING","","IG-SRC-019",""
"CS-3015","HYD-430","03-REGISTERS/domain-e-hydronyms.csv","DATA","SRC-047","CONTRIBUTING","","IG-SRC-047",""
"CS-3016","HYD-431","03-REGISTERS/domain-e-hydronyms.csv","DATA","SRC-019","CONTRIBUTING","","IG-SRC-019",""
"CS-3017","HYD-431","03-REGISTERS/domain-e-hydronyms.csv","DATA","SRC-022","CONTRIBUTING","","IG-SRC-021",""
"CS-3018","HYD-431","03-REGISTERS/domain-e-hydronyms.csv","DATA","SRC-023","CONTRIBUTING","","IG-SRC-019",""
"CS-3019","HYD-431","03-REGISTERS/domain-e-hydronyms.csv","DATA","SRC-047","CONTRIBUTING","","IG-SRC-047",""
"CS-3020","HYD-432","03-REGISTERS/domain-e-hydronyms.csv","DATA","SRC-019","CONTRIBUTING","","IG-SRC-019",""
"CS-3021","HYD-432","03-REGISTERS/domain-e-hydronyms.csv","DATA","SRC-022","CONTRIBUTING","","IG-SRC-021",""
"CS-3022","HYD-432","03-REGISTERS/domain-e-hydronyms.csv","DATA","SRC-023","CONTRIBUTING","","IG-SRC-019",""
"CS-3023","HYD-432","03-REGISTERS/domain-e-hydronyms.csv","DATA","SRC-047","CONTRIBUTING","","IG-SRC-047",""
"CS-3024","HYD-433","03-REGISTERS/domain-e-hydronyms.csv","DATA","SRC-019","CONTRIBUTING","","IG-SRC-019",""
"CS-3025","HYD-433","03-REGISTERS/domain-e-hydronyms.csv","DATA","SRC-022","CONTRIBUTING","","IG-SRC-021",""
"CS-3026","HYD-433","03-REGISTERS/domain-e-hydronyms.csv","DATA","SRC-023","CONTRIBUTING","","IG-SRC-019",""
"CS-3027","HYD-433","03-REGISTERS/domain-e-hydronyms.csv","DATA","SRC-047","CONTRIBUTING","","IG-SRC-047",""
"CS-3028","HYD-434","03-REGISTERS/domain-e-hydronyms.csv","DATA","SRC-019","CONTRIBUTING","","IG-SRC-019",""
"CS-3029","HYD-434","03-REGISTERS/domain-e-hydronyms.csv","DATA","SRC-022","CONTRIBUTING","","IG-SRC-021",""
"CS-3030","HYD-434","03-REGISTERS/domain-e-hydronyms.csv","DATA","SRC-023","CONTRIBUTING","","IG-SRC-019",""
"CS-3031","HYD-434","03-REGISTERS/domain-e-hydronyms.csv","DATA","SRC-047","CONTRIBUTING","","IG-SRC-047",""
"CS-3032","HYD-435","03-REGISTERS/domain-e-hydronyms.csv","DATA","SRC-019","CONTRIBUTING","","IG-SRC-019",""
"CS-3033","HYD-435","03-REGISTERS/domain-e-hydronyms.csv","DATA","SRC-022","CONTRIBUTING","","IG-SRC-021",""
"CS-3034","HYD-435","03-REGISTERS/domain-e-hydronyms.csv","DATA","SRC-023","CONTRIBUTING","","IG-SRC-019",""
"CS-3035","HYD-435","03-REGISTERS/domain-e-hydronyms.csv","DATA","SRC-047","CONTRIBUTING","","IG-SRC-047",""
"CS-3036","HYD-436","03-REGISTERS/domain-e-hydronyms.csv","DATA","SRC-019","CONTRIBUTING","","IG-SRC-019",""
"CS-3037","HYD-436","03-REGISTERS/domain-e-hydronyms.csv","DATA","SRC-022","CONTRIBUTING","","IG-SRC-021",""
"CS-3038","HYD-436","03-REGISTERS/domain-e-hydronyms.csv","DATA","SRC-023","CONTRIBUTING","","IG-SRC-019",""
"CS-3039","HYD-436","03-REGISTERS/domain-e-hydronyms.csv","DATA","SRC-047","CONTRIBUTING","","IG-SRC-047",""
"CS-3040","HYD-437","03-REGISTERS/domain-e-hydronyms.csv","DATA","SRC-019","CONTRIBUTING","","IG-SRC-019",""
"CS-3041","HYD-437","03-REGISTERS/domain-e-hydronyms.csv","DATA","SRC-022","CONTRIBUTING","","IG-SRC-021",""
"CS-3042","HYD-437","03-REGISTERS/domain-e-hydronyms.csv","DATA","SRC-023","CONTRIBUTING","","IG-SRC-019",""
"CS-3043","HYD-437","03-REGISTERS/domain-e-hydronyms.csv","DATA","SRC-047","CONTRIBUTING","","IG-SRC-047",""
"CS-3044","HYD-438","03-REGISTERS/domain-e-hydronyms.csv","DATA","SRC-019","CONTRIBUTING","","IG-SRC-019",""
"CS-3045","HYD-438","03-REGISTERS/domain-e-hydronyms.csv","DATA","SRC-022","CONTRIBUTING","","IG-SRC-021",""
"CS-3046","HYD-438","03-REGISTERS/domain-e-hydronyms.csv","DATA","SRC-023","CONTRIBUTING","","IG-SRC-019",""
"CS-3047","HYD-438","03-REGISTERS/domain-e-hydronyms.csv","DATA","SRC-047","CONTRIBUTING","","IG-SRC-047",""
"CS-3048","HYD-439","03-REGISTERS/domain-e-hydronyms.csv","DATA","SRC-019","CONTRIBUTING","","IG-SRC-019",""
"CS-3049","HYD-439","03-REGISTERS/domain-e-hydronyms.csv","DATA","SRC-022","CONTRIBUTING","","IG-SRC-021",""
"CS-3050","HYD-439","03-REGISTERS/domain-e-hydronyms.csv","DATA","SRC-023","CONTRIBUTING","","IG-SRC-019",""
"CS-3051","HYD-439","03-REGISTERS/domain-e-hydronyms.csv","DATA","SRC-047","CONTRIBUTING","","IG-SRC-047",""
"CS-3052","HYD-440","03-REGISTERS/domain-e-hydronyms.csv","DATA","SRC-019","CONTRIBUTING","","IG-SRC-019",""
"CS-3053","HYD-440","03-REGISTERS/domain-e-hydronyms.csv","DATA","SRC-022","CONTRIBUTING","","IG-SRC-021",""
"CS-3054","HYD-440","03-REGISTERS/domain-e-hydronyms.csv","DATA","SRC-023","CONTRIBUTING","","IG-SRC-019",""
"CS-3055","HYD-440","03-REGISTERS/domain-e-hydronyms.csv","DATA","SRC-047","CONTRIBUTING","","IG-SRC-047",""
"CS-3056","HYD-441","03-REGISTERS/domain-e-hydronyms.csv","DATA","SRC-019","CONTRIBUTING","","IG-SRC-019",""
"CS-3057","HYD-441","03-REGISTERS/domain-e-hydronyms.csv","DATA","SRC-022","CONTRIBUTING","","IG-SRC-021",""
"CS-3058","HYD-441","03-REGISTERS/domain-e-hydronyms.csv","DATA","SRC-023","CONTRIBUTING","","IG-SRC-019",""
"CS-3059","HYD-441","03-REGISTERS/domain-e-hydronyms.csv","DATA","SRC-047","CONTRIBUTING","","IG-SRC-047",""
"CS-3060","HYD-442","03-REGISTERS/domain-e-hydronyms.csv","DATA","SRC-019","CONTRIBUTING","","IG-SRC-019",""
"CS-3061","HYD-442","03-REGISTERS/domain-e-hydronyms.csv","DATA","SRC-022","CONTRIBUTING","","IG-SRC-021",""
"CS-3062","HYD-442","03-REGISTERS/domain-e-hydronyms.csv","DATA","SRC-023","CONTRIBUTING","","IG-SRC-019",""
"CS-3063","HYD-442","03-REGISTERS/domain-e-hydronyms.csv","DATA","SRC-047","CONTRIBUTING","","IG-SRC-047",""
"CS-3064","HYD-443","03-REGISTERS/domain-e-hydronyms.csv","DATA","SRC-019","CONTRIBUTING","","IG-SRC-019",""
"CS-3065","HYD-443","03-REGISTERS/domain-e-hydronyms.csv","DATA","SRC-022","CONTRIBUTING","","IG-SRC-021",""
"CS-3066","HYD-443","03-REGISTERS/domain-e-hydronyms.csv","DATA","SRC-023","CONTRIBUTING","","IG-SRC-019",""
"CS-3067","HYD-443","03-REGISTERS/domain-e-hydronyms.csv","DATA","SRC-047","CONTRIBUTING","","IG-SRC-047",""
"CS-3068","HYD-444","03-REGISTERS/domain-e-hydronyms.csv","DATA","SRC-019","CONTRIBUTING","","IG-SRC-019",""
"CS-3069","HYD-444","03-REGISTERS/domain-e-hydronyms.csv","DATA","SRC-022","CONTRIBUTING","","IG-SRC-021",""
"CS-3070","HYD-444","03-REGISTERS/domain-e-hydronyms.csv","DATA","SRC-023","CONTRIBUTING","","IG-SRC-019",""
"CS-3071","HYD-444","03-REGISTERS/domain-e-hydronyms.csv","DATA","SRC-047","CONTRIBUTING","","IG-SRC-047",""
"CS-3072","HYD-445","03-REGISTERS/domain-e-hydronyms.csv","DATA","SRC-019","CONTRIBUTING","","IG-SRC-019",""
"CS-3073","HYD-445","03-REGISTERS/domain-e-hydronyms.csv","DATA","SRC-022","CONTRIBUTING","","IG-SRC-021",""
"CS-3074","HYD-445","03-REGISTERS/domain-e-hydronyms.csv","DATA","SRC-023","CONTRIBUTING","","IG-SRC-019",""
"CS-3075","HYD-445","03-REGISTERS/domain-e-hydronyms.csv","DATA","SRC-047","CONTRIBUTING","","IG-SRC-047",""
"CS-3076","HYD-446","03-REGISTERS/domain-e-hydronyms.csv","DATA","SRC-019","CONTRIBUTING","","IG-SRC-019",""
"CS-3077","HYD-446","03-REGISTERS/domain-e-hydronyms.csv","DATA","SRC-022","CONTRIBUTING","","IG-SRC-021",""
"CS-3078","HYD-446","03-REGISTERS/domain-e-hydronyms.csv","DATA","SRC-023","CONTRIBUTING","","IG-SRC-019",""
"CS-3079","HYD-446","03-REGISTERS/domain-e-hydronyms.csv","DATA","SRC-047","CONTRIBUTING","","IG-SRC-047",""
"CS-3080","HYD-447","03-REGISTERS/domain-e-hydronyms.csv","DATA","SRC-019","CONTRIBUTING","","IG-SRC-019",""
"CS-3081","HYD-447","03-REGISTERS/domain-e-hydronyms.csv","DATA","SRC-022","CONTRIBUTING","","IG-SRC-021",""
"CS-3082","HYD-447","03-REGISTERS/domain-e-hydronyms.csv","DATA","SRC-023","CONTRIBUTING","","IG-SRC-019",""
"CS-3083","HYD-447","03-REGISTERS/domain-e-hydronyms.csv","DATA","SRC-047","CONTRIBUTING","","IG-SRC-047",""
"CS-3084","HYD-448","03-REGISTERS/domain-e-hydronyms.csv","DATA","SRC-019","CONTRIBUTING","","IG-SRC-019",""
"CS-3085","HYD-448","03-REGISTERS/domain-e-hydronyms.csv","DATA","SRC-022","CONTRIBUTING","","IG-SRC-021",""
"CS-3086","HYD-448","03-REGISTERS/domain-e-hydronyms.csv","DATA","SRC-023","CONTRIBUTING","","IG-SRC-019",""
"CS-3087","HYD-448","03-REGISTERS/domain-e-hydronyms.csv","DATA","SRC-047","CONTRIBUTING","","IG-SRC-047",""
"CS-3088","HYD-449","03-REGISTERS/domain-e-hydronyms.csv","DATA","SRC-019","CONTRIBUTING","","IG-SRC-019",""
"CS-3089","HYD-449","03-REGISTERS/domain-e-hydronyms.csv","DATA","SRC-022","CONTRIBUTING","","IG-SRC-021",""
"CS-3090","HYD-449","03-REGISTERS/domain-e-hydronyms.csv","DATA","SRC-023","CONTRIBUTING","","IG-SRC-019",""
"CS-3091","HYD-449","03-REGISTERS/domain-e-hydronyms.csv","DATA","SRC-047","CONTRIBUTING","","IG-SRC-047",""
"CS-3092","HYD-450","03-REGISTERS/domain-e-hydronyms.csv","DATA","SRC-019","CONTRIBUTING","","IG-SRC-019",""
"CS-3093","HYD-450","03-REGISTERS/domain-e-hydronyms.csv","DATA","SRC-022","CONTRIBUTING","","IG-SRC-021",""
"CS-3094","HYD-450","03-REGISTERS/domain-e-hydronyms.csv","DATA","SRC-023","CONTRIBUTING","","IG-SRC-019",""
"CS-3095","HYD-450","03-REGISTERS/domain-e-hydronyms.csv","DATA","SRC-047","CONTRIBUTING","","IG-SRC-047",""
"CS-3096","HYD-451","03-REGISTERS/domain-e-hydronyms.csv","DATA","SRC-019","CONTRIBUTING","","IG-SRC-019",""
"CS-3097","HYD-451","03-REGISTERS/domain-e-hydronyms.csv","DATA","SRC-022","CONTRIBUTING","","IG-SRC-021",""
"CS-3098","HYD-451","03-REGISTERS/domain-e-hydronyms.csv","DATA","SRC-023","CONTRIBUTING","","IG-SRC-019",""
"CS-3099","HYD-451","03-REGISTERS/domain-e-hydronyms.csv","DATA","SRC-047","CONTRIBUTING","","IG-SRC-047",""
"CS-3100","HYD-452","03-REGISTERS/domain-e-hydronyms.csv","DATA","SRC-019","CONTRIBUTING","","IG-SRC-019",""
"CS-3101","HYD-452","03-REGISTERS/domain-e-hydronyms.csv","DATA","SRC-022","CONTRIBUTING","","IG-SRC-021",""
"CS-3102","HYD-452","03-REGISTERS/domain-e-hydronyms.csv","DATA","SRC-023","CONTRIBUTING","","IG-SRC-019",""
"CS-3103","HYD-452","03-REGISTERS/domain-e-hydronyms.csv","DATA","SRC-047","CONTRIBUTING","","IG-SRC-047",""
"CS-3104","HYD-453","03-REGISTERS/domain-e-hydronyms.csv","DATA","SRC-019","CONTRIBUTING","","IG-SRC-019",""
"CS-3105","HYD-453","03-REGISTERS/domain-e-hydronyms.csv","DATA","SRC-022","CONTRIBUTING","","IG-SRC-021",""
"CS-3106","HYD-453","03-REGISTERS/domain-e-hydronyms.csv","DATA","SRC-023","CONTRIBUTING","","IG-SRC-019",""
"CS-3107","HYD-453","03-REGISTERS/domain-e-hydronyms.csv","DATA","SRC-047","CONTRIBUTING","","IG-SRC-047",""
"CS-3108","HYD-454","03-REGISTERS/domain-e-hydronyms.csv","DATA","SRC-019","CONTRIBUTING","","IG-SRC-019",""
"CS-3109","HYD-454","03-REGISTERS/domain-e-hydronyms.csv","DATA","SRC-022","CONTRIBUTING","","IG-SRC-021",""
"CS-3110","HYD-454","03-REGISTERS/domain-e-hydronyms.csv","DATA","SRC-023","CONTRIBUTING","","IG-SRC-019",""
"CS-3111","HYD-454","03-REGISTERS/domain-e-hydronyms.csv","DATA","SRC-047","CONTRIBUTING","","IG-SRC-047",""
"CS-3112","HYD-455","03-REGISTERS/domain-e-hydronyms.csv","DATA","SRC-019","CONTRIBUTING","","IG-SRC-019",""
"CS-3113","HYD-455","03-REGISTERS/domain-e-hydronyms.csv","DATA","SRC-022","CONTRIBUTING","","IG-SRC-021",""
"CS-3114","HYD-455","03-REGISTERS/domain-e-hydronyms.csv","DATA","SRC-023","CONTRIBUTING","","IG-SRC-019",""
"CS-3115","HYD-455","03-REGISTERS/domain-e-hydronyms.csv","DATA","SRC-047","CONTRIBUTING","","IG-SRC-047",""
"CS-3116","HYD-456","03-REGISTERS/domain-e-hydronyms.csv","DATA","SRC-019","CONTRIBUTING","","IG-SRC-019",""
"CS-3117","HYD-456","03-REGISTERS/domain-e-hydronyms.csv","DATA","SRC-022","CONTRIBUTING","","IG-SRC-021",""
"CS-3118","HYD-456","03-REGISTERS/domain-e-hydronyms.csv","DATA","SRC-023","CONTRIBUTING","","IG-SRC-019",""
"CS-3119","HYD-456","03-REGISTERS/domain-e-hydronyms.csv","DATA","SRC-047","CONTRIBUTING","","IG-SRC-047",""
"CS-3120","HYD-457","03-REGISTERS/domain-e-hydronyms.csv","DATA","SRC-019","CONTRIBUTING","","IG-SRC-019",""
"CS-3121","HYD-457","03-REGISTERS/domain-e-hydronyms.csv","DATA","SRC-022","CONTRIBUTING","","IG-SRC-021",""
"CS-3122","HYD-457","03-REGISTERS/domain-e-hydronyms.csv","DATA","SRC-023","CONTRIBUTING","","IG-SRC-019",""
"CS-3123","HYD-457","03-REGISTERS/domain-e-hydronyms.csv","DATA","SRC-047","CONTRIBUTING","","IG-SRC-047",""
"CS-3124","HYD-458","03-REGISTERS/domain-e-hydronyms.csv","DATA","SRC-019","CONTRIBUTING","","IG-SRC-019",""
"CS-3125","HYD-458","03-REGISTERS/domain-e-hydronyms.csv","DATA","SRC-022","CONTRIBUTING","","IG-SRC-021",""
"CS-3126","HYD-458","03-REGISTERS/domain-e-hydronyms.csv","DATA","SRC-023","CONTRIBUTING","","IG-SRC-019",""
"CS-3127","HYD-458","03-REGISTERS/domain-e-hydronyms.csv","DATA","SRC-047","CONTRIBUTING","","IG-SRC-047",""
"CS-3128","HYD-459","03-REGISTERS/domain-e-hydronyms.csv","DATA","SRC-019","CONTRIBUTING","","IG-SRC-019",""
"CS-3129","HYD-459","03-REGISTERS/domain-e-hydronyms.csv","DATA","SRC-022","CONTRIBUTING","","IG-SRC-021",""
"CS-3130","HYD-459","03-REGISTERS/domain-e-hydronyms.csv","DATA","SRC-023","CONTRIBUTING","","IG-SRC-019",""
"CS-3131","HYD-459","03-REGISTERS/domain-e-hydronyms.csv","DATA","SRC-047","CONTRIBUTING","","IG-SRC-047",""
"CS-3132","HYD-460","03-REGISTERS/domain-e-hydronyms.csv","DATA","SRC-019","CONTRIBUTING","","IG-SRC-019",""
"CS-3133","HYD-460","03-REGISTERS/domain-e-hydronyms.csv","DATA","SRC-022","CONTRIBUTING","","IG-SRC-021",""
"CS-3134","HYD-460","03-REGISTERS/domain-e-hydronyms.csv","DATA","SRC-023","CONTRIBUTING","","IG-SRC-019",""
"CS-3135","HYD-460","03-REGISTERS/domain-e-hydronyms.csv","DATA","SRC-047","CONTRIBUTING","","IG-SRC-047",""
"CS-3136","HYD-461","03-REGISTERS/domain-e-hydronyms.csv","DATA","SRC-019","CONTRIBUTING","","IG-SRC-019",""
"CS-3137","HYD-461","03-REGISTERS/domain-e-hydronyms.csv","DATA","SRC-022","CONTRIBUTING","","IG-SRC-021",""
"CS-3138","HYD-461","03-REGISTERS/domain-e-hydronyms.csv","DATA","SRC-023","CONTRIBUTING","","IG-SRC-019",""
"CS-3139","HYD-461","03-REGISTERS/domain-e-hydronyms.csv","DATA","SRC-047","CONTRIBUTING","","IG-SRC-047",""
"CS-3140","HYD-462","03-REGISTERS/domain-e-hydronyms.csv","DATA","SRC-019","CONTRIBUTING","","IG-SRC-019",""
"CS-3141","HYD-462","03-REGISTERS/domain-e-hydronyms.csv","DATA","SRC-022","CONTRIBUTING","","IG-SRC-021",""
"CS-3142","HYD-462","03-REGISTERS/domain-e-hydronyms.csv","DATA","SRC-023","CONTRIBUTING","","IG-SRC-019",""
"CS-3143","HYD-462","03-REGISTERS/domain-e-hydronyms.csv","DATA","SRC-047","CONTRIBUTING","","IG-SRC-047",""
"CS-3144","HYD-463","03-REGISTERS/domain-e-hydronyms.csv","DATA","SRC-019","CONTRIBUTING","","IG-SRC-019",""
"CS-3145","HYD-463","03-REGISTERS/domain-e-hydronyms.csv","DATA","SRC-022","CONTRIBUTING","","IG-SRC-021",""
"CS-3146","HYD-463","03-REGISTERS/domain-e-hydronyms.csv","DATA","SRC-023","CONTRIBUTING","","IG-SRC-019",""
"CS-3147","HYD-463","03-REGISTERS/domain-e-hydronyms.csv","DATA","SRC-047","CONTRIBUTING","","IG-SRC-047",""
"CS-3148","HYD-464","03-REGISTERS/domain-e-hydronyms.csv","DATA","SRC-019","CONTRIBUTING","","IG-SRC-019",""
"CS-3149","HYD-464","03-REGISTERS/domain-e-hydronyms.csv","DATA","SRC-022","CONTRIBUTING","","IG-SRC-021",""
"CS-3150","HYD-464","03-REGISTERS/domain-e-hydronyms.csv","DATA","SRC-023","CONTRIBUTING","","IG-SRC-019",""
"CS-3151","HYD-464","03-REGISTERS/domain-e-hydronyms.csv","DATA","SRC-047","CONTRIBUTING","","IG-SRC-047",""
"CS-3152","HYD-465","03-REGISTERS/domain-e-hydronyms.csv","DATA","SRC-019","CONTRIBUTING","","IG-SRC-019",""
"CS-3153","HYD-465","03-REGISTERS/domain-e-hydronyms.csv","DATA","SRC-022","CONTRIBUTING","","IG-SRC-021",""
"CS-3154","HYD-465","03-REGISTERS/domain-e-hydronyms.csv","DATA","SRC-023","CONTRIBUTING","","IG-SRC-019",""
"CS-3155","HYD-465","03-REGISTERS/domain-e-hydronyms.csv","DATA","SRC-047","CONTRIBUTING","","IG-SRC-047",""
"CS-3156","HYD-466","03-REGISTERS/domain-e-hydronyms.csv","DATA","SRC-019","CONTRIBUTING","","IG-SRC-019",""
"CS-3157","HYD-466","03-REGISTERS/domain-e-hydronyms.csv","DATA","SRC-022","CONTRIBUTING","","IG-SRC-021",""
"CS-3158","HYD-466","03-REGISTERS/domain-e-hydronyms.csv","DATA","SRC-023","CONTRIBUTING","","IG-SRC-019",""
"CS-3159","HYD-466","03-REGISTERS/domain-e-hydronyms.csv","DATA","SRC-047","CONTRIBUTING","","IG-SRC-047",""
"CS-3160","HYD-467","03-REGISTERS/domain-e-hydronyms.csv","DATA","SRC-019","CONTRIBUTING","","IG-SRC-019",""
"CS-3161","HYD-467","03-REGISTERS/domain-e-hydronyms.csv","DATA","SRC-022","CONTRIBUTING","","IG-SRC-021",""
"CS-3162","HYD-467","03-REGISTERS/domain-e-hydronyms.csv","DATA","SRC-023","CONTRIBUTING","","IG-SRC-019",""
"CS-3163","HYD-467","03-REGISTERS/domain-e-hydronyms.csv","DATA","SRC-047","CONTRIBUTING","","IG-SRC-047",""
"CS-3164","HYD-468","03-REGISTERS/domain-e-hydronyms.csv","DATA","SRC-019","CONTRIBUTING","","IG-SRC-019",""
"CS-3165","HYD-468","03-REGISTERS/domain-e-hydronyms.csv","DATA","SRC-022","CONTRIBUTING","","IG-SRC-021",""
"CS-3166","HYD-468","03-REGISTERS/domain-e-hydronyms.csv","DATA","SRC-023","CONTRIBUTING","","IG-SRC-019",""
"CS-3167","HYD-468","03-REGISTERS/domain-e-hydronyms.csv","DATA","SRC-047","CONTRIBUTING","","IG-SRC-047",""
"CS-3168","HYD-469","03-REGISTERS/domain-e-hydronyms.csv","DATA","SRC-019","CONTRIBUTING","","IG-SRC-019",""
"CS-3169","HYD-469","03-REGISTERS/domain-e-hydronyms.csv","DATA","SRC-022","CONTRIBUTING","","IG-SRC-021",""
"CS-3170","HYD-469","03-REGISTERS/domain-e-hydronyms.csv","DATA","SRC-023","CONTRIBUTING","","IG-SRC-019",""
"CS-3171","HYD-469","03-REGISTERS/domain-e-hydronyms.csv","DATA","SRC-047","CONTRIBUTING","","IG-SRC-047",""
"CS-3172","DE-I-001","03-REGISTERS/domain-e-interpretations.csv","CLAIM","SRC-060","CONTRIBUTING","03-REGISTERS/domain-e-evidence-mass.csv; 05-HOLDS/HOLD-005","IG-SRC-060",""
"CS-3173","DE-I-001","03-REGISTERS/domain-e-interpretations.csv","CLAIM","SRC-068","CONTRIBUTING","03-REGISTERS/domain-e-evidence-mass.csv; 05-HOLDS/HOLD-005","IG-SRC-056",""
"CS-3174","DE-I-002","03-REGISTERS/domain-e-interpretations.csv","CLAIM","SRC-061","CONTRIBUTING","03-REGISTERS/domain-e-evidence-mass.csv","IG-SRC-056",""
"CS-3175","DE-I-002","03-REGISTERS/domain-e-interpretations.csv","CLAIM","SRC-062","CONTRIBUTING","03-REGISTERS/domain-e-evidence-mass.csv","IG-SRC-062",""
"CS-3176","DE-I-002","03-REGISTERS/domain-e-interpretations.csv","CLAIM","SRC-067","CONTRIBUTING","03-REGISTERS/domain-e-evidence-mass.csv","IG-SRC-067",""
"CS-3177","DE-I-002","03-REGISTERS/domain-e-interpretations.csv","CLAIM","SRC-068","CONTRIBUTING","03-REGISTERS/domain-e-evidence-mass.csv","IG-SRC-056",""
"CS-3178","DE-I-003","03-REGISTERS/domain-e-interpretations.csv","CLAIM","SRC-065","CONTRIBUTING","03-REGISTERS/domain-e-cdial-loan-candidates.csv","IG-SRC-056",""
"CS-3179","DE-I-003","03-REGISTERS/domain-e-interpretations.csv","CLAIM","SRC-059","CONTRIBUTING","03-REGISTERS/domain-e-cdial-loan-candidates.csv","IG-SRC-059",""
"CS-3180","DE-I-004","03-REGISTERS/domain-e-interpretations.csv","CLAIM","SRC-065","CONTRIBUTING","02-SOURCES/dependency.csv DEP-011","IG-SRC-056",""
"CS-3181","DE-I-004","03-REGISTERS/domain-e-interpretations.csv","CLAIM","SRC-061","CONTRIBUTING","02-SOURCES/dependency.csv DEP-011","IG-SRC-056",""
"CS-3182","DE-I-005","03-REGISTERS/domain-e-interpretations.csv","CLAIM","SRC-065","CONTRIBUTING","02-SOURCES/dependency.csv DEP-012","IG-SRC-056",""
"CS-3183","DE-I-005","03-REGISTERS/domain-e-interpretations.csv","CLAIM","SRC-068","CONTRIBUTING","02-SOURCES/dependency.csv DEP-012","IG-SRC-056",""
"CS-3184","DE-I-006","03-REGISTERS/domain-e-interpretations.csv","CLAIM","SRC-023","CONTRIBUTING","02-SOURCES/dependency.csv DEP-001, DEP-004; 03-REGISTERS/CROSS-DOMAIN-BRIDGES.csv BR-E-002","IG-SRC-019",""
"CS-3185","DE-I-006","03-REGISTERS/domain-e-interpretations.csv","CLAIM","SRC-059","CONTRIBUTING","02-SOURCES/dependency.csv DEP-001, DEP-004; 03-REGISTERS/CROSS-DOMAIN-BRIDGES.csv BR-E-002","IG-SRC-059",""
"CS-3186","DE-I-007","03-REGISTERS/domain-e-interpretations.csv","CLAIM","SRC-060","SOLE","03-REGISTERS/HYPOTHESIS-ELIGIBILITY.csv HYP-E-002; 03-REGISTERS/CROSS-DOMAIN-BRIDGES.csv BR-E-003","IG-SRC-060",""
"CS-3187","DE-I-008","03-REGISTERS/domain-e-interpretations.csv","CLAIM","SRC-060","SOLE","03-REGISTERS/domain-e-geography.csv GEO-DR-04, GEO-DR-05, GEO-MU-04","IG-SRC-060",""
"CS-3188","DE-I-009","03-REGISTERS/domain-e-interpretations.csv","CLAIM","SRC-068","CONTRIBUTING","05-HOLDS/HOLD-005; 03-REGISTERS/CROSS-DOMAIN-BRIDGES.csv BR-E-006","IG-SRC-056",""
"CS-3189","DE-I-009","03-REGISTERS/domain-e-interpretations.csv","CLAIM","SRC-032","CONTRIBUTING","05-HOLDS/HOLD-005; 03-REGISTERS/CROSS-DOMAIN-BRIDGES.csv BR-E-006","IG-SRC-032",""
"CS-3190","DE-I-009","03-REGISTERS/domain-e-interpretations.csv","CLAIM","SRC-053","CONTRIBUTING","05-HOLDS/HOLD-005; 03-REGISTERS/CROSS-DOMAIN-BRIDGES.csv BR-E-006","IG-SRC-053",""
"CS-3191","DE-I-010","03-REGISTERS/domain-e-interpretations.csv","CLAIM","SRC-065","CONTRIBUTING","04-AUDITS/domain-e-method.md","IG-SRC-056",""
"CS-3192","DE-I-010","03-REGISTERS/domain-e-interpretations.csv","CLAIM","SRC-059","CONTRIBUTING","04-AUDITS/domain-e-method.md","IG-SRC-059",""
"CS-3193","DE-M-001","03-REGISTERS/domain-e-measurements.csv","CLAIM","SRC-065","SOLE","JAMBU @ dbae310, data/cdial/params.csv, row count; reproduced by 04-AUDITS/domain-e-cdial-attributions.py","IG-SRC-056",""
"CS-3194","DE-M-002","03-REGISTERS/domain-e-measurements.csv","CLAIM","SRC-065","SOLE","same file; regex on the arrow followed by a Dravidian abbreviation drawn from CDIAL's own key data/cdial/abbrevs.py","IG-SRC-056",""
"CS-3195","DE-M-003","03-REGISTERS/domain-e-measurements.csv","CLAIM","SRC-065","SOLE","same file; arrow followed by Mu., Sant. or a spelled-out Munda name","IG-SRC-056",""
"CS-3196","DE-M-004","03-REGISTERS/domain-e-measurements.csv","CLAIM","SRC-065","SOLE","ratio of DE-M-002 to DE-M-003","IG-SRC-056",""
"CS-3197","DE-M-005","03-REGISTERS/domain-e-measurements.csv","CLAIM","SRC-065","SOLE","same file; hedge regex over the etymological bracket","IG-SRC-056",""
"CS-3198","DE-M-006","03-REGISTERS/domain-e-measurements.csv","CLAIM","SRC-065","SOLE","same file; arrow-out regexes","IG-SRC-056",""
"CS-3199","DE-M-007","03-REGISTERS/domain-e-measurements.csv","CLAIM","SRC-065","SOLE","same file; regex Muṇḍ\w*|Munda against the unfiltered entry text","IG-SRC-056",""
"CS-3200","DE-M-008","03-REGISTERS/domain-e-measurements.csv","CLAIM","SRC-065","SOLE","04-AUDITS/domain-e-cdial-attributions.py, keys naive_munda_precision_pct and naive_munda_recall_pct in 03-REGISTERS/domain-e-cdial-attribution-stats.csv","IG-SRC-056",""
"CS-3201","DE-M-009","03-REGISTERS/domain-e-measurements.csv","CLAIM","SRC-065","CONTRIBUTING","03-REGISTERS/domain-e-cdial-loan-candidates.csv, field rv_simplex_lemma; Zurich token layer of VedaWeb @ d3eb8af","IG-SRC-056",""
"CS-3202","DE-M-009","03-REGISTERS/domain-e-measurements.csv","CLAIM","SRC-059","CONTRIBUTING","03-REGISTERS/domain-e-cdial-loan-candidates.csv, field rv_simplex_lemma; Zurich token layer of VedaWeb @ d3eb8af","IG-SRC-059",""
"CS-3203","DE-M-009","03-REGISTERS/domain-e-measurements.csv","CLAIM","SRC-022","CONTRIBUTING","03-REGISTERS/domain-e-cdial-loan-candidates.csv, field rv_simplex_lemma; Zurich token layer of VedaWeb @ d3eb8af","IG-SRC-021",""
"CS-3204","DE-M-010","03-REGISTERS/domain-e-measurements.csv","CLAIM","SRC-065","CONTRIBUTING","03-REGISTERS/domain-e-cdial-loan-candidates.csv, grouped on rv_simplex_lemma","IG-SRC-056",""
"CS-3205","DE-M-010","03-REGISTERS/domain-e-measurements.csv","CLAIM","SRC-059","CONTRIBUTING","03-REGISTERS/domain-e-cdial-loan-candidates.csv, grouped on rv_simplex_lemma","IG-SRC-059",""
"CS-3206","DE-M-011","03-REGISTERS/domain-e-measurements.csv","CLAIM","SRC-059","CONTRIBUTING","sum of rv_simplex_tokens over distinct lemmas; corpus total reproduced from 04-AUDITS/rv-token-extract.py","IG-SRC-059",""
"CS-3207","DE-M-011","03-REGISTERS/domain-e-measurements.csv","CLAIM","SRC-022","CONTRIBUTING","sum of rv_simplex_tokens over distinct lemmas; corpus total reproduced from 04-AUDITS/rv-token-extract.py","IG-SRC-021",""
"CS-3208","DE-M-012","03-REGISTERS/domain-e-measurements.csv","CLAIM","SRC-059","CONTRIBUTING","03-REGISTERS/domain-e-cdial-loan-candidates.csv field rv_strata_simplex; baseline from rv_corpus_tokens_stratum_P and _p in 03-REGISTERS/domain-e-cdial-attribution-stats.csv","IG-SRC-059",""
"CS-3209","DE-M-012","03-REGISTERS/domain-e-measurements.csv","CLAIM","SRC-022","CONTRIBUTING","03-REGISTERS/domain-e-cdial-loan-candidates.csv field rv_strata_simplex; baseline from rv_corpus_tokens_stratum_P and _p in 03-REGISTERS/domain-e-cdial-attribution-stats.csv","IG-SRC-021",""
"CS-3210","DE-M-012","03-REGISTERS/domain-e-measurements.csv","CLAIM","SRC-023","CONTRIBUTING","03-REGISTERS/domain-e-cdial-loan-candidates.csv field rv_strata_simplex; baseline from rv_corpus_tokens_stratum_P and _p in 03-REGISTERS/domain-e-cdial-attribution-stats.csv","IG-SRC-019",""
"CS-3211","DE-M-013","03-REGISTERS/domain-e-measurements.csv","CLAIM","SRC-061","SOLE","JAMBU @ dbae310, data/dedr/dedr_new.csv; 04-AUDITS/domain-e-evidence-mass.py measures EM-01 to EM-03","IG-SRC-056",""
"CS-3212","DE-M-014","03-REGISTERS/domain-e-measurements.csv","CLAIM","SRC-062","SOLE","JAMBU data/dedr/pdr.csv; measures EM-06 to EM-08","IG-SRC-062",""
"CS-3213","DE-M-015","03-REGISTERS/domain-e-measurements.csv","CLAIM","SRC-063","CONTRIBUTING","JAMBU data/munda/forms.csv and rau_2019.csv; measures EM-11 to EM-13","IG-SRC-063",""
"CS-3214","DE-M-015","03-REGISTERS/domain-e-measurements.csv","CLAIM","SRC-064","CONTRIBUTING","JAMBU data/munda/forms.csv and rau_2019.csv; measures EM-11 to EM-13","IG-SRC-064",""
"CS-3215","DE-M-016","03-REGISTERS/domain-e-measurements.csv","CLAIM","SRC-064","SOLE","JAMBU data/munda/rau_2019.csv fields mkcd_no and pinnow; measures EM-14, EM-15","IG-SRC-064",""
"CS-3216","DE-M-017","03-REGISTERS/domain-e-measurements.csv","CLAIM","SRC-067","SOLE","lexibank/dravlex @ 3757807, cldf/languages.csv and cldf/cognates.csv; measures EM-04, EM-05","IG-SRC-067",""
"CS-3217","DE-M-018","03-REGISTERS/domain-e-measurements.csv","CLAIM","SRC-065","SOLE","JAMBU data/cdial/params.csv; measure EM-18","IG-SRC-056",""
"CS-3218","DE-M-019","03-REGISTERS/domain-e-measurements.csv","CLAIM","SRC-068","SOLE","05-HOLDS/HOLD-005-substrate-literature.md; measures EM-19 to EM-22 all read 0","IG-SRC-056",""
"CS-3219","DE-M-020","03-REGISTERS/domain-e-measurements.csv","CLAIM","SRC-065","CONTRIBUTING","CDIAL 3264 '(RV. in cmpd.)' and 9865 'in cmpds. RV.'; 03-REGISTERS/domain-e-cdial-loan-candidates.csv fields rv_derivative_lemmas, rv_compound_lemmas","IG-SRC-056",""
"CS-3220","DE-M-020","03-REGISTERS/domain-e-measurements.csv","CLAIM","SRC-059","CONTRIBUTING","CDIAL 3264 '(RV. in cmpd.)' and 9865 'in cmpds. RV.'; 03-REGISTERS/domain-e-cdial-loan-candidates.csv fields rv_derivative_lemmas, rv_compound_lemmas","IG-SRC-059",""
"CS-3221","DE-M-020","03-REGISTERS/domain-e-measurements.csv","CLAIM","SRC-022","CONTRIBUTING","CDIAL 3264 '(RV. in cmpd.)' and 9865 'in cmpds. RV.'; 03-REGISTERS/domain-e-cdial-loan-candidates.csv fields rv_derivative_lemmas, rv_compound_lemmas","IG-SRC-021",""
"CS-3222","DE-M-021","03-REGISTERS/domain-e-measurements.csv","CLAIM","SRC-060","SOLE","JAMBU @ dbae310, cldf/languages.csv, clades S./C./N. Dravidian, Old Dravidian, Brahui; 04-AUDITS/domain-e-geography.py rows GEO-DR-01..03","IG-SRC-060",""
"CS-3223","DE-M-022","03-REGISTERS/domain-e-measurements.csv","CLAIM","SRC-060","SOLE","same file, clade Munda; GEO-MU-01..03","IG-SRC-060",""
"CS-3224","DE-M-023","03-REGISTERS/domain-e-measurements.csv","CLAIM","SRC-060","SOLE","GEO-DR-04; northwest operationalised as the Kohistani, Shinaic, Sindhic, Lahndic, Punjabic, Kashmiric, Kunar, Chitrali, Nuristani and Pashai clades of the same table","IG-SRC-060",""
"CS-3225","DE-M-024","03-REGISTERS/domain-e-measurements.csv","CLAIM","SRC-060","SOLE","GEO-MU-04","IG-SRC-060",""
"CS-3226","DE-M-025","03-REGISTERS/domain-e-measurements.csv","CLAIM","SRC-060","SOLE","GEO-DR-05 against GEO-MU-04","IG-SRC-060",""
"CS-3227","DE-M-026","03-REGISTERS/domain-e-measurements.csv","CLAIM","SRC-023","CONTRIBUTING","dates from 02-SOURCES/access-ledger.csv rows and JAMBU cldf/references.csv; JAMBU HEAD dbae3102fe779aa60f5ef03108f7918ab2ede006 committed 2026-08-30T04:37:14-07:00","IG-SRC-019",""
"CS-3228","DE-M-026","03-REGISTERS/domain-e-measurements.csv","CLAIM","SRC-065","CONTRIBUTING","dates from 02-SOURCES/access-ledger.csv rows and JAMBU cldf/references.csv; JAMBU HEAD dbae3102fe779aa60f5ef03108f7918ab2ede006 committed 2026-08-30T04:37:14-07:00","IG-SRC-056",""
"CS-3229","DE-M-026","03-REGISTERS/domain-e-measurements.csv","CLAIM","SRC-061","CONTRIBUTING","dates from 02-SOURCES/access-ledger.csv rows and JAMBU cldf/references.csv; JAMBU HEAD dbae3102fe779aa60f5ef03108f7918ab2ede006 committed 2026-08-30T04:37:14-07:00","IG-SRC-056",""
"CS-3230","DE-M-026","03-REGISTERS/domain-e-measurements.csv","CLAIM","SRC-062","CONTRIBUTING","dates from 02-SOURCES/access-ledger.csv rows and JAMBU cldf/references.csv; JAMBU HEAD dbae3102fe779aa60f5ef03108f7918ab2ede006 committed 2026-08-30T04:37:14-07:00","IG-SRC-062",""
"CS-3231","DE-M-026","03-REGISTERS/domain-e-measurements.csv","CLAIM","SRC-064","CONTRIBUTING","dates from 02-SOURCES/access-ledger.csv rows and JAMBU cldf/references.csv; JAMBU HEAD dbae3102fe779aa60f5ef03108f7918ab2ede006 committed 2026-08-30T04:37:14-07:00","IG-SRC-064",""
"CS-3232","DE-M-026","03-REGISTERS/domain-e-measurements.csv","CLAIM","SRC-060","CONTRIBUTING","dates from 02-SOURCES/access-ledger.csv rows and JAMBU cldf/references.csv; JAMBU HEAD dbae3102fe779aa60f5ef03108f7918ab2ede006 committed 2026-08-30T04:37:14-07:00","IG-SRC-060",""
"CS-3233","DE-M-027","03-REGISTERS/domain-e-measurements.csv","CLAIM","SRC-068","CONTRIBUTING","05-HOLDS/HOLD-005; DEP-001 (Arnold 1905 is the sole source of the strata)","IG-SRC-056",""
"CS-3234","DE-M-027","03-REGISTERS/domain-e-measurements.csv","CLAIM","SRC-023","CONTRIBUTING","05-HOLDS/HOLD-005; DEP-001 (Arnold 1905 is the sole source of the strata)","IG-SRC-019",""
"CS-3235","DE-M-028","03-REGISTERS/domain-e-measurements.csv","CLAIM","SRC-065","SOLE","03-REGISTERS/domain-e-cdial-attribution-stats.csv keys munda_in_total, munda_in_cites_kuiper; reproduced by 04-AUDITS/domain-e-cdial-attributions.py","IG-SRC-056",""
"CS-3236","DE-M-029","03-REGISTERS/domain-e-measurements.csv","CLAIM","SRC-065","SOLE","same file, keys munda_in_cites_no_authority = 0 and dravidian_in_cites_no_authority = 29","IG-SRC-056",""
"CS-3237","DE-M-030","03-REGISTERS/domain-e-measurements.csv","CLAIM","SRC-065","SOLE","same file, keys dravidian_in_cites_*","IG-SRC-056",""
"CS-3238","RES-001","03-REGISTERS/domain-e-retroflex-residue.csv","DATA","SRC-019","CONTRIBUTING","","IG-SRC-019",""
"CS-3239","RES-001","03-REGISTERS/domain-e-retroflex-residue.csv","DATA","SRC-022","CONTRIBUTING","","IG-SRC-021",""
"CS-3240","RES-001","03-REGISTERS/domain-e-retroflex-residue.csv","DATA","SRC-023","CONTRIBUTING","","IG-SRC-019",""
"CS-3241","RES-001","03-REGISTERS/domain-e-retroflex-residue.csv","DATA","SRC-047","CONTRIBUTING","","IG-SRC-047",""
"CS-3242","RES-002","03-REGISTERS/domain-e-retroflex-residue.csv","DATA","SRC-019","CONTRIBUTING","","IG-SRC-019",""
"CS-3243","RES-002","03-REGISTERS/domain-e-retroflex-residue.csv","DATA","SRC-022","CONTRIBUTING","","IG-SRC-021",""
"CS-3244","RES-002","03-REGISTERS/domain-e-retroflex-residue.csv","DATA","SRC-023","CONTRIBUTING","","IG-SRC-019",""
"CS-3245","RES-002","03-REGISTERS/domain-e-retroflex-residue.csv","DATA","SRC-047","CONTRIBUTING","","IG-SRC-047",""
"CS-3246","RES-003","03-REGISTERS/domain-e-retroflex-residue.csv","DATA","SRC-019","CONTRIBUTING","","IG-SRC-019",""
"CS-3247","RES-003","03-REGISTERS/domain-e-retroflex-residue.csv","DATA","SRC-022","CONTRIBUTING","","IG-SRC-021",""
"CS-3248","RES-003","03-REGISTERS/domain-e-retroflex-residue.csv","DATA","SRC-023","CONTRIBUTING","","IG-SRC-019",""
"CS-3249","RES-003","03-REGISTERS/domain-e-retroflex-residue.csv","DATA","SRC-047","CONTRIBUTING","","IG-SRC-047",""
"CS-3250","RES-004","03-REGISTERS/domain-e-retroflex-residue.csv","DATA","SRC-019","CONTRIBUTING","","IG-SRC-019",""
"CS-3251","RES-004","03-REGISTERS/domain-e-retroflex-residue.csv","DATA","SRC-022","CONTRIBUTING","","IG-SRC-021",""
"CS-3252","RES-004","03-REGISTERS/domain-e-retroflex-residue.csv","DATA","SRC-023","CONTRIBUTING","","IG-SRC-019",""
"CS-3253","RES-004","03-REGISTERS/domain-e-retroflex-residue.csv","DATA","SRC-047","CONTRIBUTING","","IG-SRC-047",""
"CS-3254","RES-005","03-REGISTERS/domain-e-retroflex-residue.csv","DATA","SRC-019","CONTRIBUTING","","IG-SRC-019",""
"CS-3255","RES-005","03-REGISTERS/domain-e-retroflex-residue.csv","DATA","SRC-022","CONTRIBUTING","","IG-SRC-021",""
"CS-3256","RES-005","03-REGISTERS/domain-e-retroflex-residue.csv","DATA","SRC-023","CONTRIBUTING","","IG-SRC-019",""
"CS-3257","RES-005","03-REGISTERS/domain-e-retroflex-residue.csv","DATA","SRC-047","CONTRIBUTING","","IG-SRC-047",""
"CS-3258","RES-006","03-REGISTERS/domain-e-retroflex-residue.csv","DATA","SRC-019","CONTRIBUTING","","IG-SRC-019",""
"CS-3259","RES-006","03-REGISTERS/domain-e-retroflex-residue.csv","DATA","SRC-022","CONTRIBUTING","","IG-SRC-021",""
"CS-3260","RES-006","03-REGISTERS/domain-e-retroflex-residue.csv","DATA","SRC-023","CONTRIBUTING","","IG-SRC-019",""
"CS-3261","RES-006","03-REGISTERS/domain-e-retroflex-residue.csv","DATA","SRC-047","CONTRIBUTING","","IG-SRC-047",""
"CS-3262","RES-007","03-REGISTERS/domain-e-retroflex-residue.csv","DATA","SRC-019","CONTRIBUTING","","IG-SRC-019",""
"CS-3263","RES-007","03-REGISTERS/domain-e-retroflex-residue.csv","DATA","SRC-022","CONTRIBUTING","","IG-SRC-021",""
"CS-3264","RES-007","03-REGISTERS/domain-e-retroflex-residue.csv","DATA","SRC-023","CONTRIBUTING","","IG-SRC-019",""
"CS-3265","RES-007","03-REGISTERS/domain-e-retroflex-residue.csv","DATA","SRC-047","CONTRIBUTING","","IG-SRC-047",""
"CS-3266","RES-008","03-REGISTERS/domain-e-retroflex-residue.csv","DATA","SRC-019","CONTRIBUTING","","IG-SRC-019",""
"CS-3267","RES-008","03-REGISTERS/domain-e-retroflex-residue.csv","DATA","SRC-022","CONTRIBUTING","","IG-SRC-021",""
"CS-3268","RES-008","03-REGISTERS/domain-e-retroflex-residue.csv","DATA","SRC-023","CONTRIBUTING","","IG-SRC-019",""
"CS-3269","RES-008","03-REGISTERS/domain-e-retroflex-residue.csv","DATA","SRC-047","CONTRIBUTING","","IG-SRC-047",""
"CS-3270","RES-009","03-REGISTERS/domain-e-retroflex-residue.csv","DATA","SRC-019","CONTRIBUTING","","IG-SRC-019",""
"CS-3271","RES-009","03-REGISTERS/domain-e-retroflex-residue.csv","DATA","SRC-022","CONTRIBUTING","","IG-SRC-021",""
"CS-3272","RES-009","03-REGISTERS/domain-e-retroflex-residue.csv","DATA","SRC-023","CONTRIBUTING","","IG-SRC-019",""
"CS-3273","RES-009","03-REGISTERS/domain-e-retroflex-residue.csv","DATA","SRC-047","CONTRIBUTING","","IG-SRC-047",""
"CS-3274","RES-010","03-REGISTERS/domain-e-retroflex-residue.csv","DATA","SRC-019","CONTRIBUTING","","IG-SRC-019",""
"CS-3275","RES-010","03-REGISTERS/domain-e-retroflex-residue.csv","DATA","SRC-022","CONTRIBUTING","","IG-SRC-021",""
"CS-3276","RES-010","03-REGISTERS/domain-e-retroflex-residue.csv","DATA","SRC-023","CONTRIBUTING","","IG-SRC-019",""
"CS-3277","RES-010","03-REGISTERS/domain-e-retroflex-residue.csv","DATA","SRC-047","CONTRIBUTING","","IG-SRC-047",""
"CS-3278","RES-011","03-REGISTERS/domain-e-retroflex-residue.csv","DATA","SRC-019","CONTRIBUTING","","IG-SRC-019",""
"CS-3279","RES-011","03-REGISTERS/domain-e-retroflex-residue.csv","DATA","SRC-022","CONTRIBUTING","","IG-SRC-021",""
"CS-3280","RES-011","03-REGISTERS/domain-e-retroflex-residue.csv","DATA","SRC-023","CONTRIBUTING","","IG-SRC-019",""
"CS-3281","RES-011","03-REGISTERS/domain-e-retroflex-residue.csv","DATA","SRC-047","CONTRIBUTING","","IG-SRC-047",""
"CS-3282","RES-012","03-REGISTERS/domain-e-retroflex-residue.csv","DATA","SRC-019","CONTRIBUTING","","IG-SRC-019",""
"CS-3283","RES-012","03-REGISTERS/domain-e-retroflex-residue.csv","DATA","SRC-022","CONTRIBUTING","","IG-SRC-021",""
"CS-3284","RES-012","03-REGISTERS/domain-e-retroflex-residue.csv","DATA","SRC-023","CONTRIBUTING","","IG-SRC-019",""
"CS-3285","RES-012","03-REGISTERS/domain-e-retroflex-residue.csv","DATA","SRC-047","CONTRIBUTING","","IG-SRC-047",""
"CS-3286","RES-013","03-REGISTERS/domain-e-retroflex-residue.csv","DATA","SRC-019","CONTRIBUTING","","IG-SRC-019",""
"CS-3287","RES-013","03-REGISTERS/domain-e-retroflex-residue.csv","DATA","SRC-022","CONTRIBUTING","","IG-SRC-021",""
"CS-3288","RES-013","03-REGISTERS/domain-e-retroflex-residue.csv","DATA","SRC-023","CONTRIBUTING","","IG-SRC-019",""
"CS-3289","RES-013","03-REGISTERS/domain-e-retroflex-residue.csv","DATA","SRC-047","CONTRIBUTING","","IG-SRC-047",""
"CS-3290","RES-014","03-REGISTERS/domain-e-retroflex-residue.csv","DATA","SRC-019","CONTRIBUTING","","IG-SRC-019",""
"CS-3291","RES-014","03-REGISTERS/domain-e-retroflex-residue.csv","DATA","SRC-022","CONTRIBUTING","","IG-SRC-021",""
"CS-3292","RES-014","03-REGISTERS/domain-e-retroflex-residue.csv","DATA","SRC-023","CONTRIBUTING","","IG-SRC-019",""
"CS-3293","RES-014","03-REGISTERS/domain-e-retroflex-residue.csv","DATA","SRC-047","CONTRIBUTING","","IG-SRC-047",""
"CS-3294","RES-015","03-REGISTERS/domain-e-retroflex-residue.csv","DATA","SRC-019","CONTRIBUTING","","IG-SRC-019",""
"CS-3295","RES-015","03-REGISTERS/domain-e-retroflex-residue.csv","DATA","SRC-022","CONTRIBUTING","","IG-SRC-021",""
"CS-3296","RES-015","03-REGISTERS/domain-e-retroflex-residue.csv","DATA","SRC-023","CONTRIBUTING","","IG-SRC-019",""
"CS-3297","RES-015","03-REGISTERS/domain-e-retroflex-residue.csv","DATA","SRC-047","CONTRIBUTING","","IG-SRC-047",""
"CS-3298","RES-016","03-REGISTERS/domain-e-retroflex-residue.csv","DATA","SRC-019","CONTRIBUTING","","IG-SRC-019",""
"CS-3299","RES-016","03-REGISTERS/domain-e-retroflex-residue.csv","DATA","SRC-022","CONTRIBUTING","","IG-SRC-021",""
"CS-3300","RES-016","03-REGISTERS/domain-e-retroflex-residue.csv","DATA","SRC-023","CONTRIBUTING","","IG-SRC-019",""
"CS-3301","RES-016","03-REGISTERS/domain-e-retroflex-residue.csv","DATA","SRC-047","CONTRIBUTING","","IG-SRC-047",""
"CS-3302","RES-017","03-REGISTERS/domain-e-retroflex-residue.csv","DATA","SRC-019","CONTRIBUTING","","IG-SRC-019",""
"CS-3303","RES-017","03-REGISTERS/domain-e-retroflex-residue.csv","DATA","SRC-022","CONTRIBUTING","","IG-SRC-021",""
"CS-3304","RES-017","03-REGISTERS/domain-e-retroflex-residue.csv","DATA","SRC-023","CONTRIBUTING","","IG-SRC-019",""
"CS-3305","RES-017","03-REGISTERS/domain-e-retroflex-residue.csv","DATA","SRC-047","CONTRIBUTING","","IG-SRC-047",""
"CS-3306","RES-018","03-REGISTERS/domain-e-retroflex-residue.csv","DATA","SRC-019","CONTRIBUTING","","IG-SRC-019",""
"CS-3307","RES-018","03-REGISTERS/domain-e-retroflex-residue.csv","DATA","SRC-022","CONTRIBUTING","","IG-SRC-021",""
"CS-3308","RES-018","03-REGISTERS/domain-e-retroflex-residue.csv","DATA","SRC-023","CONTRIBUTING","","IG-SRC-019",""
"CS-3309","RES-018","03-REGISTERS/domain-e-retroflex-residue.csv","DATA","SRC-047","CONTRIBUTING","","IG-SRC-047",""
"CS-3310","RES-019","03-REGISTERS/domain-e-retroflex-residue.csv","DATA","SRC-019","CONTRIBUTING","","IG-SRC-019",""
"CS-3311","RES-019","03-REGISTERS/domain-e-retroflex-residue.csv","DATA","SRC-022","CONTRIBUTING","","IG-SRC-021",""
"CS-3312","RES-019","03-REGISTERS/domain-e-retroflex-residue.csv","DATA","SRC-023","CONTRIBUTING","","IG-SRC-019",""
"CS-3313","RES-019","03-REGISTERS/domain-e-retroflex-residue.csv","DATA","SRC-047","CONTRIBUTING","","IG-SRC-047",""
"CS-3314","RES-020","03-REGISTERS/domain-e-retroflex-residue.csv","DATA","SRC-019","CONTRIBUTING","","IG-SRC-019",""
"CS-3315","RES-020","03-REGISTERS/domain-e-retroflex-residue.csv","DATA","SRC-022","CONTRIBUTING","","IG-SRC-021",""
"CS-3316","RES-020","03-REGISTERS/domain-e-retroflex-residue.csv","DATA","SRC-023","CONTRIBUTING","","IG-SRC-019",""
"CS-3317","RES-020","03-REGISTERS/domain-e-retroflex-residue.csv","DATA","SRC-047","CONTRIBUTING","","IG-SRC-047",""
"CS-3318","RES-021","03-REGISTERS/domain-e-retroflex-residue.csv","DATA","SRC-019","CONTRIBUTING","","IG-SRC-019",""
"CS-3319","RES-021","03-REGISTERS/domain-e-retroflex-residue.csv","DATA","SRC-022","CONTRIBUTING","","IG-SRC-021",""
"CS-3320","RES-021","03-REGISTERS/domain-e-retroflex-residue.csv","DATA","SRC-023","CONTRIBUTING","","IG-SRC-019",""
"CS-3321","RES-021","03-REGISTERS/domain-e-retroflex-residue.csv","DATA","SRC-047","CONTRIBUTING","","IG-SRC-047",""
"CS-3322","RES-022","03-REGISTERS/domain-e-retroflex-residue.csv","DATA","SRC-019","CONTRIBUTING","","IG-SRC-019",""
"CS-3323","RES-022","03-REGISTERS/domain-e-retroflex-residue.csv","DATA","SRC-022","CONTRIBUTING","","IG-SRC-021",""
"CS-3324","RES-022","03-REGISTERS/domain-e-retroflex-residue.csv","DATA","SRC-023","CONTRIBUTING","","IG-SRC-019",""
"CS-3325","RES-022","03-REGISTERS/domain-e-retroflex-residue.csv","DATA","SRC-047","CONTRIBUTING","","IG-SRC-047",""
"CS-3326","RES-023","03-REGISTERS/domain-e-retroflex-residue.csv","DATA","SRC-019","CONTRIBUTING","","IG-SRC-019",""
"CS-3327","RES-023","03-REGISTERS/domain-e-retroflex-residue.csv","DATA","SRC-022","CONTRIBUTING","","IG-SRC-021",""
"CS-3328","RES-023","03-REGISTERS/domain-e-retroflex-residue.csv","DATA","SRC-023","CONTRIBUTING","","IG-SRC-019",""
"CS-3329","RES-023","03-REGISTERS/domain-e-retroflex-residue.csv","DATA","SRC-047","CONTRIBUTING","","IG-SRC-047",""
"CS-3330","RES-024","03-REGISTERS/domain-e-retroflex-residue.csv","DATA","SRC-019","CONTRIBUTING","","IG-SRC-019",""
"CS-3331","RES-024","03-REGISTERS/domain-e-retroflex-residue.csv","DATA","SRC-022","CONTRIBUTING","","IG-SRC-021",""
"CS-3332","RES-024","03-REGISTERS/domain-e-retroflex-residue.csv","DATA","SRC-023","CONTRIBUTING","","IG-SRC-019",""
"CS-3333","RES-024","03-REGISTERS/domain-e-retroflex-residue.csv","DATA","SRC-047","CONTRIBUTING","","IG-SRC-047",""
"CS-3334","RES-025","03-REGISTERS/domain-e-retroflex-residue.csv","DATA","SRC-019","CONTRIBUTING","","IG-SRC-019",""
"CS-3335","RES-025","03-REGISTERS/domain-e-retroflex-residue.csv","DATA","SRC-022","CONTRIBUTING","","IG-SRC-021",""
"CS-3336","RES-025","03-REGISTERS/domain-e-retroflex-residue.csv","DATA","SRC-023","CONTRIBUTING","","IG-SRC-019",""
"CS-3337","RES-025","03-REGISTERS/domain-e-retroflex-residue.csv","DATA","SRC-047","CONTRIBUTING","","IG-SRC-047",""
"CS-3338","RES-026","03-REGISTERS/domain-e-retroflex-residue.csv","DATA","SRC-019","CONTRIBUTING","","IG-SRC-019",""
"CS-3339","RES-026","03-REGISTERS/domain-e-retroflex-residue.csv","DATA","SRC-022","CONTRIBUTING","","IG-SRC-021",""
"CS-3340","RES-026","03-REGISTERS/domain-e-retroflex-residue.csv","DATA","SRC-023","CONTRIBUTING","","IG-SRC-019",""
"CS-3341","RES-026","03-REGISTERS/domain-e-retroflex-residue.csv","DATA","SRC-047","CONTRIBUTING","","IG-SRC-047",""
"CS-3342","RES-027","03-REGISTERS/domain-e-retroflex-residue.csv","DATA","SRC-019","CONTRIBUTING","","IG-SRC-019",""
"CS-3343","RES-027","03-REGISTERS/domain-e-retroflex-residue.csv","DATA","SRC-022","CONTRIBUTING","","IG-SRC-021",""
"CS-3344","RES-027","03-REGISTERS/domain-e-retroflex-residue.csv","DATA","SRC-023","CONTRIBUTING","","IG-SRC-019",""
"CS-3345","RES-027","03-REGISTERS/domain-e-retroflex-residue.csv","DATA","SRC-047","CONTRIBUTING","","IG-SRC-047",""
"CS-3346","RES-028","03-REGISTERS/domain-e-retroflex-residue.csv","DATA","SRC-019","CONTRIBUTING","","IG-SRC-019",""
"CS-3347","RES-028","03-REGISTERS/domain-e-retroflex-residue.csv","DATA","SRC-022","CONTRIBUTING","","IG-SRC-021",""
"CS-3348","RES-028","03-REGISTERS/domain-e-retroflex-residue.csv","DATA","SRC-023","CONTRIBUTING","","IG-SRC-019",""
"CS-3349","RES-028","03-REGISTERS/domain-e-retroflex-residue.csv","DATA","SRC-047","CONTRIBUTING","","IG-SRC-047",""
"CS-3350","RES-029","03-REGISTERS/domain-e-retroflex-residue.csv","DATA","SRC-019","CONTRIBUTING","","IG-SRC-019",""
"CS-3351","RES-029","03-REGISTERS/domain-e-retroflex-residue.csv","DATA","SRC-022","CONTRIBUTING","","IG-SRC-021",""
"CS-3352","RES-029","03-REGISTERS/domain-e-retroflex-residue.csv","DATA","SRC-023","CONTRIBUTING","","IG-SRC-019",""
"CS-3353","RES-029","03-REGISTERS/domain-e-retroflex-residue.csv","DATA","SRC-047","CONTRIBUTING","","IG-SRC-047",""
"CS-3354","RES-030","03-REGISTERS/domain-e-retroflex-residue.csv","DATA","SRC-019","CONTRIBUTING","","IG-SRC-019",""
"CS-3355","RES-030","03-REGISTERS/domain-e-retroflex-residue.csv","DATA","SRC-022","CONTRIBUTING","","IG-SRC-021",""
"CS-3356","RES-030","03-REGISTERS/domain-e-retroflex-residue.csv","DATA","SRC-023","CONTRIBUTING","","IG-SRC-019",""
"CS-3357","RES-030","03-REGISTERS/domain-e-retroflex-residue.csv","DATA","SRC-047","CONTRIBUTING","","IG-SRC-047",""
"CS-3358","RES-031","03-REGISTERS/domain-e-retroflex-residue.csv","DATA","SRC-019","CONTRIBUTING","","IG-SRC-019",""
"CS-3359","RES-031","03-REGISTERS/domain-e-retroflex-residue.csv","DATA","SRC-022","CONTRIBUTING","","IG-SRC-021",""
"CS-3360","RES-031","03-REGISTERS/domain-e-retroflex-residue.csv","DATA","SRC-023","CONTRIBUTING","","IG-SRC-019",""
"CS-3361","RES-031","03-REGISTERS/domain-e-retroflex-residue.csv","DATA","SRC-047","CONTRIBUTING","","IG-SRC-047",""
"CS-3362","RES-032","03-REGISTERS/domain-e-retroflex-residue.csv","DATA","SRC-019","CONTRIBUTING","","IG-SRC-019",""
"CS-3363","RES-032","03-REGISTERS/domain-e-retroflex-residue.csv","DATA","SRC-022","CONTRIBUTING","","IG-SRC-021",""
"CS-3364","RES-032","03-REGISTERS/domain-e-retroflex-residue.csv","DATA","SRC-023","CONTRIBUTING","","IG-SRC-019",""
"CS-3365","RES-032","03-REGISTERS/domain-e-retroflex-residue.csv","DATA","SRC-047","CONTRIBUTING","","IG-SRC-047",""
"CS-3366","RES-033","03-REGISTERS/domain-e-retroflex-residue.csv","DATA","SRC-019","CONTRIBUTING","","IG-SRC-019",""
"CS-3367","RES-033","03-REGISTERS/domain-e-retroflex-residue.csv","DATA","SRC-022","CONTRIBUTING","","IG-SRC-021",""
"CS-3368","RES-033","03-REGISTERS/domain-e-retroflex-residue.csv","DATA","SRC-023","CONTRIBUTING","","IG-SRC-019",""
"CS-3369","RES-033","03-REGISTERS/domain-e-retroflex-residue.csv","DATA","SRC-047","CONTRIBUTING","","IG-SRC-047",""
"CS-3370","RES-034","03-REGISTERS/domain-e-retroflex-residue.csv","DATA","SRC-019","CONTRIBUTING","","IG-SRC-019",""
"CS-3371","RES-034","03-REGISTERS/domain-e-retroflex-residue.csv","DATA","SRC-022","CONTRIBUTING","","IG-SRC-021",""
"CS-3372","RES-034","03-REGISTERS/domain-e-retroflex-residue.csv","DATA","SRC-023","CONTRIBUTING","","IG-SRC-019",""
"CS-3373","RES-034","03-REGISTERS/domain-e-retroflex-residue.csv","DATA","SRC-047","CONTRIBUTING","","IG-SRC-047",""
"CS-3374","RES-035","03-REGISTERS/domain-e-retroflex-residue.csv","DATA","SRC-019","CONTRIBUTING","","IG-SRC-019",""
"CS-3375","RES-035","03-REGISTERS/domain-e-retroflex-residue.csv","DATA","SRC-022","CONTRIBUTING","","IG-SRC-021",""
"CS-3376","RES-035","03-REGISTERS/domain-e-retroflex-residue.csv","DATA","SRC-023","CONTRIBUTING","","IG-SRC-019",""
"CS-3377","RES-035","03-REGISTERS/domain-e-retroflex-residue.csv","DATA","SRC-047","CONTRIBUTING","","IG-SRC-047",""
"CS-3378","RES-036","03-REGISTERS/domain-e-retroflex-residue.csv","DATA","SRC-019","CONTRIBUTING","","IG-SRC-019",""
"CS-3379","RES-036","03-REGISTERS/domain-e-retroflex-residue.csv","DATA","SRC-022","CONTRIBUTING","","IG-SRC-021",""
"CS-3380","RES-036","03-REGISTERS/domain-e-retroflex-residue.csv","DATA","SRC-023","CONTRIBUTING","","IG-SRC-019",""
"CS-3381","RES-036","03-REGISTERS/domain-e-retroflex-residue.csv","DATA","SRC-047","CONTRIBUTING","","IG-SRC-047",""
"CS-3382","RES-037","03-REGISTERS/domain-e-retroflex-residue.csv","DATA","SRC-019","CONTRIBUTING","","IG-SRC-019",""
"CS-3383","RES-037","03-REGISTERS/domain-e-retroflex-residue.csv","DATA","SRC-022","CONTRIBUTING","","IG-SRC-021",""
"CS-3384","RES-037","03-REGISTERS/domain-e-retroflex-residue.csv","DATA","SRC-023","CONTRIBUTING","","IG-SRC-019",""
"CS-3385","RES-037","03-REGISTERS/domain-e-retroflex-residue.csv","DATA","SRC-047","CONTRIBUTING","","IG-SRC-047",""
"CS-3386","RES-038","03-REGISTERS/domain-e-retroflex-residue.csv","DATA","SRC-019","CONTRIBUTING","","IG-SRC-019",""
"CS-3387","RES-038","03-REGISTERS/domain-e-retroflex-residue.csv","DATA","SRC-022","CONTRIBUTING","","IG-SRC-021",""
"CS-3388","RES-038","03-REGISTERS/domain-e-retroflex-residue.csv","DATA","SRC-023","CONTRIBUTING","","IG-SRC-019",""
"CS-3389","RES-038","03-REGISTERS/domain-e-retroflex-residue.csv","DATA","SRC-047","CONTRIBUTING","","IG-SRC-047",""
"CS-3390","RES-039","03-REGISTERS/domain-e-retroflex-residue.csv","DATA","SRC-019","CONTRIBUTING","","IG-SRC-019",""
"CS-3391","RES-039","03-REGISTERS/domain-e-retroflex-residue.csv","DATA","SRC-022","CONTRIBUTING","","IG-SRC-021",""
"CS-3392","RES-039","03-REGISTERS/domain-e-retroflex-residue.csv","DATA","SRC-023","CONTRIBUTING","","IG-SRC-019",""
"CS-3393","RES-039","03-REGISTERS/domain-e-retroflex-residue.csv","DATA","SRC-047","CONTRIBUTING","","IG-SRC-047",""
"CS-3394","RES-040","03-REGISTERS/domain-e-retroflex-residue.csv","DATA","SRC-019","CONTRIBUTING","","IG-SRC-019",""
"CS-3395","RES-040","03-REGISTERS/domain-e-retroflex-residue.csv","DATA","SRC-022","CONTRIBUTING","","IG-SRC-021",""
"CS-3396","RES-040","03-REGISTERS/domain-e-retroflex-residue.csv","DATA","SRC-023","CONTRIBUTING","","IG-SRC-019",""
"CS-3397","RES-040","03-REGISTERS/domain-e-retroflex-residue.csv","DATA","SRC-047","CONTRIBUTING","","IG-SRC-047",""
"CS-3398","RES-041","03-REGISTERS/domain-e-retroflex-residue.csv","DATA","SRC-019","CONTRIBUTING","","IG-SRC-019",""
"CS-3399","RES-041","03-REGISTERS/domain-e-retroflex-residue.csv","DATA","SRC-022","CONTRIBUTING","","IG-SRC-021",""
"CS-3400","RES-041","03-REGISTERS/domain-e-retroflex-residue.csv","DATA","SRC-023","CONTRIBUTING","","IG-SRC-019",""
"CS-3401","RES-041","03-REGISTERS/domain-e-retroflex-residue.csv","DATA","SRC-047","CONTRIBUTING","","IG-SRC-047",""
"CS-3402","RES-042","03-REGISTERS/domain-e-retroflex-residue.csv","DATA","SRC-019","CONTRIBUTING","","IG-SRC-019",""
"CS-3403","RES-042","03-REGISTERS/domain-e-retroflex-residue.csv","DATA","SRC-022","CONTRIBUTING","","IG-SRC-021",""
"CS-3404","RES-042","03-REGISTERS/domain-e-retroflex-residue.csv","DATA","SRC-023","CONTRIBUTING","","IG-SRC-019",""
"CS-3405","RES-042","03-REGISTERS/domain-e-retroflex-residue.csv","DATA","SRC-047","CONTRIBUTING","","IG-SRC-047",""
"CS-3406","RES-043","03-REGISTERS/domain-e-retroflex-residue.csv","DATA","SRC-019","CONTRIBUTING","","IG-SRC-019",""
"CS-3407","RES-043","03-REGISTERS/domain-e-retroflex-residue.csv","DATA","SRC-022","CONTRIBUTING","","IG-SRC-021",""
"CS-3408","RES-043","03-REGISTERS/domain-e-retroflex-residue.csv","DATA","SRC-023","CONTRIBUTING","","IG-SRC-019",""
"CS-3409","RES-043","03-REGISTERS/domain-e-retroflex-residue.csv","DATA","SRC-047","CONTRIBUTING","","IG-SRC-047",""
"CS-3410","RES-044","03-REGISTERS/domain-e-retroflex-residue.csv","DATA","SRC-019","CONTRIBUTING","","IG-SRC-019",""
"CS-3411","RES-044","03-REGISTERS/domain-e-retroflex-residue.csv","DATA","SRC-022","CONTRIBUTING","","IG-SRC-021",""
"CS-3412","RES-044","03-REGISTERS/domain-e-retroflex-residue.csv","DATA","SRC-023","CONTRIBUTING","","IG-SRC-019",""
"CS-3413","RES-044","03-REGISTERS/domain-e-retroflex-residue.csv","DATA","SRC-047","CONTRIBUTING","","IG-SRC-047",""
"CS-3414","RES-045","03-REGISTERS/domain-e-retroflex-residue.csv","DATA","SRC-019","CONTRIBUTING","","IG-SRC-019",""
"CS-3415","RES-045","03-REGISTERS/domain-e-retroflex-residue.csv","DATA","SRC-022","CONTRIBUTING","","IG-SRC-021",""
"CS-3416","RES-045","03-REGISTERS/domain-e-retroflex-residue.csv","DATA","SRC-023","CONTRIBUTING","","IG-SRC-019",""
"CS-3417","RES-045","03-REGISTERS/domain-e-retroflex-residue.csv","DATA","SRC-047","CONTRIBUTING","","IG-SRC-047",""
"CS-3418","RES-046","03-REGISTERS/domain-e-retroflex-residue.csv","DATA","SRC-019","CONTRIBUTING","","IG-SRC-019",""
"CS-3419","RES-046","03-REGISTERS/domain-e-retroflex-residue.csv","DATA","SRC-022","CONTRIBUTING","","IG-SRC-021",""
"CS-3420","RES-046","03-REGISTERS/domain-e-retroflex-residue.csv","DATA","SRC-023","CONTRIBUTING","","IG-SRC-019",""
"CS-3421","RES-046","03-REGISTERS/domain-e-retroflex-residue.csv","DATA","SRC-047","CONTRIBUTING","","IG-SRC-047",""
"CS-3422","RES-047","03-REGISTERS/domain-e-retroflex-residue.csv","DATA","SRC-019","CONTRIBUTING","","IG-SRC-019",""
"CS-3423","RES-047","03-REGISTERS/domain-e-retroflex-residue.csv","DATA","SRC-022","CONTRIBUTING","","IG-SRC-021",""
"CS-3424","RES-047","03-REGISTERS/domain-e-retroflex-residue.csv","DATA","SRC-023","CONTRIBUTING","","IG-SRC-019",""
"CS-3425","RES-047","03-REGISTERS/domain-e-retroflex-residue.csv","DATA","SRC-047","CONTRIBUTING","","IG-SRC-047",""
"CS-3426","RES-048","03-REGISTERS/domain-e-retroflex-residue.csv","DATA","SRC-019","CONTRIBUTING","","IG-SRC-019",""
"CS-3427","RES-048","03-REGISTERS/domain-e-retroflex-residue.csv","DATA","SRC-022","CONTRIBUTING","","IG-SRC-021",""
"CS-3428","RES-048","03-REGISTERS/domain-e-retroflex-residue.csv","DATA","SRC-023","CONTRIBUTING","","IG-SRC-019",""
"CS-3429","RES-048","03-REGISTERS/domain-e-retroflex-residue.csv","DATA","SRC-047","CONTRIBUTING","","IG-SRC-047",""
"CS-3430","RES-049","03-REGISTERS/domain-e-retroflex-residue.csv","DATA","SRC-019","CONTRIBUTING","","IG-SRC-019",""
"CS-3431","RES-049","03-REGISTERS/domain-e-retroflex-residue.csv","DATA","SRC-022","CONTRIBUTING","","IG-SRC-021",""
"CS-3432","RES-049","03-REGISTERS/domain-e-retroflex-residue.csv","DATA","SRC-023","CONTRIBUTING","","IG-SRC-019",""
"CS-3433","RES-049","03-REGISTERS/domain-e-retroflex-residue.csv","DATA","SRC-047","CONTRIBUTING","","IG-SRC-047",""
"CS-3434","RES-050","03-REGISTERS/domain-e-retroflex-residue.csv","DATA","SRC-019","CONTRIBUTING","","IG-SRC-019",""
"CS-3435","RES-050","03-REGISTERS/domain-e-retroflex-residue.csv","DATA","SRC-022","CONTRIBUTING","","IG-SRC-021",""
"CS-3436","RES-050","03-REGISTERS/domain-e-retroflex-residue.csv","DATA","SRC-023","CONTRIBUTING","","IG-SRC-019",""
"CS-3437","RES-050","03-REGISTERS/domain-e-retroflex-residue.csv","DATA","SRC-047","CONTRIBUTING","","IG-SRC-047",""
"CS-3438","RES-051","03-REGISTERS/domain-e-retroflex-residue.csv","DATA","SRC-019","CONTRIBUTING","","IG-SRC-019",""
"CS-3439","RES-051","03-REGISTERS/domain-e-retroflex-residue.csv","DATA","SRC-022","CONTRIBUTING","","IG-SRC-021",""
"CS-3440","RES-051","03-REGISTERS/domain-e-retroflex-residue.csv","DATA","SRC-023","CONTRIBUTING","","IG-SRC-019",""
"CS-3441","RES-051","03-REGISTERS/domain-e-retroflex-residue.csv","DATA","SRC-047","CONTRIBUTING","","IG-SRC-047",""
"CS-3442","RES-052","03-REGISTERS/domain-e-retroflex-residue.csv","DATA","SRC-019","CONTRIBUTING","","IG-SRC-019",""
"CS-3443","RES-052","03-REGISTERS/domain-e-retroflex-residue.csv","DATA","SRC-022","CONTRIBUTING","","IG-SRC-021",""
"CS-3444","RES-052","03-REGISTERS/domain-e-retroflex-residue.csv","DATA","SRC-023","CONTRIBUTING","","IG-SRC-019",""
"CS-3445","RES-052","03-REGISTERS/domain-e-retroflex-residue.csv","DATA","SRC-047","CONTRIBUTING","","IG-SRC-047",""
"CS-3446","RES-053","03-REGISTERS/domain-e-retroflex-residue.csv","DATA","SRC-019","CONTRIBUTING","","IG-SRC-019",""
"CS-3447","RES-053","03-REGISTERS/domain-e-retroflex-residue.csv","DATA","SRC-022","CONTRIBUTING","","IG-SRC-021",""
"CS-3448","RES-053","03-REGISTERS/domain-e-retroflex-residue.csv","DATA","SRC-023","CONTRIBUTING","","IG-SRC-019",""
"CS-3449","RES-053","03-REGISTERS/domain-e-retroflex-residue.csv","DATA","SRC-047","CONTRIBUTING","","IG-SRC-047",""
"CS-3450","RES-054","03-REGISTERS/domain-e-retroflex-residue.csv","DATA","SRC-019","CONTRIBUTING","","IG-SRC-019",""
"CS-3451","RES-054","03-REGISTERS/domain-e-retroflex-residue.csv","DATA","SRC-022","CONTRIBUTING","","IG-SRC-021",""
"CS-3452","RES-054","03-REGISTERS/domain-e-retroflex-residue.csv","DATA","SRC-023","CONTRIBUTING","","IG-SRC-019",""
"CS-3453","RES-054","03-REGISTERS/domain-e-retroflex-residue.csv","DATA","SRC-047","CONTRIBUTING","","IG-SRC-047",""
"CS-3454","RES-055","03-REGISTERS/domain-e-retroflex-residue.csv","DATA","SRC-019","CONTRIBUTING","","IG-SRC-019",""
"CS-3455","RES-055","03-REGISTERS/domain-e-retroflex-residue.csv","DATA","SRC-022","CONTRIBUTING","","IG-SRC-021",""
"CS-3456","RES-055","03-REGISTERS/domain-e-retroflex-residue.csv","DATA","SRC-023","CONTRIBUTING","","IG-SRC-019",""
"CS-3457","RES-055","03-REGISTERS/domain-e-retroflex-residue.csv","DATA","SRC-047","CONTRIBUTING","","IG-SRC-047",""
"CS-3458","RES-056","03-REGISTERS/domain-e-retroflex-residue.csv","DATA","SRC-019","CONTRIBUTING","","IG-SRC-019",""
"CS-3459","RES-056","03-REGISTERS/domain-e-retroflex-residue.csv","DATA","SRC-022","CONTRIBUTING","","IG-SRC-021",""
"CS-3460","RES-056","03-REGISTERS/domain-e-retroflex-residue.csv","DATA","SRC-023","CONTRIBUTING","","IG-SRC-019",""
"CS-3461","RES-056","03-REGISTERS/domain-e-retroflex-residue.csv","DATA","SRC-047","CONTRIBUTING","","IG-SRC-047",""
"CS-3462","RES-057","03-REGISTERS/domain-e-retroflex-residue.csv","DATA","SRC-019","CONTRIBUTING","","IG-SRC-019",""
"CS-3463","RES-057","03-REGISTERS/domain-e-retroflex-residue.csv","DATA","SRC-022","CONTRIBUTING","","IG-SRC-021",""
"CS-3464","RES-057","03-REGISTERS/domain-e-retroflex-residue.csv","DATA","SRC-023","CONTRIBUTING","","IG-SRC-019",""
"CS-3465","RES-057","03-REGISTERS/domain-e-retroflex-residue.csv","DATA","SRC-047","CONTRIBUTING","","IG-SRC-047",""
"CS-3466","RES-058","03-REGISTERS/domain-e-retroflex-residue.csv","DATA","SRC-019","CONTRIBUTING","","IG-SRC-019",""
"CS-3467","RES-058","03-REGISTERS/domain-e-retroflex-residue.csv","DATA","SRC-022","CONTRIBUTING","","IG-SRC-021",""
"CS-3468","RES-058","03-REGISTERS/domain-e-retroflex-residue.csv","DATA","SRC-023","CONTRIBUTING","","IG-SRC-019",""
"CS-3469","RES-058","03-REGISTERS/domain-e-retroflex-residue.csv","DATA","SRC-047","CONTRIBUTING","","IG-SRC-047",""
"CS-3470","RES-059","03-REGISTERS/domain-e-retroflex-residue.csv","DATA","SRC-019","CONTRIBUTING","","IG-SRC-019",""
"CS-3471","RES-059","03-REGISTERS/domain-e-retroflex-residue.csv","DATA","SRC-022","CONTRIBUTING","","IG-SRC-021",""
"CS-3472","RES-059","03-REGISTERS/domain-e-retroflex-residue.csv","DATA","SRC-023","CONTRIBUTING","","IG-SRC-019",""
"CS-3473","RES-059","03-REGISTERS/domain-e-retroflex-residue.csv","DATA","SRC-047","CONTRIBUTING","","IG-SRC-047",""
"CS-3474","RES-060","03-REGISTERS/domain-e-retroflex-residue.csv","DATA","SRC-019","CONTRIBUTING","","IG-SRC-019",""
"CS-3475","RES-060","03-REGISTERS/domain-e-retroflex-residue.csv","DATA","SRC-022","CONTRIBUTING","","IG-SRC-021",""
"CS-3476","RES-060","03-REGISTERS/domain-e-retroflex-residue.csv","DATA","SRC-023","CONTRIBUTING","","IG-SRC-019",""
"CS-3477","RES-060","03-REGISTERS/domain-e-retroflex-residue.csv","DATA","SRC-047","CONTRIBUTING","","IG-SRC-047",""
"CS-3478","RES-061","03-REGISTERS/domain-e-retroflex-residue.csv","DATA","SRC-019","CONTRIBUTING","","IG-SRC-019",""
"CS-3479","RES-061","03-REGISTERS/domain-e-retroflex-residue.csv","DATA","SRC-022","CONTRIBUTING","","IG-SRC-021",""
"CS-3480","RES-061","03-REGISTERS/domain-e-retroflex-residue.csv","DATA","SRC-023","CONTRIBUTING","","IG-SRC-019",""
"CS-3481","RES-061","03-REGISTERS/domain-e-retroflex-residue.csv","DATA","SRC-047","CONTRIBUTING","","IG-SRC-047",""
"CS-3482","RES-062","03-REGISTERS/domain-e-retroflex-residue.csv","DATA","SRC-019","CONTRIBUTING","","IG-SRC-019",""
"CS-3483","RES-062","03-REGISTERS/domain-e-retroflex-residue.csv","DATA","SRC-022","CONTRIBUTING","","IG-SRC-021",""
"CS-3484","RES-062","03-REGISTERS/domain-e-retroflex-residue.csv","DATA","SRC-023","CONTRIBUTING","","IG-SRC-019",""
"CS-3485","RES-062","03-REGISTERS/domain-e-retroflex-residue.csv","DATA","SRC-047","CONTRIBUTING","","IG-SRC-047",""
"CS-3486","RES-063","03-REGISTERS/domain-e-retroflex-residue.csv","DATA","SRC-019","CONTRIBUTING","","IG-SRC-019",""
"CS-3487","RES-063","03-REGISTERS/domain-e-retroflex-residue.csv","DATA","SRC-022","CONTRIBUTING","","IG-SRC-021",""
"CS-3488","RES-063","03-REGISTERS/domain-e-retroflex-residue.csv","DATA","SRC-023","CONTRIBUTING","","IG-SRC-019",""
"CS-3489","RES-063","03-REGISTERS/domain-e-retroflex-residue.csv","DATA","SRC-047","CONTRIBUTING","","IG-SRC-047",""
"CS-3490","RES-064","03-REGISTERS/domain-e-retroflex-residue.csv","DATA","SRC-019","CONTRIBUTING","","IG-SRC-019",""
"CS-3491","RES-064","03-REGISTERS/domain-e-retroflex-residue.csv","DATA","SRC-022","CONTRIBUTING","","IG-SRC-021",""
"CS-3492","RES-064","03-REGISTERS/domain-e-retroflex-residue.csv","DATA","SRC-023","CONTRIBUTING","","IG-SRC-019",""
"CS-3493","RES-064","03-REGISTERS/domain-e-retroflex-residue.csv","DATA","SRC-047","CONTRIBUTING","","IG-SRC-047",""
"CS-3494","RES-065","03-REGISTERS/domain-e-retroflex-residue.csv","DATA","SRC-019","CONTRIBUTING","","IG-SRC-019",""
"CS-3495","RES-065","03-REGISTERS/domain-e-retroflex-residue.csv","DATA","SRC-022","CONTRIBUTING","","IG-SRC-021",""
"CS-3496","RES-065","03-REGISTERS/domain-e-retroflex-residue.csv","DATA","SRC-023","CONTRIBUTING","","IG-SRC-019",""
"CS-3497","RES-065","03-REGISTERS/domain-e-retroflex-residue.csv","DATA","SRC-047","CONTRIBUTING","","IG-SRC-047",""
"CS-3498","RES-066","03-REGISTERS/domain-e-retroflex-residue.csv","DATA","SRC-019","CONTRIBUTING","","IG-SRC-019",""
"CS-3499","RES-066","03-REGISTERS/domain-e-retroflex-residue.csv","DATA","SRC-022","CONTRIBUTING","","IG-SRC-021",""
"CS-3500","RES-066","03-REGISTERS/domain-e-retroflex-residue.csv","DATA","SRC-023","CONTRIBUTING","","IG-SRC-019",""
"CS-3501","RES-066","03-REGISTERS/domain-e-retroflex-residue.csv","DATA","SRC-047","CONTRIBUTING","","IG-SRC-047",""
"CS-3502","RES-067","03-REGISTERS/domain-e-retroflex-residue.csv","DATA","SRC-019","CONTRIBUTING","","IG-SRC-019",""
"CS-3503","RES-067","03-REGISTERS/domain-e-retroflex-residue.csv","DATA","SRC-022","CONTRIBUTING","","IG-SRC-021",""
"CS-3504","RES-067","03-REGISTERS/domain-e-retroflex-residue.csv","DATA","SRC-023","CONTRIBUTING","","IG-SRC-019",""
"CS-3505","RES-067","03-REGISTERS/domain-e-retroflex-residue.csv","DATA","SRC-047","CONTRIBUTING","","IG-SRC-047",""
"CS-3506","RES-068","03-REGISTERS/domain-e-retroflex-residue.csv","DATA","SRC-019","CONTRIBUTING","","IG-SRC-019",""
"CS-3507","RES-068","03-REGISTERS/domain-e-retroflex-residue.csv","DATA","SRC-022","CONTRIBUTING","","IG-SRC-021",""
"CS-3508","RES-068","03-REGISTERS/domain-e-retroflex-residue.csv","DATA","SRC-023","CONTRIBUTING","","IG-SRC-019",""
"CS-3509","RES-068","03-REGISTERS/domain-e-retroflex-residue.csv","DATA","SRC-047","CONTRIBUTING","","IG-SRC-047",""
"CS-3510","RES-069","03-REGISTERS/domain-e-retroflex-residue.csv","DATA","SRC-019","CONTRIBUTING","","IG-SRC-019",""
"CS-3511","RES-069","03-REGISTERS/domain-e-retroflex-residue.csv","DATA","SRC-022","CONTRIBUTING","","IG-SRC-021",""
"CS-3512","RES-069","03-REGISTERS/domain-e-retroflex-residue.csv","DATA","SRC-023","CONTRIBUTING","","IG-SRC-019",""
"CS-3513","RES-069","03-REGISTERS/domain-e-retroflex-residue.csv","DATA","SRC-047","CONTRIBUTING","","IG-SRC-047",""
"CS-3514","RES-070","03-REGISTERS/domain-e-retroflex-residue.csv","DATA","SRC-019","CONTRIBUTING","","IG-SRC-019",""
"CS-3515","RES-070","03-REGISTERS/domain-e-retroflex-residue.csv","DATA","SRC-022","CONTRIBUTING","","IG-SRC-021",""
"CS-3516","RES-070","03-REGISTERS/domain-e-retroflex-residue.csv","DATA","SRC-023","CONTRIBUTING","","IG-SRC-019",""
"CS-3517","RES-070","03-REGISTERS/domain-e-retroflex-residue.csv","DATA","SRC-047","CONTRIBUTING","","IG-SRC-047",""
"CS-3518","RES-071","03-REGISTERS/domain-e-retroflex-residue.csv","DATA","SRC-019","CONTRIBUTING","","IG-SRC-019",""
"CS-3519","RES-071","03-REGISTERS/domain-e-retroflex-residue.csv","DATA","SRC-022","CONTRIBUTING","","IG-SRC-021",""
"CS-3520","RES-071","03-REGISTERS/domain-e-retroflex-residue.csv","DATA","SRC-023","CONTRIBUTING","","IG-SRC-019",""
"CS-3521","RES-071","03-REGISTERS/domain-e-retroflex-residue.csv","DATA","SRC-047","CONTRIBUTING","","IG-SRC-047",""
"CS-3522","RES-072","03-REGISTERS/domain-e-retroflex-residue.csv","DATA","SRC-019","CONTRIBUTING","","IG-SRC-019",""
"CS-3523","RES-072","03-REGISTERS/domain-e-retroflex-residue.csv","DATA","SRC-022","CONTRIBUTING","","IG-SRC-021",""
"CS-3524","RES-072","03-REGISTERS/domain-e-retroflex-residue.csv","DATA","SRC-023","CONTRIBUTING","","IG-SRC-019",""
"CS-3525","RES-072","03-REGISTERS/domain-e-retroflex-residue.csv","DATA","SRC-047","CONTRIBUTING","","IG-SRC-047",""
"CS-3526","RES-073","03-REGISTERS/domain-e-retroflex-residue.csv","DATA","SRC-019","CONTRIBUTING","","IG-SRC-019",""
"CS-3527","RES-073","03-REGISTERS/domain-e-retroflex-residue.csv","DATA","SRC-022","CONTRIBUTING","","IG-SRC-021",""
"CS-3528","RES-073","03-REGISTERS/domain-e-retroflex-residue.csv","DATA","SRC-023","CONTRIBUTING","","IG-SRC-019",""
"CS-3529","RES-073","03-REGISTERS/domain-e-retroflex-residue.csv","DATA","SRC-047","CONTRIBUTING","","IG-SRC-047",""
"CS-3530","RES-074","03-REGISTERS/domain-e-retroflex-residue.csv","DATA","SRC-019","CONTRIBUTING","","IG-SRC-019",""
"CS-3531","RES-074","03-REGISTERS/domain-e-retroflex-residue.csv","DATA","SRC-022","CONTRIBUTING","","IG-SRC-021",""
"CS-3532","RES-074","03-REGISTERS/domain-e-retroflex-residue.csv","DATA","SRC-023","CONTRIBUTING","","IG-SRC-019",""
"CS-3533","RES-074","03-REGISTERS/domain-e-retroflex-residue.csv","DATA","SRC-047","CONTRIBUTING","","IG-SRC-047",""
"CS-3534","RES-075","03-REGISTERS/domain-e-retroflex-residue.csv","DATA","SRC-019","CONTRIBUTING","","IG-SRC-019",""
"CS-3535","RES-075","03-REGISTERS/domain-e-retroflex-residue.csv","DATA","SRC-022","CONTRIBUTING","","IG-SRC-021",""
"CS-3536","RES-075","03-REGISTERS/domain-e-retroflex-residue.csv","DATA","SRC-023","CONTRIBUTING","","IG-SRC-019",""
"CS-3537","RES-075","03-REGISTERS/domain-e-retroflex-residue.csv","DATA","SRC-047","CONTRIBUTING","","IG-SRC-047",""
"CS-3538","RES-076","03-REGISTERS/domain-e-retroflex-residue.csv","DATA","SRC-019","CONTRIBUTING","","IG-SRC-019",""
"CS-3539","RES-076","03-REGISTERS/domain-e-retroflex-residue.csv","DATA","SRC-022","CONTRIBUTING","","IG-SRC-021",""
"CS-3540","RES-076","03-REGISTERS/domain-e-retroflex-residue.csv","DATA","SRC-023","CONTRIBUTING","","IG-SRC-019",""
"CS-3541","RES-076","03-REGISTERS/domain-e-retroflex-residue.csv","DATA","SRC-047","CONTRIBUTING","","IG-SRC-047",""
"CS-3542","RES-077","03-REGISTERS/domain-e-retroflex-residue.csv","DATA","SRC-019","CONTRIBUTING","","IG-SRC-019",""
"CS-3543","RES-077","03-REGISTERS/domain-e-retroflex-residue.csv","DATA","SRC-022","CONTRIBUTING","","IG-SRC-021",""
"CS-3544","RES-077","03-REGISTERS/domain-e-retroflex-residue.csv","DATA","SRC-023","CONTRIBUTING","","IG-SRC-019",""
"CS-3545","RES-077","03-REGISTERS/domain-e-retroflex-residue.csv","DATA","SRC-047","CONTRIBUTING","","IG-SRC-047",""
"CS-3546","RES-078","03-REGISTERS/domain-e-retroflex-residue.csv","DATA","SRC-019","CONTRIBUTING","","IG-SRC-019",""
"CS-3547","RES-078","03-REGISTERS/domain-e-retroflex-residue.csv","DATA","SRC-022","CONTRIBUTING","","IG-SRC-021",""
"CS-3548","RES-078","03-REGISTERS/domain-e-retroflex-residue.csv","DATA","SRC-023","CONTRIBUTING","","IG-SRC-019",""
"CS-3549","RES-078","03-REGISTERS/domain-e-retroflex-residue.csv","DATA","SRC-047","CONTRIBUTING","","IG-SRC-047",""
"CS-3550","RES-079","03-REGISTERS/domain-e-retroflex-residue.csv","DATA","SRC-019","CONTRIBUTING","","IG-SRC-019",""
"CS-3551","RES-079","03-REGISTERS/domain-e-retroflex-residue.csv","DATA","SRC-022","CONTRIBUTING","","IG-SRC-021",""
"CS-3552","RES-079","03-REGISTERS/domain-e-retroflex-residue.csv","DATA","SRC-023","CONTRIBUTING","","IG-SRC-019",""
"CS-3553","RES-079","03-REGISTERS/domain-e-retroflex-residue.csv","DATA","SRC-047","CONTRIBUTING","","IG-SRC-047",""
"CS-3554","RES-080","03-REGISTERS/domain-e-retroflex-residue.csv","DATA","SRC-019","CONTRIBUTING","","IG-SRC-019",""
"CS-3555","RES-080","03-REGISTERS/domain-e-retroflex-residue.csv","DATA","SRC-022","CONTRIBUTING","","IG-SRC-021",""
"CS-3556","RES-080","03-REGISTERS/domain-e-retroflex-residue.csv","DATA","SRC-023","CONTRIBUTING","","IG-SRC-019",""
"CS-3557","RES-080","03-REGISTERS/domain-e-retroflex-residue.csv","DATA","SRC-047","CONTRIBUTING","","IG-SRC-047",""
"CS-3558","RES-081","03-REGISTERS/domain-e-retroflex-residue.csv","DATA","SRC-019","CONTRIBUTING","","IG-SRC-019",""
"CS-3559","RES-081","03-REGISTERS/domain-e-retroflex-residue.csv","DATA","SRC-022","CONTRIBUTING","","IG-SRC-021",""
"CS-3560","RES-081","03-REGISTERS/domain-e-retroflex-residue.csv","DATA","SRC-023","CONTRIBUTING","","IG-SRC-019",""
"CS-3561","RES-081","03-REGISTERS/domain-e-retroflex-residue.csv","DATA","SRC-047","CONTRIBUTING","","IG-SRC-047",""
"CS-3562","RES-082","03-REGISTERS/domain-e-retroflex-residue.csv","DATA","SRC-019","CONTRIBUTING","","IG-SRC-019",""
"CS-3563","RES-082","03-REGISTERS/domain-e-retroflex-residue.csv","DATA","SRC-022","CONTRIBUTING","","IG-SRC-021",""
"CS-3564","RES-082","03-REGISTERS/domain-e-retroflex-residue.csv","DATA","SRC-023","CONTRIBUTING","","IG-SRC-019",""
"CS-3565","RES-082","03-REGISTERS/domain-e-retroflex-residue.csv","DATA","SRC-047","CONTRIBUTING","","IG-SRC-047",""
"CS-3566","RES-083","03-REGISTERS/domain-e-retroflex-residue.csv","DATA","SRC-019","CONTRIBUTING","","IG-SRC-019",""
"CS-3567","RES-083","03-REGISTERS/domain-e-retroflex-residue.csv","DATA","SRC-022","CONTRIBUTING","","IG-SRC-021",""
"CS-3568","RES-083","03-REGISTERS/domain-e-retroflex-residue.csv","DATA","SRC-023","CONTRIBUTING","","IG-SRC-019",""
"CS-3569","RES-083","03-REGISTERS/domain-e-retroflex-residue.csv","DATA","SRC-047","CONTRIBUTING","","IG-SRC-047",""
"CS-3570","RES-084","03-REGISTERS/domain-e-retroflex-residue.csv","DATA","SRC-019","CONTRIBUTING","","IG-SRC-019",""
"CS-3571","RES-084","03-REGISTERS/domain-e-retroflex-residue.csv","DATA","SRC-022","CONTRIBUTING","","IG-SRC-021",""
"CS-3572","RES-084","03-REGISTERS/domain-e-retroflex-residue.csv","DATA","SRC-023","CONTRIBUTING","","IG-SRC-019",""
"CS-3573","RES-084","03-REGISTERS/domain-e-retroflex-residue.csv","DATA","SRC-047","CONTRIBUTING","","IG-SRC-047",""
"CS-3574","RES-085","03-REGISTERS/domain-e-retroflex-residue.csv","DATA","SRC-019","CONTRIBUTING","","IG-SRC-019",""
"CS-3575","RES-085","03-REGISTERS/domain-e-retroflex-residue.csv","DATA","SRC-022","CONTRIBUTING","","IG-SRC-021",""
"CS-3576","RES-085","03-REGISTERS/domain-e-retroflex-residue.csv","DATA","SRC-023","CONTRIBUTING","","IG-SRC-019",""
"CS-3577","RES-085","03-REGISTERS/domain-e-retroflex-residue.csv","DATA","SRC-047","CONTRIBUTING","","IG-SRC-047",""
"CS-3578","RES-086","03-REGISTERS/domain-e-retroflex-residue.csv","DATA","SRC-019","CONTRIBUTING","","IG-SRC-019",""
"CS-3579","RES-086","03-REGISTERS/domain-e-retroflex-residue.csv","DATA","SRC-022","CONTRIBUTING","","IG-SRC-021",""
"CS-3580","RES-086","03-REGISTERS/domain-e-retroflex-residue.csv","DATA","SRC-023","CONTRIBUTING","","IG-SRC-019",""
"CS-3581","RES-086","03-REGISTERS/domain-e-retroflex-residue.csv","DATA","SRC-047","CONTRIBUTING","","IG-SRC-047",""
"CS-3582","RES-087","03-REGISTERS/domain-e-retroflex-residue.csv","DATA","SRC-019","CONTRIBUTING","","IG-SRC-019",""
"CS-3583","RES-087","03-REGISTERS/domain-e-retroflex-residue.csv","DATA","SRC-022","CONTRIBUTING","","IG-SRC-021",""
"CS-3584","RES-087","03-REGISTERS/domain-e-retroflex-residue.csv","DATA","SRC-023","CONTRIBUTING","","IG-SRC-019",""
"CS-3585","RES-087","03-REGISTERS/domain-e-retroflex-residue.csv","DATA","SRC-047","CONTRIBUTING","","IG-SRC-047",""
"CS-3586","RES-088","03-REGISTERS/domain-e-retroflex-residue.csv","DATA","SRC-019","CONTRIBUTING","","IG-SRC-019",""
"CS-3587","RES-088","03-REGISTERS/domain-e-retroflex-residue.csv","DATA","SRC-022","CONTRIBUTING","","IG-SRC-021",""
"CS-3588","RES-088","03-REGISTERS/domain-e-retroflex-residue.csv","DATA","SRC-023","CONTRIBUTING","","IG-SRC-019",""
"CS-3589","RES-088","03-REGISTERS/domain-e-retroflex-residue.csv","DATA","SRC-047","CONTRIBUTING","","IG-SRC-047",""
"CS-3590","RES-089","03-REGISTERS/domain-e-retroflex-residue.csv","DATA","SRC-019","CONTRIBUTING","","IG-SRC-019",""
"CS-3591","RES-089","03-REGISTERS/domain-e-retroflex-residue.csv","DATA","SRC-022","CONTRIBUTING","","IG-SRC-021",""
"CS-3592","RES-089","03-REGISTERS/domain-e-retroflex-residue.csv","DATA","SRC-023","CONTRIBUTING","","IG-SRC-019",""
"CS-3593","RES-089","03-REGISTERS/domain-e-retroflex-residue.csv","DATA","SRC-047","CONTRIBUTING","","IG-SRC-047",""
"CS-3594","RES-090","03-REGISTERS/domain-e-retroflex-residue.csv","DATA","SRC-019","CONTRIBUTING","","IG-SRC-019",""
"CS-3595","RES-090","03-REGISTERS/domain-e-retroflex-residue.csv","DATA","SRC-022","CONTRIBUTING","","IG-SRC-021",""
"CS-3596","RES-090","03-REGISTERS/domain-e-retroflex-residue.csv","DATA","SRC-023","CONTRIBUTING","","IG-SRC-019",""
"CS-3597","RES-090","03-REGISTERS/domain-e-retroflex-residue.csv","DATA","SRC-047","CONTRIBUTING","","IG-SRC-047",""
"CS-3598","RES-091","03-REGISTERS/domain-e-retroflex-residue.csv","DATA","SRC-019","CONTRIBUTING","","IG-SRC-019",""
"CS-3599","RES-091","03-REGISTERS/domain-e-retroflex-residue.csv","DATA","SRC-022","CONTRIBUTING","","IG-SRC-021",""
"CS-3600","RES-091","03-REGISTERS/domain-e-retroflex-residue.csv","DATA","SRC-023","CONTRIBUTING","","IG-SRC-019",""
"CS-3601","RES-091","03-REGISTERS/domain-e-retroflex-residue.csv","DATA","SRC-047","CONTRIBUTING","","IG-SRC-047",""
"CS-3602","RES-092","03-REGISTERS/domain-e-retroflex-residue.csv","DATA","SRC-019","CONTRIBUTING","","IG-SRC-019",""
"CS-3603","RES-092","03-REGISTERS/domain-e-retroflex-residue.csv","DATA","SRC-022","CONTRIBUTING","","IG-SRC-021",""
"CS-3604","RES-092","03-REGISTERS/domain-e-retroflex-residue.csv","DATA","SRC-023","CONTRIBUTING","","IG-SRC-019",""
"CS-3605","RES-092","03-REGISTERS/domain-e-retroflex-residue.csv","DATA","SRC-047","CONTRIBUTING","","IG-SRC-047",""
"CS-3606","RES-093","03-REGISTERS/domain-e-retroflex-residue.csv","DATA","SRC-019","CONTRIBUTING","","IG-SRC-019",""
"CS-3607","RES-093","03-REGISTERS/domain-e-retroflex-residue.csv","DATA","SRC-022","CONTRIBUTING","","IG-SRC-021",""
"CS-3608","RES-093","03-REGISTERS/domain-e-retroflex-residue.csv","DATA","SRC-023","CONTRIBUTING","","IG-SRC-019",""
"CS-3609","RES-093","03-REGISTERS/domain-e-retroflex-residue.csv","DATA","SRC-047","CONTRIBUTING","","IG-SRC-047",""
"CS-3610","RES-094","03-REGISTERS/domain-e-retroflex-residue.csv","DATA","SRC-019","CONTRIBUTING","","IG-SRC-019",""
"CS-3611","RES-094","03-REGISTERS/domain-e-retroflex-residue.csv","DATA","SRC-022","CONTRIBUTING","","IG-SRC-021",""
"CS-3612","RES-094","03-REGISTERS/domain-e-retroflex-residue.csv","DATA","SRC-023","CONTRIBUTING","","IG-SRC-019",""
"CS-3613","RES-094","03-REGISTERS/domain-e-retroflex-residue.csv","DATA","SRC-047","CONTRIBUTING","","IG-SRC-047",""
"CS-3614","RES-095","03-REGISTERS/domain-e-retroflex-residue.csv","DATA","SRC-019","CONTRIBUTING","","IG-SRC-019",""
"CS-3615","RES-095","03-REGISTERS/domain-e-retroflex-residue.csv","DATA","SRC-022","CONTRIBUTING","","IG-SRC-021",""
"CS-3616","RES-095","03-REGISTERS/domain-e-retroflex-residue.csv","DATA","SRC-023","CONTRIBUTING","","IG-SRC-019",""
"CS-3617","RES-095","03-REGISTERS/domain-e-retroflex-residue.csv","DATA","SRC-047","CONTRIBUTING","","IG-SRC-047",""
"CS-3618","RES-096","03-REGISTERS/domain-e-retroflex-residue.csv","DATA","SRC-019","CONTRIBUTING","","IG-SRC-019",""
"CS-3619","RES-096","03-REGISTERS/domain-e-retroflex-residue.csv","DATA","SRC-022","CONTRIBUTING","","IG-SRC-021",""
"CS-3620","RES-096","03-REGISTERS/domain-e-retroflex-residue.csv","DATA","SRC-023","CONTRIBUTING","","IG-SRC-019",""
"CS-3621","RES-096","03-REGISTERS/domain-e-retroflex-residue.csv","DATA","SRC-047","CONTRIBUTING","","IG-SRC-047",""
"CS-3622","RES-097","03-REGISTERS/domain-e-retroflex-residue.csv","DATA","SRC-019","CONTRIBUTING","","IG-SRC-019",""
"CS-3623","RES-097","03-REGISTERS/domain-e-retroflex-residue.csv","DATA","SRC-022","CONTRIBUTING","","IG-SRC-021",""
"CS-3624","RES-097","03-REGISTERS/domain-e-retroflex-residue.csv","DATA","SRC-023","CONTRIBUTING","","IG-SRC-019",""
"CS-3625","RES-097","03-REGISTERS/domain-e-retroflex-residue.csv","DATA","SRC-047","CONTRIBUTING","","IG-SRC-047",""
"CS-3626","RES-098","03-REGISTERS/domain-e-retroflex-residue.csv","DATA","SRC-019","CONTRIBUTING","","IG-SRC-019",""
"CS-3627","RES-098","03-REGISTERS/domain-e-retroflex-residue.csv","DATA","SRC-022","CONTRIBUTING","","IG-SRC-021",""
"CS-3628","RES-098","03-REGISTERS/domain-e-retroflex-residue.csv","DATA","SRC-023","CONTRIBUTING","","IG-SRC-019",""
"CS-3629","RES-098","03-REGISTERS/domain-e-retroflex-residue.csv","DATA","SRC-047","CONTRIBUTING","","IG-SRC-047",""
"CS-3630","RES-099","03-REGISTERS/domain-e-retroflex-residue.csv","DATA","SRC-019","CONTRIBUTING","","IG-SRC-019",""
"CS-3631","RES-099","03-REGISTERS/domain-e-retroflex-residue.csv","DATA","SRC-022","CONTRIBUTING","","IG-SRC-021",""
"CS-3632","RES-099","03-REGISTERS/domain-e-retroflex-residue.csv","DATA","SRC-023","CONTRIBUTING","","IG-SRC-019",""
"CS-3633","RES-099","03-REGISTERS/domain-e-retroflex-residue.csv","DATA","SRC-047","CONTRIBUTING","","IG-SRC-047",""
"CS-3634","RES-100","03-REGISTERS/domain-e-retroflex-residue.csv","DATA","SRC-019","CONTRIBUTING","","IG-SRC-019",""
"CS-3635","RES-100","03-REGISTERS/domain-e-retroflex-residue.csv","DATA","SRC-022","CONTRIBUTING","","IG-SRC-021",""
"CS-3636","RES-100","03-REGISTERS/domain-e-retroflex-residue.csv","DATA","SRC-023","CONTRIBUTING","","IG-SRC-019",""
"CS-3637","RES-100","03-REGISTERS/domain-e-retroflex-residue.csv","DATA","SRC-047","CONTRIBUTING","","IG-SRC-047",""
"CS-3638","RES-101","03-REGISTERS/domain-e-retroflex-residue.csv","DATA","SRC-019","CONTRIBUTING","","IG-SRC-019",""
"CS-3639","RES-101","03-REGISTERS/domain-e-retroflex-residue.csv","DATA","SRC-022","CONTRIBUTING","","IG-SRC-021",""
"CS-3640","RES-101","03-REGISTERS/domain-e-retroflex-residue.csv","DATA","SRC-023","CONTRIBUTING","","IG-SRC-019",""
"CS-3641","RES-101","03-REGISTERS/domain-e-retroflex-residue.csv","DATA","SRC-047","CONTRIBUTING","","IG-SRC-047",""
"CS-3642","RES-102","03-REGISTERS/domain-e-retroflex-residue.csv","DATA","SRC-019","CONTRIBUTING","","IG-SRC-019",""
"CS-3643","RES-102","03-REGISTERS/domain-e-retroflex-residue.csv","DATA","SRC-022","CONTRIBUTING","","IG-SRC-021",""
"CS-3644","RES-102","03-REGISTERS/domain-e-retroflex-residue.csv","DATA","SRC-023","CONTRIBUTING","","IG-SRC-019",""
"CS-3645","RES-102","03-REGISTERS/domain-e-retroflex-residue.csv","DATA","SRC-047","CONTRIBUTING","","IG-SRC-047",""
"CS-3646","RES-103","03-REGISTERS/domain-e-retroflex-residue.csv","DATA","SRC-019","CONTRIBUTING","","IG-SRC-019",""
"CS-3647","RES-103","03-REGISTERS/domain-e-retroflex-residue.csv","DATA","SRC-022","CONTRIBUTING","","IG-SRC-021",""
"CS-3648","RES-103","03-REGISTERS/domain-e-retroflex-residue.csv","DATA","SRC-023","CONTRIBUTING","","IG-SRC-019",""
"CS-3649","RES-103","03-REGISTERS/domain-e-retroflex-residue.csv","DATA","SRC-047","CONTRIBUTING","","IG-SRC-047",""
"CS-3650","RES-104","03-REGISTERS/domain-e-retroflex-residue.csv","DATA","SRC-019","CONTRIBUTING","","IG-SRC-019",""
"CS-3651","RES-104","03-REGISTERS/domain-e-retroflex-residue.csv","DATA","SRC-022","CONTRIBUTING","","IG-SRC-021",""
"CS-3652","RES-104","03-REGISTERS/domain-e-retroflex-residue.csv","DATA","SRC-023","CONTRIBUTING","","IG-SRC-019",""
"CS-3653","RES-104","03-REGISTERS/domain-e-retroflex-residue.csv","DATA","SRC-047","CONTRIBUTING","","IG-SRC-047",""
"CS-3654","RES-105","03-REGISTERS/domain-e-retroflex-residue.csv","DATA","SRC-019","CONTRIBUTING","","IG-SRC-019",""
"CS-3655","RES-105","03-REGISTERS/domain-e-retroflex-residue.csv","DATA","SRC-022","CONTRIBUTING","","IG-SRC-021",""
"CS-3656","RES-105","03-REGISTERS/domain-e-retroflex-residue.csv","DATA","SRC-023","CONTRIBUTING","","IG-SRC-019",""
"CS-3657","RES-105","03-REGISTERS/domain-e-retroflex-residue.csv","DATA","SRC-047","CONTRIBUTING","","IG-SRC-047",""
"CS-3658","RES-106","03-REGISTERS/domain-e-retroflex-residue.csv","DATA","SRC-019","CONTRIBUTING","","IG-SRC-019",""
"CS-3659","RES-106","03-REGISTERS/domain-e-retroflex-residue.csv","DATA","SRC-022","CONTRIBUTING","","IG-SRC-021",""
"CS-3660","RES-106","03-REGISTERS/domain-e-retroflex-residue.csv","DATA","SRC-023","CONTRIBUTING","","IG-SRC-019",""
"CS-3661","RES-106","03-REGISTERS/domain-e-retroflex-residue.csv","DATA","SRC-047","CONTRIBUTING","","IG-SRC-047",""
"CS-3662","RES-107","03-REGISTERS/domain-e-retroflex-residue.csv","DATA","SRC-019","CONTRIBUTING","","IG-SRC-019",""
"CS-3663","RES-107","03-REGISTERS/domain-e-retroflex-residue.csv","DATA","SRC-022","CONTRIBUTING","","IG-SRC-021",""
"CS-3664","RES-107","03-REGISTERS/domain-e-retroflex-residue.csv","DATA","SRC-023","CONTRIBUTING","","IG-SRC-019",""
"CS-3665","RES-107","03-REGISTERS/domain-e-retroflex-residue.csv","DATA","SRC-047","CONTRIBUTING","","IG-SRC-047",""
"CS-3666","RES-108","03-REGISTERS/domain-e-retroflex-residue.csv","DATA","SRC-019","CONTRIBUTING","","IG-SRC-019",""
"CS-3667","RES-108","03-REGISTERS/domain-e-retroflex-residue.csv","DATA","SRC-022","CONTRIBUTING","","IG-SRC-021",""
"CS-3668","RES-108","03-REGISTERS/domain-e-retroflex-residue.csv","DATA","SRC-023","CONTRIBUTING","","IG-SRC-019",""
"CS-3669","RES-108","03-REGISTERS/domain-e-retroflex-residue.csv","DATA","SRC-047","CONTRIBUTING","","IG-SRC-047",""
"CS-3670","RES-109","03-REGISTERS/domain-e-retroflex-residue.csv","DATA","SRC-019","CONTRIBUTING","","IG-SRC-019",""
"CS-3671","RES-109","03-REGISTERS/domain-e-retroflex-residue.csv","DATA","SRC-022","CONTRIBUTING","","IG-SRC-021",""
"CS-3672","RES-109","03-REGISTERS/domain-e-retroflex-residue.csv","DATA","SRC-023","CONTRIBUTING","","IG-SRC-019",""
"CS-3673","RES-109","03-REGISTERS/domain-e-retroflex-residue.csv","DATA","SRC-047","CONTRIBUTING","","IG-SRC-047",""
"CS-3674","RES-110","03-REGISTERS/domain-e-retroflex-residue.csv","DATA","SRC-019","CONTRIBUTING","","IG-SRC-019",""
"CS-3675","RES-110","03-REGISTERS/domain-e-retroflex-residue.csv","DATA","SRC-022","CONTRIBUTING","","IG-SRC-021",""
"CS-3676","RES-110","03-REGISTERS/domain-e-retroflex-residue.csv","DATA","SRC-023","CONTRIBUTING","","IG-SRC-019",""
"CS-3677","RES-110","03-REGISTERS/domain-e-retroflex-residue.csv","DATA","SRC-047","CONTRIBUTING","","IG-SRC-047",""
"CS-3678","RES-111","03-REGISTERS/domain-e-retroflex-residue.csv","DATA","SRC-019","CONTRIBUTING","","IG-SRC-019",""
"CS-3679","RES-111","03-REGISTERS/domain-e-retroflex-residue.csv","DATA","SRC-022","CONTRIBUTING","","IG-SRC-021",""
"CS-3680","RES-111","03-REGISTERS/domain-e-retroflex-residue.csv","DATA","SRC-023","CONTRIBUTING","","IG-SRC-019",""
"CS-3681","RES-111","03-REGISTERS/domain-e-retroflex-residue.csv","DATA","SRC-047","CONTRIBUTING","","IG-SRC-047",""
"CS-3682","RES-112","03-REGISTERS/domain-e-retroflex-residue.csv","DATA","SRC-019","CONTRIBUTING","","IG-SRC-019",""
"CS-3683","RES-112","03-REGISTERS/domain-e-retroflex-residue.csv","DATA","SRC-022","CONTRIBUTING","","IG-SRC-021",""
"CS-3684","RES-112","03-REGISTERS/domain-e-retroflex-residue.csv","DATA","SRC-023","CONTRIBUTING","","IG-SRC-019",""
"CS-3685","RES-112","03-REGISTERS/domain-e-retroflex-residue.csv","DATA","SRC-047","CONTRIBUTING","","IG-SRC-047",""
"CS-3686","RES-113","03-REGISTERS/domain-e-retroflex-residue.csv","DATA","SRC-019","CONTRIBUTING","","IG-SRC-019",""
"CS-3687","RES-113","03-REGISTERS/domain-e-retroflex-residue.csv","DATA","SRC-022","CONTRIBUTING","","IG-SRC-021",""
"CS-3688","RES-113","03-REGISTERS/domain-e-retroflex-residue.csv","DATA","SRC-023","CONTRIBUTING","","IG-SRC-019",""
"CS-3689","RES-113","03-REGISTERS/domain-e-retroflex-residue.csv","DATA","SRC-047","CONTRIBUTING","","IG-SRC-047",""
"CS-3690","RES-114","03-REGISTERS/domain-e-retroflex-residue.csv","DATA","SRC-019","CONTRIBUTING","","IG-SRC-019",""
"CS-3691","RES-114","03-REGISTERS/domain-e-retroflex-residue.csv","DATA","SRC-022","CONTRIBUTING","","IG-SRC-021",""
"CS-3692","RES-114","03-REGISTERS/domain-e-retroflex-residue.csv","DATA","SRC-023","CONTRIBUTING","","IG-SRC-019",""
"CS-3693","RES-114","03-REGISTERS/domain-e-retroflex-residue.csv","DATA","SRC-047","CONTRIBUTING","","IG-SRC-047",""
"CS-3694","RES-115","03-REGISTERS/domain-e-retroflex-residue.csv","DATA","SRC-019","CONTRIBUTING","","IG-SRC-019",""
"CS-3695","RES-115","03-REGISTERS/domain-e-retroflex-residue.csv","DATA","SRC-022","CONTRIBUTING","","IG-SRC-021",""
"CS-3696","RES-115","03-REGISTERS/domain-e-retroflex-residue.csv","DATA","SRC-023","CONTRIBUTING","","IG-SRC-019",""
"CS-3697","RES-115","03-REGISTERS/domain-e-retroflex-residue.csv","DATA","SRC-047","CONTRIBUTING","","IG-SRC-047",""
"CS-3698","RES-116","03-REGISTERS/domain-e-retroflex-residue.csv","DATA","SRC-019","CONTRIBUTING","","IG-SRC-019",""
"CS-3699","RES-116","03-REGISTERS/domain-e-retroflex-residue.csv","DATA","SRC-022","CONTRIBUTING","","IG-SRC-021",""
"CS-3700","RES-116","03-REGISTERS/domain-e-retroflex-residue.csv","DATA","SRC-023","CONTRIBUTING","","IG-SRC-019",""
"CS-3701","RES-116","03-REGISTERS/domain-e-retroflex-residue.csv","DATA","SRC-047","CONTRIBUTING","","IG-SRC-047",""
"CS-3702","RES-117","03-REGISTERS/domain-e-retroflex-residue.csv","DATA","SRC-019","CONTRIBUTING","","IG-SRC-019",""
"CS-3703","RES-117","03-REGISTERS/domain-e-retroflex-residue.csv","DATA","SRC-022","CONTRIBUTING","","IG-SRC-021",""
"CS-3704","RES-117","03-REGISTERS/domain-e-retroflex-residue.csv","DATA","SRC-023","CONTRIBUTING","","IG-SRC-019",""
"CS-3705","RES-117","03-REGISTERS/domain-e-retroflex-residue.csv","DATA","SRC-047","CONTRIBUTING","","IG-SRC-047",""
"CS-3706","RES-118","03-REGISTERS/domain-e-retroflex-residue.csv","DATA","SRC-019","CONTRIBUTING","","IG-SRC-019",""
"CS-3707","RES-118","03-REGISTERS/domain-e-retroflex-residue.csv","DATA","SRC-022","CONTRIBUTING","","IG-SRC-021",""
"CS-3708","RES-118","03-REGISTERS/domain-e-retroflex-residue.csv","DATA","SRC-023","CONTRIBUTING","","IG-SRC-019",""
"CS-3709","RES-118","03-REGISTERS/domain-e-retroflex-residue.csv","DATA","SRC-047","CONTRIBUTING","","IG-SRC-047",""
"CS-3710","RES-119","03-REGISTERS/domain-e-retroflex-residue.csv","DATA","SRC-019","CONTRIBUTING","","IG-SRC-019",""
"CS-3711","RES-119","03-REGISTERS/domain-e-retroflex-residue.csv","DATA","SRC-022","CONTRIBUTING","","IG-SRC-021",""
"CS-3712","RES-119","03-REGISTERS/domain-e-retroflex-residue.csv","DATA","SRC-023","CONTRIBUTING","","IG-SRC-019",""
"CS-3713","RES-119","03-REGISTERS/domain-e-retroflex-residue.csv","DATA","SRC-047","CONTRIBUTING","","IG-SRC-047",""
"CS-3714","RES-120","03-REGISTERS/domain-e-retroflex-residue.csv","DATA","SRC-019","CONTRIBUTING","","IG-SRC-019",""
"CS-3715","RES-120","03-REGISTERS/domain-e-retroflex-residue.csv","DATA","SRC-022","CONTRIBUTING","","IG-SRC-021",""
"CS-3716","RES-120","03-REGISTERS/domain-e-retroflex-residue.csv","DATA","SRC-023","CONTRIBUTING","","IG-SRC-019",""
"CS-3717","RES-120","03-REGISTERS/domain-e-retroflex-residue.csv","DATA","SRC-047","CONTRIBUTING","","IG-SRC-047",""
"CS-3718","RES-121","03-REGISTERS/domain-e-retroflex-residue.csv","DATA","SRC-019","CONTRIBUTING","","IG-SRC-019",""
"CS-3719","RES-121","03-REGISTERS/domain-e-retroflex-residue.csv","DATA","SRC-022","CONTRIBUTING","","IG-SRC-021",""
"CS-3720","RES-121","03-REGISTERS/domain-e-retroflex-residue.csv","DATA","SRC-023","CONTRIBUTING","","IG-SRC-019",""
"CS-3721","RES-121","03-REGISTERS/domain-e-retroflex-residue.csv","DATA","SRC-047","CONTRIBUTING","","IG-SRC-047",""
"CS-3722","RES-122","03-REGISTERS/domain-e-retroflex-residue.csv","DATA","SRC-019","CONTRIBUTING","","IG-SRC-019",""
"CS-3723","RES-122","03-REGISTERS/domain-e-retroflex-residue.csv","DATA","SRC-022","CONTRIBUTING","","IG-SRC-021",""
"CS-3724","RES-122","03-REGISTERS/domain-e-retroflex-residue.csv","DATA","SRC-023","CONTRIBUTING","","IG-SRC-019",""
"CS-3725","RES-122","03-REGISTERS/domain-e-retroflex-residue.csv","DATA","SRC-047","CONTRIBUTING","","IG-SRC-047",""
"CS-3726","RES-123","03-REGISTERS/domain-e-retroflex-residue.csv","DATA","SRC-019","CONTRIBUTING","","IG-SRC-019",""
"CS-3727","RES-123","03-REGISTERS/domain-e-retroflex-residue.csv","DATA","SRC-022","CONTRIBUTING","","IG-SRC-021",""
"CS-3728","RES-123","03-REGISTERS/domain-e-retroflex-residue.csv","DATA","SRC-023","CONTRIBUTING","","IG-SRC-019",""
"CS-3729","RES-123","03-REGISTERS/domain-e-retroflex-residue.csv","DATA","SRC-047","CONTRIBUTING","","IG-SRC-047",""
"CS-3730","RES-124","03-REGISTERS/domain-e-retroflex-residue.csv","DATA","SRC-019","CONTRIBUTING","","IG-SRC-019",""
"CS-3731","RES-124","03-REGISTERS/domain-e-retroflex-residue.csv","DATA","SRC-022","CONTRIBUTING","","IG-SRC-021",""
"CS-3732","RES-124","03-REGISTERS/domain-e-retroflex-residue.csv","DATA","SRC-023","CONTRIBUTING","","IG-SRC-019",""
"CS-3733","RES-124","03-REGISTERS/domain-e-retroflex-residue.csv","DATA","SRC-047","CONTRIBUTING","","IG-SRC-047",""
"CS-3734","RES-125","03-REGISTERS/domain-e-retroflex-residue.csv","DATA","SRC-019","CONTRIBUTING","","IG-SRC-019",""
"CS-3735","RES-125","03-REGISTERS/domain-e-retroflex-residue.csv","DATA","SRC-022","CONTRIBUTING","","IG-SRC-021",""
"CS-3736","RES-125","03-REGISTERS/domain-e-retroflex-residue.csv","DATA","SRC-023","CONTRIBUTING","","IG-SRC-019",""
"CS-3737","RES-125","03-REGISTERS/domain-e-retroflex-residue.csv","DATA","SRC-047","CONTRIBUTING","","IG-SRC-047",""
"CS-3738","RES-126","03-REGISTERS/domain-e-retroflex-residue.csv","DATA","SRC-019","CONTRIBUTING","","IG-SRC-019",""
"CS-3739","RES-126","03-REGISTERS/domain-e-retroflex-residue.csv","DATA","SRC-022","CONTRIBUTING","","IG-SRC-021",""
"CS-3740","RES-126","03-REGISTERS/domain-e-retroflex-residue.csv","DATA","SRC-023","CONTRIBUTING","","IG-SRC-019",""
"CS-3741","RES-126","03-REGISTERS/domain-e-retroflex-residue.csv","DATA","SRC-047","CONTRIBUTING","","IG-SRC-047",""
"CS-3742","RES-127","03-REGISTERS/domain-e-retroflex-residue.csv","DATA","SRC-019","CONTRIBUTING","","IG-SRC-019",""
"CS-3743","RES-127","03-REGISTERS/domain-e-retroflex-residue.csv","DATA","SRC-022","CONTRIBUTING","","IG-SRC-021",""
"CS-3744","RES-127","03-REGISTERS/domain-e-retroflex-residue.csv","DATA","SRC-023","CONTRIBUTING","","IG-SRC-019",""
"CS-3745","RES-127","03-REGISTERS/domain-e-retroflex-residue.csv","DATA","SRC-047","CONTRIBUTING","","IG-SRC-047",""
"CS-3746","RES-128","03-REGISTERS/domain-e-retroflex-residue.csv","DATA","SRC-019","CONTRIBUTING","","IG-SRC-019",""
"CS-3747","RES-128","03-REGISTERS/domain-e-retroflex-residue.csv","DATA","SRC-022","CONTRIBUTING","","IG-SRC-021",""
"CS-3748","RES-128","03-REGISTERS/domain-e-retroflex-residue.csv","DATA","SRC-023","CONTRIBUTING","","IG-SRC-019",""
"CS-3749","RES-128","03-REGISTERS/domain-e-retroflex-residue.csv","DATA","SRC-047","CONTRIBUTING","","IG-SRC-047",""
"CS-3750","RES-129","03-REGISTERS/domain-e-retroflex-residue.csv","DATA","SRC-019","CONTRIBUTING","","IG-SRC-019",""
"CS-3751","RES-129","03-REGISTERS/domain-e-retroflex-residue.csv","DATA","SRC-022","CONTRIBUTING","","IG-SRC-021",""
"CS-3752","RES-129","03-REGISTERS/domain-e-retroflex-residue.csv","DATA","SRC-023","CONTRIBUTING","","IG-SRC-019",""
"CS-3753","RES-129","03-REGISTERS/domain-e-retroflex-residue.csv","DATA","SRC-047","CONTRIBUTING","","IG-SRC-047",""
"CS-3754","RES-130","03-REGISTERS/domain-e-retroflex-residue.csv","DATA","SRC-019","CONTRIBUTING","","IG-SRC-019",""
"CS-3755","RES-130","03-REGISTERS/domain-e-retroflex-residue.csv","DATA","SRC-022","CONTRIBUTING","","IG-SRC-021",""
"CS-3756","RES-130","03-REGISTERS/domain-e-retroflex-residue.csv","DATA","SRC-023","CONTRIBUTING","","IG-SRC-019",""
"CS-3757","RES-130","03-REGISTERS/domain-e-retroflex-residue.csv","DATA","SRC-047","CONTRIBUTING","","IG-SRC-047",""
"CS-3758","RES-131","03-REGISTERS/domain-e-retroflex-residue.csv","DATA","SRC-019","CONTRIBUTING","","IG-SRC-019",""
"CS-3759","RES-131","03-REGISTERS/domain-e-retroflex-residue.csv","DATA","SRC-022","CONTRIBUTING","","IG-SRC-021",""
"CS-3760","RES-131","03-REGISTERS/domain-e-retroflex-residue.csv","DATA","SRC-023","CONTRIBUTING","","IG-SRC-019",""
"CS-3761","RES-131","03-REGISTERS/domain-e-retroflex-residue.csv","DATA","SRC-047","CONTRIBUTING","","IG-SRC-047",""
"CS-3762","RES-132","03-REGISTERS/domain-e-retroflex-residue.csv","DATA","SRC-019","CONTRIBUTING","","IG-SRC-019",""
"CS-3763","RES-132","03-REGISTERS/domain-e-retroflex-residue.csv","DATA","SRC-022","CONTRIBUTING","","IG-SRC-021",""
"CS-3764","RES-132","03-REGISTERS/domain-e-retroflex-residue.csv","DATA","SRC-023","CONTRIBUTING","","IG-SRC-019",""
"CS-3765","RES-132","03-REGISTERS/domain-e-retroflex-residue.csv","DATA","SRC-047","CONTRIBUTING","","IG-SRC-047",""
"CS-3766","RES-133","03-REGISTERS/domain-e-retroflex-residue.csv","DATA","SRC-019","CONTRIBUTING","","IG-SRC-019",""
"CS-3767","RES-133","03-REGISTERS/domain-e-retroflex-residue.csv","DATA","SRC-022","CONTRIBUTING","","IG-SRC-021",""
"CS-3768","RES-133","03-REGISTERS/domain-e-retroflex-residue.csv","DATA","SRC-023","CONTRIBUTING","","IG-SRC-019",""
"CS-3769","RES-133","03-REGISTERS/domain-e-retroflex-residue.csv","DATA","SRC-047","CONTRIBUTING","","IG-SRC-047",""
"CS-3770","RES-134","03-REGISTERS/domain-e-retroflex-residue.csv","DATA","SRC-019","CONTRIBUTING","","IG-SRC-019",""
"CS-3771","RES-134","03-REGISTERS/domain-e-retroflex-residue.csv","DATA","SRC-022","CONTRIBUTING","","IG-SRC-021",""
"CS-3772","RES-134","03-REGISTERS/domain-e-retroflex-residue.csv","DATA","SRC-023","CONTRIBUTING","","IG-SRC-019",""
"CS-3773","RES-134","03-REGISTERS/domain-e-retroflex-residue.csv","DATA","SRC-047","CONTRIBUTING","","IG-SRC-047",""
"CS-3774","RES-135","03-REGISTERS/domain-e-retroflex-residue.csv","DATA","SRC-019","CONTRIBUTING","","IG-SRC-019",""
"CS-3775","RES-135","03-REGISTERS/domain-e-retroflex-residue.csv","DATA","SRC-022","CONTRIBUTING","","IG-SRC-021",""
"CS-3776","RES-135","03-REGISTERS/domain-e-retroflex-residue.csv","DATA","SRC-023","CONTRIBUTING","","IG-SRC-019",""
"CS-3777","RES-135","03-REGISTERS/domain-e-retroflex-residue.csv","DATA","SRC-047","CONTRIBUTING","","IG-SRC-047",""
"CS-3778","RES-136","03-REGISTERS/domain-e-retroflex-residue.csv","DATA","SRC-019","CONTRIBUTING","","IG-SRC-019",""
"CS-3779","RES-136","03-REGISTERS/domain-e-retroflex-residue.csv","DATA","SRC-022","CONTRIBUTING","","IG-SRC-021",""
"CS-3780","RES-136","03-REGISTERS/domain-e-retroflex-residue.csv","DATA","SRC-023","CONTRIBUTING","","IG-SRC-019",""
"CS-3781","RES-136","03-REGISTERS/domain-e-retroflex-residue.csv","DATA","SRC-047","CONTRIBUTING","","IG-SRC-047",""
"CS-3782","RES-137","03-REGISTERS/domain-e-retroflex-residue.csv","DATA","SRC-019","CONTRIBUTING","","IG-SRC-019",""
"CS-3783","RES-137","03-REGISTERS/domain-e-retroflex-residue.csv","DATA","SRC-022","CONTRIBUTING","","IG-SRC-021",""
"CS-3784","RES-137","03-REGISTERS/domain-e-retroflex-residue.csv","DATA","SRC-023","CONTRIBUTING","","IG-SRC-019",""
"CS-3785","RES-137","03-REGISTERS/domain-e-retroflex-residue.csv","DATA","SRC-047","CONTRIBUTING","","IG-SRC-047",""
"CS-3786","RES-138","03-REGISTERS/domain-e-retroflex-residue.csv","DATA","SRC-019","CONTRIBUTING","","IG-SRC-019",""
"CS-3787","RES-138","03-REGISTERS/domain-e-retroflex-residue.csv","DATA","SRC-022","CONTRIBUTING","","IG-SRC-021",""
"CS-3788","RES-138","03-REGISTERS/domain-e-retroflex-residue.csv","DATA","SRC-023","CONTRIBUTING","","IG-SRC-019",""
"CS-3789","RES-138","03-REGISTERS/domain-e-retroflex-residue.csv","DATA","SRC-047","CONTRIBUTING","","IG-SRC-047",""
"CS-3790","RES-139","03-REGISTERS/domain-e-retroflex-residue.csv","DATA","SRC-019","CONTRIBUTING","","IG-SRC-019",""
"CS-3791","RES-139","03-REGISTERS/domain-e-retroflex-residue.csv","DATA","SRC-022","CONTRIBUTING","","IG-SRC-021",""
"CS-3792","RES-139","03-REGISTERS/domain-e-retroflex-residue.csv","DATA","SRC-023","CONTRIBUTING","","IG-SRC-019",""
"CS-3793","RES-139","03-REGISTERS/domain-e-retroflex-residue.csv","DATA","SRC-047","CONTRIBUTING","","IG-SRC-047",""
"CS-3794","RES-140","03-REGISTERS/domain-e-retroflex-residue.csv","DATA","SRC-019","CONTRIBUTING","","IG-SRC-019",""
"CS-3795","RES-140","03-REGISTERS/domain-e-retroflex-residue.csv","DATA","SRC-022","CONTRIBUTING","","IG-SRC-021",""
"CS-3796","RES-140","03-REGISTERS/domain-e-retroflex-residue.csv","DATA","SRC-023","CONTRIBUTING","","IG-SRC-019",""
"CS-3797","RES-140","03-REGISTERS/domain-e-retroflex-residue.csv","DATA","SRC-047","CONTRIBUTING","","IG-SRC-047",""
"CS-3798","RES-141","03-REGISTERS/domain-e-retroflex-residue.csv","DATA","SRC-019","CONTRIBUTING","","IG-SRC-019",""
"CS-3799","RES-141","03-REGISTERS/domain-e-retroflex-residue.csv","DATA","SRC-022","CONTRIBUTING","","IG-SRC-021",""
"CS-3800","RES-141","03-REGISTERS/domain-e-retroflex-residue.csv","DATA","SRC-023","CONTRIBUTING","","IG-SRC-019",""
"CS-3801","RES-141","03-REGISTERS/domain-e-retroflex-residue.csv","DATA","SRC-047","CONTRIBUTING","","IG-SRC-047",""
"CS-3802","RES-142","03-REGISTERS/domain-e-retroflex-residue.csv","DATA","SRC-019","CONTRIBUTING","","IG-SRC-019",""
"CS-3803","RES-142","03-REGISTERS/domain-e-retroflex-residue.csv","DATA","SRC-022","CONTRIBUTING","","IG-SRC-021",""
"CS-3804","RES-142","03-REGISTERS/domain-e-retroflex-residue.csv","DATA","SRC-023","CONTRIBUTING","","IG-SRC-019",""
"CS-3805","RES-142","03-REGISTERS/domain-e-retroflex-residue.csv","DATA","SRC-047","CONTRIBUTING","","IG-SRC-047",""
"CS-3806","RES-143","03-REGISTERS/domain-e-retroflex-residue.csv","DATA","SRC-019","CONTRIBUTING","","IG-SRC-019",""
"CS-3807","RES-143","03-REGISTERS/domain-e-retroflex-residue.csv","DATA","SRC-022","CONTRIBUTING","","IG-SRC-021",""
"CS-3808","RES-143","03-REGISTERS/domain-e-retroflex-residue.csv","DATA","SRC-023","CONTRIBUTING","","IG-SRC-019",""
"CS-3809","RES-143","03-REGISTERS/domain-e-retroflex-residue.csv","DATA","SRC-047","CONTRIBUTING","","IG-SRC-047",""
"CS-3810","RES-144","03-REGISTERS/domain-e-retroflex-residue.csv","DATA","SRC-019","CONTRIBUTING","","IG-SRC-019",""
"CS-3811","RES-144","03-REGISTERS/domain-e-retroflex-residue.csv","DATA","SRC-022","CONTRIBUTING","","IG-SRC-021",""
"CS-3812","RES-144","03-REGISTERS/domain-e-retroflex-residue.csv","DATA","SRC-023","CONTRIBUTING","","IG-SRC-019",""
"CS-3813","RES-144","03-REGISTERS/domain-e-retroflex-residue.csv","DATA","SRC-047","CONTRIBUTING","","IG-SRC-047",""
"CS-3814","RES-145","03-REGISTERS/domain-e-retroflex-residue.csv","DATA","SRC-019","CONTRIBUTING","","IG-SRC-019",""
"CS-3815","RES-145","03-REGISTERS/domain-e-retroflex-residue.csv","DATA","SRC-022","CONTRIBUTING","","IG-SRC-021",""
"CS-3816","RES-145","03-REGISTERS/domain-e-retroflex-residue.csv","DATA","SRC-023","CONTRIBUTING","","IG-SRC-019",""
"CS-3817","RES-145","03-REGISTERS/domain-e-retroflex-residue.csv","DATA","SRC-047","CONTRIBUTING","","IG-SRC-047",""
"CS-3818","RES-146","03-REGISTERS/domain-e-retroflex-residue.csv","DATA","SRC-019","CONTRIBUTING","","IG-SRC-019",""
"CS-3819","RES-146","03-REGISTERS/domain-e-retroflex-residue.csv","DATA","SRC-022","CONTRIBUTING","","IG-SRC-021",""
"CS-3820","RES-146","03-REGISTERS/domain-e-retroflex-residue.csv","DATA","SRC-023","CONTRIBUTING","","IG-SRC-019",""
"CS-3821","RES-146","03-REGISTERS/domain-e-retroflex-residue.csv","DATA","SRC-047","CONTRIBUTING","","IG-SRC-047",""
"CS-3822","RES-147","03-REGISTERS/domain-e-retroflex-residue.csv","DATA","SRC-019","CONTRIBUTING","","IG-SRC-019",""
"CS-3823","RES-147","03-REGISTERS/domain-e-retroflex-residue.csv","DATA","SRC-022","CONTRIBUTING","","IG-SRC-021",""
"CS-3824","RES-147","03-REGISTERS/domain-e-retroflex-residue.csv","DATA","SRC-023","CONTRIBUTING","","IG-SRC-019",""
"CS-3825","RES-147","03-REGISTERS/domain-e-retroflex-residue.csv","DATA","SRC-047","CONTRIBUTING","","IG-SRC-047",""
"CS-3826","RES-148","03-REGISTERS/domain-e-retroflex-residue.csv","DATA","SRC-019","CONTRIBUTING","","IG-SRC-019",""
"CS-3827","RES-148","03-REGISTERS/domain-e-retroflex-residue.csv","DATA","SRC-022","CONTRIBUTING","","IG-SRC-021",""
"CS-3828","RES-148","03-REGISTERS/domain-e-retroflex-residue.csv","DATA","SRC-023","CONTRIBUTING","","IG-SRC-019",""
"CS-3829","RES-148","03-REGISTERS/domain-e-retroflex-residue.csv","DATA","SRC-047","CONTRIBUTING","","IG-SRC-047",""
"CS-3830","RES-149","03-REGISTERS/domain-e-retroflex-residue.csv","DATA","SRC-019","CONTRIBUTING","","IG-SRC-019",""
"CS-3831","RES-149","03-REGISTERS/domain-e-retroflex-residue.csv","DATA","SRC-022","CONTRIBUTING","","IG-SRC-021",""
"CS-3832","RES-149","03-REGISTERS/domain-e-retroflex-residue.csv","DATA","SRC-023","CONTRIBUTING","","IG-SRC-019",""
"CS-3833","RES-149","03-REGISTERS/domain-e-retroflex-residue.csv","DATA","SRC-047","CONTRIBUTING","","IG-SRC-047",""
"CS-3834","RES-150","03-REGISTERS/domain-e-retroflex-residue.csv","DATA","SRC-019","CONTRIBUTING","","IG-SRC-019",""
"CS-3835","RES-150","03-REGISTERS/domain-e-retroflex-residue.csv","DATA","SRC-022","CONTRIBUTING","","IG-SRC-021",""
"CS-3836","RES-150","03-REGISTERS/domain-e-retroflex-residue.csv","DATA","SRC-023","CONTRIBUTING","","IG-SRC-019",""
"CS-3837","RES-150","03-REGISTERS/domain-e-retroflex-residue.csv","DATA","SRC-047","CONTRIBUTING","","IG-SRC-047",""
"CS-3838","RES-151","03-REGISTERS/domain-e-retroflex-residue.csv","DATA","SRC-019","CONTRIBUTING","","IG-SRC-019",""
"CS-3839","RES-151","03-REGISTERS/domain-e-retroflex-residue.csv","DATA","SRC-022","CONTRIBUTING","","IG-SRC-021",""
"CS-3840","RES-151","03-REGISTERS/domain-e-retroflex-residue.csv","DATA","SRC-023","CONTRIBUTING","","IG-SRC-019",""
"CS-3841","RES-151","03-REGISTERS/domain-e-retroflex-residue.csv","DATA","SRC-047","CONTRIBUTING","","IG-SRC-047",""
"CS-3842","RES-152","03-REGISTERS/domain-e-retroflex-residue.csv","DATA","SRC-019","CONTRIBUTING","","IG-SRC-019",""
"CS-3843","RES-152","03-REGISTERS/domain-e-retroflex-residue.csv","DATA","SRC-022","CONTRIBUTING","","IG-SRC-021",""
"CS-3844","RES-152","03-REGISTERS/domain-e-retroflex-residue.csv","DATA","SRC-023","CONTRIBUTING","","IG-SRC-019",""
"CS-3845","RES-152","03-REGISTERS/domain-e-retroflex-residue.csv","DATA","SRC-047","CONTRIBUTING","","IG-SRC-047",""
"CS-3846","RES-153","03-REGISTERS/domain-e-retroflex-residue.csv","DATA","SRC-019","CONTRIBUTING","","IG-SRC-019",""
"CS-3847","RES-153","03-REGISTERS/domain-e-retroflex-residue.csv","DATA","SRC-022","CONTRIBUTING","","IG-SRC-021",""
"CS-3848","RES-153","03-REGISTERS/domain-e-retroflex-residue.csv","DATA","SRC-023","CONTRIBUTING","","IG-SRC-019",""
"CS-3849","RES-153","03-REGISTERS/domain-e-retroflex-residue.csv","DATA","SRC-047","CONTRIBUTING","","IG-SRC-047",""
"CS-3850","RES-154","03-REGISTERS/domain-e-retroflex-residue.csv","DATA","SRC-019","CONTRIBUTING","","IG-SRC-019",""
"CS-3851","RES-154","03-REGISTERS/domain-e-retroflex-residue.csv","DATA","SRC-022","CONTRIBUTING","","IG-SRC-021",""
"CS-3852","RES-154","03-REGISTERS/domain-e-retroflex-residue.csv","DATA","SRC-023","CONTRIBUTING","","IG-SRC-019",""
"CS-3853","RES-154","03-REGISTERS/domain-e-retroflex-residue.csv","DATA","SRC-047","CONTRIBUTING","","IG-SRC-047",""
"CS-3854","RES-155","03-REGISTERS/domain-e-retroflex-residue.csv","DATA","SRC-019","CONTRIBUTING","","IG-SRC-019",""
"CS-3855","RES-155","03-REGISTERS/domain-e-retroflex-residue.csv","DATA","SRC-022","CONTRIBUTING","","IG-SRC-021",""
"CS-3856","RES-155","03-REGISTERS/domain-e-retroflex-residue.csv","DATA","SRC-023","CONTRIBUTING","","IG-SRC-019",""
"CS-3857","RES-155","03-REGISTERS/domain-e-retroflex-residue.csv","DATA","SRC-047","CONTRIBUTING","","IG-SRC-047",""
"CS-3858","RES-156","03-REGISTERS/domain-e-retroflex-residue.csv","DATA","SRC-019","CONTRIBUTING","","IG-SRC-019",""
"CS-3859","RES-156","03-REGISTERS/domain-e-retroflex-residue.csv","DATA","SRC-022","CONTRIBUTING","","IG-SRC-021",""
"CS-3860","RES-156","03-REGISTERS/domain-e-retroflex-residue.csv","DATA","SRC-023","CONTRIBUTING","","IG-SRC-019",""
"CS-3861","RES-156","03-REGISTERS/domain-e-retroflex-residue.csv","DATA","SRC-047","CONTRIBUTING","","IG-SRC-047",""
"CS-3862","RES-157","03-REGISTERS/domain-e-retroflex-residue.csv","DATA","SRC-019","CONTRIBUTING","","IG-SRC-019",""
"CS-3863","RES-157","03-REGISTERS/domain-e-retroflex-residue.csv","DATA","SRC-022","CONTRIBUTING","","IG-SRC-021",""
"CS-3864","RES-157","03-REGISTERS/domain-e-retroflex-residue.csv","DATA","SRC-023","CONTRIBUTING","","IG-SRC-019",""
"CS-3865","RES-157","03-REGISTERS/domain-e-retroflex-residue.csv","DATA","SRC-047","CONTRIBUTING","","IG-SRC-047",""
"CS-3866","RES-158","03-REGISTERS/domain-e-retroflex-residue.csv","DATA","SRC-019","CONTRIBUTING","","IG-SRC-019",""
"CS-3867","RES-158","03-REGISTERS/domain-e-retroflex-residue.csv","DATA","SRC-022","CONTRIBUTING","","IG-SRC-021",""
"CS-3868","RES-158","03-REGISTERS/domain-e-retroflex-residue.csv","DATA","SRC-023","CONTRIBUTING","","IG-SRC-019",""
"CS-3869","RES-158","03-REGISTERS/domain-e-retroflex-residue.csv","DATA","SRC-047","CONTRIBUTING","","IG-SRC-047",""
"CS-3870","RES-159","03-REGISTERS/domain-e-retroflex-residue.csv","DATA","SRC-019","CONTRIBUTING","","IG-SRC-019",""
"CS-3871","RES-159","03-REGISTERS/domain-e-retroflex-residue.csv","DATA","SRC-022","CONTRIBUTING","","IG-SRC-021",""
"CS-3872","RES-159","03-REGISTERS/domain-e-retroflex-residue.csv","DATA","SRC-023","CONTRIBUTING","","IG-SRC-019",""
"CS-3873","RES-159","03-REGISTERS/domain-e-retroflex-residue.csv","DATA","SRC-047","CONTRIBUTING","","IG-SRC-047",""
"CS-3874","RES-160","03-REGISTERS/domain-e-retroflex-residue.csv","DATA","SRC-019","CONTRIBUTING","","IG-SRC-019",""
"CS-3875","RES-160","03-REGISTERS/domain-e-retroflex-residue.csv","DATA","SRC-022","CONTRIBUTING","","IG-SRC-021",""
"CS-3876","RES-160","03-REGISTERS/domain-e-retroflex-residue.csv","DATA","SRC-023","CONTRIBUTING","","IG-SRC-019",""
"CS-3877","RES-160","03-REGISTERS/domain-e-retroflex-residue.csv","DATA","SRC-047","CONTRIBUTING","","IG-SRC-047",""
"CS-3878","RES-161","03-REGISTERS/domain-e-retroflex-residue.csv","DATA","SRC-019","CONTRIBUTING","","IG-SRC-019",""
"CS-3879","RES-161","03-REGISTERS/domain-e-retroflex-residue.csv","DATA","SRC-022","CONTRIBUTING","","IG-SRC-021",""
"CS-3880","RES-161","03-REGISTERS/domain-e-retroflex-residue.csv","DATA","SRC-023","CONTRIBUTING","","IG-SRC-019",""
"CS-3881","RES-161","03-REGISTERS/domain-e-retroflex-residue.csv","DATA","SRC-047","CONTRIBUTING","","IG-SRC-047",""
"CS-3882","RES-162","03-REGISTERS/domain-e-retroflex-residue.csv","DATA","SRC-019","CONTRIBUTING","","IG-SRC-019",""
"CS-3883","RES-162","03-REGISTERS/domain-e-retroflex-residue.csv","DATA","SRC-022","CONTRIBUTING","","IG-SRC-021",""
"CS-3884","RES-162","03-REGISTERS/domain-e-retroflex-residue.csv","DATA","SRC-023","CONTRIBUTING","","IG-SRC-019",""
"CS-3885","RES-162","03-REGISTERS/domain-e-retroflex-residue.csv","DATA","SRC-047","CONTRIBUTING","","IG-SRC-047",""
"CS-3886","RES-163","03-REGISTERS/domain-e-retroflex-residue.csv","DATA","SRC-019","CONTRIBUTING","","IG-SRC-019",""
"CS-3887","RES-163","03-REGISTERS/domain-e-retroflex-residue.csv","DATA","SRC-022","CONTRIBUTING","","IG-SRC-021",""
"CS-3888","RES-163","03-REGISTERS/domain-e-retroflex-residue.csv","DATA","SRC-023","CONTRIBUTING","","IG-SRC-019",""
"CS-3889","RES-163","03-REGISTERS/domain-e-retroflex-residue.csv","DATA","SRC-047","CONTRIBUTING","","IG-SRC-047",""
"CS-3890","RES-164","03-REGISTERS/domain-e-retroflex-residue.csv","DATA","SRC-019","CONTRIBUTING","","IG-SRC-019",""
"CS-3891","RES-164","03-REGISTERS/domain-e-retroflex-residue.csv","DATA","SRC-022","CONTRIBUTING","","IG-SRC-021",""
"CS-3892","RES-164","03-REGISTERS/domain-e-retroflex-residue.csv","DATA","SRC-023","CONTRIBUTING","","IG-SRC-019",""
"CS-3893","RES-164","03-REGISTERS/domain-e-retroflex-residue.csv","DATA","SRC-047","CONTRIBUTING","","IG-SRC-047",""
"CS-3894","RES-165","03-REGISTERS/domain-e-retroflex-residue.csv","DATA","SRC-019","CONTRIBUTING","","IG-SRC-019",""
"CS-3895","RES-165","03-REGISTERS/domain-e-retroflex-residue.csv","DATA","SRC-022","CONTRIBUTING","","IG-SRC-021",""
"CS-3896","RES-165","03-REGISTERS/domain-e-retroflex-residue.csv","DATA","SRC-023","CONTRIBUTING","","IG-SRC-019",""
"CS-3897","RES-165","03-REGISTERS/domain-e-retroflex-residue.csv","DATA","SRC-047","CONTRIBUTING","","IG-SRC-047",""
"CS-3898","RES-166","03-REGISTERS/domain-e-retroflex-residue.csv","DATA","SRC-019","CONTRIBUTING","","IG-SRC-019",""
"CS-3899","RES-166","03-REGISTERS/domain-e-retroflex-residue.csv","DATA","SRC-022","CONTRIBUTING","","IG-SRC-021",""
"CS-3900","RES-166","03-REGISTERS/domain-e-retroflex-residue.csv","DATA","SRC-023","CONTRIBUTING","","IG-SRC-019",""
"CS-3901","RES-166","03-REGISTERS/domain-e-retroflex-residue.csv","DATA","SRC-047","CONTRIBUTING","","IG-SRC-047",""
"CS-3902","RES-167","03-REGISTERS/domain-e-retroflex-residue.csv","DATA","SRC-019","CONTRIBUTING","","IG-SRC-019",""
"CS-3903","RES-167","03-REGISTERS/domain-e-retroflex-residue.csv","DATA","SRC-022","CONTRIBUTING","","IG-SRC-021",""
"CS-3904","RES-167","03-REGISTERS/domain-e-retroflex-residue.csv","DATA","SRC-023","CONTRIBUTING","","IG-SRC-019",""
"CS-3905","RES-167","03-REGISTERS/domain-e-retroflex-residue.csv","DATA","SRC-047","CONTRIBUTING","","IG-SRC-047",""
"CS-3906","RES-168","03-REGISTERS/domain-e-retroflex-residue.csv","DATA","SRC-019","CONTRIBUTING","","IG-SRC-019",""
"CS-3907","RES-168","03-REGISTERS/domain-e-retroflex-residue.csv","DATA","SRC-022","CONTRIBUTING","","IG-SRC-021",""
"CS-3908","RES-168","03-REGISTERS/domain-e-retroflex-residue.csv","DATA","SRC-023","CONTRIBUTING","","IG-SRC-019",""
"CS-3909","RES-168","03-REGISTERS/domain-e-retroflex-residue.csv","DATA","SRC-047","CONTRIBUTING","","IG-SRC-047",""
"CS-3910","RES-169","03-REGISTERS/domain-e-retroflex-residue.csv","DATA","SRC-019","CONTRIBUTING","","IG-SRC-019",""
"CS-3911","RES-169","03-REGISTERS/domain-e-retroflex-residue.csv","DATA","SRC-022","CONTRIBUTING","","IG-SRC-021",""
"CS-3912","RES-169","03-REGISTERS/domain-e-retroflex-residue.csv","DATA","SRC-023","CONTRIBUTING","","IG-SRC-019",""
"CS-3913","RES-169","03-REGISTERS/domain-e-retroflex-residue.csv","DATA","SRC-047","CONTRIBUTING","","IG-SRC-047",""
"CS-3914","RES-170","03-REGISTERS/domain-e-retroflex-residue.csv","DATA","SRC-019","CONTRIBUTING","","IG-SRC-019",""
"CS-3915","RES-170","03-REGISTERS/domain-e-retroflex-residue.csv","DATA","SRC-022","CONTRIBUTING","","IG-SRC-021",""
"CS-3916","RES-170","03-REGISTERS/domain-e-retroflex-residue.csv","DATA","SRC-023","CONTRIBUTING","","IG-SRC-019",""
"CS-3917","RES-170","03-REGISTERS/domain-e-retroflex-residue.csv","DATA","SRC-047","CONTRIBUTING","","IG-SRC-047",""
"CS-3918","RES-171","03-REGISTERS/domain-e-retroflex-residue.csv","DATA","SRC-019","CONTRIBUTING","","IG-SRC-019",""
"CS-3919","RES-171","03-REGISTERS/domain-e-retroflex-residue.csv","DATA","SRC-022","CONTRIBUTING","","IG-SRC-021",""
"CS-3920","RES-171","03-REGISTERS/domain-e-retroflex-residue.csv","DATA","SRC-023","CONTRIBUTING","","IG-SRC-019",""
"CS-3921","RES-171","03-REGISTERS/domain-e-retroflex-residue.csv","DATA","SRC-047","CONTRIBUTING","","IG-SRC-047",""
"CS-3922","RES-172","03-REGISTERS/domain-e-retroflex-residue.csv","DATA","SRC-019","CONTRIBUTING","","IG-SRC-019",""
"CS-3923","RES-172","03-REGISTERS/domain-e-retroflex-residue.csv","DATA","SRC-022","CONTRIBUTING","","IG-SRC-021",""
"CS-3924","RES-172","03-REGISTERS/domain-e-retroflex-residue.csv","DATA","SRC-023","CONTRIBUTING","","IG-SRC-019",""
"CS-3925","RES-172","03-REGISTERS/domain-e-retroflex-residue.csv","DATA","SRC-047","CONTRIBUTING","","IG-SRC-047",""
"CS-3926","RES-173","03-REGISTERS/domain-e-retroflex-residue.csv","DATA","SRC-019","CONTRIBUTING","","IG-SRC-019",""
"CS-3927","RES-173","03-REGISTERS/domain-e-retroflex-residue.csv","DATA","SRC-022","CONTRIBUTING","","IG-SRC-021",""
"CS-3928","RES-173","03-REGISTERS/domain-e-retroflex-residue.csv","DATA","SRC-023","CONTRIBUTING","","IG-SRC-019",""
"CS-3929","RES-173","03-REGISTERS/domain-e-retroflex-residue.csv","DATA","SRC-047","CONTRIBUTING","","IG-SRC-047",""
"CS-3930","RES-174","03-REGISTERS/domain-e-retroflex-residue.csv","DATA","SRC-019","CONTRIBUTING","","IG-SRC-019",""
"CS-3931","RES-174","03-REGISTERS/domain-e-retroflex-residue.csv","DATA","SRC-022","CONTRIBUTING","","IG-SRC-021",""
"CS-3932","RES-174","03-REGISTERS/domain-e-retroflex-residue.csv","DATA","SRC-023","CONTRIBUTING","","IG-SRC-019",""
"CS-3933","RES-174","03-REGISTERS/domain-e-retroflex-residue.csv","DATA","SRC-047","CONTRIBUTING","","IG-SRC-047",""
"CS-3934","RES-175","03-REGISTERS/domain-e-retroflex-residue.csv","DATA","SRC-019","CONTRIBUTING","","IG-SRC-019",""
"CS-3935","RES-175","03-REGISTERS/domain-e-retroflex-residue.csv","DATA","SRC-022","CONTRIBUTING","","IG-SRC-021",""
"CS-3936","RES-175","03-REGISTERS/domain-e-retroflex-residue.csv","DATA","SRC-023","CONTRIBUTING","","IG-SRC-019",""
"CS-3937","RES-175","03-REGISTERS/domain-e-retroflex-residue.csv","DATA","SRC-047","CONTRIBUTING","","IG-SRC-047",""
"CS-3938","RES-176","03-REGISTERS/domain-e-retroflex-residue.csv","DATA","SRC-019","CONTRIBUTING","","IG-SRC-019",""
"CS-3939","RES-176","03-REGISTERS/domain-e-retroflex-residue.csv","DATA","SRC-022","CONTRIBUTING","","IG-SRC-021",""
"CS-3940","RES-176","03-REGISTERS/domain-e-retroflex-residue.csv","DATA","SRC-023","CONTRIBUTING","","IG-SRC-019",""
"CS-3941","RES-176","03-REGISTERS/domain-e-retroflex-residue.csv","DATA","SRC-047","CONTRIBUTING","","IG-SRC-047",""
"CS-3942","RES-177","03-REGISTERS/domain-e-retroflex-residue.csv","DATA","SRC-019","CONTRIBUTING","","IG-SRC-019",""
"CS-3943","RES-177","03-REGISTERS/domain-e-retroflex-residue.csv","DATA","SRC-022","CONTRIBUTING","","IG-SRC-021",""
"CS-3944","RES-177","03-REGISTERS/domain-e-retroflex-residue.csv","DATA","SRC-023","CONTRIBUTING","","IG-SRC-019",""
"CS-3945","RES-177","03-REGISTERS/domain-e-retroflex-residue.csv","DATA","SRC-047","CONTRIBUTING","","IG-SRC-047",""
"CS-3946","RES-178","03-REGISTERS/domain-e-retroflex-residue.csv","DATA","SRC-019","CONTRIBUTING","","IG-SRC-019",""
"CS-3947","RES-178","03-REGISTERS/domain-e-retroflex-residue.csv","DATA","SRC-022","CONTRIBUTING","","IG-SRC-021",""
"CS-3948","RES-178","03-REGISTERS/domain-e-retroflex-residue.csv","DATA","SRC-023","CONTRIBUTING","","IG-SRC-019",""
"CS-3949","RES-178","03-REGISTERS/domain-e-retroflex-residue.csv","DATA","SRC-047","CONTRIBUTING","","IG-SRC-047",""
"CS-3950","RES-179","03-REGISTERS/domain-e-retroflex-residue.csv","DATA","SRC-019","CONTRIBUTING","","IG-SRC-019",""
"CS-3951","RES-179","03-REGISTERS/domain-e-retroflex-residue.csv","DATA","SRC-022","CONTRIBUTING","","IG-SRC-021",""
"CS-3952","RES-179","03-REGISTERS/domain-e-retroflex-residue.csv","DATA","SRC-023","CONTRIBUTING","","IG-SRC-019",""
"CS-3953","RES-179","03-REGISTERS/domain-e-retroflex-residue.csv","DATA","SRC-047","CONTRIBUTING","","IG-SRC-047",""
"CS-3954","RES-180","03-REGISTERS/domain-e-retroflex-residue.csv","DATA","SRC-019","CONTRIBUTING","","IG-SRC-019",""
"CS-3955","RES-180","03-REGISTERS/domain-e-retroflex-residue.csv","DATA","SRC-022","CONTRIBUTING","","IG-SRC-021",""
"CS-3956","RES-180","03-REGISTERS/domain-e-retroflex-residue.csv","DATA","SRC-023","CONTRIBUTING","","IG-SRC-019",""
"CS-3957","RES-180","03-REGISTERS/domain-e-retroflex-residue.csv","DATA","SRC-047","CONTRIBUTING","","IG-SRC-047",""
"CS-3958","RES-181","03-REGISTERS/domain-e-retroflex-residue.csv","DATA","SRC-019","CONTRIBUTING","","IG-SRC-019",""
"CS-3959","RES-181","03-REGISTERS/domain-e-retroflex-residue.csv","DATA","SRC-022","CONTRIBUTING","","IG-SRC-021",""
"CS-3960","RES-181","03-REGISTERS/domain-e-retroflex-residue.csv","DATA","SRC-023","CONTRIBUTING","","IG-SRC-019",""
"CS-3961","RES-181","03-REGISTERS/domain-e-retroflex-residue.csv","DATA","SRC-047","CONTRIBUTING","","IG-SRC-047",""
"CS-3962","RES-182","03-REGISTERS/domain-e-retroflex-residue.csv","DATA","SRC-019","CONTRIBUTING","","IG-SRC-019",""
"CS-3963","RES-182","03-REGISTERS/domain-e-retroflex-residue.csv","DATA","SRC-022","CONTRIBUTING","","IG-SRC-021",""
"CS-3964","RES-182","03-REGISTERS/domain-e-retroflex-residue.csv","DATA","SRC-023","CONTRIBUTING","","IG-SRC-019",""
"CS-3965","RES-182","03-REGISTERS/domain-e-retroflex-residue.csv","DATA","SRC-047","CONTRIBUTING","","IG-SRC-047",""
"CS-3966","RES-183","03-REGISTERS/domain-e-retroflex-residue.csv","DATA","SRC-019","CONTRIBUTING","","IG-SRC-019",""
"CS-3967","RES-183","03-REGISTERS/domain-e-retroflex-residue.csv","DATA","SRC-022","CONTRIBUTING","","IG-SRC-021",""
"CS-3968","RES-183","03-REGISTERS/domain-e-retroflex-residue.csv","DATA","SRC-023","CONTRIBUTING","","IG-SRC-019",""
"CS-3969","RES-183","03-REGISTERS/domain-e-retroflex-residue.csv","DATA","SRC-047","CONTRIBUTING","","IG-SRC-047",""
"CS-3970","RES-184","03-REGISTERS/domain-e-retroflex-residue.csv","DATA","SRC-019","CONTRIBUTING","","IG-SRC-019",""
"CS-3971","RES-184","03-REGISTERS/domain-e-retroflex-residue.csv","DATA","SRC-022","CONTRIBUTING","","IG-SRC-021",""
"CS-3972","RES-184","03-REGISTERS/domain-e-retroflex-residue.csv","DATA","SRC-023","CONTRIBUTING","","IG-SRC-019",""
"CS-3973","RES-184","03-REGISTERS/domain-e-retroflex-residue.csv","DATA","SRC-047","CONTRIBUTING","","IG-SRC-047",""
"CS-3974","RES-185","03-REGISTERS/domain-e-retroflex-residue.csv","DATA","SRC-019","CONTRIBUTING","","IG-SRC-019",""
"CS-3975","RES-185","03-REGISTERS/domain-e-retroflex-residue.csv","DATA","SRC-022","CONTRIBUTING","","IG-SRC-021",""
"CS-3976","RES-185","03-REGISTERS/domain-e-retroflex-residue.csv","DATA","SRC-023","CONTRIBUTING","","IG-SRC-019",""
"CS-3977","RES-185","03-REGISTERS/domain-e-retroflex-residue.csv","DATA","SRC-047","CONTRIBUTING","","IG-SRC-047",""
"CS-3978","RES-186","03-REGISTERS/domain-e-retroflex-residue.csv","DATA","SRC-019","CONTRIBUTING","","IG-SRC-019",""
"CS-3979","RES-186","03-REGISTERS/domain-e-retroflex-residue.csv","DATA","SRC-022","CONTRIBUTING","","IG-SRC-021",""
"CS-3980","RES-186","03-REGISTERS/domain-e-retroflex-residue.csv","DATA","SRC-023","CONTRIBUTING","","IG-SRC-019",""
"CS-3981","RES-186","03-REGISTERS/domain-e-retroflex-residue.csv","DATA","SRC-047","CONTRIBUTING","","IG-SRC-047",""
"CS-3982","RES-187","03-REGISTERS/domain-e-retroflex-residue.csv","DATA","SRC-019","CONTRIBUTING","","IG-SRC-019",""
"CS-3983","RES-187","03-REGISTERS/domain-e-retroflex-residue.csv","DATA","SRC-022","CONTRIBUTING","","IG-SRC-021",""
"CS-3984","RES-187","03-REGISTERS/domain-e-retroflex-residue.csv","DATA","SRC-023","CONTRIBUTING","","IG-SRC-019",""
"CS-3985","RES-187","03-REGISTERS/domain-e-retroflex-residue.csv","DATA","SRC-047","CONTRIBUTING","","IG-SRC-047",""
"CS-3986","RES-188","03-REGISTERS/domain-e-retroflex-residue.csv","DATA","SRC-019","CONTRIBUTING","","IG-SRC-019",""
"CS-3987","RES-188","03-REGISTERS/domain-e-retroflex-residue.csv","DATA","SRC-022","CONTRIBUTING","","IG-SRC-021",""
"CS-3988","RES-188","03-REGISTERS/domain-e-retroflex-residue.csv","DATA","SRC-023","CONTRIBUTING","","IG-SRC-019",""
"CS-3989","RES-188","03-REGISTERS/domain-e-retroflex-residue.csv","DATA","SRC-047","CONTRIBUTING","","IG-SRC-047",""
"CS-3990","RES-189","03-REGISTERS/domain-e-retroflex-residue.csv","DATA","SRC-019","CONTRIBUTING","","IG-SRC-019",""
"CS-3991","RES-189","03-REGISTERS/domain-e-retroflex-residue.csv","DATA","SRC-022","CONTRIBUTING","","IG-SRC-021",""
"CS-3992","RES-189","03-REGISTERS/domain-e-retroflex-residue.csv","DATA","SRC-023","CONTRIBUTING","","IG-SRC-019",""
"CS-3993","RES-189","03-REGISTERS/domain-e-retroflex-residue.csv","DATA","SRC-047","CONTRIBUTING","","IG-SRC-047",""
"CS-3994","RES-190","03-REGISTERS/domain-e-retroflex-residue.csv","DATA","SRC-019","CONTRIBUTING","","IG-SRC-019",""
"CS-3995","RES-190","03-REGISTERS/domain-e-retroflex-residue.csv","DATA","SRC-022","CONTRIBUTING","","IG-SRC-021",""
"CS-3996","RES-190","03-REGISTERS/domain-e-retroflex-residue.csv","DATA","SRC-023","CONTRIBUTING","","IG-SRC-019",""
"CS-3997","RES-190","03-REGISTERS/domain-e-retroflex-residue.csv","DATA","SRC-047","CONTRIBUTING","","IG-SRC-047",""
"CS-3998","RES-191","03-REGISTERS/domain-e-retroflex-residue.csv","DATA","SRC-019","CONTRIBUTING","","IG-SRC-019",""
"CS-3999","RES-191","03-REGISTERS/domain-e-retroflex-residue.csv","DATA","SRC-022","CONTRIBUTING","","IG-SRC-021",""
"CS-4000","RES-191","03-REGISTERS/domain-e-retroflex-residue.csv","DATA","SRC-023","CONTRIBUTING","","IG-SRC-019",""
"CS-4001","RES-191","03-REGISTERS/domain-e-retroflex-residue.csv","DATA","SRC-047","CONTRIBUTING","","IG-SRC-047",""
"CS-4002","RES-192","03-REGISTERS/domain-e-retroflex-residue.csv","DATA","SRC-019","CONTRIBUTING","","IG-SRC-019",""
"CS-4003","RES-192","03-REGISTERS/domain-e-retroflex-residue.csv","DATA","SRC-022","CONTRIBUTING","","IG-SRC-021",""
"CS-4004","RES-192","03-REGISTERS/domain-e-retroflex-residue.csv","DATA","SRC-023","CONTRIBUTING","","IG-SRC-019",""
"CS-4005","RES-192","03-REGISTERS/domain-e-retroflex-residue.csv","DATA","SRC-047","CONTRIBUTING","","IG-SRC-047",""
"CS-4006","RES-193","03-REGISTERS/domain-e-retroflex-residue.csv","DATA","SRC-019","CONTRIBUTING","","IG-SRC-019",""
"CS-4007","RES-193","03-REGISTERS/domain-e-retroflex-residue.csv","DATA","SRC-022","CONTRIBUTING","","IG-SRC-021",""
"CS-4008","RES-193","03-REGISTERS/domain-e-retroflex-residue.csv","DATA","SRC-023","CONTRIBUTING","","IG-SRC-019",""
"CS-4009","RES-193","03-REGISTERS/domain-e-retroflex-residue.csv","DATA","SRC-047","CONTRIBUTING","","IG-SRC-047",""
"CS-4010","RES-194","03-REGISTERS/domain-e-retroflex-residue.csv","DATA","SRC-019","CONTRIBUTING","","IG-SRC-019",""
"CS-4011","RES-194","03-REGISTERS/domain-e-retroflex-residue.csv","DATA","SRC-022","CONTRIBUTING","","IG-SRC-021",""
"CS-4012","RES-194","03-REGISTERS/domain-e-retroflex-residue.csv","DATA","SRC-023","CONTRIBUTING","","IG-SRC-019",""
"CS-4013","RES-194","03-REGISTERS/domain-e-retroflex-residue.csv","DATA","SRC-047","CONTRIBUTING","","IG-SRC-047",""
"CS-4014","RES-195","03-REGISTERS/domain-e-retroflex-residue.csv","DATA","SRC-019","CONTRIBUTING","","IG-SRC-019",""
"CS-4015","RES-195","03-REGISTERS/domain-e-retroflex-residue.csv","DATA","SRC-022","CONTRIBUTING","","IG-SRC-021",""
"CS-4016","RES-195","03-REGISTERS/domain-e-retroflex-residue.csv","DATA","SRC-023","CONTRIBUTING","","IG-SRC-019",""
"CS-4017","RES-195","03-REGISTERS/domain-e-retroflex-residue.csv","DATA","SRC-047","CONTRIBUTING","","IG-SRC-047",""
"CS-4018","RES-196","03-REGISTERS/domain-e-retroflex-residue.csv","DATA","SRC-019","CONTRIBUTING","","IG-SRC-019",""
"CS-4019","RES-196","03-REGISTERS/domain-e-retroflex-residue.csv","DATA","SRC-022","CONTRIBUTING","","IG-SRC-021",""
"CS-4020","RES-196","03-REGISTERS/domain-e-retroflex-residue.csv","DATA","SRC-023","CONTRIBUTING","","IG-SRC-019",""
"CS-4021","RES-196","03-REGISTERS/domain-e-retroflex-residue.csv","DATA","SRC-047","CONTRIBUTING","","IG-SRC-047",""
"CS-4022","RES-197","03-REGISTERS/domain-e-retroflex-residue.csv","DATA","SRC-019","CONTRIBUTING","","IG-SRC-019",""
"CS-4023","RES-197","03-REGISTERS/domain-e-retroflex-residue.csv","DATA","SRC-022","CONTRIBUTING","","IG-SRC-021",""
"CS-4024","RES-197","03-REGISTERS/domain-e-retroflex-residue.csv","DATA","SRC-023","CONTRIBUTING","","IG-SRC-019",""
"CS-4025","RES-197","03-REGISTERS/domain-e-retroflex-residue.csv","DATA","SRC-047","CONTRIBUTING","","IG-SRC-047",""
"CS-4026","RES-198","03-REGISTERS/domain-e-retroflex-residue.csv","DATA","SRC-019","CONTRIBUTING","","IG-SRC-019",""
"CS-4027","RES-198","03-REGISTERS/domain-e-retroflex-residue.csv","DATA","SRC-022","CONTRIBUTING","","IG-SRC-021",""
"CS-4028","RES-198","03-REGISTERS/domain-e-retroflex-residue.csv","DATA","SRC-023","CONTRIBUTING","","IG-SRC-019",""
"CS-4029","RES-198","03-REGISTERS/domain-e-retroflex-residue.csv","DATA","SRC-047","CONTRIBUTING","","IG-SRC-047",""
"CS-4030","RES-199","03-REGISTERS/domain-e-retroflex-residue.csv","DATA","SRC-019","CONTRIBUTING","","IG-SRC-019",""
"CS-4031","RES-199","03-REGISTERS/domain-e-retroflex-residue.csv","DATA","SRC-022","CONTRIBUTING","","IG-SRC-021",""
"CS-4032","RES-199","03-REGISTERS/domain-e-retroflex-residue.csv","DATA","SRC-023","CONTRIBUTING","","IG-SRC-019",""
"CS-4033","RES-199","03-REGISTERS/domain-e-retroflex-residue.csv","DATA","SRC-047","CONTRIBUTING","","IG-SRC-047",""
"CS-4034","RES-200","03-REGISTERS/domain-e-retroflex-residue.csv","DATA","SRC-019","CONTRIBUTING","","IG-SRC-019",""
"CS-4035","RES-200","03-REGISTERS/domain-e-retroflex-residue.csv","DATA","SRC-022","CONTRIBUTING","","IG-SRC-021",""
"CS-4036","RES-200","03-REGISTERS/domain-e-retroflex-residue.csv","DATA","SRC-023","CONTRIBUTING","","IG-SRC-019",""
"CS-4037","RES-200","03-REGISTERS/domain-e-retroflex-residue.csv","DATA","SRC-047","CONTRIBUTING","","IG-SRC-047",""
"CS-4038","RES-201","03-REGISTERS/domain-e-retroflex-residue.csv","DATA","SRC-019","CONTRIBUTING","","IG-SRC-019",""
"CS-4039","RES-201","03-REGISTERS/domain-e-retroflex-residue.csv","DATA","SRC-022","CONTRIBUTING","","IG-SRC-021",""
"CS-4040","RES-201","03-REGISTERS/domain-e-retroflex-residue.csv","DATA","SRC-023","CONTRIBUTING","","IG-SRC-019",""
"CS-4041","RES-201","03-REGISTERS/domain-e-retroflex-residue.csv","DATA","SRC-047","CONTRIBUTING","","IG-SRC-047",""
"CS-4042","RES-202","03-REGISTERS/domain-e-retroflex-residue.csv","DATA","SRC-019","CONTRIBUTING","","IG-SRC-019",""
"CS-4043","RES-202","03-REGISTERS/domain-e-retroflex-residue.csv","DATA","SRC-022","CONTRIBUTING","","IG-SRC-021",""
"CS-4044","RES-202","03-REGISTERS/domain-e-retroflex-residue.csv","DATA","SRC-023","CONTRIBUTING","","IG-SRC-019",""
"CS-4045","RES-202","03-REGISTERS/domain-e-retroflex-residue.csv","DATA","SRC-047","CONTRIBUTING","","IG-SRC-047",""
"CS-4046","RES-203","03-REGISTERS/domain-e-retroflex-residue.csv","DATA","SRC-019","CONTRIBUTING","","IG-SRC-019",""
"CS-4047","RES-203","03-REGISTERS/domain-e-retroflex-residue.csv","DATA","SRC-022","CONTRIBUTING","","IG-SRC-021",""
"CS-4048","RES-203","03-REGISTERS/domain-e-retroflex-residue.csv","DATA","SRC-023","CONTRIBUTING","","IG-SRC-019",""
"CS-4049","RES-203","03-REGISTERS/domain-e-retroflex-residue.csv","DATA","SRC-047","CONTRIBUTING","","IG-SRC-047",""
"CS-4050","RES-204","03-REGISTERS/domain-e-retroflex-residue.csv","DATA","SRC-019","CONTRIBUTING","","IG-SRC-019",""
"CS-4051","RES-204","03-REGISTERS/domain-e-retroflex-residue.csv","DATA","SRC-022","CONTRIBUTING","","IG-SRC-021",""
"CS-4052","RES-204","03-REGISTERS/domain-e-retroflex-residue.csv","DATA","SRC-023","CONTRIBUTING","","IG-SRC-019",""
"CS-4053","RES-204","03-REGISTERS/domain-e-retroflex-residue.csv","DATA","SRC-047","CONTRIBUTING","","IG-SRC-047",""
"CS-4054","RES-205","03-REGISTERS/domain-e-retroflex-residue.csv","DATA","SRC-019","CONTRIBUTING","","IG-SRC-019",""
"CS-4055","RES-205","03-REGISTERS/domain-e-retroflex-residue.csv","DATA","SRC-022","CONTRIBUTING","","IG-SRC-021",""
"CS-4056","RES-205","03-REGISTERS/domain-e-retroflex-residue.csv","DATA","SRC-023","CONTRIBUTING","","IG-SRC-019",""
"CS-4057","RES-205","03-REGISTERS/domain-e-retroflex-residue.csv","DATA","SRC-047","CONTRIBUTING","","IG-SRC-047",""
"CS-4058","RES-206","03-REGISTERS/domain-e-retroflex-residue.csv","DATA","SRC-019","CONTRIBUTING","","IG-SRC-019",""
"CS-4059","RES-206","03-REGISTERS/domain-e-retroflex-residue.csv","DATA","SRC-022","CONTRIBUTING","","IG-SRC-021",""
"CS-4060","RES-206","03-REGISTERS/domain-e-retroflex-residue.csv","DATA","SRC-023","CONTRIBUTING","","IG-SRC-019",""
"CS-4061","RES-206","03-REGISTERS/domain-e-retroflex-residue.csv","DATA","SRC-047","CONTRIBUTING","","IG-SRC-047",""
"CS-4062","RES-207","03-REGISTERS/domain-e-retroflex-residue.csv","DATA","SRC-019","CONTRIBUTING","","IG-SRC-019",""
"CS-4063","RES-207","03-REGISTERS/domain-e-retroflex-residue.csv","DATA","SRC-022","CONTRIBUTING","","IG-SRC-021",""
"CS-4064","RES-207","03-REGISTERS/domain-e-retroflex-residue.csv","DATA","SRC-023","CONTRIBUTING","","IG-SRC-019",""
"CS-4065","RES-207","03-REGISTERS/domain-e-retroflex-residue.csv","DATA","SRC-047","CONTRIBUTING","","IG-SRC-047",""
"CS-4066","RES-208","03-REGISTERS/domain-e-retroflex-residue.csv","DATA","SRC-019","CONTRIBUTING","","IG-SRC-019",""
"CS-4067","RES-208","03-REGISTERS/domain-e-retroflex-residue.csv","DATA","SRC-022","CONTRIBUTING","","IG-SRC-021",""
"CS-4068","RES-208","03-REGISTERS/domain-e-retroflex-residue.csv","DATA","SRC-023","CONTRIBUTING","","IG-SRC-019",""
"CS-4069","RES-208","03-REGISTERS/domain-e-retroflex-residue.csv","DATA","SRC-047","CONTRIBUTING","","IG-SRC-047",""
"CS-4070","RES-209","03-REGISTERS/domain-e-retroflex-residue.csv","DATA","SRC-019","CONTRIBUTING","","IG-SRC-019",""
"CS-4071","RES-209","03-REGISTERS/domain-e-retroflex-residue.csv","DATA","SRC-022","CONTRIBUTING","","IG-SRC-021",""
"CS-4072","RES-209","03-REGISTERS/domain-e-retroflex-residue.csv","DATA","SRC-023","CONTRIBUTING","","IG-SRC-019",""
"CS-4073","RES-209","03-REGISTERS/domain-e-retroflex-residue.csv","DATA","SRC-047","CONTRIBUTING","","IG-SRC-047",""
"CS-4074","RES-210","03-REGISTERS/domain-e-retroflex-residue.csv","DATA","SRC-019","CONTRIBUTING","","IG-SRC-019",""
"CS-4075","RES-210","03-REGISTERS/domain-e-retroflex-residue.csv","DATA","SRC-022","CONTRIBUTING","","IG-SRC-021",""
"CS-4076","RES-210","03-REGISTERS/domain-e-retroflex-residue.csv","DATA","SRC-023","CONTRIBUTING","","IG-SRC-019",""
"CS-4077","RES-210","03-REGISTERS/domain-e-retroflex-residue.csv","DATA","SRC-047","CONTRIBUTING","","IG-SRC-047",""
"CS-4078","RES-211","03-REGISTERS/domain-e-retroflex-residue.csv","DATA","SRC-019","CONTRIBUTING","","IG-SRC-019",""
"CS-4079","RES-211","03-REGISTERS/domain-e-retroflex-residue.csv","DATA","SRC-022","CONTRIBUTING","","IG-SRC-021",""
"CS-4080","RES-211","03-REGISTERS/domain-e-retroflex-residue.csv","DATA","SRC-023","CONTRIBUTING","","IG-SRC-019",""
"CS-4081","RES-211","03-REGISTERS/domain-e-retroflex-residue.csv","DATA","SRC-047","CONTRIBUTING","","IG-SRC-047",""
"CS-4082","RES-212","03-REGISTERS/domain-e-retroflex-residue.csv","DATA","SRC-019","CONTRIBUTING","","IG-SRC-019",""
"CS-4083","RES-212","03-REGISTERS/domain-e-retroflex-residue.csv","DATA","SRC-022","CONTRIBUTING","","IG-SRC-021",""
"CS-4084","RES-212","03-REGISTERS/domain-e-retroflex-residue.csv","DATA","SRC-023","CONTRIBUTING","","IG-SRC-019",""
"CS-4085","RES-212","03-REGISTERS/domain-e-retroflex-residue.csv","DATA","SRC-047","CONTRIBUTING","","IG-SRC-047",""
"CS-4086","RES-213","03-REGISTERS/domain-e-retroflex-residue.csv","DATA","SRC-019","CONTRIBUTING","","IG-SRC-019",""
"CS-4087","RES-213","03-REGISTERS/domain-e-retroflex-residue.csv","DATA","SRC-022","CONTRIBUTING","","IG-SRC-021",""
"CS-4088","RES-213","03-REGISTERS/domain-e-retroflex-residue.csv","DATA","SRC-023","CONTRIBUTING","","IG-SRC-019",""
"CS-4089","RES-213","03-REGISTERS/domain-e-retroflex-residue.csv","DATA","SRC-047","CONTRIBUTING","","IG-SRC-047",""
"CS-4090","RES-214","03-REGISTERS/domain-e-retroflex-residue.csv","DATA","SRC-019","CONTRIBUTING","","IG-SRC-019",""
"CS-4091","RES-214","03-REGISTERS/domain-e-retroflex-residue.csv","DATA","SRC-022","CONTRIBUTING","","IG-SRC-021",""
"CS-4092","RES-214","03-REGISTERS/domain-e-retroflex-residue.csv","DATA","SRC-023","CONTRIBUTING","","IG-SRC-019",""
"CS-4093","RES-214","03-REGISTERS/domain-e-retroflex-residue.csv","DATA","SRC-047","CONTRIBUTING","","IG-SRC-047",""
"CS-4094","RES-215","03-REGISTERS/domain-e-retroflex-residue.csv","DATA","SRC-019","CONTRIBUTING","","IG-SRC-019",""
"CS-4095","RES-215","03-REGISTERS/domain-e-retroflex-residue.csv","DATA","SRC-022","CONTRIBUTING","","IG-SRC-021",""
"CS-4096","RES-215","03-REGISTERS/domain-e-retroflex-residue.csv","DATA","SRC-023","CONTRIBUTING","","IG-SRC-019",""
"CS-4097","RES-215","03-REGISTERS/domain-e-retroflex-residue.csv","DATA","SRC-047","CONTRIBUTING","","IG-SRC-047",""
"CS-4098","RES-216","03-REGISTERS/domain-e-retroflex-residue.csv","DATA","SRC-019","CONTRIBUTING","","IG-SRC-019",""
"CS-4099","RES-216","03-REGISTERS/domain-e-retroflex-residue.csv","DATA","SRC-022","CONTRIBUTING","","IG-SRC-021",""
"CS-4100","RES-216","03-REGISTERS/domain-e-retroflex-residue.csv","DATA","SRC-023","CONTRIBUTING","","IG-SRC-019",""
"CS-4101","RES-216","03-REGISTERS/domain-e-retroflex-residue.csv","DATA","SRC-047","CONTRIBUTING","","IG-SRC-047",""
"CS-4102","RES-217","03-REGISTERS/domain-e-retroflex-residue.csv","DATA","SRC-019","CONTRIBUTING","","IG-SRC-019",""
"CS-4103","RES-217","03-REGISTERS/domain-e-retroflex-residue.csv","DATA","SRC-022","CONTRIBUTING","","IG-SRC-021",""
"CS-4104","RES-217","03-REGISTERS/domain-e-retroflex-residue.csv","DATA","SRC-023","CONTRIBUTING","","IG-SRC-019",""
"CS-4105","RES-217","03-REGISTERS/domain-e-retroflex-residue.csv","DATA","SRC-047","CONTRIBUTING","","IG-SRC-047",""
"CS-4106","RES-218","03-REGISTERS/domain-e-retroflex-residue.csv","DATA","SRC-019","CONTRIBUTING","","IG-SRC-019",""
"CS-4107","RES-218","03-REGISTERS/domain-e-retroflex-residue.csv","DATA","SRC-022","CONTRIBUTING","","IG-SRC-021",""
"CS-4108","RES-218","03-REGISTERS/domain-e-retroflex-residue.csv","DATA","SRC-023","CONTRIBUTING","","IG-SRC-019",""
"CS-4109","RES-218","03-REGISTERS/domain-e-retroflex-residue.csv","DATA","SRC-047","CONTRIBUTING","","IG-SRC-047",""
"CS-4110","RES-219","03-REGISTERS/domain-e-retroflex-residue.csv","DATA","SRC-019","CONTRIBUTING","","IG-SRC-019",""
"CS-4111","RES-219","03-REGISTERS/domain-e-retroflex-residue.csv","DATA","SRC-022","CONTRIBUTING","","IG-SRC-021",""
"CS-4112","RES-219","03-REGISTERS/domain-e-retroflex-residue.csv","DATA","SRC-023","CONTRIBUTING","","IG-SRC-019",""
"CS-4113","RES-219","03-REGISTERS/domain-e-retroflex-residue.csv","DATA","SRC-047","CONTRIBUTING","","IG-SRC-047",""
"CS-4114","RES-220","03-REGISTERS/domain-e-retroflex-residue.csv","DATA","SRC-019","CONTRIBUTING","","IG-SRC-019",""
"CS-4115","RES-220","03-REGISTERS/domain-e-retroflex-residue.csv","DATA","SRC-022","CONTRIBUTING","","IG-SRC-021",""
"CS-4116","RES-220","03-REGISTERS/domain-e-retroflex-residue.csv","DATA","SRC-023","CONTRIBUTING","","IG-SRC-019",""
"CS-4117","RES-220","03-REGISTERS/domain-e-retroflex-residue.csv","DATA","SRC-047","CONTRIBUTING","","IG-SRC-047",""
"CS-4118","RES-221","03-REGISTERS/domain-e-retroflex-residue.csv","DATA","SRC-019","CONTRIBUTING","","IG-SRC-019",""
"CS-4119","RES-221","03-REGISTERS/domain-e-retroflex-residue.csv","DATA","SRC-022","CONTRIBUTING","","IG-SRC-021",""
"CS-4120","RES-221","03-REGISTERS/domain-e-retroflex-residue.csv","DATA","SRC-023","CONTRIBUTING","","IG-SRC-019",""
"CS-4121","RES-221","03-REGISTERS/domain-e-retroflex-residue.csv","DATA","SRC-047","CONTRIBUTING","","IG-SRC-047",""
"CS-4122","RES-222","03-REGISTERS/domain-e-retroflex-residue.csv","DATA","SRC-019","CONTRIBUTING","","IG-SRC-019",""
"CS-4123","RES-222","03-REGISTERS/domain-e-retroflex-residue.csv","DATA","SRC-022","CONTRIBUTING","","IG-SRC-021",""
"CS-4124","RES-222","03-REGISTERS/domain-e-retroflex-residue.csv","DATA","SRC-023","CONTRIBUTING","","IG-SRC-019",""
"CS-4125","RES-222","03-REGISTERS/domain-e-retroflex-residue.csv","DATA","SRC-047","CONTRIBUTING","","IG-SRC-047",""
"CS-4126","RES-223","03-REGISTERS/domain-e-retroflex-residue.csv","DATA","SRC-019","CONTRIBUTING","","IG-SRC-019",""
"CS-4127","RES-223","03-REGISTERS/domain-e-retroflex-residue.csv","DATA","SRC-022","CONTRIBUTING","","IG-SRC-021",""
"CS-4128","RES-223","03-REGISTERS/domain-e-retroflex-residue.csv","DATA","SRC-023","CONTRIBUTING","","IG-SRC-019",""
"CS-4129","RES-223","03-REGISTERS/domain-e-retroflex-residue.csv","DATA","SRC-047","CONTRIBUTING","","IG-SRC-047",""
"CS-4130","RES-224","03-REGISTERS/domain-e-retroflex-residue.csv","DATA","SRC-019","CONTRIBUTING","","IG-SRC-019",""
"CS-4131","RES-224","03-REGISTERS/domain-e-retroflex-residue.csv","DATA","SRC-022","CONTRIBUTING","","IG-SRC-021",""
"CS-4132","RES-224","03-REGISTERS/domain-e-retroflex-residue.csv","DATA","SRC-023","CONTRIBUTING","","IG-SRC-019",""
"CS-4133","RES-224","03-REGISTERS/domain-e-retroflex-residue.csv","DATA","SRC-047","CONTRIBUTING","","IG-SRC-047",""
"CS-4134","RES-225","03-REGISTERS/domain-e-retroflex-residue.csv","DATA","SRC-019","CONTRIBUTING","","IG-SRC-019",""
"CS-4135","RES-225","03-REGISTERS/domain-e-retroflex-residue.csv","DATA","SRC-022","CONTRIBUTING","","IG-SRC-021",""
"CS-4136","RES-225","03-REGISTERS/domain-e-retroflex-residue.csv","DATA","SRC-023","CONTRIBUTING","","IG-SRC-019",""
"CS-4137","RES-225","03-REGISTERS/domain-e-retroflex-residue.csv","DATA","SRC-047","CONTRIBUTING","","IG-SRC-047",""
"CS-4138","RES-226","03-REGISTERS/domain-e-retroflex-residue.csv","DATA","SRC-019","CONTRIBUTING","","IG-SRC-019",""
"CS-4139","RES-226","03-REGISTERS/domain-e-retroflex-residue.csv","DATA","SRC-022","CONTRIBUTING","","IG-SRC-021",""
"CS-4140","RES-226","03-REGISTERS/domain-e-retroflex-residue.csv","DATA","SRC-023","CONTRIBUTING","","IG-SRC-019",""
"CS-4141","RES-226","03-REGISTERS/domain-e-retroflex-residue.csv","DATA","SRC-047","CONTRIBUTING","","IG-SRC-047",""
"CS-4142","RES-227","03-REGISTERS/domain-e-retroflex-residue.csv","DATA","SRC-019","CONTRIBUTING","","IG-SRC-019",""
"CS-4143","RES-227","03-REGISTERS/domain-e-retroflex-residue.csv","DATA","SRC-022","CONTRIBUTING","","IG-SRC-021",""
"CS-4144","RES-227","03-REGISTERS/domain-e-retroflex-residue.csv","DATA","SRC-023","CONTRIBUTING","","IG-SRC-019",""
"CS-4145","RES-227","03-REGISTERS/domain-e-retroflex-residue.csv","DATA","SRC-047","CONTRIBUTING","","IG-SRC-047",""
"CS-4146","RES-228","03-REGISTERS/domain-e-retroflex-residue.csv","DATA","SRC-019","CONTRIBUTING","","IG-SRC-019",""
"CS-4147","RES-228","03-REGISTERS/domain-e-retroflex-residue.csv","DATA","SRC-022","CONTRIBUTING","","IG-SRC-021",""
"CS-4148","RES-228","03-REGISTERS/domain-e-retroflex-residue.csv","DATA","SRC-023","CONTRIBUTING","","IG-SRC-019",""
"CS-4149","RES-228","03-REGISTERS/domain-e-retroflex-residue.csv","DATA","SRC-047","CONTRIBUTING","","IG-SRC-047",""
"CS-4150","RES-229","03-REGISTERS/domain-e-retroflex-residue.csv","DATA","SRC-019","CONTRIBUTING","","IG-SRC-019",""
"CS-4151","RES-229","03-REGISTERS/domain-e-retroflex-residue.csv","DATA","SRC-022","CONTRIBUTING","","IG-SRC-021",""
"CS-4152","RES-229","03-REGISTERS/domain-e-retroflex-residue.csv","DATA","SRC-023","CONTRIBUTING","","IG-SRC-019",""
"CS-4153","RES-229","03-REGISTERS/domain-e-retroflex-residue.csv","DATA","SRC-047","CONTRIBUTING","","IG-SRC-047",""
"CS-4154","RES-230","03-REGISTERS/domain-e-retroflex-residue.csv","DATA","SRC-019","CONTRIBUTING","","IG-SRC-019",""
"CS-4155","RES-230","03-REGISTERS/domain-e-retroflex-residue.csv","DATA","SRC-022","CONTRIBUTING","","IG-SRC-021",""
"CS-4156","RES-230","03-REGISTERS/domain-e-retroflex-residue.csv","DATA","SRC-023","CONTRIBUTING","","IG-SRC-019",""
"CS-4157","RES-230","03-REGISTERS/domain-e-retroflex-residue.csv","DATA","SRC-047","CONTRIBUTING","","IG-SRC-047",""
"CS-4158","RES-231","03-REGISTERS/domain-e-retroflex-residue.csv","DATA","SRC-019","CONTRIBUTING","","IG-SRC-019",""
"CS-4159","RES-231","03-REGISTERS/domain-e-retroflex-residue.csv","DATA","SRC-022","CONTRIBUTING","","IG-SRC-021",""
"CS-4160","RES-231","03-REGISTERS/domain-e-retroflex-residue.csv","DATA","SRC-023","CONTRIBUTING","","IG-SRC-019",""
"CS-4161","RES-231","03-REGISTERS/domain-e-retroflex-residue.csv","DATA","SRC-047","CONTRIBUTING","","IG-SRC-047",""
"CS-4162","RES-232","03-REGISTERS/domain-e-retroflex-residue.csv","DATA","SRC-019","CONTRIBUTING","","IG-SRC-019",""
"CS-4163","RES-232","03-REGISTERS/domain-e-retroflex-residue.csv","DATA","SRC-022","CONTRIBUTING","","IG-SRC-021",""
"CS-4164","RES-232","03-REGISTERS/domain-e-retroflex-residue.csv","DATA","SRC-023","CONTRIBUTING","","IG-SRC-019",""
"CS-4165","RES-232","03-REGISTERS/domain-e-retroflex-residue.csv","DATA","SRC-047","CONTRIBUTING","","IG-SRC-047",""
"CS-4166","RES-233","03-REGISTERS/domain-e-retroflex-residue.csv","DATA","SRC-019","CONTRIBUTING","","IG-SRC-019",""
"CS-4167","RES-233","03-REGISTERS/domain-e-retroflex-residue.csv","DATA","SRC-022","CONTRIBUTING","","IG-SRC-021",""
"CS-4168","RES-233","03-REGISTERS/domain-e-retroflex-residue.csv","DATA","SRC-023","CONTRIBUTING","","IG-SRC-019",""
"CS-4169","RES-233","03-REGISTERS/domain-e-retroflex-residue.csv","DATA","SRC-047","CONTRIBUTING","","IG-SRC-047",""
"CS-4170","RES-234","03-REGISTERS/domain-e-retroflex-residue.csv","DATA","SRC-019","CONTRIBUTING","","IG-SRC-019",""
"CS-4171","RES-234","03-REGISTERS/domain-e-retroflex-residue.csv","DATA","SRC-022","CONTRIBUTING","","IG-SRC-021",""
"CS-4172","RES-234","03-REGISTERS/domain-e-retroflex-residue.csv","DATA","SRC-023","CONTRIBUTING","","IG-SRC-019",""
"CS-4173","RES-234","03-REGISTERS/domain-e-retroflex-residue.csv","DATA","SRC-047","CONTRIBUTING","","IG-SRC-047",""
"CS-4174","RES-235","03-REGISTERS/domain-e-retroflex-residue.csv","DATA","SRC-019","CONTRIBUTING","","IG-SRC-019",""
"CS-4175","RES-235","03-REGISTERS/domain-e-retroflex-residue.csv","DATA","SRC-022","CONTRIBUTING","","IG-SRC-021",""
"CS-4176","RES-235","03-REGISTERS/domain-e-retroflex-residue.csv","DATA","SRC-023","CONTRIBUTING","","IG-SRC-019",""
"CS-4177","RES-235","03-REGISTERS/domain-e-retroflex-residue.csv","DATA","SRC-047","CONTRIBUTING","","IG-SRC-047",""
"CS-4178","RES-236","03-REGISTERS/domain-e-retroflex-residue.csv","DATA","SRC-019","CONTRIBUTING","","IG-SRC-019",""
"CS-4179","RES-236","03-REGISTERS/domain-e-retroflex-residue.csv","DATA","SRC-022","CONTRIBUTING","","IG-SRC-021",""
"CS-4180","RES-236","03-REGISTERS/domain-e-retroflex-residue.csv","DATA","SRC-023","CONTRIBUTING","","IG-SRC-019",""
"CS-4181","RES-236","03-REGISTERS/domain-e-retroflex-residue.csv","DATA","SRC-047","CONTRIBUTING","","IG-SRC-047",""
"CS-4182","RES-237","03-REGISTERS/domain-e-retroflex-residue.csv","DATA","SRC-019","CONTRIBUTING","","IG-SRC-019",""
"CS-4183","RES-237","03-REGISTERS/domain-e-retroflex-residue.csv","DATA","SRC-022","CONTRIBUTING","","IG-SRC-021",""
"CS-4184","RES-237","03-REGISTERS/domain-e-retroflex-residue.csv","DATA","SRC-023","CONTRIBUTING","","IG-SRC-019",""
"CS-4185","RES-237","03-REGISTERS/domain-e-retroflex-residue.csv","DATA","SRC-047","CONTRIBUTING","","IG-SRC-047",""
"CS-4186","RES-238","03-REGISTERS/domain-e-retroflex-residue.csv","DATA","SRC-019","CONTRIBUTING","","IG-SRC-019",""
"CS-4187","RES-238","03-REGISTERS/domain-e-retroflex-residue.csv","DATA","SRC-022","CONTRIBUTING","","IG-SRC-021",""
"CS-4188","RES-238","03-REGISTERS/domain-e-retroflex-residue.csv","DATA","SRC-023","CONTRIBUTING","","IG-SRC-019",""
"CS-4189","RES-238","03-REGISTERS/domain-e-retroflex-residue.csv","DATA","SRC-047","CONTRIBUTING","","IG-SRC-047",""
"CS-4190","RES-239","03-REGISTERS/domain-e-retroflex-residue.csv","DATA","SRC-019","CONTRIBUTING","","IG-SRC-019",""
"CS-4191","RES-239","03-REGISTERS/domain-e-retroflex-residue.csv","DATA","SRC-022","CONTRIBUTING","","IG-SRC-021",""
"CS-4192","RES-239","03-REGISTERS/domain-e-retroflex-residue.csv","DATA","SRC-023","CONTRIBUTING","","IG-SRC-019",""
"CS-4193","RES-239","03-REGISTERS/domain-e-retroflex-residue.csv","DATA","SRC-047","CONTRIBUTING","","IG-SRC-047",""
"CS-4194","RES-240","03-REGISTERS/domain-e-retroflex-residue.csv","DATA","SRC-019","CONTRIBUTING","","IG-SRC-019",""
"CS-4195","RES-240","03-REGISTERS/domain-e-retroflex-residue.csv","DATA","SRC-022","CONTRIBUTING","","IG-SRC-021",""
"CS-4196","RES-240","03-REGISTERS/domain-e-retroflex-residue.csv","DATA","SRC-023","CONTRIBUTING","","IG-SRC-019",""
"CS-4197","RES-240","03-REGISTERS/domain-e-retroflex-residue.csv","DATA","SRC-047","CONTRIBUTING","","IG-SRC-047",""
"CS-4198","RES-241","03-REGISTERS/domain-e-retroflex-residue.csv","DATA","SRC-019","CONTRIBUTING","","IG-SRC-019",""
"CS-4199","RES-241","03-REGISTERS/domain-e-retroflex-residue.csv","DATA","SRC-022","CONTRIBUTING","","IG-SRC-021",""
"CS-4200","RES-241","03-REGISTERS/domain-e-retroflex-residue.csv","DATA","SRC-023","CONTRIBUTING","","IG-SRC-019",""
"CS-4201","RES-241","03-REGISTERS/domain-e-retroflex-residue.csv","DATA","SRC-047","CONTRIBUTING","","IG-SRC-047",""
"CS-4202","RES-242","03-REGISTERS/domain-e-retroflex-residue.csv","DATA","SRC-019","CONTRIBUTING","","IG-SRC-019",""
"CS-4203","RES-242","03-REGISTERS/domain-e-retroflex-residue.csv","DATA","SRC-022","CONTRIBUTING","","IG-SRC-021",""
"CS-4204","RES-242","03-REGISTERS/domain-e-retroflex-residue.csv","DATA","SRC-023","CONTRIBUTING","","IG-SRC-019",""
"CS-4205","RES-242","03-REGISTERS/domain-e-retroflex-residue.csv","DATA","SRC-047","CONTRIBUTING","","IG-SRC-047",""
"CS-4206","RES-243","03-REGISTERS/domain-e-retroflex-residue.csv","DATA","SRC-019","CONTRIBUTING","","IG-SRC-019",""
"CS-4207","RES-243","03-REGISTERS/domain-e-retroflex-residue.csv","DATA","SRC-022","CONTRIBUTING","","IG-SRC-021",""
"CS-4208","RES-243","03-REGISTERS/domain-e-retroflex-residue.csv","DATA","SRC-023","CONTRIBUTING","","IG-SRC-019",""
"CS-4209","RES-243","03-REGISTERS/domain-e-retroflex-residue.csv","DATA","SRC-047","CONTRIBUTING","","IG-SRC-047",""
"CS-4210","RES-244","03-REGISTERS/domain-e-retroflex-residue.csv","DATA","SRC-019","CONTRIBUTING","","IG-SRC-019",""
"CS-4211","RES-244","03-REGISTERS/domain-e-retroflex-residue.csv","DATA","SRC-022","CONTRIBUTING","","IG-SRC-021",""
"CS-4212","RES-244","03-REGISTERS/domain-e-retroflex-residue.csv","DATA","SRC-023","CONTRIBUTING","","IG-SRC-019",""
"CS-4213","RES-244","03-REGISTERS/domain-e-retroflex-residue.csv","DATA","SRC-047","CONTRIBUTING","","IG-SRC-047",""
"CS-4214","RES-245","03-REGISTERS/domain-e-retroflex-residue.csv","DATA","SRC-019","CONTRIBUTING","","IG-SRC-019",""
"CS-4215","RES-245","03-REGISTERS/domain-e-retroflex-residue.csv","DATA","SRC-022","CONTRIBUTING","","IG-SRC-021",""
"CS-4216","RES-245","03-REGISTERS/domain-e-retroflex-residue.csv","DATA","SRC-023","CONTRIBUTING","","IG-SRC-019",""
"CS-4217","RES-245","03-REGISTERS/domain-e-retroflex-residue.csv","DATA","SRC-047","CONTRIBUTING","","IG-SRC-047",""
"CS-4218","RES-246","03-REGISTERS/domain-e-retroflex-residue.csv","DATA","SRC-019","CONTRIBUTING","","IG-SRC-019",""
"CS-4219","RES-246","03-REGISTERS/domain-e-retroflex-residue.csv","DATA","SRC-022","CONTRIBUTING","","IG-SRC-021",""
"CS-4220","RES-246","03-REGISTERS/domain-e-retroflex-residue.csv","DATA","SRC-023","CONTRIBUTING","","IG-SRC-019",""
"CS-4221","RES-246","03-REGISTERS/domain-e-retroflex-residue.csv","DATA","SRC-047","CONTRIBUTING","","IG-SRC-047",""
"CS-4222","RES-247","03-REGISTERS/domain-e-retroflex-residue.csv","DATA","SRC-019","CONTRIBUTING","","IG-SRC-019",""
"CS-4223","RES-247","03-REGISTERS/domain-e-retroflex-residue.csv","DATA","SRC-022","CONTRIBUTING","","IG-SRC-021",""
"CS-4224","RES-247","03-REGISTERS/domain-e-retroflex-residue.csv","DATA","SRC-023","CONTRIBUTING","","IG-SRC-019",""
"CS-4225","RES-247","03-REGISTERS/domain-e-retroflex-residue.csv","DATA","SRC-047","CONTRIBUTING","","IG-SRC-047",""
"CS-4226","RES-248","03-REGISTERS/domain-e-retroflex-residue.csv","DATA","SRC-019","CONTRIBUTING","","IG-SRC-019",""
"CS-4227","RES-248","03-REGISTERS/domain-e-retroflex-residue.csv","DATA","SRC-022","CONTRIBUTING","","IG-SRC-021",""
"CS-4228","RES-248","03-REGISTERS/domain-e-retroflex-residue.csv","DATA","SRC-023","CONTRIBUTING","","IG-SRC-019",""
"CS-4229","RES-248","03-REGISTERS/domain-e-retroflex-residue.csv","DATA","SRC-047","CONTRIBUTING","","IG-SRC-047",""
"CS-4230","RES-249","03-REGISTERS/domain-e-retroflex-residue.csv","DATA","SRC-019","CONTRIBUTING","","IG-SRC-019",""
"CS-4231","RES-249","03-REGISTERS/domain-e-retroflex-residue.csv","DATA","SRC-022","CONTRIBUTING","","IG-SRC-021",""
"CS-4232","RES-249","03-REGISTERS/domain-e-retroflex-residue.csv","DATA","SRC-023","CONTRIBUTING","","IG-SRC-019",""
"CS-4233","RES-249","03-REGISTERS/domain-e-retroflex-residue.csv","DATA","SRC-047","CONTRIBUTING","","IG-SRC-047",""
"CS-4234","RES-250","03-REGISTERS/domain-e-retroflex-residue.csv","DATA","SRC-019","CONTRIBUTING","","IG-SRC-019",""
"CS-4235","RES-250","03-REGISTERS/domain-e-retroflex-residue.csv","DATA","SRC-022","CONTRIBUTING","","IG-SRC-021",""
"CS-4236","RES-250","03-REGISTERS/domain-e-retroflex-residue.csv","DATA","SRC-023","CONTRIBUTING","","IG-SRC-019",""
"CS-4237","RES-250","03-REGISTERS/domain-e-retroflex-residue.csv","DATA","SRC-047","CONTRIBUTING","","IG-SRC-047",""
"CS-4238","RES-251","03-REGISTERS/domain-e-retroflex-residue.csv","DATA","SRC-019","CONTRIBUTING","","IG-SRC-019",""
"CS-4239","RES-251","03-REGISTERS/domain-e-retroflex-residue.csv","DATA","SRC-022","CONTRIBUTING","","IG-SRC-021",""
"CS-4240","RES-251","03-REGISTERS/domain-e-retroflex-residue.csv","DATA","SRC-023","CONTRIBUTING","","IG-SRC-019",""
"CS-4241","RES-251","03-REGISTERS/domain-e-retroflex-residue.csv","DATA","SRC-047","CONTRIBUTING","","IG-SRC-047",""
"CS-4242","RES-252","03-REGISTERS/domain-e-retroflex-residue.csv","DATA","SRC-019","CONTRIBUTING","","IG-SRC-019",""
"CS-4243","RES-252","03-REGISTERS/domain-e-retroflex-residue.csv","DATA","SRC-022","CONTRIBUTING","","IG-SRC-021",""
"CS-4244","RES-252","03-REGISTERS/domain-e-retroflex-residue.csv","DATA","SRC-023","CONTRIBUTING","","IG-SRC-019",""
"CS-4245","RES-252","03-REGISTERS/domain-e-retroflex-residue.csv","DATA","SRC-047","CONTRIBUTING","","IG-SRC-047",""
"CS-4246","RES-253","03-REGISTERS/domain-e-retroflex-residue.csv","DATA","SRC-019","CONTRIBUTING","","IG-SRC-019",""
"CS-4247","RES-253","03-REGISTERS/domain-e-retroflex-residue.csv","DATA","SRC-022","CONTRIBUTING","","IG-SRC-021",""
"CS-4248","RES-253","03-REGISTERS/domain-e-retroflex-residue.csv","DATA","SRC-023","CONTRIBUTING","","IG-SRC-019",""
"CS-4249","RES-253","03-REGISTERS/domain-e-retroflex-residue.csv","DATA","SRC-047","CONTRIBUTING","","IG-SRC-047",""
"CS-4250","DMB-001","03-REGISTERS/domain-m-brahui-position.csv","CLAIM","SRC-048","SOLE","Owner challenge of 2026-09-07, objection 1, as transmitted to this session; the underlying measurement is not present in this repository (DMB-003).","IG-SRC-048",""
"CS-4251","DMB-002","03-REGISTERS/domain-m-brahui-position.csv","CLAIM","SRC-050","SOLE","04-AUDITS/brahui-loo-geography.py sections 2-5; quantities at DMB-010 to DMB-016","IG-SRC-050",""
"CS-4252","DMB-003","03-REGISTERS/domain-m-brahui-position.csv","CLAIM","SRC-048","SOLE","git rev-list --all searched 2026-09-07; working tree at bbe48035393d64a6453ed5cad446ca5721f75105; 03-REGISTERS/domain-e-claims.csv rows DME-015 to DME-023","IG-SRC-048",""
"CS-4253","DMB-004","03-REGISTERS/domain-m-brahui-position.csv","CLAIM","SRC-048","SOLE","Owner challenge of 2026-09-07, objection 1; tested at DMB-012 and DMB-013","IG-SRC-048",""
"CS-4254","DMB-005","03-REGISTERS/domain-m-brahui-position.csv","CLAIM","SRC-048","SOLE","Owner challenge of 2026-09-07, objection 2; half (a) tested at DMB-014 and DMB-009, half (b) at DMB-017 to DMB-026","IG-SRC-048",""
"CS-4255","DMB-006","03-REGISTERS/domain-m-brahui-position.csv","CLAIM","SRC-048","SOLE","00-CONTROLLER/METHODOLOGY-CONSTITUTION.md lines 452-463 (section M heading at 452, 'Do not treat medieval Brahui migration as documented fact' at 454, the six models at 458-463)","IG-SRC-048",""
"CS-4256","DMB-007","03-REGISTERS/domain-m-brahui-position.csv","CLAIM","SRC-049","SOLE","lexibank/dravlex at 37578075e5ccb09c43022f7f1282125e748de84d, cldf/forms.csv and cldf/cognates.csv; sha256 in the ledger row","IG-SRC-037",""
"CS-4257","DMB-008","03-REGISTERS/domain-m-brahui-position.csv","CLAIM","SRC-050","SOLE","glottolog/glottolog-cldf at 072ca0d0410039fb8b779be8fc165bac575d2cda, cldf/languages.csv, sha256 1a50a393bc81568b656f9522be18aa4f80f38e94309ba6c863d583234adfbb89","IG-SRC-050",""
"CS-4258","DMB-009","03-REGISTERS/domain-m-brahui-position.csv","CLAIM","SRC-051","SOLE","glottolog/glottolog at 8fdbc6f1347328f0bdb3333f7cf8a6fffe586ced, languoids/tree/drav1251/nort2698/md.ini and its two child directories brah1256/ and kuru1300/","IG-SRC-037",""
"CS-4259","DMB-010","03-REGISTERS/domain-m-brahui-position.csv","CLAIM","SRC-050","SOLE","04-AUDITS/brahui-loo-geography.py section 2, great-circle distances on WGS84 mean radius 6371.0088 km","IG-SRC-050",""
"CS-4260","DMB-011","03-REGISTERS/domain-m-brahui-position.csv","CLAIM","SRC-050","SOLE","04-AUDITS/brahui-loo-geography.py section 2","IG-SRC-050",""
"CS-4261","DMB-012","03-REGISTERS/domain-m-brahui-position.csv","CLAIM","SRC-050","SOLE","04-AUDITS/brahui-loo-geography.py section 3","IG-SRC-050",""
"CS-4262","DMB-013","03-REGISTERS/domain-m-brahui-position.csv","CLAIM","SRC-050","SOLE","04-AUDITS/brahui-loo-geography.py section 4","IG-SRC-050",""
"CS-4263","DMB-014","03-REGISTERS/domain-m-brahui-position.csv","CLAIM","SRC-050","SOLE","04-AUDITS/brahui-loo-geography.py section 5","IG-SRC-050",""
"CS-4264","DMB-015","03-REGISTERS/domain-m-brahui-position.csv","CLAIM","SRC-048","SOLE","CLAUDE.md negative-evidence standard; constitution section 6; the point set at SRC-050","IG-SRC-048",""
"CS-4265","DMB-016","03-REGISTERS/domain-m-brahui-position.csv","CLAIM","SRC-050","SOLE","04-AUDITS/brahui-loo-geography.py, all sections; supersedes DMB-001 jointly with DMB-002","IG-SRC-050",""
"CS-4266","DMB-017","03-REGISTERS/domain-m-brahui-position.csv","CLAIM","SRC-049","SOLE","04-AUDITS/north-dravidian-cognate-sharing.py sections 1 and 2; lexibank/dravlex cldf/cognates.csv at 3757807","IG-SRC-037",""
"CS-4267","DMB-018","03-REGISTERS/domain-m-brahui-position.csv","CLAIM","SRC-049","SOLE","04-AUDITS/north-dravidian-cognate-sharing.py sections 1 and 2","IG-SRC-037",""
"CS-4268","DMB-019","03-REGISTERS/domain-m-brahui-position.csv","CLAIM","SRC-049","SOLE","04-AUDITS/north-dravidian-cognate-sharing.py section 3; the two sets are cognate ids horn-C and smoke-C","IG-SRC-037",""
"CS-4269","DMB-020","03-REGISTERS/domain-m-brahui-position.csv","CLAIM","SRC-049","SOLE","04-AUDITS/north-dravidian-cognate-sharing.py header; 05-HOLDS/HOLD-002-dedr-unreachable.md; SRC-052","IG-SRC-037",""
"CS-4270","DMB-021","03-REGISTERS/domain-m-brahui-position.csv","CLAIM","SRC-051","SOLE","glottolog nort2698/md.ini subrefs; dravlex cldf/sources.bib; 03-REGISTERS/inherited-claims.csv IH-237 and 01-INHERITED/claude-project-handoff.md L451; recorded as DEP-008","IG-SRC-037",""
"CS-4271","DMB-022","03-REGISTERS/domain-m-brahui-position.csv","CLAIM","SRC-049","SOLE","04-AUDITS/north-dravidian-cognate-sharing.py section 4","IG-SRC-037",""
"CS-4272","DMB-023","03-REGISTERS/domain-m-brahui-position.csv","CLAIM","SRC-051","SOLE","glottolog/glottolog at 8fdbc6f, references/bibtex/hh.bib entry v:McAlpin:Brahui (glottolog_ref_id 96187); references/bibtex/asjp2010.bib entry 1072 (glottolog_ref_id 125950); both listed under languoids/tree/drav1251/nort2698/brah1256/md.ini [sources]","IG-SRC-037",""
"CS-4273","DMB-024","03-REGISTERS/domain-m-brahui-position.csv","CLAIM","SRC-051","SOLE","glottolog/glottolog references/bibtex/hh.bib entries hv:McAlpin:Elamo-Dravidian:1974 and hv:McAlpin:Elamo-Dravidian:1975","IG-SRC-037",""
"CS-4274","DMB-025","03-REGISTERS/domain-m-brahui-position.csv","CLAIM","SRC-051","SOLE","glottolog/glottolog at 8fdbc6f, regex search over references/bibtex/*.bib title fields for 'North Dravidian', 'Northern Dravidian', 'Kurukh and Malto', 'Kurux-Malto'","IG-SRC-037",""
"CS-4275","DMB-026","03-REGISTERS/domain-m-brahui-position.csv","CLAIM","SRC-049","SOLE","DMB-017 to DMB-025 jointly; 04-AUDITS/domain-m-method.md","IG-SRC-037",""
"CS-4276","PUR-OCC-001","03-REGISTERS/rigveda-pur-family-occurrences.csv","DATA","SRC-022","CONTRIBUTING","","IG-SRC-021",""
"CS-4277","PUR-OCC-001","03-REGISTERS/rigveda-pur-family-occurrences.csv","DATA","SRC-023","CONTRIBUTING","","IG-SRC-019",""
"CS-4278","PUR-OCC-002","03-REGISTERS/rigveda-pur-family-occurrences.csv","DATA","SRC-022","CONTRIBUTING","","IG-SRC-021",""
"CS-4279","PUR-OCC-002","03-REGISTERS/rigveda-pur-family-occurrences.csv","DATA","SRC-023","CONTRIBUTING","","IG-SRC-019",""
"CS-4280","PUR-OCC-003","03-REGISTERS/rigveda-pur-family-occurrences.csv","DATA","SRC-022","CONTRIBUTING","","IG-SRC-021",""
"CS-4281","PUR-OCC-003","03-REGISTERS/rigveda-pur-family-occurrences.csv","DATA","SRC-023","CONTRIBUTING","","IG-SRC-019",""
"CS-4282","PUR-OCC-004","03-REGISTERS/rigveda-pur-family-occurrences.csv","DATA","SRC-022","CONTRIBUTING","","IG-SRC-021",""
"CS-4283","PUR-OCC-004","03-REGISTERS/rigveda-pur-family-occurrences.csv","DATA","SRC-023","CONTRIBUTING","","IG-SRC-019",""
"CS-4284","PUR-OCC-005","03-REGISTERS/rigveda-pur-family-occurrences.csv","DATA","SRC-022","CONTRIBUTING","","IG-SRC-021",""
"CS-4285","PUR-OCC-005","03-REGISTERS/rigveda-pur-family-occurrences.csv","DATA","SRC-023","CONTRIBUTING","","IG-SRC-019",""
"CS-4286","PUR-OCC-006","03-REGISTERS/rigveda-pur-family-occurrences.csv","DATA","SRC-022","CONTRIBUTING","","IG-SRC-021",""
"CS-4287","PUR-OCC-006","03-REGISTERS/rigveda-pur-family-occurrences.csv","DATA","SRC-023","CONTRIBUTING","","IG-SRC-019",""
"CS-4288","PUR-OCC-007","03-REGISTERS/rigveda-pur-family-occurrences.csv","DATA","SRC-022","CONTRIBUTING","","IG-SRC-021",""
"CS-4289","PUR-OCC-007","03-REGISTERS/rigveda-pur-family-occurrences.csv","DATA","SRC-023","CONTRIBUTING","","IG-SRC-019",""
"CS-4290","PUR-OCC-008","03-REGISTERS/rigveda-pur-family-occurrences.csv","DATA","SRC-022","CONTRIBUTING","","IG-SRC-021",""
"CS-4291","PUR-OCC-008","03-REGISTERS/rigveda-pur-family-occurrences.csv","DATA","SRC-023","CONTRIBUTING","","IG-SRC-019",""
"CS-4292","PUR-OCC-009","03-REGISTERS/rigveda-pur-family-occurrences.csv","DATA","SRC-022","CONTRIBUTING","","IG-SRC-021",""
"CS-4293","PUR-OCC-009","03-REGISTERS/rigveda-pur-family-occurrences.csv","DATA","SRC-023","CONTRIBUTING","","IG-SRC-019",""
"CS-4294","PUR-OCC-010","03-REGISTERS/rigveda-pur-family-occurrences.csv","DATA","SRC-022","CONTRIBUTING","","IG-SRC-021",""
"CS-4295","PUR-OCC-010","03-REGISTERS/rigveda-pur-family-occurrences.csv","DATA","SRC-023","CONTRIBUTING","","IG-SRC-019",""
"CS-4296","PUR-OCC-011","03-REGISTERS/rigveda-pur-family-occurrences.csv","DATA","SRC-022","CONTRIBUTING","","IG-SRC-021",""
"CS-4297","PUR-OCC-011","03-REGISTERS/rigveda-pur-family-occurrences.csv","DATA","SRC-023","CONTRIBUTING","","IG-SRC-019",""
"CS-4298","PUR-OCC-012","03-REGISTERS/rigveda-pur-family-occurrences.csv","DATA","SRC-022","CONTRIBUTING","","IG-SRC-021",""
"CS-4299","PUR-OCC-012","03-REGISTERS/rigveda-pur-family-occurrences.csv","DATA","SRC-023","CONTRIBUTING","","IG-SRC-019",""
"CS-4300","PUR-OCC-013","03-REGISTERS/rigveda-pur-family-occurrences.csv","DATA","SRC-022","CONTRIBUTING","","IG-SRC-021",""
"CS-4301","PUR-OCC-013","03-REGISTERS/rigveda-pur-family-occurrences.csv","DATA","SRC-023","CONTRIBUTING","","IG-SRC-019",""
"CS-4302","PUR-OCC-014","03-REGISTERS/rigveda-pur-family-occurrences.csv","DATA","SRC-022","CONTRIBUTING","","IG-SRC-021",""
"CS-4303","PUR-OCC-014","03-REGISTERS/rigveda-pur-family-occurrences.csv","DATA","SRC-023","CONTRIBUTING","","IG-SRC-019",""
"CS-4304","PUR-OCC-015","03-REGISTERS/rigveda-pur-family-occurrences.csv","DATA","SRC-022","CONTRIBUTING","","IG-SRC-021",""
"CS-4305","PUR-OCC-015","03-REGISTERS/rigveda-pur-family-occurrences.csv","DATA","SRC-023","CONTRIBUTING","","IG-SRC-019",""
"CS-4306","PUR-OCC-016","03-REGISTERS/rigveda-pur-family-occurrences.csv","DATA","SRC-022","CONTRIBUTING","","IG-SRC-021",""
"CS-4307","PUR-OCC-016","03-REGISTERS/rigveda-pur-family-occurrences.csv","DATA","SRC-023","CONTRIBUTING","","IG-SRC-019",""
"CS-4308","PUR-OCC-017","03-REGISTERS/rigveda-pur-family-occurrences.csv","DATA","SRC-022","CONTRIBUTING","","IG-SRC-021",""
"CS-4309","PUR-OCC-017","03-REGISTERS/rigveda-pur-family-occurrences.csv","DATA","SRC-023","CONTRIBUTING","","IG-SRC-019",""
"CS-4310","PUR-OCC-018","03-REGISTERS/rigveda-pur-family-occurrences.csv","DATA","SRC-022","CONTRIBUTING","","IG-SRC-021",""
"CS-4311","PUR-OCC-018","03-REGISTERS/rigveda-pur-family-occurrences.csv","DATA","SRC-023","CONTRIBUTING","","IG-SRC-019",""
"CS-4312","PUR-OCC-019","03-REGISTERS/rigveda-pur-family-occurrences.csv","DATA","SRC-022","CONTRIBUTING","","IG-SRC-021",""
"CS-4313","PUR-OCC-019","03-REGISTERS/rigveda-pur-family-occurrences.csv","DATA","SRC-023","CONTRIBUTING","","IG-SRC-019",""
"CS-4314","PUR-OCC-020","03-REGISTERS/rigveda-pur-family-occurrences.csv","DATA","SRC-022","CONTRIBUTING","","IG-SRC-021",""
"CS-4315","PUR-OCC-020","03-REGISTERS/rigveda-pur-family-occurrences.csv","DATA","SRC-023","CONTRIBUTING","","IG-SRC-019",""
"CS-4316","PUR-OCC-021","03-REGISTERS/rigveda-pur-family-occurrences.csv","DATA","SRC-022","CONTRIBUTING","","IG-SRC-021",""
"CS-4317","PUR-OCC-021","03-REGISTERS/rigveda-pur-family-occurrences.csv","DATA","SRC-023","CONTRIBUTING","","IG-SRC-019",""
"CS-4318","PUR-OCC-022","03-REGISTERS/rigveda-pur-family-occurrences.csv","DATA","SRC-022","CONTRIBUTING","","IG-SRC-021",""
"CS-4319","PUR-OCC-022","03-REGISTERS/rigveda-pur-family-occurrences.csv","DATA","SRC-023","CONTRIBUTING","","IG-SRC-019",""
"CS-4320","PUR-OCC-023","03-REGISTERS/rigveda-pur-family-occurrences.csv","DATA","SRC-022","CONTRIBUTING","","IG-SRC-021",""
"CS-4321","PUR-OCC-023","03-REGISTERS/rigveda-pur-family-occurrences.csv","DATA","SRC-023","CONTRIBUTING","","IG-SRC-019",""
"CS-4322","PUR-OCC-024","03-REGISTERS/rigveda-pur-family-occurrences.csv","DATA","SRC-022","CONTRIBUTING","","IG-SRC-021",""
"CS-4323","PUR-OCC-024","03-REGISTERS/rigveda-pur-family-occurrences.csv","DATA","SRC-023","CONTRIBUTING","","IG-SRC-019",""
"CS-4324","PUR-OCC-025","03-REGISTERS/rigveda-pur-family-occurrences.csv","DATA","SRC-022","CONTRIBUTING","","IG-SRC-021",""
"CS-4325","PUR-OCC-025","03-REGISTERS/rigveda-pur-family-occurrences.csv","DATA","SRC-023","CONTRIBUTING","","IG-SRC-019",""
"CS-4326","PUR-OCC-026","03-REGISTERS/rigveda-pur-family-occurrences.csv","DATA","SRC-022","CONTRIBUTING","","IG-SRC-021",""
"CS-4327","PUR-OCC-026","03-REGISTERS/rigveda-pur-family-occurrences.csv","DATA","SRC-023","CONTRIBUTING","","IG-SRC-019",""
"CS-4328","PUR-OCC-027","03-REGISTERS/rigveda-pur-family-occurrences.csv","DATA","SRC-022","CONTRIBUTING","","IG-SRC-021",""
"CS-4329","PUR-OCC-027","03-REGISTERS/rigveda-pur-family-occurrences.csv","DATA","SRC-023","CONTRIBUTING","","IG-SRC-019",""
"CS-4330","PUR-OCC-028","03-REGISTERS/rigveda-pur-family-occurrences.csv","DATA","SRC-022","CONTRIBUTING","","IG-SRC-021",""
"CS-4331","PUR-OCC-028","03-REGISTERS/rigveda-pur-family-occurrences.csv","DATA","SRC-023","CONTRIBUTING","","IG-SRC-019",""
"CS-4332","PUR-OCC-029","03-REGISTERS/rigveda-pur-family-occurrences.csv","DATA","SRC-022","CONTRIBUTING","","IG-SRC-021",""
"CS-4333","PUR-OCC-029","03-REGISTERS/rigveda-pur-family-occurrences.csv","DATA","SRC-023","CONTRIBUTING","","IG-SRC-019",""
"CS-4334","PUR-OCC-030","03-REGISTERS/rigveda-pur-family-occurrences.csv","DATA","SRC-022","CONTRIBUTING","","IG-SRC-021",""
"CS-4335","PUR-OCC-030","03-REGISTERS/rigveda-pur-family-occurrences.csv","DATA","SRC-023","CONTRIBUTING","","IG-SRC-019",""
"CS-4336","PUR-OCC-031","03-REGISTERS/rigveda-pur-family-occurrences.csv","DATA","SRC-022","CONTRIBUTING","","IG-SRC-021",""
"CS-4337","PUR-OCC-031","03-REGISTERS/rigveda-pur-family-occurrences.csv","DATA","SRC-023","CONTRIBUTING","","IG-SRC-019",""
"CS-4338","PUR-OCC-032","03-REGISTERS/rigveda-pur-family-occurrences.csv","DATA","SRC-022","CONTRIBUTING","","IG-SRC-021",""
"CS-4339","PUR-OCC-032","03-REGISTERS/rigveda-pur-family-occurrences.csv","DATA","SRC-023","CONTRIBUTING","","IG-SRC-019",""
"CS-4340","PUR-OCC-033","03-REGISTERS/rigveda-pur-family-occurrences.csv","DATA","SRC-022","CONTRIBUTING","","IG-SRC-021",""
"CS-4341","PUR-OCC-033","03-REGISTERS/rigveda-pur-family-occurrences.csv","DATA","SRC-023","CONTRIBUTING","","IG-SRC-019",""
"CS-4342","PUR-OCC-034","03-REGISTERS/rigveda-pur-family-occurrences.csv","DATA","SRC-022","CONTRIBUTING","","IG-SRC-021",""
"CS-4343","PUR-OCC-034","03-REGISTERS/rigveda-pur-family-occurrences.csv","DATA","SRC-023","CONTRIBUTING","","IG-SRC-019",""
"CS-4344","PUR-OCC-035","03-REGISTERS/rigveda-pur-family-occurrences.csv","DATA","SRC-022","CONTRIBUTING","","IG-SRC-021",""
"CS-4345","PUR-OCC-035","03-REGISTERS/rigveda-pur-family-occurrences.csv","DATA","SRC-023","CONTRIBUTING","","IG-SRC-019",""
"CS-4346","PUR-OCC-036","03-REGISTERS/rigveda-pur-family-occurrences.csv","DATA","SRC-022","CONTRIBUTING","","IG-SRC-021",""
"CS-4347","PUR-OCC-036","03-REGISTERS/rigveda-pur-family-occurrences.csv","DATA","SRC-023","CONTRIBUTING","","IG-SRC-019",""
"CS-4348","PUR-OCC-037","03-REGISTERS/rigveda-pur-family-occurrences.csv","DATA","SRC-022","CONTRIBUTING","","IG-SRC-021",""
"CS-4349","PUR-OCC-037","03-REGISTERS/rigveda-pur-family-occurrences.csv","DATA","SRC-023","CONTRIBUTING","","IG-SRC-019",""
"CS-4350","PUR-OCC-038","03-REGISTERS/rigveda-pur-family-occurrences.csv","DATA","SRC-022","CONTRIBUTING","","IG-SRC-021",""
"CS-4351","PUR-OCC-038","03-REGISTERS/rigveda-pur-family-occurrences.csv","DATA","SRC-023","CONTRIBUTING","","IG-SRC-019",""
"CS-4352","PUR-OCC-039","03-REGISTERS/rigveda-pur-family-occurrences.csv","DATA","SRC-022","CONTRIBUTING","","IG-SRC-021",""
"CS-4353","PUR-OCC-039","03-REGISTERS/rigveda-pur-family-occurrences.csv","DATA","SRC-023","CONTRIBUTING","","IG-SRC-019",""
"CS-4354","PUR-OCC-040","03-REGISTERS/rigveda-pur-family-occurrences.csv","DATA","SRC-022","CONTRIBUTING","","IG-SRC-021",""
"CS-4355","PUR-OCC-040","03-REGISTERS/rigveda-pur-family-occurrences.csv","DATA","SRC-023","CONTRIBUTING","","IG-SRC-019",""
"CS-4356","PUR-OCC-041","03-REGISTERS/rigveda-pur-family-occurrences.csv","DATA","SRC-022","CONTRIBUTING","","IG-SRC-021",""
"CS-4357","PUR-OCC-041","03-REGISTERS/rigveda-pur-family-occurrences.csv","DATA","SRC-023","CONTRIBUTING","","IG-SRC-019",""
"CS-4358","PUR-OCC-042","03-REGISTERS/rigveda-pur-family-occurrences.csv","DATA","SRC-022","CONTRIBUTING","","IG-SRC-021",""
"CS-4359","PUR-OCC-042","03-REGISTERS/rigveda-pur-family-occurrences.csv","DATA","SRC-023","CONTRIBUTING","","IG-SRC-019",""
"CS-4360","PUR-OCC-043","03-REGISTERS/rigveda-pur-family-occurrences.csv","DATA","SRC-022","CONTRIBUTING","","IG-SRC-021",""
"CS-4361","PUR-OCC-043","03-REGISTERS/rigveda-pur-family-occurrences.csv","DATA","SRC-023","CONTRIBUTING","","IG-SRC-019",""
"CS-4362","PUR-OCC-044","03-REGISTERS/rigveda-pur-family-occurrences.csv","DATA","SRC-022","CONTRIBUTING","","IG-SRC-021",""
"CS-4363","PUR-OCC-044","03-REGISTERS/rigveda-pur-family-occurrences.csv","DATA","SRC-023","CONTRIBUTING","","IG-SRC-019",""
"CS-4364","PUR-OCC-045","03-REGISTERS/rigveda-pur-family-occurrences.csv","DATA","SRC-022","CONTRIBUTING","","IG-SRC-021",""
"CS-4365","PUR-OCC-045","03-REGISTERS/rigveda-pur-family-occurrences.csv","DATA","SRC-023","CONTRIBUTING","","IG-SRC-019",""
"CS-4366","PUR-OCC-046","03-REGISTERS/rigveda-pur-family-occurrences.csv","DATA","SRC-022","CONTRIBUTING","","IG-SRC-021",""
"CS-4367","PUR-OCC-046","03-REGISTERS/rigveda-pur-family-occurrences.csv","DATA","SRC-023","CONTRIBUTING","","IG-SRC-019",""
"CS-4368","PUR-OCC-047","03-REGISTERS/rigveda-pur-family-occurrences.csv","DATA","SRC-022","CONTRIBUTING","","IG-SRC-021",""
"CS-4369","PUR-OCC-047","03-REGISTERS/rigveda-pur-family-occurrences.csv","DATA","SRC-023","CONTRIBUTING","","IG-SRC-019",""
"CS-4370","PUR-OCC-048","03-REGISTERS/rigveda-pur-family-occurrences.csv","DATA","SRC-022","CONTRIBUTING","","IG-SRC-021",""
"CS-4371","PUR-OCC-048","03-REGISTERS/rigveda-pur-family-occurrences.csv","DATA","SRC-023","CONTRIBUTING","","IG-SRC-019",""
"CS-4372","PUR-OCC-049","03-REGISTERS/rigveda-pur-family-occurrences.csv","DATA","SRC-022","CONTRIBUTING","","IG-SRC-021",""
"CS-4373","PUR-OCC-049","03-REGISTERS/rigveda-pur-family-occurrences.csv","DATA","SRC-023","CONTRIBUTING","","IG-SRC-019",""
"CS-4374","PUR-OCC-050","03-REGISTERS/rigveda-pur-family-occurrences.csv","DATA","SRC-022","CONTRIBUTING","","IG-SRC-021",""
"CS-4375","PUR-OCC-050","03-REGISTERS/rigveda-pur-family-occurrences.csv","DATA","SRC-023","CONTRIBUTING","","IG-SRC-019",""
"CS-4376","PUR-OCC-051","03-REGISTERS/rigveda-pur-family-occurrences.csv","DATA","SRC-022","CONTRIBUTING","","IG-SRC-021",""
"CS-4377","PUR-OCC-051","03-REGISTERS/rigveda-pur-family-occurrences.csv","DATA","SRC-023","CONTRIBUTING","","IG-SRC-019",""
"CS-4378","PUR-OCC-052","03-REGISTERS/rigveda-pur-family-occurrences.csv","DATA","SRC-022","CONTRIBUTING","","IG-SRC-021",""
"CS-4379","PUR-OCC-052","03-REGISTERS/rigveda-pur-family-occurrences.csv","DATA","SRC-023","CONTRIBUTING","","IG-SRC-019",""
"CS-4380","PUR-OCC-053","03-REGISTERS/rigveda-pur-family-occurrences.csv","DATA","SRC-022","CONTRIBUTING","","IG-SRC-021",""
"CS-4381","PUR-OCC-053","03-REGISTERS/rigveda-pur-family-occurrences.csv","DATA","SRC-023","CONTRIBUTING","","IG-SRC-019",""
"CS-4382","PUR-OCC-054","03-REGISTERS/rigveda-pur-family-occurrences.csv","DATA","SRC-022","CONTRIBUTING","","IG-SRC-021",""
"CS-4383","PUR-OCC-054","03-REGISTERS/rigveda-pur-family-occurrences.csv","DATA","SRC-023","CONTRIBUTING","","IG-SRC-019",""
"CS-4384","PUR-OCC-055","03-REGISTERS/rigveda-pur-family-occurrences.csv","DATA","SRC-022","CONTRIBUTING","","IG-SRC-021",""
"CS-4385","PUR-OCC-055","03-REGISTERS/rigveda-pur-family-occurrences.csv","DATA","SRC-023","CONTRIBUTING","","IG-SRC-019",""
"CS-4386","PUR-OCC-056","03-REGISTERS/rigveda-pur-family-occurrences.csv","DATA","SRC-022","CONTRIBUTING","","IG-SRC-021",""
"CS-4387","PUR-OCC-056","03-REGISTERS/rigveda-pur-family-occurrences.csv","DATA","SRC-023","CONTRIBUTING","","IG-SRC-019",""
"CS-4388","PUR-OCC-057","03-REGISTERS/rigveda-pur-family-occurrences.csv","DATA","SRC-022","CONTRIBUTING","","IG-SRC-021",""
"CS-4389","PUR-OCC-057","03-REGISTERS/rigveda-pur-family-occurrences.csv","DATA","SRC-023","CONTRIBUTING","","IG-SRC-019",""
"CS-4390","PUR-OCC-058","03-REGISTERS/rigveda-pur-family-occurrences.csv","DATA","SRC-022","CONTRIBUTING","","IG-SRC-021",""
"CS-4391","PUR-OCC-058","03-REGISTERS/rigveda-pur-family-occurrences.csv","DATA","SRC-023","CONTRIBUTING","","IG-SRC-019",""
"CS-4392","PUR-OCC-059","03-REGISTERS/rigveda-pur-family-occurrences.csv","DATA","SRC-022","CONTRIBUTING","","IG-SRC-021",""
"CS-4393","PUR-OCC-059","03-REGISTERS/rigveda-pur-family-occurrences.csv","DATA","SRC-023","CONTRIBUTING","","IG-SRC-019",""
"CS-4394","PUR-OCC-060","03-REGISTERS/rigveda-pur-family-occurrences.csv","DATA","SRC-022","CONTRIBUTING","","IG-SRC-021",""
"CS-4395","PUR-OCC-060","03-REGISTERS/rigveda-pur-family-occurrences.csv","DATA","SRC-023","CONTRIBUTING","","IG-SRC-019",""
"CS-4396","PUR-OCC-061","03-REGISTERS/rigveda-pur-family-occurrences.csv","DATA","SRC-022","CONTRIBUTING","","IG-SRC-021",""
"CS-4397","PUR-OCC-061","03-REGISTERS/rigveda-pur-family-occurrences.csv","DATA","SRC-023","CONTRIBUTING","","IG-SRC-019",""
"CS-4398","PUR-OCC-062","03-REGISTERS/rigveda-pur-family-occurrences.csv","DATA","SRC-022","CONTRIBUTING","","IG-SRC-021",""
"CS-4399","PUR-OCC-062","03-REGISTERS/rigveda-pur-family-occurrences.csv","DATA","SRC-023","CONTRIBUTING","","IG-SRC-019",""
"CS-4400","PUR-OCC-063","03-REGISTERS/rigveda-pur-family-occurrences.csv","DATA","SRC-022","CONTRIBUTING","","IG-SRC-021",""
"CS-4401","PUR-OCC-063","03-REGISTERS/rigveda-pur-family-occurrences.csv","DATA","SRC-023","CONTRIBUTING","","IG-SRC-019",""
"CS-4402","PUR-OCC-064","03-REGISTERS/rigveda-pur-family-occurrences.csv","DATA","SRC-022","CONTRIBUTING","","IG-SRC-021",""
"CS-4403","PUR-OCC-064","03-REGISTERS/rigveda-pur-family-occurrences.csv","DATA","SRC-023","CONTRIBUTING","","IG-SRC-019",""
"CS-4404","PUR-OCC-065","03-REGISTERS/rigveda-pur-family-occurrences.csv","DATA","SRC-022","CONTRIBUTING","","IG-SRC-021",""
"CS-4405","PUR-OCC-065","03-REGISTERS/rigveda-pur-family-occurrences.csv","DATA","SRC-023","CONTRIBUTING","","IG-SRC-019",""
"CS-4406","PUR-OCC-066","03-REGISTERS/rigveda-pur-family-occurrences.csv","DATA","SRC-022","CONTRIBUTING","","IG-SRC-021",""
"CS-4407","PUR-OCC-066","03-REGISTERS/rigveda-pur-family-occurrences.csv","DATA","SRC-023","CONTRIBUTING","","IG-SRC-019",""
"CS-4408","PUR-OCC-067","03-REGISTERS/rigveda-pur-family-occurrences.csv","DATA","SRC-022","CONTRIBUTING","","IG-SRC-021",""
"CS-4409","PUR-OCC-067","03-REGISTERS/rigveda-pur-family-occurrences.csv","DATA","SRC-023","CONTRIBUTING","","IG-SRC-019",""
"CS-4410","PUR-OCC-068","03-REGISTERS/rigveda-pur-family-occurrences.csv","DATA","SRC-022","CONTRIBUTING","","IG-SRC-021",""
"CS-4411","PUR-OCC-068","03-REGISTERS/rigveda-pur-family-occurrences.csv","DATA","SRC-023","CONTRIBUTING","","IG-SRC-019",""
"CS-4412","PUR-OCC-069","03-REGISTERS/rigveda-pur-family-occurrences.csv","DATA","SRC-022","CONTRIBUTING","","IG-SRC-021",""
"CS-4413","PUR-OCC-069","03-REGISTERS/rigveda-pur-family-occurrences.csv","DATA","SRC-023","CONTRIBUTING","","IG-SRC-019",""
"CS-4414","PUR-OCC-070","03-REGISTERS/rigveda-pur-family-occurrences.csv","DATA","SRC-022","CONTRIBUTING","","IG-SRC-021",""
"CS-4415","PUR-OCC-070","03-REGISTERS/rigveda-pur-family-occurrences.csv","DATA","SRC-023","CONTRIBUTING","","IG-SRC-019",""
"CS-4416","PUR-OCC-071","03-REGISTERS/rigveda-pur-family-occurrences.csv","DATA","SRC-022","CONTRIBUTING","","IG-SRC-021",""
"CS-4417","PUR-OCC-071","03-REGISTERS/rigveda-pur-family-occurrences.csv","DATA","SRC-023","CONTRIBUTING","","IG-SRC-019",""
"CS-4418","PUR-OCC-072","03-REGISTERS/rigveda-pur-family-occurrences.csv","DATA","SRC-022","CONTRIBUTING","","IG-SRC-021",""
"CS-4419","PUR-OCC-072","03-REGISTERS/rigveda-pur-family-occurrences.csv","DATA","SRC-023","CONTRIBUTING","","IG-SRC-019",""
"CS-4420","PUR-OCC-073","03-REGISTERS/rigveda-pur-family-occurrences.csv","DATA","SRC-022","CONTRIBUTING","","IG-SRC-021",""
"CS-4421","PUR-OCC-073","03-REGISTERS/rigveda-pur-family-occurrences.csv","DATA","SRC-023","CONTRIBUTING","","IG-SRC-019",""
"CS-4422","PUR-OCC-074","03-REGISTERS/rigveda-pur-family-occurrences.csv","DATA","SRC-022","CONTRIBUTING","","IG-SRC-021",""
"CS-4423","PUR-OCC-074","03-REGISTERS/rigveda-pur-family-occurrences.csv","DATA","SRC-023","CONTRIBUTING","","IG-SRC-019",""
"CS-4424","PUR-OCC-075","03-REGISTERS/rigveda-pur-family-occurrences.csv","DATA","SRC-022","CONTRIBUTING","","IG-SRC-021",""
"CS-4425","PUR-OCC-075","03-REGISTERS/rigveda-pur-family-occurrences.csv","DATA","SRC-023","CONTRIBUTING","","IG-SRC-019",""
"CS-4426","PUR-OCC-076","03-REGISTERS/rigveda-pur-family-occurrences.csv","DATA","SRC-022","CONTRIBUTING","","IG-SRC-021",""
"CS-4427","PUR-OCC-076","03-REGISTERS/rigveda-pur-family-occurrences.csv","DATA","SRC-023","CONTRIBUTING","","IG-SRC-019",""
"CS-4428","PUR-OCC-077","03-REGISTERS/rigveda-pur-family-occurrences.csv","DATA","SRC-022","CONTRIBUTING","","IG-SRC-021",""
"CS-4429","PUR-OCC-077","03-REGISTERS/rigveda-pur-family-occurrences.csv","DATA","SRC-023","CONTRIBUTING","","IG-SRC-019",""
"CS-4430","PUR-OCC-078","03-REGISTERS/rigveda-pur-family-occurrences.csv","DATA","SRC-022","CONTRIBUTING","","IG-SRC-021",""
"CS-4431","PUR-OCC-078","03-REGISTERS/rigveda-pur-family-occurrences.csv","DATA","SRC-023","CONTRIBUTING","","IG-SRC-019",""
"CS-4432","PUR-OCC-079","03-REGISTERS/rigveda-pur-family-occurrences.csv","DATA","SRC-022","CONTRIBUTING","","IG-SRC-021",""
"CS-4433","PUR-OCC-079","03-REGISTERS/rigveda-pur-family-occurrences.csv","DATA","SRC-023","CONTRIBUTING","","IG-SRC-019",""
"CS-4434","PUR-OCC-080","03-REGISTERS/rigveda-pur-family-occurrences.csv","DATA","SRC-022","CONTRIBUTING","","IG-SRC-021",""
"CS-4435","PUR-OCC-080","03-REGISTERS/rigveda-pur-family-occurrences.csv","DATA","SRC-023","CONTRIBUTING","","IG-SRC-019",""
"CS-4436","PUR-OCC-081","03-REGISTERS/rigveda-pur-family-occurrences.csv","DATA","SRC-022","CONTRIBUTING","","IG-SRC-021",""
"CS-4437","PUR-OCC-081","03-REGISTERS/rigveda-pur-family-occurrences.csv","DATA","SRC-023","CONTRIBUTING","","IG-SRC-019",""
"CS-4438","PUR-OCC-082","03-REGISTERS/rigveda-pur-family-occurrences.csv","DATA","SRC-022","CONTRIBUTING","","IG-SRC-021",""
"CS-4439","PUR-OCC-082","03-REGISTERS/rigveda-pur-family-occurrences.csv","DATA","SRC-023","CONTRIBUTING","","IG-SRC-019",""
"CS-4440","PUR-OCC-083","03-REGISTERS/rigveda-pur-family-occurrences.csv","DATA","SRC-022","CONTRIBUTING","","IG-SRC-021",""
"CS-4441","PUR-OCC-083","03-REGISTERS/rigveda-pur-family-occurrences.csv","DATA","SRC-023","CONTRIBUTING","","IG-SRC-019",""
"CS-4442","PUR-OCC-084","03-REGISTERS/rigveda-pur-family-occurrences.csv","DATA","SRC-022","CONTRIBUTING","","IG-SRC-021",""
"CS-4443","PUR-OCC-084","03-REGISTERS/rigveda-pur-family-occurrences.csv","DATA","SRC-023","CONTRIBUTING","","IG-SRC-019",""
"CS-4444","PUR-OCC-085","03-REGISTERS/rigveda-pur-family-occurrences.csv","DATA","SRC-022","CONTRIBUTING","","IG-SRC-021",""
"CS-4445","PUR-OCC-085","03-REGISTERS/rigveda-pur-family-occurrences.csv","DATA","SRC-023","CONTRIBUTING","","IG-SRC-019",""
"CS-4446","PUR-OCC-086","03-REGISTERS/rigveda-pur-family-occurrences.csv","DATA","SRC-022","CONTRIBUTING","","IG-SRC-021",""
"CS-4447","PUR-OCC-086","03-REGISTERS/rigveda-pur-family-occurrences.csv","DATA","SRC-023","CONTRIBUTING","","IG-SRC-019",""
"CS-4448","PUR-OCC-087","03-REGISTERS/rigveda-pur-family-occurrences.csv","DATA","SRC-022","CONTRIBUTING","","IG-SRC-021",""
"CS-4449","PUR-OCC-087","03-REGISTERS/rigveda-pur-family-occurrences.csv","DATA","SRC-023","CONTRIBUTING","","IG-SRC-019",""
"CS-4450","PUR-OCC-088","03-REGISTERS/rigveda-pur-family-occurrences.csv","DATA","SRC-022","CONTRIBUTING","","IG-SRC-021",""
"CS-4451","PUR-OCC-088","03-REGISTERS/rigveda-pur-family-occurrences.csv","DATA","SRC-023","CONTRIBUTING","","IG-SRC-019",""
"CS-4452","PUR-OCC-089","03-REGISTERS/rigveda-pur-family-occurrences.csv","DATA","SRC-022","CONTRIBUTING","","IG-SRC-021",""
"CS-4453","PUR-OCC-089","03-REGISTERS/rigveda-pur-family-occurrences.csv","DATA","SRC-023","CONTRIBUTING","","IG-SRC-019",""
"CS-4454","PUR-OCC-090","03-REGISTERS/rigveda-pur-family-occurrences.csv","DATA","SRC-022","CONTRIBUTING","","IG-SRC-021",""
"CS-4455","PUR-OCC-090","03-REGISTERS/rigveda-pur-family-occurrences.csv","DATA","SRC-023","CONTRIBUTING","","IG-SRC-019",""
"CS-4456","PUR-OCC-091","03-REGISTERS/rigveda-pur-family-occurrences.csv","DATA","SRC-022","CONTRIBUTING","","IG-SRC-021",""
"CS-4457","PUR-OCC-091","03-REGISTERS/rigveda-pur-family-occurrences.csv","DATA","SRC-023","CONTRIBUTING","","IG-SRC-019",""
"CS-4458","PUR-OCC-092","03-REGISTERS/rigveda-pur-family-occurrences.csv","DATA","SRC-022","CONTRIBUTING","","IG-SRC-021",""
"CS-4459","PUR-OCC-092","03-REGISTERS/rigveda-pur-family-occurrences.csv","DATA","SRC-023","CONTRIBUTING","","IG-SRC-019",""
"CS-4460","PUR-OCC-093","03-REGISTERS/rigveda-pur-family-occurrences.csv","DATA","SRC-022","CONTRIBUTING","","IG-SRC-021",""
"CS-4461","PUR-OCC-093","03-REGISTERS/rigveda-pur-family-occurrences.csv","DATA","SRC-023","CONTRIBUTING","","IG-SRC-019",""
"CS-4462","PUR-OCC-094","03-REGISTERS/rigveda-pur-family-occurrences.csv","DATA","SRC-022","CONTRIBUTING","","IG-SRC-021",""
"CS-4463","PUR-OCC-094","03-REGISTERS/rigveda-pur-family-occurrences.csv","DATA","SRC-023","CONTRIBUTING","","IG-SRC-019",""
"CS-4464","PUR-OCC-095","03-REGISTERS/rigveda-pur-family-occurrences.csv","DATA","SRC-022","CONTRIBUTING","","IG-SRC-021",""
"CS-4465","PUR-OCC-095","03-REGISTERS/rigveda-pur-family-occurrences.csv","DATA","SRC-023","CONTRIBUTING","","IG-SRC-019",""
"CS-4466","PUR-OCC-096","03-REGISTERS/rigveda-pur-family-occurrences.csv","DATA","SRC-022","CONTRIBUTING","","IG-SRC-021",""
"CS-4467","PUR-OCC-096","03-REGISTERS/rigveda-pur-family-occurrences.csv","DATA","SRC-023","CONTRIBUTING","","IG-SRC-019",""
"CS-4468","PUR-OCC-097","03-REGISTERS/rigveda-pur-family-occurrences.csv","DATA","SRC-022","CONTRIBUTING","","IG-SRC-021",""
"CS-4469","PUR-OCC-097","03-REGISTERS/rigveda-pur-family-occurrences.csv","DATA","SRC-023","CONTRIBUTING","","IG-SRC-019",""
"CS-4470","PUR-OCC-098","03-REGISTERS/rigveda-pur-family-occurrences.csv","DATA","SRC-022","CONTRIBUTING","","IG-SRC-021",""
"CS-4471","PUR-OCC-098","03-REGISTERS/rigveda-pur-family-occurrences.csv","DATA","SRC-023","CONTRIBUTING","","IG-SRC-019",""
"CS-4472","PUR-OCC-099","03-REGISTERS/rigveda-pur-family-occurrences.csv","DATA","SRC-022","CONTRIBUTING","","IG-SRC-021",""
"CS-4473","PUR-OCC-099","03-REGISTERS/rigveda-pur-family-occurrences.csv","DATA","SRC-023","CONTRIBUTING","","IG-SRC-019",""
"CS-4474","PUR-OCC-100","03-REGISTERS/rigveda-pur-family-occurrences.csv","DATA","SRC-022","CONTRIBUTING","","IG-SRC-021",""
"CS-4475","PUR-OCC-100","03-REGISTERS/rigveda-pur-family-occurrences.csv","DATA","SRC-023","CONTRIBUTING","","IG-SRC-019",""
"CS-4476","PUR-OCC-101","03-REGISTERS/rigveda-pur-family-occurrences.csv","DATA","SRC-022","CONTRIBUTING","","IG-SRC-021",""
"CS-4477","PUR-OCC-101","03-REGISTERS/rigveda-pur-family-occurrences.csv","DATA","SRC-023","CONTRIBUTING","","IG-SRC-019",""
"CS-4478","PUR-OCC-102","03-REGISTERS/rigveda-pur-family-occurrences.csv","DATA","SRC-022","CONTRIBUTING","","IG-SRC-021",""
"CS-4479","PUR-OCC-102","03-REGISTERS/rigveda-pur-family-occurrences.csv","DATA","SRC-023","CONTRIBUTING","","IG-SRC-019",""
"CS-4480","PUR-OCC-103","03-REGISTERS/rigveda-pur-family-occurrences.csv","DATA","SRC-022","CONTRIBUTING","","IG-SRC-021",""
"CS-4481","PUR-OCC-103","03-REGISTERS/rigveda-pur-family-occurrences.csv","DATA","SRC-023","CONTRIBUTING","","IG-SRC-019",""
"CS-4482","PUR-OCC-104","03-REGISTERS/rigveda-pur-family-occurrences.csv","DATA","SRC-022","CONTRIBUTING","","IG-SRC-021",""
"CS-4483","PUR-OCC-104","03-REGISTERS/rigveda-pur-family-occurrences.csv","DATA","SRC-023","CONTRIBUTING","","IG-SRC-019",""
"CS-4484","PUR-OCC-105","03-REGISTERS/rigveda-pur-family-occurrences.csv","DATA","SRC-022","CONTRIBUTING","","IG-SRC-021",""
"CS-4485","PUR-OCC-105","03-REGISTERS/rigveda-pur-family-occurrences.csv","DATA","SRC-023","CONTRIBUTING","","IG-SRC-019",""
"CS-4486","PUR-OCC-106","03-REGISTERS/rigveda-pur-family-occurrences.csv","DATA","SRC-022","CONTRIBUTING","","IG-SRC-021",""
"CS-4487","PUR-OCC-106","03-REGISTERS/rigveda-pur-family-occurrences.csv","DATA","SRC-023","CONTRIBUTING","","IG-SRC-019",""
"CS-4488","PUR-001","03-REGISTERS/rigveda-pur-family.csv","CLAIM","SRC-019","CONTRIBUTING","vedaweb-data @ d3eb8af, rigveda/TEI/rv_book_01..10.tei, source=""zurich"" token layer; extracted by 04-AUDITS/rv-token-extract.py","IG-SRC-019",""
"CS-4489","PUR-001","03-REGISTERS/rigveda-pur-family.csv","CLAIM","SRC-022","CONTRIBUTING","vedaweb-data @ d3eb8af, rigveda/TEI/rv_book_01..10.tei, source=""zurich"" token layer; extracted by 04-AUDITS/rv-token-extract.py","IG-SRC-021",""
"CS-4490","PUR-002","03-REGISTERS/rigveda-pur-family.csv","CLAIM","SRC-019","CONTRIBUTING","same extraction; f name=""gra_lemma"" per token, f name=""strata"" per pada","IG-SRC-019",""
"CS-4491","PUR-002","03-REGISTERS/rigveda-pur-family.csv","CLAIM","SRC-022","CONTRIBUTING","same extraction; f name=""gra_lemma"" per token, f name=""strata"" per pada","IG-SRC-021",""
"CS-4492","PUR-002","03-REGISTERS/rigveda-pur-family.csv","CLAIM","SRC-023","CONTRIBUTING","same extraction; f name=""gra_lemma"" per token, f name=""strata"" per pada","IG-SRC-019",""
"CS-4493","PUR-003","03-REGISTERS/rigveda-pur-family.csv","CLAIM","SRC-019","CONTRIBUTING","lemma_id=lemma_pur_5549 across rv_book_01..10.tei; all 83 listed individually in 03-REGISTERS/rigveda-pur-family-occurrences.csv","IG-SRC-019",""
"CS-4494","PUR-003","03-REGISTERS/rigveda-pur-family.csv","CLAIM","SRC-022","CONTRIBUTING","lemma_id=lemma_pur_5549 across rv_book_01..10.tei; all 83 listed individually in 03-REGISTERS/rigveda-pur-family-occurrences.csv","IG-SRC-021",""
"CS-4495","PUR-004","03-REGISTERS/rigveda-pur-family.csv","CLAIM","SRC-019","CONTRIBUTING","lemma_ids lemma_puraMdara_5552, lemma_pUrBid_5700, lemma_pUrBidya_5701, lemma_pUrpati_5699, lemma_purohan_5658, lemma_purya_5661; occurrences PUR-OCC-001..106","IG-SRC-019",""
"CS-4496","PUR-004","03-REGISTERS/rigveda-pur-family.csv","CLAIM","SRC-022","CONTRIBUTING","lemma_ids lemma_puraMdara_5552, lemma_pUrBid_5700, lemma_pUrBidya_5701, lemma_pUrpati_5699, lemma_purohan_5658, lemma_purya_5661; occurrences PUR-OCC-001..106","IG-SRC-021",""
"CS-4497","PUR-005","03-REGISTERS/rigveda-pur-family.csv","CLAIM","SRC-019","CONTRIBUTING","03-REGISTERS/rigveda-pur-family-occurrences.csv, 106 rows","IG-SRC-019",""
"CS-4498","PUR-005","03-REGISTERS/rigveda-pur-family.csv","CLAIM","SRC-022","CONTRIBUTING","03-REGISTERS/rigveda-pur-family-occurrences.csv, 106 rows","IG-SRC-021",""
"CS-4499","PUR-006","03-REGISTERS/rigveda-pur-family.csv","CLAIM","SRC-019","CONTRIBUTING","rigveda/info/matched_lemmata.json, meaning field, intersected with the lemma inventory of rv_tokens_vedaweb.tsv","IG-SRC-019",""
"CS-4500","PUR-006","03-REGISTERS/rigveda-pur-family.csv","CLAIM","SRC-022","CONTRIBUTING","rigveda/info/matched_lemmata.json, meaning field, intersected with the lemma inventory of rv_tokens_vedaweb.tsv","IG-SRC-021",""
"CS-4501","PUR-007","03-REGISTERS/rigveda-pur-family.csv","CLAIM","SRC-019","CONTRIBUTING","rv_tokens_vedaweb.tsv, surface field, diacritics and vowel length stripped; compared against lemma_id=lemma_pur_5549","IG-SRC-019",""
"CS-4502","PUR-007","03-REGISTERS/rigveda-pur-family.csv","CLAIM","SRC-022","CONTRIBUTING","rv_tokens_vedaweb.tsv, surface field, diacritics and vowel length stripped; compared against lemma_id=lemma_pur_5549","IG-SRC-021",""
"CS-4503","PUR-008","03-REGISTERS/rigveda-pur-family.csv","CLAIM","SRC-019","CONTRIBUTING","rv_tokens_vedaweb.tsv, surface='purā́'; the pur- case is PUR-OCC-005, RV 01.053.07 pada b token 1, in the phrase purā́ púraṁ sám ... haṁsi","IG-SRC-019",""
"CS-4504","PUR-008","03-REGISTERS/rigveda-pur-family.csv","CLAIM","SRC-022","CONTRIBUTING","rv_tokens_vedaweb.tsv, surface='purā́'; the pur- case is PUR-OCC-005, RV 01.053.07 pada b token 1, in the phrase purā́ púraṁ sám ... haṁsi","IG-SRC-021",""
"CS-4505","PUR-009","03-REGISTERS/rigveda-pur-family.csv","CLAIM","SRC-019","CONTRIBUTING","rigveda/versions/padapatha.csv against rv_tokens_vedaweb.tsv, surfaces púraḥ and purā́","IG-SRC-019",""
"CS-4506","PUR-009","03-REGISTERS/rigveda-pur-family.csv","CLAIM","SRC-021","CONTRIBUTING","rigveda/versions/padapatha.csv against rv_tokens_vedaweb.tsv, surfaces púraḥ and purā́","IG-SRC-021",""
"CS-4507","PUR-009","03-REGISTERS/rigveda-pur-family.csv","CLAIM","SRC-022","CONTRIBUTING","rigveda/versions/padapatha.csv against rv_tokens_vedaweb.tsv, surfaces púraḥ and purā́","IG-SRC-021",""
"CS-4508","PUR-010","03-REGISTERS/rigveda-pur-family.csv","CLAIM","SRC-019","CONTRIBUTING","rigveda/versions/padapatha.csv, all 10,552 stanzas, tested against the 103 family stanzas","IG-SRC-019",""
"CS-4509","PUR-010","03-REGISTERS/rigveda-pur-family.csv","CLAIM","SRC-021","CONTRIBUTING","rigveda/versions/padapatha.csv, all 10,552 stanzas, tested against the 103 family stanzas","IG-SRC-021",""
"CS-4510","PUR-010","03-REGISTERS/rigveda-pur-family.csv","CLAIM","SRC-022","CONTRIBUTING","rigveda/versions/padapatha.csv, all 10,552 stanzas, tested against the 103 family stanzas","IG-SRC-021",""
"CS-4511","PUR-011","03-REGISTERS/rigveda-pur-family.csv","CLAIM","SRC-026","SOLE","Arnold, Vedic Metre in its Historical Development, Cambridge 1905, Appendix IV, section 265 'Explanatory Notes', printed p. 269 (archive.org item vedicmetreinitsh00arnouoft, scan OBJECT 289)","IG-SRC-019",""
"CS-4512","PUR-012","03-REGISTERS/rigveda-pur-family.csv","CLAIM","SRC-019","CONTRIBUTING","rigveda/info/strata.json, sha256 484e657e32ab7304aece763c072a1fa75d4042ffc4513d1426ba248776e0ed75","IG-SRC-019",""
"CS-4513","PUR-012","03-REGISTERS/rigveda-pur-family.csv","CLAIM","SRC-023","CONTRIBUTING","rigveda/info/strata.json, sha256 484e657e32ab7304aece763c072a1fa75d4042ffc4513d1426ba248776e0ed75","IG-SRC-019",""
"CS-4514","PUR-013","03-REGISTERS/rigveda-pur-family.csv","CLAIM","SRC-019","CONTRIBUTING","rigveda/TEI/vedaweb_corpus.tei, biblFull xml:id=""strata"", lines 169-218","IG-SRC-019",""
"CS-4515","PUR-013","03-REGISTERS/rigveda-pur-family.csv","CLAIM","SRC-024","CONTRIBUTING","rigveda/TEI/vedaweb_corpus.tei, biblFull xml:id=""strata"", lines 169-218","IG-SRC-024",""
"CS-4516","PUR-014","03-REGISTERS/rigveda-pur-family.csv","CLAIM","SRC-019","CONTRIBUTING","03-REGISTERS/rigveda-pur-family-occurrences.csv, arnold_stratum column; each token takes the stratum of its pada","IG-SRC-019",""
"CS-4517","PUR-014","03-REGISTERS/rigveda-pur-family.csv","CLAIM","SRC-022","CONTRIBUTING","03-REGISTERS/rigveda-pur-family-occurrences.csv, arnold_stratum column; each token takes the stratum of its pada","IG-SRC-021",""
"CS-4518","PUR-014","03-REGISTERS/rigveda-pur-family.csv","CLAIM","SRC-023","CONTRIBUTING","03-REGISTERS/rigveda-pur-family-occurrences.csv, arnold_stratum column; each token takes the stratum of its pada","IG-SRC-019",""
"CS-4519","PUR-015","03-REGISTERS/rigveda-pur-family.csv","CLAIM","SRC-019","CONTRIBUTING","same file, deduplicated on (stanza, pada)","IG-SRC-019",""
"CS-4520","PUR-015","03-REGISTERS/rigveda-pur-family.csv","CLAIM","SRC-022","CONTRIBUTING","same file, deduplicated on (stanza, pada)","IG-SRC-021",""
"CS-4521","PUR-015","03-REGISTERS/rigveda-pur-family.csv","CLAIM","SRC-023","CONTRIBUTING","same file, deduplicated on (stanza, pada)","IG-SRC-019",""
"CS-4522","PUR-016","03-REGISTERS/rigveda-pur-family.csv","CLAIM","SRC-019","CONTRIBUTING","rv_tokens_vedaweb.tsv, stratum column over all 164,755 coded tokens","IG-SRC-019",""
"CS-4523","PUR-016","03-REGISTERS/rigveda-pur-family.csv","CLAIM","SRC-022","CONTRIBUTING","rv_tokens_vedaweb.tsv, stratum column over all 164,755 coded tokens","IG-SRC-021",""
"CS-4524","PUR-016","03-REGISTERS/rigveda-pur-family.csv","CLAIM","SRC-023","CONTRIBUTING","rv_tokens_vedaweb.tsv, stratum column over all 164,755 coded tokens","IG-SRC-019",""
"CS-4525","PUR-017","03-REGISTERS/rigveda-pur-family.csv","CLAIM","SRC-019","CONTRIBUTING","expected = 106 x 22961/164755","IG-SRC-019",""
"CS-4526","PUR-017","03-REGISTERS/rigveda-pur-family.csv","CLAIM","SRC-022","CONTRIBUTING","expected = 106 x 22961/164755","IG-SRC-021",""
"CS-4527","PUR-017","03-REGISTERS/rigveda-pur-family.csv","CLAIM","SRC-023","CONTRIBUTING","expected = 106 x 22961/164755","IG-SRC-019",""
"CS-4528","PUR-018","03-REGISTERS/rigveda-pur-family.csv","CLAIM","SRC-019","CONTRIBUTING","computed in 04-AUDITS/rv-pur-family-search.py from the counts in PUR-014, PUR-016","IG-SRC-019",""
"CS-4529","PUR-018","03-REGISTERS/rigveda-pur-family.csv","CLAIM","SRC-022","CONTRIBUTING","computed in 04-AUDITS/rv-pur-family-search.py from the counts in PUR-014, PUR-016","IG-SRC-021",""
"CS-4530","PUR-018","03-REGISTERS/rigveda-pur-family.csv","CLAIM","SRC-023","CONTRIBUTING","computed in 04-AUDITS/rv-pur-family-search.py from the counts in PUR-014, PUR-016","IG-SRC-019",""
"CS-4531","PUR-019","03-REGISTERS/rigveda-pur-family.csv","CLAIM","SRC-019","CONTRIBUTING","rv_tokens_vedaweb.tsv, book column","IG-SRC-019",""
"CS-4532","PUR-019","03-REGISTERS/rigveda-pur-family.csv","CLAIM","SRC-022","CONTRIBUTING","rv_tokens_vedaweb.tsv, book column","IG-SRC-021",""
"CS-4533","PUR-020","03-REGISTERS/rigveda-pur-family.csv","CLAIM","SRC-019","CONTRIBUTING","rv_tokens_vedaweb.tsv, book column","IG-SRC-019",""
"CS-4534","PUR-020","03-REGISTERS/rigveda-pur-family.csv","CLAIM","SRC-022","CONTRIBUTING","rv_tokens_vedaweb.tsv, book column","IG-SRC-021",""
"CS-4535","PUR-021","03-REGISTERS/rigveda-pur-family.csv","CLAIM","SRC-019","CONTRIBUTING","rv_tokens_vedaweb.tsv, cross-tabulation of book against stratum","IG-SRC-019",""
"CS-4536","PUR-021","03-REGISTERS/rigveda-pur-family.csv","CLAIM","SRC-022","CONTRIBUTING","rv_tokens_vedaweb.tsv, cross-tabulation of book against stratum","IG-SRC-021",""
"CS-4537","PUR-021","03-REGISTERS/rigveda-pur-family.csv","CLAIM","SRC-023","CONTRIBUTING","rv_tokens_vedaweb.tsv, cross-tabulation of book against stratum","IG-SRC-019",""
"CS-4538","PUR-022","03-REGISTERS/rigveda-pur-family.csv","CLAIM","SRC-019","CONTRIBUTING","rv_tokens_vedaweb.tsv, lemma co-occurrence within the 103 family stanzas; minimum 4 occurrences","IG-SRC-019",""
"CS-4539","PUR-022","03-REGISTERS/rigveda-pur-family.csv","CLAIM","SRC-022","CONTRIBUTING","rv_tokens_vedaweb.tsv, lemma co-occurrence within the 103 family stanzas; minimum 4 occurrences","IG-SRC-021",""
"CS-4540","PUR-023","03-REGISTERS/rigveda-pur-family.csv","CLAIM","SRC-019","CONTRIBUTING","rigveda/info/matched_lemmata.json, meaning field for lemma_ids lemma_puraMDi_5553, lemma_puraMDivat_5554, lemma_smatpuraMDi_10319","IG-SRC-019",""
"CS-4541","PUR-023","03-REGISTERS/rigveda-pur-family.csv","CLAIM","SRC-022","CONTRIBUTING","rigveda/info/matched_lemmata.json, meaning field for lemma_ids lemma_puraMDi_5553, lemma_puraMDivat_5554, lemma_smatpuraMDi_10319","IG-SRC-021",""
"CS-4542","PUR-024","03-REGISTERS/rigveda-pur-family.csv","CLAIM","SRC-019","CONTRIBUTING","rigveda/info/matched_lemmata.json, lemma_id lemma_purAsah_5564; the single token is purāṣā́ṭ at RV 10.074.06 pada a","IG-SRC-019",""
"CS-4543","PUR-024","03-REGISTERS/rigveda-pur-family.csv","CLAIM","SRC-022","CONTRIBUTING","rigveda/info/matched_lemmata.json, lemma_id lemma_purAsah_5564; the single token is purāṣā́ṭ at RV 10.074.06 pada a","IG-SRC-021",""
"CS-4544","PUR-025","03-REGISTERS/rigveda-pur-family.csv","CLAIM","SRC-019","CONTRIBUTING","rigveda/info/matched_lemmata.json glosses, checked lemma by lemma against the 142 lemmas returned by the string search of PUR-007","IG-SRC-019",""
"CS-4545","PUR-025","03-REGISTERS/rigveda-pur-family.csv","CLAIM","SRC-022","CONTRIBUTING","rigveda/info/matched_lemmata.json glosses, checked lemma by lemma against the 142 lemmas returned by the string search of PUR-007","IG-SRC-021",""
"CS-4546","PUR-026","03-REGISTERS/rigveda-pur-family.csv","CLAIM","SRC-019","CONTRIBUTING","reads PUR-014, PUR-016, PUR-017 and PUR-018 through Arnold 1905's periodisation","IG-SRC-019",""
"CS-4547","PUR-026","03-REGISTERS/rigveda-pur-family.csv","CLAIM","SRC-023","CONTRIBUTING","reads PUR-014, PUR-016, PUR-017 and PUR-018 through Arnold 1905's periodisation","IG-SRC-019",""
"CS-4548","PUR-026","03-REGISTERS/rigveda-pur-family.csv","CLAIM","SRC-026","CONTRIBUTING","reads PUR-014, PUR-016, PUR-017 and PUR-018 through Arnold 1905's periodisation","IG-SRC-019",""
"CS-4549","APA-E-001","04-AUDITS/ARCHIVE-AND-POWER-AUDIT.csv","DATA","SRC-059","CONTRIBUTING","","IG-SRC-059",""
"CS-4550","APA-E-001","04-AUDITS/ARCHIVE-AND-POWER-AUDIT.csv","DATA","SRC-022","CONTRIBUTING","","IG-SRC-021",""
"CS-4551","APA-E-002","04-AUDITS/ARCHIVE-AND-POWER-AUDIT.csv","DATA","SRC-065","SOLE","","IG-SRC-056",""
"CS-4552","APA-E-003","04-AUDITS/ARCHIVE-AND-POWER-AUDIT.csv","DATA","SRC-053","CONTRIBUTING","","IG-SRC-053",""
"CS-4553","APA-E-003","04-AUDITS/ARCHIVE-AND-POWER-AUDIT.csv","DATA","SRC-054","CONTRIBUTING","","IG-SRC-054",""
"CS-4554","APA-E-003","04-AUDITS/ARCHIVE-AND-POWER-AUDIT.csv","DATA","SRC-055","CONTRIBUTING","","IG-SRC-055",""
"CS-4555","APA-E-003","04-AUDITS/ARCHIVE-AND-POWER-AUDIT.csv","DATA","SRC-056","CONTRIBUTING","","IG-SRC-056",""
"CS-4556","APA-E-003","04-AUDITS/ARCHIVE-AND-POWER-AUDIT.csv","DATA","SRC-057","CONTRIBUTING","","IG-SRC-057",""
"CS-4557","APA-E-003","04-AUDITS/ARCHIVE-AND-POWER-AUDIT.csv","DATA","SRC-058","CONTRIBUTING","","IG-SRC-058",""
"CS-4558","APA-E-003","04-AUDITS/ARCHIVE-AND-POWER-AUDIT.csv","DATA","SRC-068","CONTRIBUTING","","IG-SRC-056",""
"CS-4559","APA-E-004","04-AUDITS/ARCHIVE-AND-POWER-AUDIT.csv","DATA","SRC-061","CONTRIBUTING","","IG-SRC-056",""
"CS-4560","APA-E-004","04-AUDITS/ARCHIVE-AND-POWER-AUDIT.csv","DATA","SRC-056","CONTRIBUTING","","IG-SRC-056",""
"CS-4561","APA-E-005","04-AUDITS/ARCHIVE-AND-POWER-AUDIT.csv","DATA","SRC-063","CONTRIBUTING","","IG-SRC-063",""
"CS-4562","APA-E-005","04-AUDITS/ARCHIVE-AND-POWER-AUDIT.csv","DATA","SRC-064","CONTRIBUTING","","IG-SRC-064",""
"CS-4563","APA-E-006","04-AUDITS/ARCHIVE-AND-POWER-AUDIT.csv","DATA","SRC-023","CONTRIBUTING","","IG-SRC-019",""
"CS-4564","APA-E-006","04-AUDITS/ARCHIVE-AND-POWER-AUDIT.csv","DATA","SRC-026","CONTRIBUTING","","IG-SRC-019",""
"CS-4565","IC-E-001","04-AUDITS/INTERNAL-CONTRADICTIONS.csv","DATA","SRC-061","CONTRIBUTING","","IG-SRC-056",""
"CS-4566","IC-E-001","04-AUDITS/INTERNAL-CONTRADICTIONS.csv","DATA","SRC-056","CONTRIBUTING","","IG-SRC-056",""
"CS-4567","IC-E-002","04-AUDITS/INTERNAL-CONTRADICTIONS.csv","DATA","SRC-061","CONTRIBUTING","","IG-SRC-056",""
"CS-4568","IC-E-002","04-AUDITS/INTERNAL-CONTRADICTIONS.csv","DATA","SRC-056","CONTRIBUTING","","IG-SRC-056",""
"CS-4569","IC-E-004","04-AUDITS/INTERNAL-CONTRADICTIONS.csv","DATA","SRC-060","SOLE","","IG-SRC-060",""
