occ_id,river_name,reference,stanza,pada,token_index,surface,lemma,morphology,book,arnold_stratum_code,source_id,retrieval_date,note
HYD-001,Anitabhā,RIVER,05.053.09,a,4,ánitabhā,ánitabhā-,case=NOM|gender=F|number=SG,5,A,SRC-019; SRC-022; SRC-023; SRC-047,2026-09-07,
HYD-002,Asiknī,AMBIGUOUS,04.017.15,a,1,ásiknyām,ásita-,case=LOC|gender=F|number=SG,4,S,SRC-019; SRC-022; SRC-023; SRC-047,2026-09-07,"Lemmatised under ásita- 'black'. Only 10.75.5, inside the Nadīstuti river list, is typed RIVER; the other five may be the ordinary adjective and are typed AMBIGUOUS."
HYD-003,Asiknī,AMBIGUOUS,07.005.03,a,5,ásiknīḥ,ásita-,case=NOM|gender=F|number=PL,7,C,SRC-019; SRC-022; SRC-023; SRC-047,2026-09-07,"Lemmatised under ásita- 'black'. Only 10.75.5, inside the Nadīstuti river list, is typed RIVER; the other five may be the ordinary adjective and are typed AMBIGUOUS."
HYD-004,Asiknī,AMBIGUOUS,08.020.25,a,4,ásiknyām,ásita-,case=LOC|gender=F|number=SG,8,A,SRC-019; SRC-022; SRC-023; SRC-047,2026-09-07,"Lemmatised under ásita- 'black'. Only 10.75.5, inside the Nadīstuti river list, is typed RIVER; the other five may be the ordinary adjective and are typed AMBIGUOUS."
HYD-005,Asiknī,AMBIGUOUS,09.073.05,d,2,ásiknīm,ásita-,case=ACC|gender=F|number=SG,9,N,SRC-019; SRC-022; SRC-023; SRC-047,2026-09-07,"Lemmatised under ásita- 'black'. Only 10.75.5, inside the Nadīstuti river list, is typed RIVER; the other five may be the ordinary adjective and are typed AMBIGUOUS."
HYD-006,Asiknī,AMBIGUOUS,10.003.01,d,1,ásiknīm,ásita-,case=ACC|gender=F|number=SG,10,S,SRC-019; SRC-022; SRC-023; SRC-047,2026-09-07,"Lemmatised under ásita- 'black'. Only 10.75.5, inside the Nadīstuti river list, is typed RIVER; the other five may be the ordinary adjective and are typed AMBIGUOUS."
HYD-007,Asiknī,RIVER,10.075.05,c,1,asiknyā́,ásita-,case=INS|gender=F|number=SG,10,n,SRC-019; SRC-022; SRC-023; SRC-047,2026-09-07,"Lemmatised under ásita- 'black'. Only 10.75.5, inside the Nadīstuti river list, is typed RIVER; the other five may be the ordinary adjective and are typed AMBIGUOUS."
HYD-008,Dṛṣadvatī,RIVER,03.023.04,c,1,dr̥ṣádvatyām,dr̥ṣádvatī-,case=LOC|gender=F|number=SG,3,N,SRC-019; SRC-022; SRC-023; SRC-047,2026-09-07,
HYD-009,Gaṅgā,DERIVATIVE,06.045.31,c,4,gāṅgyáḥ,gāṅgyá-,case=NOM|gender=M|number=SG,6,A,SRC-019; SRC-022; SRC-023; SRC-047,2026-09-07,"One occurrence, the vocative gaṅge at 10.75.5. gāṅgyáḥ at 6.45.31 is masculine and is a personal name; typed DERIVATIVE."
HYD-010,Gaṅgā,RIVER,10.075.05,a,3,gaṅge,gaṅgā-,case=VOC|gender=F|number=SG,10,n,SRC-019; SRC-022; SRC-023; SRC-047,2026-09-07,"One occurrence, the vocative gaṅge at 10.75.5. gāṅgyáḥ at 6.45.31 is masculine and is a personal name; typed DERIVATIVE."
HYD-011,Gomatī,NOT-RIVER,01.008.08,b,2,gómatī,gómant-,case=NOM|gender=F|number=SG,1,s,SRC-019; SRC-022; SRC-023; SRC-047,2026-09-07,also the adjective gómant-
HYD-012,Gomatī,NOT-RIVER,01.009.07,a,2,gómat,gómant-,case=ACC|gender=N|number=SG,1,s,SRC-019; SRC-022; SRC-023; SRC-047,2026-09-07,also the adjective gómant-
HYD-013,Gomatī,NOT-RIVER,01.011.03,c,3,gómataḥ,gómant-,case=GEN|gender=M|number=SG,1,N,SRC-019; SRC-022; SRC-023; SRC-047,2026-09-07,also the adjective gómant-
HYD-014,Gomatī,NOT-RIVER,01.011.05,a,3,gómataḥ,gómant-,case=GEN|gender=M|number=SG,1,N,SRC-019; SRC-022; SRC-023; SRC-047,2026-09-07,also the adjective gómant-
HYD-015,Gomatī,NOT-RIVER,01.030.17,c,1,gómat,gómant-,case=NOM|gender=N|number=SG,1,S,SRC-019; SRC-022; SRC-023; SRC-047,2026-09-07,also the adjective gómant-
HYD-016,Gomatī,NOT-RIVER,01.048.02,a,2,gómatīḥ,gómant-,case=NOM|gender=F|number=PL,1,S,SRC-019; SRC-022; SRC-023; SRC-047,2026-09-07,also the adjective gómant-
HYD-017,Gomatī,NOT-RIVER,01.048.12,c,4,gómat,gómant-,case=ACC|gender=N|number=SG,1,S,SRC-019; SRC-022; SRC-023; SRC-047,2026-09-07,also the adjective gómant-
HYD-018,Gomatī,NOT-RIVER,01.048.15,d,3,gómatīḥ,gómant-,case=ACC|gender=F|number=PL,1,S,SRC-019; SRC-022; SRC-023; SRC-047,2026-09-07,also the adjective gómant-
HYD-019,Gomatī,NOT-RIVER,01.079.04,a,3,gómataḥ,gómant-,case=GEN|gender=M|number=SG,1,a,SRC-019; SRC-022; SRC-023; SRC-047,2026-09-07,also the adjective gómant-
HYD-020,Gomatī,NOT-RIVER,01.085.03,a,1,gómātaraḥ,gómātar-,case=NOM|gender=M|number=PL,1,n,SRC-019; SRC-022; SRC-023; SRC-047,2026-09-07,also the adjective gómant-
HYD-021,Gomatī,NOT-RIVER,01.086.03,c,3,gómati,gómant-,case=LOC|gender=M|number=SG,1,n,SRC-019; SRC-022; SRC-023; SRC-047,2026-09-07,also the adjective gómant-
HYD-022,Gomatī,NOT-RIVER,01.092.14,a,4,gomati,gómant-,case=VOC|gender=F|number=SG,1,a,SRC-019; SRC-022; SRC-023; SRC-047,2026-09-07,also the adjective gómant-
HYD-023,Gomatī,NOT-RIVER,01.092.16,b,1,gómat,gómant-,case=ACC|gender=N|number=SG,1,a,SRC-019; SRC-022; SRC-023; SRC-047,2026-09-07,also the adjective gómant-
HYD-024,Gomatī,NOT-RIVER,01.113.18,a,2,gómatīḥ,gómant-,case=NOM|gender=F|number=PL,1,C,SRC-019; SRC-022; SRC-023; SRC-047,2026-09-07,also the adjective gómant-
HYD-025,Gomatī,NOT-RIVER,01.123.12,a,2,gómatīḥ,gómant-,case=NOM|gender=F|number=PL,1,C,SRC-019; SRC-022; SRC-023; SRC-047,2026-09-07,also the adjective gómant-
HYD-026,Gomatī,NOT-RIVER,01.190.08,c,6,gómat,gómant-,case=ACC|gender=N|number=SG,1,s,SRC-019; SRC-022; SRC-023; SRC-047,2026-09-07,also the adjective gómant-
HYD-027,Gomatī,NOT-RIVER,02.028.02,c,3,gómatīnām,gómant-,case=GEN|gender=F|number=PL,2,N,SRC-019; SRC-022; SRC-023; SRC-047,2026-09-07,also the adjective gómant-
HYD-028,Gomatī,NOT-RIVER,02.041.07,a,1,gómat,gómant-,case=ACC|gender=N|number=SG,2,N,SRC-019; SRC-022; SRC-023; SRC-047,2026-09-07,also the adjective gómant-
HYD-029,Gomatī,NOT-RIVER,03.016.01,c,4,gómataḥ,gómant-,case=GEN|gender=M|number=SG,3,N,SRC-019; SRC-022; SRC-023; SRC-047,2026-09-07,also the adjective gómant-
HYD-030,Gomatī,NOT-RIVER,04.021.04,c,4,gómatīṣu,gómant-,case=LOC|gender=F|number=PL,4,S,SRC-019; SRC-022; SRC-023; SRC-047,2026-09-07,also the adjective gómant-
HYD-031,Gomatī,NOT-RIVER,04.031.13,b,4,gómataḥ,gómant-,case=ACC|gender=M|number=PL,4,S,SRC-019; SRC-022; SRC-023; SRC-047,2026-09-07,also the adjective gómant-
HYD-032,Gomatī,NOT-RIVER,04.032.06,b,3,gómataḥ,gómant-,case=GEN|gender=M|number=SG,4,S,SRC-019; SRC-022; SRC-023; SRC-047,2026-09-07,also the adjective gómant-
HYD-033,Gomatī,NOT-RIVER,04.032.07,b,3,gómataḥ,gómant-,case=GEN|gender=M|number=SG,4,S,SRC-019; SRC-022; SRC-023; SRC-047,2026-09-07,also the adjective gómant-
HYD-034,Gomatī,NOT-RIVER,05.023.02,d,3,gómataḥ,gómant-,case=GEN|gender=M|number=SG,5,A,SRC-019; SRC-022; SRC-023; SRC-047,2026-09-07,also the adjective gómant-
HYD-035,Gomatī,NOT-RIVER,05.034.05,d,4,gómati,gómant-,case=LOC|gender=M|number=SG,5,N,SRC-019; SRC-022; SRC-023; SRC-047,2026-09-07,also the adjective gómant-
HYD-036,Gomatī,NOT-RIVER,05.057.07,a,1,gómat,gómant-,case=ACC|gender=N|number=SG,5,C,SRC-019; SRC-022; SRC-023; SRC-047,2026-09-07,also the adjective gómant-
HYD-037,Gomatī,NOT-RIVER,05.061.19,b,2,gómatīḥ,gómant-,case=ACC|gender=F|number=PL,5,A,SRC-019; SRC-022; SRC-023; SRC-047,2026-09-07,also the adjective gómant-
HYD-038,Gomatī,NOT-RIVER,05.079.08,a,3,gómatīḥ,gómant-,case=ACC|gender=F|number=PL,5,C,SRC-019; SRC-022; SRC-023; SRC-047,2026-09-07,also the adjective gómant-
HYD-039,Gomatī,NOT-RIVER,06.010.03,d,3,gómataḥ,gómant-,case=GEN|gender=M|number=SG,6,A,SRC-019; SRC-022; SRC-023; SRC-047,2026-09-07,also the adjective gómant-
HYD-040,Gomatī,NOT-RIVER,06.045.23,b,3,gómataḥ,gómant-,case=GEN|gender=M|number=SG,6,A,SRC-019; SRC-022; SRC-023; SRC-047,2026-09-07,also the adjective gómant-
HYD-041,Gomatī,NOT-RIVER,06.062.11,c,3,gómataḥ,gómant-,case=GEN|gender=M|number=SG,6,c,SRC-019; SRC-022; SRC-023; SRC-047,2026-09-07,also the adjective gómant-
HYD-042,Gomatī,NOT-RIVER,06.073.03,b,3,gómataḥ,gómant-,case=ACC|gender=M|number=PL,6,C,SRC-019; SRC-022; SRC-023; SRC-047,2026-09-07,also the adjective gómant-
HYD-043,Gomatī,NOT-RIVER,07.023.06,c,6,gómat,gómant-,case=ACC|gender=N|number=SG,7,S,SRC-019; SRC-022; SRC-023; SRC-047,2026-09-07,also the adjective gómant-
HYD-044,Gomatī,NOT-RIVER,07.027.01,d,2,gómati,gómant-,case=LOC|gender=M|number=SG,7,S,SRC-019; SRC-022; SRC-023; SRC-047,2026-09-07,also the adjective gómant-
HYD-045,Gomatī,NOT-RIVER,07.027.05,c,1,gómat,gómant-,case=ACC|gender=N|number=SG,7,S,SRC-019; SRC-022; SRC-023; SRC-047,2026-09-07,also the adjective gómant-
HYD-046,Gomatī,NOT-RIVER,07.032.10,d,3,gómati,gómant-,case=LOC|gender=M|number=SG,7,S,SRC-019; SRC-022; SRC-023; SRC-047,2026-09-07,also the adjective gómant-
HYD-047,Gomatī,NOT-RIVER,07.041.07,a,2,gómatīḥ,gómant-,case=NOM|gender=F|number=PL,7,C,SRC-019; SRC-022; SRC-023; SRC-047,2026-09-07,also the adjective gómant-
HYD-048,Gomatī,NOT-RIVER,07.072.01,a,2,gómatā,gómant-,case=INS|gender=M|number=SG,7,S,SRC-019; SRC-022; SRC-023; SRC-047,2026-09-07,also the adjective gómant-
HYD-049,Gomatī,NOT-RIVER,07.075.08,a,3,gómat,gómant-,case=ACC|gender=N|number=SG,7,n,SRC-019; SRC-022; SRC-023; SRC-047,2026-09-07,also the adjective gómant-
HYD-050,Gomatī,NOT-RIVER,07.077.05,d,1,gómat,gómant-,case=ACC|gender=N|number=SG,7,n,SRC-019; SRC-022; SRC-023; SRC-047,2026-09-07,also the adjective gómant-
HYD-051,Gomatī,NOT-RIVER,07.080.03,a,2,gómatīḥ,gómant-,case=NOM|gender=F|number=PL,7,C,SRC-019; SRC-022; SRC-023; SRC-047,2026-09-07,also the adjective gómant-
HYD-052,Gomatī,NOT-RIVER,07.081.06,b,3,gómataḥ,gómant-,case=ACC|gender=M|number=PL,7,S,SRC-019; SRC-022; SRC-023; SRC-047,2026-09-07,also the adjective gómant-
HYD-053,Gomatī,NOT-RIVER,07.094.09,a,1,gómat,gómant-,case=ACC|gender=N|number=SG,7,S,SRC-019; SRC-022; SRC-023; SRC-047,2026-09-07,also the adjective gómant-
HYD-054,Gomatī,NOT-RIVER,08.003.01,b,4,gómataḥ,gómant-,case=GEN|gender=M|number=SG,8,S,SRC-019; SRC-022; SRC-023; SRC-047,2026-09-07,also the adjective gómant-
HYD-055,Gomatī,NOT-RIVER,08.005.09,a,3,gómatīḥ,gómant-,case=ACC|gender=F|number=PL,8,S,SRC-019; SRC-022; SRC-023; SRC-047,2026-09-07,also the adjective gómant-
HYD-056,Gomatī,NOT-RIVER,08.006.23,b,4,gómatīm,gómant-,case=ACC|gender=F|number=SG,8,S,SRC-019; SRC-022; SRC-023; SRC-047,2026-09-07,also the adjective gómant-
HYD-057,Gomatī,NOT-RIVER,08.013.14,b,3,gómataḥ,gómant-,case=GEN|gender=M|number=SG,8,A,SRC-019; SRC-022; SRC-023; SRC-047,2026-09-07,also the adjective gómant-
HYD-058,Gomatī,NOT-RIVER,08.021.08,d,3,gómati,gómant-,case=LOC|gender=M|number=SG,8,A,SRC-019; SRC-022; SRC-023; SRC-047,2026-09-07,also the adjective gómant-
HYD-059,Gomatī,NOT-RIVER,08.021.11,c,3,gómataḥ,gómant-,case=GEN|gender=M|number=SG,8,A,SRC-019; SRC-022; SRC-023; SRC-047,2026-09-07,also the adjective gómant-
HYD-060,Gomatī,NOT-RIVER,08.022.17,c,1,gómat,gómant-,case=ACC|gender=N|number=SG,8,A,SRC-019; SRC-022; SRC-023; SRC-047,2026-09-07,also the adjective gómant-
HYD-061,Gomatī,NOT-RIVER,08.023.29,b,3,gómatīḥ,gómant-,case=ACC|gender=F|number=PL,8,A,SRC-019; SRC-022; SRC-023; SRC-047,2026-09-07,also the adjective gómant-
HYD-062,Gomatī,RIVER,08.024.30,d,1,gomatī́m,gomatī́-,case=ACC|gender=F|number=SG,8,A,SRC-019; SRC-022; SRC-023; SRC-047,2026-09-07,also the adjective gómant-
HYD-063,Gomatī,NOT-RIVER,08.025.20,b,3,gómataḥ,gómant-,case=GEN|gender=M|number=SG,8,A,SRC-019; SRC-022; SRC-023; SRC-047,2026-09-07,also the adjective gómant-
HYD-064,Gomatī,NOT-RIVER,08.032.09,a,3,gómataḥ,gómant-,case=ACC|gender=M|number=PL,8,S,SRC-019; SRC-022; SRC-023; SRC-047,2026-09-07,also the adjective gómant-
HYD-065,Gomatī,NOT-RIVER,08.045.10,c,4,gómataḥ,gómant-,case=GEN|gender=M|number=SG,8,S,SRC-019; SRC-022; SRC-023; SRC-047,2026-09-07,also the adjective gómant-
HYD-066,Gomatī,NOT-RIVER,08.045.28,b,3,gómataḥ,gómant-,case=GEN|gender=M|number=SG,8,S,SRC-019; SRC-022; SRC-023; SRC-047,2026-09-07,also the adjective gómant-
HYD-067,Gomatī,NOT-RIVER,08.046.05,a,2,gómat,gómant-,case=ACC|gender=N|number=SG,8,A,SRC-019; SRC-022; SRC-023; SRC-047,2026-09-07,also the adjective gómant-
HYD-068,Gomatī,NOT-RIVER,08.046.09,d,2,gómati,gómant-,case=LOC|gender=M|number=SG,8,A,SRC-019; SRC-022; SRC-023; SRC-047,2026-09-07,also the adjective gómant-
HYD-069,Gomatī,NOT-RIVER,08.049.09,b,3,gómataḥ,gómant-,case=GEN|gender=N|number=SG,8,S,SRC-019; SRC-022; SRC-023; SRC-047,2026-09-07,also the adjective gómant-
HYD-070,Gomatī,NOT-RIVER,08.049.10,d,2,gómat,gómant-,case=ACC|gender=N|number=SG,8,S,SRC-019; SRC-022; SRC-023; SRC-047,2026-09-07,also the adjective gómant-
HYD-071,Gomatī,NOT-RIVER,08.051.05,d,2,gómati,gómant-,case=LOC|gender=M|number=SG,8,S,SRC-019; SRC-022; SRC-023; SRC-047,2026-09-07,also the adjective gómant-
HYD-072,Gomatī,NOT-RIVER,08.070.06,c,4,gómati,gómant-,case=LOC|gender=M|number=SG,8,A,SRC-019; SRC-022; SRC-023; SRC-047,2026-09-07,also the adjective gómant-
HYD-073,Gomatī,NOT-RIVER,08.082.06,b,3,gómataḥ,gómant-,case=GEN|gender=M|number=SG,8,A,SRC-019; SRC-022; SRC-023; SRC-047,2026-09-07,also the adjective gómant-
HYD-074,Gomatī,NOT-RIVER,08.092.30,c,3,gómataḥ,gómant-,case=GEN|gender=M|number=SG,8,S,SRC-019; SRC-022; SRC-023; SRC-047,2026-09-07,also the adjective gómant-
HYD-075,Gomatī,NOT-RIVER,08.093.03,b,2,gómat,gómant-,case=ACC|gender=N|number=SG,8,S,SRC-019; SRC-022; SRC-023; SRC-047,2026-09-07,also the adjective gómant-
HYD-076,Gomatī,NOT-RIVER,08.094.06,b,3,gómataḥ,gómant-,case=GEN|gender=M|number=SG,8,S,SRC-019; SRC-022; SRC-023; SRC-047,2026-09-07,also the adjective gómant-
HYD-077,Gomatī,NOT-RIVER,08.095.04,c,2,gómataḥ,gómant-,case=GEN|gender=M|number=SG,8,S,SRC-019; SRC-022; SRC-023; SRC-047,2026-09-07,also the adjective gómant-
HYD-078,Gomatī,NOT-RIVER,09.041.04,b,1,gómat,gómant-,case=ACC|gender=N|number=SG,9,N,SRC-019; SRC-022; SRC-023; SRC-047,2026-09-07,also the adjective gómant-
HYD-079,Gomatī,NOT-RIVER,09.042.06,a,1,gómat,gómant-,case=ACC|gender=N|number=SG,9,N,SRC-019; SRC-022; SRC-023; SRC-047,2026-09-07,also the adjective gómant-
HYD-080,Gomatī,NOT-RIVER,09.054.04,b,3,gómataḥ,gómant-,case=ACC|gender=M|number=PL,9,N,SRC-019; SRC-022; SRC-023; SRC-047,2026-09-07,also the adjective gómant-
HYD-081,Gomatī,NOT-RIVER,09.061.03,b,1,gómat,gómant-,case=ACC|gender=N|number=SG,9,N,SRC-019; SRC-022; SRC-023; SRC-047,2026-09-07,also the adjective gómant-
HYD-082,Gomatī,NOT-RIVER,09.062.24,a,3,gómatīḥ,gómant-,case=ACC|gender=F|number=PL,9,N,SRC-019; SRC-022; SRC-023; SRC-047,2026-09-07,also the adjective gómant-
HYD-083,Gomatī,NOT-RIVER,09.067.05,c,4,gómataḥ,gómant-,case=ACC|gender=M|number=PL,9,N,SRC-019; SRC-022; SRC-023; SRC-047,2026-09-07,also the adjective gómant-
HYD-084,Gomatī,NOT-RIVER,09.069.08,b,2,gómat,gómant-,case=ACC|gender=N|number=SG,9,N,SRC-019; SRC-022; SRC-023; SRC-047,2026-09-07,also the adjective gómant-
HYD-085,Gomatī,NOT-RIVER,09.077.03,b,4,gómate,gómant-,case=DAT|gender=M|number=SG,9,N,SRC-019; SRC-022; SRC-023; SRC-047,2026-09-07,also the adjective gómant-
HYD-086,Gomatī,NOT-RIVER,09.105.04,a,1,gómat,gómant-,case=ACC|gender=N|number=SG,9,A,SRC-019; SRC-022; SRC-023; SRC-047,2026-09-07,also the adjective gómant-
HYD-087,Gomatī,NOT-RIVER,10.025.11,b,3,gómataḥ,gómant-,case=ACC|gender=M|number=PL,10,A,SRC-019; SRC-022; SRC-023; SRC-047,2026-09-07,also the adjective gómant-
HYD-088,Gomatī,NOT-RIVER,10.036.13,c,4,gómat,gómant-,case=ACC|gender=N|number=SG,10,C,SRC-019; SRC-022; SRC-023; SRC-047,2026-09-07,also the adjective gómant-
HYD-089,Gomatī,NOT-RIVER,10.042.07,c,4,gómat,gómant-,case=ACC|gender=N|number=SG,10,C,SRC-019; SRC-022; SRC-023; SRC-047,2026-09-07,also the adjective gómant-
HYD-090,Gomatī,RIVER,10.075.06,c,4,gomatī́m,gomatī́-,case=ACC|gender=F|number=SG,10,n,SRC-019; SRC-022; SRC-023; SRC-047,2026-09-07,also the adjective gómant-
HYD-091,Hariyūpīyā,RIVER,06.027.05,c,3,hariyūpī́yāyām,hariyūpī́yā-,case=LOC|gender=F|number=SG,6,C,SRC-019; SRC-022; SRC-023; SRC-047,2026-09-07,
HYD-092,Krumu,RIVER,05.053.09,a,6,krúmuḥ,krúmu-,case=NOM|gender=F|number=SG,5,A,SRC-019; SRC-022; SRC-023; SRC-047,2026-09-07,Kurram
HYD-093,Krumu,RIVER,10.075.06,c,5,krúmum,krúmu-,case=ACC|gender=F|number=SG,10,n,SRC-019; SRC-022; SRC-023; SRC-047,2026-09-07,Kurram
HYD-094,Kubhā,DERIVATIVE,05.052.12,a,2,kubhanyávaḥ,kubhanyú-,case=NOM|gender=M|number=PL,5,A,SRC-019; SRC-022; SRC-023; SRC-047,2026-09-07,Kabul river
HYD-095,Kubhā,RIVER,05.053.09,a,5,kúbhā,kúbhā-,case=NOM|gender=F|number=SG,5,A,SRC-019; SRC-022; SRC-023; SRC-047,2026-09-07,Kabul river
HYD-096,Kubhā,RIVER,10.075.06,c,3,kúbhayā,kúbhā-,case=INS|gender=F|number=SG,10,n,SRC-019; SRC-022; SRC-023; SRC-047,2026-09-07,Kabul river
HYD-097,Kuṣavā,RIVER,04.018.08,b,4,kuṣávā,kuṣávā-,case=NOM|gender=F|number=SG,4,P,SRC-019; SRC-022; SRC-023; SRC-047,2026-09-07,
HYD-098,Marudvṛdhā,RIVER,03.013.06,c,4,marúdvr̥dhaḥ,marúdvr̥dha-,case=NOM|gender=M|number=SG,3,N,SRC-019; SRC-022; SRC-023; SRC-047,2026-09-07,
HYD-099,Marudvṛdhā,RIVER,10.075.05,c,2,marudvr̥dhe,marúdvr̥dha-,case=VOC|gender=F|number=SG,10,n,SRC-019; SRC-022; SRC-023; SRC-047,2026-09-07,
HYD-100,Mehatnū,RIVER,10.075.06,d,1,mehatnvā́,mehatnū́-,case=INS|gender=F|number=SG,10,n,SRC-019; SRC-022; SRC-023; SRC-047,2026-09-07,
HYD-101,Paruṣṇī,RIVER,04.022.02,c,2,páruṣṇīm,paruṣá-,case=ACC|gender=F|number=SG,4,S,SRC-019; SRC-022; SRC-023; SRC-047,2026-09-07,"Lemmatised under paruṣá- 'knotty'. All seven surface forms are páruṣṇī-, feminine, and are typed RIVER."
HYD-102,Paruṣṇī,RIVER,05.052.09,a,4,páruṣṇyām,paruṣá-,case=LOC|gender=F|number=SG,5,A,SRC-019; SRC-022; SRC-023; SRC-047,2026-09-07,"Lemmatised under paruṣá- 'knotty'. All seven surface forms are páruṣṇī-, feminine, and are typed RIVER."
HYD-103,Paruṣṇī,RIVER,07.018.08,b,4,páruṣṇīm,paruṣá-,case=ACC|gender=F|number=SG,7,C,SRC-019; SRC-022; SRC-023; SRC-047,2026-09-07,"Lemmatised under paruṣá- 'knotty'. All seven surface forms are páruṣṇī-, feminine, and are typed RIVER."
HYD-104,Paruṣṇī,RIVER,07.018.09,a,5,páruṣṇīm,paruṣá-,case=ACC|gender=F|number=SG,7,C,SRC-019; SRC-022; SRC-023; SRC-047,2026-09-07,"Lemmatised under paruṣá- 'knotty'. All seven surface forms are páruṣṇī-, feminine, and are typed RIVER."
HYD-105,Paruṣṇī,RIVER,08.074.15,b,1,páruṣṇi,paruṣá-,case=VOC|gender=F|number=SG,8,A,SRC-019; SRC-022; SRC-023; SRC-047,2026-09-07,"Lemmatised under paruṣá- 'knotty'. All seven surface forms are páruṣṇī-, feminine, and are typed RIVER."
HYD-106,Paruṣṇī,RIVER,08.093.13,c,1,páruṣṇīṣu,paruṣá-,case=LOC|gender=F|number=PL,8,S,SRC-019; SRC-022; SRC-023; SRC-047,2026-09-07,"Lemmatised under paruṣá- 'knotty'. All seven surface forms are páruṣṇī-, feminine, and are typed RIVER."
HYD-107,Paruṣṇī,RIVER,10.075.05,b,4,páruṣṇi,paruṣá-,case=VOC|gender=F|number=SG,10,n,SRC-019; SRC-022; SRC-023; SRC-047,2026-09-07,"Lemmatised under paruṣá- 'knotty'. All seven surface forms are páruṣṇī-, feminine, and are typed RIVER."
HYD-108,Rasā,NOT-RIVER,01.034.09,c,4,rā́sabhasya,rā́sabha-,case=GEN|gender=M|number=SG,1,C,SRC-019; SRC-022; SRC-023; SRC-047,2026-09-07,mythical stream; also rása- 'sap'
HYD-109,Rasā,NOT-RIVER,01.037.05,c,2,rásasya,rása-,case=GEN|gender=M|number=SG,1,S,SRC-019; SRC-022; SRC-023; SRC-047,2026-09-07,mythical stream; also rása- 'sap'
HYD-110,Rasā,NOT-RIVER,01.046.06,c,3,rāsāthām,√rā- 1,number=DU|person=2|mood=IMP|tense=AOR|voice=MED,1,S,SRC-019; SRC-022; SRC-023; SRC-047,2026-09-07,mythical stream; also rása- 'sap'
HYD-111,Rasā,NOT-RIVER,01.071.05,a,5,rásam,rása-,case=ACC|gender=M|number=SG,1,N,SRC-019; SRC-022; SRC-023; SRC-047,2026-09-07,mythical stream; also rása- 'sap'
HYD-112,Rasā,NOT-RIVER,01.096.08,d,2,rāsate,√rā- 1,number=SG|person=3|mood=SBJV|tense=AOR|voice=MED,1,C,SRC-019; SRC-022; SRC-023; SRC-047,2026-09-07,mythical stream; also rása- 'sap'
HYD-113,Rasā,NOT-RIVER,01.105.02,d,2,rásam,rása-,case=ACC|gender=M|number=SG,1,C,SRC-019; SRC-022; SRC-023; SRC-047,2026-09-07,mythical stream; also rása- 'sap'
HYD-114,Rasā,RIVER,01.112.12,a,2,rasā́m,rasā́-,case=ACC|gender=F|number=SG,1,C,SRC-019; SRC-022; SRC-023; SRC-047,2026-09-07,mythical stream; also rása- 'sap'
HYD-115,Rasā,NOT-RIVER,01.116.02,c,2,rā́sabhaḥ,rā́sabha-,case=NOM|gender=M|number=SG,1,N,SRC-019; SRC-022; SRC-023; SRC-047,2026-09-07,mythical stream; also rása- 'sap'
HYD-116,Rasā,NOT-RIVER,01.162.08,b,3,raśanā́,raśanā́-,case=NOM|gender=F|number=SG,1,P,SRC-019; SRC-022; SRC-023; SRC-047,2026-09-07,mythical stream; also rása- 'sap'
HYD-117,Rasā,NOT-RIVER,01.162.21,d,5,rā́sabhasya,rā́sabha-,case=GEN|gender=M|number=SG,1,P,SRC-019; SRC-022; SRC-023; SRC-047,2026-09-07,mythical stream; also rása- 'sap'
HYD-118,Rasā,NOT-RIVER,01.163.02,c,3,raśanā́m,raśanā́-,case=ACC|gender=F|number=SG,1,P,SRC-019; SRC-022; SRC-023; SRC-047,2026-09-07,mythical stream; also rása- 'sap'
HYD-119,Rasā,NOT-RIVER,01.163.05,c,4,raśanā́ḥ,raśanā́-,case=ACC|gender=F|number=PL,1,P,SRC-019; SRC-022; SRC-023; SRC-047,2026-09-07,mythical stream; also rása- 'sap'
HYD-120,Rasā,NOT-RIVER,01.187.04,a,4,rásāḥ,rása-,case=NOM|gender=M|number=PL,1,A,SRC-019; SRC-022; SRC-023; SRC-047,2026-09-07,mythical stream; also rása- 'sap'
HYD-121,Rasā,NOT-RIVER,01.187.05,c,3,rásānām,rása-,case=GEN|gender=M|number=PL,1,A,SRC-019; SRC-022; SRC-023; SRC-047,2026-09-07,mythical stream; also rása- 'sap'
HYD-122,Rasā,NOT-RIVER,02.028.05,a,4,raśanā́m,raśanā́-,case=ACC|gender=F|number=SG,2,N,SRC-019; SRC-022; SRC-023; SRC-047,2026-09-07,mythical stream; also rása- 'sap'
HYD-123,Rasā,NOT-RIVER,03.048.01,d,1,rásāśiraḥ,rásāśir-,case=GEN|gender=N|number=SG,3,N,SRC-019; SRC-022; SRC-023; SRC-047,2026-09-07,mythical stream; also rása- 'sap'
HYD-124,Rasā,NOT-RIVER,03.053.05,d,3,rā́sabhasya,rā́sabha-,case=GEN|gender=M|number=SG,3,C,SRC-019; SRC-022; SRC-023; SRC-047,2026-09-07,mythical stream; also rása- 'sap'
HYD-125,Rasā,NOT-RIVER,04.001.09,b,4,raśanáyā,raśanā́-,case=INS|gender=F|number=SG,4,S,SRC-019; SRC-022; SRC-023; SRC-047,2026-09-07,mythical stream; also rása- 'sap'
HYD-126,Rasā,RIVER,04.043.06,a,4,rasáyā,rasā́-,case=INS|gender=F|number=SG,4,N,SRC-019; SRC-022; SRC-023; SRC-047,2026-09-07,mythical stream; also rása- 'sap'
HYD-127,Rasā,NOT-RIVER,04.055.08,c,3,rāsate,√rā- 1,number=SG|person=3|mood=SBJV|tense=AOR|voice=MED,4,N,SRC-019; SRC-022; SRC-023; SRC-047,2026-09-07,mythical stream; also rása- 'sap'
HYD-128,Rasā,NOT-RIVER,05.001.03,a,4,raśanā́m,raśanā́-,case=ACC|gender=F|number=SG,5,N,SRC-019; SRC-022; SRC-023; SRC-047,2026-09-07,mythical stream; also rása- 'sap'
HYD-129,Rasā,NOT-RIVER,05.025.01,c,1,rā́sat,√rā- 1,number=SG|person=3|mood=SBJV|tense=AOR|voice=ACT,5,A,SRC-019; SRC-022; SRC-023; SRC-047,2026-09-07,mythical stream; also rása- 'sap'
HYD-130,Rasā,RIVER,05.041.15,c,4,rasā́,rasā́-,case=NOM|gender=F|number=SG,5,A,SRC-019; SRC-022; SRC-023; SRC-047,2026-09-07,mythical stream; also rása- 'sap'
HYD-131,Rasā,NOT-RIVER,05.043.04,c,2,rásam,rása-,case=ACC|gender=M|number=SG,5,s,SRC-019; SRC-022; SRC-023; SRC-047,2026-09-07,mythical stream; also rása- 'sap'
HYD-132,Rasā,NOT-RIVER,05.044.13,c,3,rásavat,rásavant-,case=ACC|gender=N|number=SG,5,C,SRC-019; SRC-022; SRC-023; SRC-047,2026-09-07,mythical stream; also rása- 'sap'
HYD-133,Rasā,RIVER,05.053.09,a,3,rasā́,rasā́-,case=NOM|gender=F|number=SG,5,A,SRC-019; SRC-022; SRC-023; SRC-047,2026-09-07,mythical stream; also rása- 'sap'
HYD-134,Rasā,NOT-RIVER,06.044.21,d,2,rásaḥ,rása-,case=NOM|gender=M|number=SG,6,A,SRC-019; SRC-022; SRC-023; SRC-047,2026-09-07,mythical stream; also rása- 'sap'
HYD-135,Rasā,NOT-RIVER,06.047.01,b,4,rásavān,rásavant-,case=NOM|gender=M|number=SG,6,n,SRC-019; SRC-022; SRC-023; SRC-047,2026-09-07,mythical stream; also rása- 'sap'
HYD-136,Rasā,NOT-RIVER,06.049.08,c,3,rāsat,√rā- 1,number=SG|person=3|mood=SBJV|tense=AOR|voice=ACT,6,A,SRC-019; SRC-022; SRC-023; SRC-047,2026-09-07,mythical stream; also rása- 'sap'
HYD-137,Rasā,NOT-RIVER,06.050.06,d,1,rā́sat,√rā- 1,number=SG|person=3|mood=SBJV|tense=AOR|voice=ACT,6,A,SRC-019; SRC-022; SRC-023; SRC-047,2026-09-07,mythical stream; also rása- 'sap'
HYD-138,Rasā,NOT-RIVER,06.063.08,d,1,rásāḥ,rása-,case=NOM|gender=M|number=PL,6,A,SRC-019; SRC-022; SRC-023; SRC-047,2026-09-07,mythical stream; also rása- 'sap'
HYD-139,Rasā,NOT-RIVER,07.034.22,a,3,rāsan,√rā- 1,number=PL|person=3|mood=SBJV|tense=AOR|voice=ACT,7,S,SRC-019; SRC-022; SRC-023; SRC-047,2026-09-07,mythical stream; also rása- 'sap'
HYD-140,Rasā,NOT-RIVER,07.035.15,c,3,rāsantām,√rā- 1,number=PL|person=3|mood=IMP|tense=AOR|voice=MED,7,p,SRC-019; SRC-022; SRC-023; SRC-047,2026-09-07,mythical stream; also rása- 'sap'
HYD-141,Rasā,NOT-RIVER,07.040.06,b,5,rā́san,√rā- 1,number=PL|person=3|mood=SBJV|tense=AOR|voice=ACT,7,S,SRC-019; SRC-022; SRC-023; SRC-047,2026-09-07,mythical stream; also rása- 'sap'
HYD-142,Rasā,NOT-RIVER,07.045.03,d,3,rāsate,√rā- 1,number=SG|person=3|mood=SBJV|tense=AOR|voice=MED,7,C,SRC-019; SRC-022; SRC-023; SRC-047,2026-09-07,mythical stream; also rása- 'sap'
HYD-143,Rasā,NOT-RIVER,07.104.10,a,3,rásam,rása-,case=ACC|gender=M|number=SG,7,P,SRC-019; SRC-022; SRC-023; SRC-047,2026-09-07,mythical stream; also rása- 'sap'
HYD-144,Rasā,NOT-RIVER,08.001.22,c,6,rāsate,√rā- 1,number=SG|person=3|mood=SBJV|tense=AOR|voice=MED,8,S,SRC-019; SRC-022; SRC-023; SRC-047,2026-09-07,mythical stream; also rása- 'sap'
HYD-145,Rasā,NOT-RIVER,08.003.20,b,4,rásaḥ,rása-,case=NOM|gender=M|number=SG,8,S,SRC-019; SRC-022; SRC-023; SRC-047,2026-09-07,mythical stream; also rása- 'sap'
HYD-146,Rasā,NOT-RIVER,08.049.02,c,4,rásāḥ,rása-,case=NOM|gender=M|number=PL,8,S,SRC-019; SRC-022; SRC-023; SRC-047,2026-09-07,mythical stream; also rása- 'sap'
HYD-147,Rasā,NOT-RIVER,08.053.03,a,4,rásam,rása-,case=ACC|gender=M|number=SG,8,S,SRC-019; SRC-022; SRC-023; SRC-047,2026-09-07,mythical stream; also rása- 'sap'
HYD-148,Rasā,RIVER,08.072.13,c,1,rasā́,rasā́-,case=NOM|gender=F|number=SG,8,A,SRC-019; SRC-022; SRC-023; SRC-047,2026-09-07,mythical stream; also rása- 'sap'
HYD-149,Rasā,NOT-RIVER,08.085.07,a,2,rā́sabham,rā́sabha-,case=ACC|gender=M|number=SG,8,A,SRC-019; SRC-022; SRC-023; SRC-047,2026-09-07,mythical stream; also rása- 'sap'
HYD-150,Rasā,NOT-RIVER,08.096.08,b,3,rāśáyaḥ,rāśí-,case=NOM|gender=M|number=PL,8,S,SRC-019; SRC-022; SRC-023; SRC-047,2026-09-07,mythical stream; also rása- 'sap'
HYD-151,Rasā,NOT-RIVER,09.006.06,a,4,rásam,rása-,case=ACC|gender=M|number=SG,9,N,SRC-019; SRC-022; SRC-023; SRC-047,2026-09-07,mythical stream; also rása- 'sap'
HYD-152,Rasā,NOT-RIVER,09.016.01,b,1,rásam,rása-,case=ACC|gender=M|number=SG,9,N,SRC-019; SRC-022; SRC-023; SRC-047,2026-09-07,mythical stream; also rása- 'sap'
HYD-153,Rasā,NOT-RIVER,09.023.05,b,3,rásam,rása-,case=ACC|gender=M|number=SG,9,N,SRC-019; SRC-022; SRC-023; SRC-047,2026-09-07,mythical stream; also rása- 'sap'
HYD-154,Rasā,NOT-RIVER,09.038.05,a,4,rásaḥ,rása-,case=NOM|gender=M|number=SG,9,N,SRC-019; SRC-022; SRC-023; SRC-047,2026-09-07,mythical stream; also rása- 'sap'
HYD-155,Rasā,RIVER,09.041.06,c,2,rasā́,rasā́-,case=NOM|gender=F|number=SG,9,N,SRC-019; SRC-022; SRC-023; SRC-047,2026-09-07,mythical stream; also rása- 'sap'
HYD-156,Rasā,NOT-RIVER,09.047.03,a,4,rásaḥ,rása-,case=NOM|gender=M|number=SG,9,N,SRC-019; SRC-022; SRC-023; SRC-047,2026-09-07,mythical stream; also rása- 'sap'
HYD-157,Rasā,NOT-RIVER,09.061.17,a,3,rásaḥ,rása-,case=NOM|gender=M|number=SG,9,N,SRC-019; SRC-022; SRC-023; SRC-047,2026-09-07,mythical stream; also rása- 'sap'
HYD-158,Rasā,NOT-RIVER,09.061.18,a,2,rásaḥ,rása-,case=NOM|gender=M|number=SG,9,N,SRC-019; SRC-022; SRC-023; SRC-047,2026-09-07,mythical stream; also rása- 'sap'
HYD-159,Rasā,NOT-RIVER,09.062.06,c,2,rásam,rása-,case=ACC|gender=M|number=SG,9,S,SRC-019; SRC-022; SRC-023; SRC-047,2026-09-07,mythical stream; also rása- 'sap'
HYD-160,Rasā,NOT-RIVER,09.063.13,c,3,rásam,rása-,case=ACC|gender=M|number=SG,9,N,SRC-019; SRC-022; SRC-023; SRC-047,2026-09-07,mythical stream; also rása- 'sap'
HYD-161,Rasā,NOT-RIVER,09.064.24,a,1,rásam,rása-,case=ACC|gender=M|number=SG,9,N,SRC-019; SRC-022; SRC-023; SRC-047,2026-09-07,mythical stream; also rása- 'sap'
HYD-162,Rasā,NOT-RIVER,09.065.15,a,4,rásam,rása-,case=ACC|gender=M|number=SG,9,N,SRC-019; SRC-022; SRC-023; SRC-047,2026-09-07,mythical stream; also rása- 'sap'
HYD-163,Rasā,NOT-RIVER,09.067.08,a,3,rásaḥ,rása-,case=NOM|gender=M|number=SG,9,N,SRC-019; SRC-022; SRC-023; SRC-047,2026-09-07,mythical stream; also rása- 'sap'
HYD-164,Rasā,NOT-RIVER,09.067.15,a,5,rásaḥ,rása-,case=NOM|gender=M|number=SG,9,N,SRC-019; SRC-022; SRC-023; SRC-047,2026-09-07,mythical stream; also rása- 'sap'
HYD-165,Rasā,NOT-RIVER,09.067.31,b,3,rásam,rása-,case=ACC|gender=M|number=SG,9,P,SRC-019; SRC-022; SRC-023; SRC-047,2026-09-07,mythical stream; also rása- 'sap'
HYD-166,Rasā,NOT-RIVER,09.067.32,b,3,rásam,rása-,case=ACC|gender=M|number=SG,9,P,SRC-019; SRC-022; SRC-023; SRC-047,2026-09-07,mythical stream; also rása- 'sap'
HYD-167,Rasā,NOT-RIVER,09.074.09,a,5,rásaḥ,rása-,case=NOM|gender=M|number=SG,9,N,SRC-019; SRC-022; SRC-023; SRC-047,2026-09-07,mythical stream; also rása- 'sap'
HYD-168,Rasā,NOT-RIVER,09.076.01,a,5,rásaḥ,rása-,case=NOM|gender=M|number=SG,9,S,SRC-019; SRC-022; SRC-023; SRC-047,2026-09-07,mythical stream; also rása- 'sap'
HYD-169,Rasā,NOT-RIVER,09.077.05,a,5,rásaḥ,rása-,case=NOM|gender=M|number=SG,9,N,SRC-019; SRC-022; SRC-023; SRC-047,2026-09-07,mythical stream; also rása- 'sap'
HYD-170,Rasā,NOT-RIVER,09.079.05,b,1,rásam,rása-,case=ACC|gender=M|number=SG,9,S,SRC-019; SRC-022; SRC-023; SRC-047,2026-09-07,mythical stream; also rása- 'sap'
HYD-171,Rasā,NOT-RIVER,09.084.05,c,4,rásaḥ,rása-,case=NOM|gender=M|number=SG,9,N,SRC-019; SRC-022; SRC-023; SRC-047,2026-09-07,mythical stream; also rása- 'sap'
HYD-172,Rasā,NOT-RIVER,09.085.01,c,3,rásasya,rása-,case=GEN|gender=M|number=SG,9,N,SRC-019; SRC-022; SRC-023; SRC-047,2026-09-07,mythical stream; also rása- 'sap'
HYD-173,Rasā,NOT-RIVER,09.086.10,d,4,rásaḥ,rása-,case=NOM|gender=M|number=SG,9,N,SRC-019; SRC-022; SRC-023; SRC-047,2026-09-07,mythical stream; also rása- 'sap'
HYD-174,Rasā,NOT-RIVER,09.087.01,d,3,raśanā́bhiḥ,raśanā́-,case=INS|gender=F|number=PL,9,N,SRC-019; SRC-022; SRC-023; SRC-047,2026-09-07,mythical stream; also rása- 'sap'
HYD-175,Rasā,NOT-RIVER,09.096.21,d,3,rásaḥ,rása-,case=NOM|gender=M|number=SG,9,N,SRC-019; SRC-022; SRC-023; SRC-047,2026-09-07,mythical stream; also rása- 'sap'
HYD-176,Rasā,NOT-RIVER,09.097.01,b,5,rásam,rása-,case=ACC|gender=M|number=SG,9,N,SRC-019; SRC-022; SRC-023; SRC-047,2026-09-07,mythical stream; also rása- 'sap'
HYD-177,Rasā,NOT-RIVER,09.097.14,a,1,rasā́yyaḥ,rasā́yya-,case=NOM|gender=M|number=SG,9,N,SRC-019; SRC-022; SRC-023; SRC-047,2026-09-07,mythical stream; also rása- 'sap'
HYD-178,Rasā,NOT-RIVER,09.109.11,a,4,rásam,rása-,case=ACC|gender=M|number=SG,9,S,SRC-019; SRC-022; SRC-023; SRC-047,2026-09-07,mythical stream; also rása- 'sap'
HYD-179,Rasā,NOT-RIVER,09.113.03,d,3,rásam,rása-,case=ACC|gender=M|number=SG,9,P,SRC-019; SRC-022; SRC-023; SRC-047,2026-09-07,mythical stream; also rása- 'sap'
HYD-180,Rasā,NOT-RIVER,09.113.05,c,4,rásāḥ,rása-,case=NOM|gender=M|number=PL,9,P,SRC-019; SRC-022; SRC-023; SRC-047,2026-09-07,mythical stream; also rása- 'sap'
HYD-181,Rasā,NOT-RIVER,10.004.06,b,1,raśanā́bhiḥ,raśanā́-,case=INS|gender=F|number=PL,10,C,SRC-019; SRC-022; SRC-023; SRC-047,2026-09-07,mythical stream; also rása- 'sap'
HYD-182,Rasā,NOT-RIVER,10.009.02,a,4,rásaḥ,rása-,case=NOM|gender=M|number=SG,10,C,SRC-019; SRC-022; SRC-023; SRC-047,2026-09-07,mythical stream; also rása- 'sap'
HYD-183,Rasā,NOT-RIVER,10.018.14,d,2,raśanáyā,raśanā́-,case=INS|gender=F|number=SG,10,P,SRC-019; SRC-022; SRC-023; SRC-047,2026-09-07,mythical stream; also rása- 'sap'
HYD-184,Rasā,NOT-RIVER,10.036.14,d,3,rāsatām,√rā- 1,number=SG|person=3|mood=IMP|tense=AOR|voice=MED,10,C,SRC-019; SRC-022; SRC-023; SRC-047,2026-09-07,mythical stream; also rása- 'sap'
HYD-185,Rasā,NOT-RIVER,10.053.07,b,2,raśanā́ḥ,raśanā́-,case=ACC|gender=F|number=PL,10,P,SRC-019; SRC-022; SRC-023; SRC-047,2026-09-07,mythical stream; also rása- 'sap'
HYD-186,Rasā,NOT-RIVER,10.065.03,d,3,rāsantām,√rā- 1,number=PL|person=3|mood=IMP|tense=AOR|voice=MED,10,C,SRC-019; SRC-022; SRC-023; SRC-047,2026-09-07,mythical stream; also rása- 'sap'
HYD-187,Rasā,NOT-RIVER,10.065.15,c,3,rāsantām,√rā- 1,number=PL|person=3|mood=IMP|tense=AOR|voice=MED,10,C,SRC-019; SRC-022; SRC-023; SRC-047,2026-09-07,mythical stream; also rása- 'sap'
HYD-188,Rasā,NOT-RIVER,10.066.15,c,3,rāsantām,√rā- 1,number=PL|person=3|mood=IMP|tense=AOR|voice=MED,10,C,SRC-019; SRC-022; SRC-023; SRC-047,2026-09-07,mythical stream; also rása- 'sap'
HYD-189,Rasā,NOT-RIVER,10.070.10,a,2,raśanáyā,raśanā́-,case=INS|gender=F|number=SG,10,C,SRC-019; SRC-022; SRC-023; SRC-047,2026-09-07,mythical stream; also rása- 'sap'
HYD-190,Rasā,RIVER,10.075.06,b,2,rasáyā,rasā́-,case=INS|gender=F|number=SG,10,n,SRC-019; SRC-022; SRC-023; SRC-047,2026-09-07,mythical stream; also rása- 'sap'
HYD-191,Rasā,NOT-RIVER,10.076.07,b,3,rásam,rása-,case=ACC|gender=M|number=SG,10,n,SRC-019; SRC-022; SRC-023; SRC-047,2026-09-07,mythical stream; also rása- 'sap'
HYD-192,Rasā,NOT-RIVER,10.079.07,b,2,raśanā́bhiḥ,raśanā́-,case=INS|gender=F|number=PL,10,C,SRC-019; SRC-022; SRC-023; SRC-047,2026-09-07,mythical stream; also rása- 'sap'
HYD-193,Rasā,RIVER,10.108.01,d,2,rasā́yāḥ,rasā́-,case=GEN|gender=F|number=SG,10,P,SRC-019; SRC-022; SRC-023; SRC-047,2026-09-07,mythical stream; also rása- 'sap'
HYD-194,Rasā,RIVER,10.108.02,d,2,rasā́yāḥ,rasā́-,case=GEN|gender=F|number=SG,10,P,SRC-019; SRC-022; SRC-023; SRC-047,2026-09-07,mythical stream; also rása- 'sap'
HYD-195,Rasā,RIVER,10.121.04,b,3,rasáyā,rasā́-,case=INS|gender=F|number=SG,10,P,SRC-019; SRC-022; SRC-023; SRC-047,2026-09-07,mythical stream; also rása- 'sap'
HYD-196,Rasā,NOT-RIVER,10.122.01,c,2,rāsate,√rā- 1,number=SG|person=3|mood=SBJV|tense=AOR|voice=MED,10,C,SRC-019; SRC-022; SRC-023; SRC-047,2026-09-07,mythical stream; also rása- 'sap'
HYD-197,Sarasvatī,RIVER,01.003.10,a,3,sárasvatī,sárasvant-,case=NOM|gender=F|number=SG,1,S,SRC-019; SRC-022; SRC-023; SRC-047,2026-09-07,Lemmatised under the masculine stem sárasvant-. Feminine tokens are the river or the goddess; sárasvataḥ at 7.96.6 is the masculine Sarasvant and is typed NOT-RIVER.
HYD-198,Sarasvatī,RIVER,01.003.11,c,3,sárasvatī,sárasvant-,case=NOM|gender=F|number=SG,1,S,SRC-019; SRC-022; SRC-023; SRC-047,2026-09-07,Lemmatised under the masculine stem sárasvant-. Feminine tokens are the river or the goddess; sárasvataḥ at 7.96.6 is the masculine Sarasvant and is typed NOT-RIVER.
HYD-199,Sarasvatī,RIVER,01.003.12,a,3,sárasvatī,sárasvant-,case=NOM|gender=F|number=SG,1,S,SRC-019; SRC-022; SRC-023; SRC-047,2026-09-07,Lemmatised under the masculine stem sárasvant-. Feminine tokens are the river or the goddess; sárasvataḥ at 7.96.6 is the masculine Sarasvant and is typed NOT-RIVER.
HYD-200,Sarasvatī,RIVER,01.013.09,a,2,sárasvatī,sárasvant-,case=NOM|gender=F|number=SG,1,C,SRC-019; SRC-022; SRC-023; SRC-047,2026-09-07,Lemmatised under the masculine stem sárasvant-. Feminine tokens are the river or the goddess; sárasvataḥ at 7.96.6 is the masculine Sarasvant and is typed NOT-RIVER.
HYD-201,Sarasvatī,RIVER,01.089.03,d,1,sárasvatī,sárasvant-,case=NOM|gender=F|number=SG,1,n,SRC-019; SRC-022; SRC-023; SRC-047,2026-09-07,Lemmatised under the masculine stem sárasvant-. Feminine tokens are the river or the goddess; sárasvataḥ at 7.96.6 is the masculine Sarasvant and is typed NOT-RIVER.
HYD-202,Sarasvatī,RIVER,01.142.09,c,2,sárasvatī,sárasvant-,case=NOM|gender=F|number=SG,1,C,SRC-019; SRC-022; SRC-023; SRC-047,2026-09-07,Lemmatised under the masculine stem sárasvant-. Feminine tokens are the river or the goddess; sárasvataḥ at 7.96.6 is the masculine Sarasvant and is typed NOT-RIVER.
HYD-203,Sarasvatī,RIVER,01.164.49,d,1,sárasvati,sárasvant-,case=VOC|gender=F|number=SG,1,P,SRC-019; SRC-022; SRC-023; SRC-047,2026-09-07,Lemmatised under the masculine stem sárasvant-. Feminine tokens are the river or the goddess; sárasvataḥ at 7.96.6 is the masculine Sarasvant and is typed NOT-RIVER.
HYD-204,Sarasvatī,RIVER,01.188.08,a,3,sárasvati,sárasvant-,case=VOC|gender=F|number=SG,1,C,SRC-019; SRC-022; SRC-023; SRC-047,2026-09-07,Lemmatised under the masculine stem sárasvant-. Feminine tokens are the river or the goddess; sárasvataḥ at 7.96.6 is the masculine Sarasvant and is typed NOT-RIVER.
HYD-205,Sarasvatī,RIVER,02.001.11,d,4,sárasvatī,sárasvant-,case=NOM|gender=F|number=SG,2,N,SRC-019; SRC-022; SRC-023; SRC-047,2026-09-07,Lemmatised under the masculine stem sárasvant-. Feminine tokens are the river or the goddess; sárasvataḥ at 7.96.6 is the masculine Sarasvant and is typed NOT-RIVER.
HYD-206,Sarasvatī,RIVER,02.003.08,a,1,sárasvatī,sárasvant-,case=NOM|gender=F|number=SG,2,C,SRC-019; SRC-022; SRC-023; SRC-047,2026-09-07,Lemmatised under the masculine stem sárasvant-. Feminine tokens are the river or the goddess; sárasvataḥ at 7.96.6 is the masculine Sarasvant and is typed NOT-RIVER.
HYD-207,Sarasvatī,RIVER,02.030.08,a,1,sárasvati,sárasvant-,case=VOC|gender=F|number=SG,2,N,SRC-019; SRC-022; SRC-023; SRC-047,2026-09-07,Lemmatised under the masculine stem sárasvant-. Feminine tokens are the river or the goddess; sárasvataḥ at 7.96.6 is the masculine Sarasvant and is typed NOT-RIVER.
HYD-208,Sarasvatī,RIVER,02.032.08,b,4,sárasvatī,sárasvant-,case=NOM|gender=F|number=SG,2,P,SRC-019; SRC-022; SRC-023; SRC-047,2026-09-07,Lemmatised under the masculine stem sárasvant-. Feminine tokens are the river or the goddess; sárasvataḥ at 7.96.6 is the masculine Sarasvant and is typed NOT-RIVER.
HYD-209,Sarasvatī,RIVER,02.041.16,b,2,sárasvati,sárasvant-,case=VOC|gender=F|number=SG,2,A,SRC-019; SRC-022; SRC-023; SRC-047,2026-09-07,Lemmatised under the masculine stem sárasvant-. Feminine tokens are the river or the goddess; sárasvataḥ at 7.96.6 is the masculine Sarasvant and is typed NOT-RIVER.
HYD-210,Sarasvatī,RIVER,02.041.17,a,3,sarasvati,sárasvant-,case=VOC|gender=F|number=SG,2,A,SRC-019; SRC-022; SRC-023; SRC-047,2026-09-07,Lemmatised under the masculine stem sárasvant-. Feminine tokens are the river or the goddess; sárasvataḥ at 7.96.6 is the masculine Sarasvant and is typed NOT-RIVER.
HYD-211,Sarasvatī,RIVER,02.041.18,a,3,sarasvati,sárasvant-,case=VOC|gender=F|number=SG,2,A,SRC-019; SRC-022; SRC-023; SRC-047,2026-09-07,Lemmatised under the masculine stem sárasvant-. Feminine tokens are the river or the goddess; sárasvataḥ at 7.96.6 is the masculine Sarasvant and is typed NOT-RIVER.
HYD-212,Sarasvatī,RIVER,03.004.08,c,1,sárasvatī,sárasvant-,case=NOM|gender=F|number=SG,3,C,SRC-019; SRC-022; SRC-023; SRC-047,2026-09-07,Lemmatised under the masculine stem sárasvant-. Feminine tokens are the river or the goddess; sárasvataḥ at 7.96.6 is the masculine Sarasvant and is typed NOT-RIVER.
HYD-213,Sarasvatī,DERIVATIVE,03.004.08,c,2,sārasvatébhiḥ,sārasvatá-,case=INS|gender=M|number=PL,3,C,SRC-019; SRC-022; SRC-023; SRC-047,2026-09-07,Lemmatised under the masculine stem sárasvant-. Feminine tokens are the river or the goddess; sárasvataḥ at 7.96.6 is the masculine Sarasvant and is typed NOT-RIVER.
HYD-214,Sarasvatī,RIVER,03.023.04,d,1,sárasvatyām,sárasvant-,case=LOC|gender=F|number=SG,3,N,SRC-019; SRC-022; SRC-023; SRC-047,2026-09-07,Lemmatised under the masculine stem sárasvant-. Feminine tokens are the river or the goddess; sárasvataḥ at 7.96.6 is the masculine Sarasvant and is typed NOT-RIVER.
HYD-215,Sarasvatī,RIVER,03.054.13,c,1,sárasvatī,sárasvant-,case=NOM|gender=F|number=SG,3,C,SRC-019; SRC-022; SRC-023; SRC-047,2026-09-07,Lemmatised under the masculine stem sárasvant-. Feminine tokens are the river or the goddess; sárasvataḥ at 7.96.6 is the masculine Sarasvant and is typed NOT-RIVER.
HYD-216,Sarasvatī,RIVER,05.005.08,a,2,sárasvatī,sárasvant-,case=NOM|gender=F|number=SG,5,C,SRC-019; SRC-022; SRC-023; SRC-047,2026-09-07,Lemmatised under the masculine stem sárasvant-. Feminine tokens are the river or the goddess; sárasvataḥ at 7.96.6 is the masculine Sarasvant and is typed NOT-RIVER.
HYD-217,Sarasvatī,RIVER,05.042.12,c,1,sárasvatī,sárasvant-,case=NOM|gender=F|number=SG,5,C,SRC-019; SRC-022; SRC-023; SRC-047,2026-09-07,Lemmatised under the masculine stem sárasvant-. Feminine tokens are the river or the goddess; sárasvataḥ at 7.96.6 is the masculine Sarasvant and is typed NOT-RIVER.
HYD-218,Sarasvatī,RIVER,05.043.11,b,1,sárasvatī,sárasvant-,case=NOM|gender=F|number=SG,5,s,SRC-019; SRC-022; SRC-023; SRC-047,2026-09-07,Lemmatised under the masculine stem sárasvant-. Feminine tokens are the river or the goddess; sárasvataḥ at 7.96.6 is the masculine Sarasvant and is typed NOT-RIVER.
HYD-219,Sarasvatī,RIVER,05.046.02,d,3,sárasvati,sárasvant-,case=VOC|gender=F|number=SG,5,C,SRC-019; SRC-022; SRC-023; SRC-047,2026-09-07,Lemmatised under the masculine stem sárasvant-. Feminine tokens are the river or the goddess; sárasvataḥ at 7.96.6 is the masculine Sarasvant and is typed NOT-RIVER.
HYD-220,Sarasvatī,RIVER,06.049.07,b,1,sárasvatī,sárasvant-,case=NOM|gender=F|number=SG,6,A,SRC-019; SRC-022; SRC-023; SRC-047,2026-09-07,Lemmatised under the masculine stem sárasvant-. Feminine tokens are the river or the goddess; sárasvataḥ at 7.96.6 is the masculine Sarasvant and is typed NOT-RIVER.
HYD-221,Sarasvatī,RIVER,06.050.12,a,4,sárasvatī,sárasvant-,case=NOM|gender=F|number=SG,6,A,SRC-019; SRC-022; SRC-023; SRC-047,2026-09-07,Lemmatised under the masculine stem sárasvant-. Feminine tokens are the river or the goddess; sárasvataḥ at 7.96.6 is the masculine Sarasvant and is typed NOT-RIVER.
HYD-222,Sarasvatī,RIVER,06.052.06,b,1,sárasvatī,sárasvant-,case=NOM|gender=F|number=SG,6,C,SRC-019; SRC-022; SRC-023; SRC-047,2026-09-07,Lemmatised under the masculine stem sárasvant-. Feminine tokens are the river or the goddess; sárasvataḥ at 7.96.6 is the masculine Sarasvant and is typed NOT-RIVER.
HYD-223,Sarasvatī,RIVER,06.061.01,d,5,sarasvati,sárasvant-,case=VOC|gender=F|number=SG,6,c,SRC-019; SRC-022; SRC-023; SRC-047,2026-09-07,Lemmatised under the masculine stem sárasvant-. Feminine tokens are the river or the goddess; sárasvataḥ at 7.96.6 is the masculine Sarasvant and is typed NOT-RIVER.
HYD-224,Sarasvatī,RIVER,06.061.02,d,1,sárasvatīm,sárasvant-,case=ACC|gender=F|number=SG,6,c,SRC-019; SRC-022; SRC-023; SRC-047,2026-09-07,Lemmatised under the masculine stem sárasvant-. Feminine tokens are the river or the goddess; sárasvataḥ at 7.96.6 is the masculine Sarasvant and is typed NOT-RIVER.
HYD-225,Sarasvatī,RIVER,06.061.03,a,1,sárasvati,sárasvant-,case=VOC|gender=F|number=SG,6,c,SRC-019; SRC-022; SRC-023; SRC-047,2026-09-07,Lemmatised under the masculine stem sárasvant-. Feminine tokens are the river or the goddess; sárasvataḥ at 7.96.6 is the masculine Sarasvant and is typed NOT-RIVER.
HYD-226,Sarasvatī,RIVER,06.061.04,a,4,sárasvatī,sárasvant-,case=NOM|gender=F|number=SG,6,c,SRC-019; SRC-022; SRC-023; SRC-047,2026-09-07,Lemmatised under the masculine stem sárasvant-. Feminine tokens are the river or the goddess; sárasvataḥ at 7.96.6 is the masculine Sarasvant and is typed NOT-RIVER.
HYD-227,Sarasvatī,RIVER,06.061.05,a,4,sarasvati,sárasvant-,case=VOC|gender=F|number=SG,6,c,SRC-019; SRC-022; SRC-023; SRC-047,2026-09-07,Lemmatised under the masculine stem sárasvant-. Feminine tokens are the river or the goddess; sárasvataḥ at 7.96.6 is the masculine Sarasvant and is typed NOT-RIVER.
HYD-228,Sarasvatī,RIVER,06.061.06,a,3,sarasvati,sárasvant-,case=VOC|gender=F|number=SG,6,c,SRC-019; SRC-022; SRC-023; SRC-047,2026-09-07,Lemmatised under the masculine stem sárasvant-. Feminine tokens are the river or the goddess; sárasvataḥ at 7.96.6 is the masculine Sarasvant and is typed NOT-RIVER.
HYD-229,Sarasvatī,RIVER,06.061.07,a,4,sárasvatī,sárasvant-,case=NOM|gender=F|number=SG,6,c,SRC-019; SRC-022; SRC-023; SRC-047,2026-09-07,Lemmatised under the masculine stem sárasvant-. Feminine tokens are the river or the goddess; sárasvataḥ at 7.96.6 is the masculine Sarasvant and is typed NOT-RIVER.
HYD-230,Sarasvatī,RIVER,06.061.10,c,1,sárasvatī,sárasvant-,case=NOM|gender=F|number=SG,6,c,SRC-019; SRC-022; SRC-023; SRC-047,2026-09-07,Lemmatised under the masculine stem sárasvant-. Feminine tokens are the river or the goddess; sárasvataḥ at 7.96.6 is the masculine Sarasvant and is typed NOT-RIVER.
HYD-231,Sarasvatī,RIVER,06.061.11,c,1,sárasvatī,sárasvant-,case=NOM|gender=F|number=SG,6,c,SRC-019; SRC-022; SRC-023; SRC-047,2026-09-07,Lemmatised under the masculine stem sárasvant-. Feminine tokens are the river or the goddess; sárasvataḥ at 7.96.6 is the masculine Sarasvant and is typed NOT-RIVER.
HYD-232,Sarasvatī,RIVER,06.061.13,d,3,sárasvatī,sárasvant-,case=NOM|gender=F|number=SG,6,c,SRC-019; SRC-022; SRC-023; SRC-047,2026-09-07,Lemmatised under the masculine stem sárasvant-. Feminine tokens are the river or the goddess; sárasvataḥ at 7.96.6 is the masculine Sarasvant and is typed NOT-RIVER.
HYD-233,Sarasvatī,RIVER,06.061.14,a,1,sárasvati,sárasvant-,case=VOC|gender=F|number=SG,6,c,SRC-019; SRC-022; SRC-023; SRC-047,2026-09-07,Lemmatised under the masculine stem sárasvant-. Feminine tokens are the river or the goddess; sárasvataḥ at 7.96.6 is the masculine Sarasvant and is typed NOT-RIVER.
HYD-234,Sarasvatī,RIVER,07.002.08,c,1,sárasvatī,sárasvant-,case=NOM|gender=F|number=SG,7,N,SRC-019; SRC-022; SRC-023; SRC-047,2026-09-07,Lemmatised under the masculine stem sárasvant-. Feminine tokens are the river or the goddess; sárasvataḥ at 7.96.6 is the masculine Sarasvant and is typed NOT-RIVER.
HYD-235,Sarasvatī,DERIVATIVE,07.002.08,c,2,sārasvatébhiḥ,sārasvatá-,case=INS|gender=M|number=PL,7,N,SRC-019; SRC-022; SRC-023; SRC-047,2026-09-07,Lemmatised under the masculine stem sárasvant-. Feminine tokens are the river or the goddess; sárasvataḥ at 7.96.6 is the masculine Sarasvant and is typed NOT-RIVER.
HYD-236,Sarasvatī,RIVER,07.009.05,c,1,sárasvatīm,sárasvant-,case=ACC|gender=F|number=SG,7,C,SRC-019; SRC-022; SRC-023; SRC-047,2026-09-07,Lemmatised under the masculine stem sárasvant-. Feminine tokens are the river or the goddess; sárasvataḥ at 7.96.6 is the masculine Sarasvant and is typed NOT-RIVER.
HYD-237,Sarasvatī,RIVER,07.035.11,b,2,sárasvatī,sárasvant-,case=NOM|gender=F|number=SG,7,p,SRC-019; SRC-022; SRC-023; SRC-047,2026-09-07,Lemmatised under the masculine stem sárasvant-. Feminine tokens are the river or the goddess; sárasvataḥ at 7.96.6 is the masculine Sarasvant and is typed NOT-RIVER.
HYD-238,Sarasvatī,RIVER,07.036.06,b,1,sárasvatī,sárasvant-,case=NOM|gender=F|number=SG,7,S,SRC-019; SRC-022; SRC-023; SRC-047,2026-09-07,Lemmatised under the masculine stem sárasvant-. Feminine tokens are the river or the goddess; sárasvataḥ at 7.96.6 is the masculine Sarasvant and is typed NOT-RIVER.
HYD-239,Sarasvatī,RIVER,07.039.05,d,1,sárasvatī,sárasvant-,case=NOM|gender=F|number=SG,7,S,SRC-019; SRC-022; SRC-023; SRC-047,2026-09-07,Lemmatised under the masculine stem sárasvant-. Feminine tokens are the river or the goddess; sárasvataḥ at 7.96.6 is the masculine Sarasvant and is typed NOT-RIVER.
HYD-240,Sarasvatī,RIVER,07.040.03,c,4,sárasvatī,sárasvant-,case=NOM|gender=F|number=SG,7,S,SRC-019; SRC-022; SRC-023; SRC-047,2026-09-07,Lemmatised under the masculine stem sárasvant-. Feminine tokens are the river or the goddess; sárasvataḥ at 7.96.6 is the masculine Sarasvant and is typed NOT-RIVER.
HYD-241,Sarasvatī,RIVER,07.095.01,b,1,sárasvatī,sárasvant-,case=NOM|gender=F|number=SG,7,S,SRC-019; SRC-022; SRC-023; SRC-047,2026-09-07,Lemmatised under the masculine stem sárasvant-. Feminine tokens are the river or the goddess; sárasvataḥ at 7.96.6 is the masculine Sarasvant and is typed NOT-RIVER.
HYD-242,Sarasvatī,RIVER,07.095.02,a,3,sárasvatī,sárasvant-,case=NOM|gender=F|number=SG,7,S,SRC-019; SRC-022; SRC-023; SRC-047,2026-09-07,Lemmatised under the masculine stem sárasvant-. Feminine tokens are the river or the goddess; sárasvataḥ at 7.96.6 is the masculine Sarasvant and is typed NOT-RIVER.
HYD-243,Sarasvatī,RIVER,07.095.04,a,4,sárasvatī,sárasvant-,case=NOM|gender=F|number=SG,7,S,SRC-019; SRC-022; SRC-023; SRC-047,2026-09-07,Lemmatised under the masculine stem sárasvant-. Feminine tokens are the river or the goddess; sárasvataḥ at 7.96.6 is the masculine Sarasvant and is typed NOT-RIVER.
HYD-244,Sarasvatī,RIVER,07.095.05,b,3,sarasvati,sárasvant-,case=VOC|gender=F|number=SG,7,S,SRC-019; SRC-022; SRC-023; SRC-047,2026-09-07,Lemmatised under the masculine stem sárasvant-. Feminine tokens are the river or the goddess; sárasvataḥ at 7.96.6 is the masculine Sarasvant and is typed NOT-RIVER.
HYD-245,Sarasvatī,RIVER,07.095.06,a,4,sarasvati,sárasvant-,case=VOC|gender=F|number=SG,7,S,SRC-019; SRC-022; SRC-023; SRC-047,2026-09-07,Lemmatised under the masculine stem sárasvant-. Feminine tokens are the river or the goddess; sárasvataḥ at 7.96.6 is the masculine Sarasvant and is typed NOT-RIVER.
HYD-246,Sarasvatī,RIVER,07.096.01,c,1,sárasvatīm,sárasvant-,case=ACC|gender=F|number=SG,7,S,SRC-019; SRC-022; SRC-023; SRC-047,2026-09-07,Lemmatised under the masculine stem sárasvant-. Feminine tokens are the river or the goddess; sárasvataḥ at 7.96.6 is the masculine Sarasvant and is typed NOT-RIVER.
HYD-247,Sarasvatī,RIVER,07.096.03,a,5,sárasvatī,sárasvant-,case=NOM|gender=F|number=SG,7,S,SRC-019; SRC-022; SRC-023; SRC-047,2026-09-07,Lemmatised under the masculine stem sárasvant-. Feminine tokens are the river or the goddess; sárasvataḥ at 7.96.6 is the masculine Sarasvant and is typed NOT-RIVER.
HYD-248,Sarasvatī,NOT-RIVER,07.096.06,a,2,sárasvataḥ,sárasvant-,case=GEN|gender=M|number=SG,7,S,SRC-019; SRC-022; SRC-023; SRC-047,2026-09-07,Lemmatised under the masculine stem sárasvant-. Feminine tokens are the river or the goddess; sárasvataḥ at 7.96.6 is the masculine Sarasvant and is typed NOT-RIVER.
HYD-249,Sarasvatī,RIVER,08.021.17,b,1,sárasvatī,sárasvant-,case=NOM|gender=F|number=SG,8,A,SRC-019; SRC-022; SRC-023; SRC-047,2026-09-07,Lemmatised under the masculine stem sárasvant-. Feminine tokens are the river or the goddess; sárasvataḥ at 7.96.6 is the masculine Sarasvant and is typed NOT-RIVER.
HYD-250,Sarasvatī,RIVER,08.021.18,b,2,sárasvatīm,sárasvant-,case=ACC|gender=F|number=SG,8,A,SRC-019; SRC-022; SRC-023; SRC-047,2026-09-07,Lemmatised under the masculine stem sárasvant-. Feminine tokens are the river or the goddess; sárasvataḥ at 7.96.6 is the masculine Sarasvant and is typed NOT-RIVER.
HYD-251,Sarasvatī,DERIVATIVE,08.038.10,a,3,sárasvatīvatoḥ,sárasvatīvant-,case=GEN|gender=M|number=DU,8,S,SRC-019; SRC-022; SRC-023; SRC-047,2026-09-07,Lemmatised under the masculine stem sárasvant-. Feminine tokens are the river or the goddess; sárasvataḥ at 7.96.6 is the masculine Sarasvant and is typed NOT-RIVER.
HYD-252,Sarasvatī,RIVER,08.054.04,a,5,sárasvatī,sárasvant-,case=NOM|gender=F|number=SG,8,S,SRC-019; SRC-022; SRC-023; SRC-047,2026-09-07,Lemmatised under the masculine stem sárasvant-. Feminine tokens are the river or the goddess; sárasvataḥ at 7.96.6 is the masculine Sarasvant and is typed NOT-RIVER.
HYD-253,Sarasvatī,RIVER,09.005.08,b,1,sárasvatī,sárasvant-,case=NOM|gender=F|number=SG,9,P,SRC-019; SRC-022; SRC-023; SRC-047,2026-09-07,Lemmatised under the masculine stem sárasvant-. Feminine tokens are the river or the goddess; sárasvataḥ at 7.96.6 is the masculine Sarasvant and is typed NOT-RIVER.
HYD-254,Sarasvatī,RIVER,09.067.32,c,2,sárasvatī,sárasvant-,case=NOM|gender=F|number=SG,9,P,SRC-019; SRC-022; SRC-023; SRC-047,2026-09-07,Lemmatised under the masculine stem sárasvant-. Feminine tokens are the river or the goddess; sárasvataḥ at 7.96.6 is the masculine Sarasvant and is typed NOT-RIVER.
HYD-255,Sarasvatī,RIVER,09.081.04,d,4,sárasvatī,sárasvant-,case=NOM|gender=F|number=SG,9,N,SRC-019; SRC-022; SRC-023; SRC-047,2026-09-07,Lemmatised under the masculine stem sárasvant-. Feminine tokens are the river or the goddess; sárasvataḥ at 7.96.6 is the masculine Sarasvant and is typed NOT-RIVER.
HYD-256,Sarasvatī,RIVER,10.017.07,a,1,sárasvatīm,sárasvant-,case=ACC|gender=F|number=SG,10,P,SRC-019; SRC-022; SRC-023; SRC-047,2026-09-07,Lemmatised under the masculine stem sárasvant-. Feminine tokens are the river or the goddess; sárasvataḥ at 7.96.6 is the masculine Sarasvant and is typed NOT-RIVER.
HYD-257,Sarasvatī,RIVER,10.017.07,b,1,sárasvatīm,sárasvant-,case=ACC|gender=F|number=SG,10,P,SRC-019; SRC-022; SRC-023; SRC-047,2026-09-07,Lemmatised under the masculine stem sárasvant-. Feminine tokens are the river or the goddess; sárasvataḥ at 7.96.6 is the masculine Sarasvant and is typed NOT-RIVER.
HYD-258,Sarasvatī,RIVER,10.017.07,c,1,sárasvatīm,sárasvant-,case=ACC|gender=F|number=SG,10,P,SRC-019; SRC-022; SRC-023; SRC-047,2026-09-07,Lemmatised under the masculine stem sárasvant-. Feminine tokens are the river or the goddess; sárasvataḥ at 7.96.6 is the masculine Sarasvant and is typed NOT-RIVER.
HYD-259,Sarasvatī,RIVER,10.017.07,d,1,sárasvatī,sárasvant-,case=NOM|gender=F|number=SG,10,P,SRC-019; SRC-022; SRC-023; SRC-047,2026-09-07,Lemmatised under the masculine stem sárasvant-. Feminine tokens are the river or the goddess; sárasvataḥ at 7.96.6 is the masculine Sarasvant and is typed NOT-RIVER.
HYD-260,Sarasvatī,RIVER,10.017.08,a,1,sárasvati,sárasvant-,case=VOC|gender=F|number=SG,10,P,SRC-019; SRC-022; SRC-023; SRC-047,2026-09-07,Lemmatised under the masculine stem sárasvant-. Feminine tokens are the river or the goddess; sárasvataḥ at 7.96.6 is the masculine Sarasvant and is typed NOT-RIVER.
HYD-261,Sarasvatī,RIVER,10.017.09,a,1,sárasvatīm,sárasvant-,case=ACC|gender=F|number=SG,10,P,SRC-019; SRC-022; SRC-023; SRC-047,2026-09-07,Lemmatised under the masculine stem sárasvant-. Feminine tokens are the river or the goddess; sárasvataḥ at 7.96.6 is the masculine Sarasvant and is typed NOT-RIVER.
HYD-262,Sarasvatī,RIVER,10.030.12,d,1,sárasvatī,sárasvant-,case=NOM|gender=F|number=SG,10,N,SRC-019; SRC-022; SRC-023; SRC-047,2026-09-07,Lemmatised under the masculine stem sárasvant-. Feminine tokens are the river or the goddess; sárasvataḥ at 7.96.6 is the masculine Sarasvant and is typed NOT-RIVER.
HYD-263,Sarasvatī,RIVER,10.064.09,a,1,sárasvatī,sárasvant-,case=NOM|gender=F|number=SG,10,C,SRC-019; SRC-022; SRC-023; SRC-047,2026-09-07,Lemmatised under the masculine stem sárasvant-. Feminine tokens are the river or the goddess; sárasvataḥ at 7.96.6 is the masculine Sarasvant and is typed NOT-RIVER.
HYD-264,Sarasvatī,RIVER,10.065.01,b,3,sárasvatī,sárasvant-,case=NOM|gender=F|number=SG,10,C,SRC-019; SRC-022; SRC-023; SRC-047,2026-09-07,Lemmatised under the masculine stem sárasvant-. Feminine tokens are the river or the goddess; sárasvataḥ at 7.96.6 is the masculine Sarasvant and is typed NOT-RIVER.
HYD-265,Sarasvatī,RIVER,10.065.13,d,1,sárasvatī,sárasvant-,case=NOM|gender=F|number=SG,10,C,SRC-019; SRC-022; SRC-023; SRC-047,2026-09-07,Lemmatised under the masculine stem sárasvant-. Feminine tokens are the river or the goddess; sárasvataḥ at 7.96.6 is the masculine Sarasvant and is typed NOT-RIVER.
HYD-266,Sarasvatī,RIVER,10.075.05,a,5,sarasvati,sárasvant-,case=VOC|gender=F|number=SG,10,n,SRC-019; SRC-022; SRC-023; SRC-047,2026-09-07,Lemmatised under the masculine stem sárasvant-. Feminine tokens are the river or the goddess; sárasvataḥ at 7.96.6 is the masculine Sarasvant and is typed NOT-RIVER.
HYD-267,Sarasvatī,RIVER,10.110.08,d,1,sárasvatī,sárasvant-,case=NOM|gender=F|number=SG,10,C,SRC-019; SRC-022; SRC-023; SRC-047,2026-09-07,Lemmatised under the masculine stem sárasvant-. Feminine tokens are the river or the goddess; sárasvataḥ at 7.96.6 is the masculine Sarasvant and is typed NOT-RIVER.
HYD-268,Sarasvatī,RIVER,10.131.05,d,1,sárasvatī,sárasvant-,case=NOM|gender=F|number=SG,10,N,SRC-019; SRC-022; SRC-023; SRC-047,2026-09-07,Lemmatised under the masculine stem sárasvant-. Feminine tokens are the river or the goddess; sárasvataḥ at 7.96.6 is the masculine Sarasvant and is typed NOT-RIVER.
HYD-269,Sarasvatī,RIVER,10.141.05,c,3,sárasvatīm,sárasvant-,case=ACC|gender=F|number=SG,10,p,SRC-019; SRC-022; SRC-023; SRC-047,2026-09-07,Lemmatised under the masculine stem sárasvant-. Feminine tokens are the river or the goddess; sárasvataḥ at 7.96.6 is the masculine Sarasvant and is typed NOT-RIVER.
HYD-270,Sarasvatī,RIVER,10.184.02,b,3,sarasvati,sárasvant-,case=VOC|gender=F|number=SG,10,P,SRC-019; SRC-022; SRC-023; SRC-047,2026-09-07,Lemmatised under the masculine stem sárasvant-. Feminine tokens are the river or the goddess; sárasvataḥ at 7.96.6 is the masculine Sarasvant and is typed NOT-RIVER.
HYD-271,Sarayu,RIVER,05.053.09,c,5,saráyuḥ,saráyu-,case=NOM|gender=F|number=SG,5,A,SRC-019; SRC-022; SRC-023; SRC-047,2026-09-07,
HYD-272,Sarayu,RIVER,10.064.09,a,2,saráyuḥ,saráyu-,case=NOM|gender=F|number=SG,10,C,SRC-019; SRC-022; SRC-023; SRC-047,2026-09-07,
HYD-273,Silamāvatī,RIVER,10.075.08,c,3,sīlámāvatī,sīlámāvant-,case=NOM|gender=F|number=SG,10,n,SRC-019; SRC-022; SRC-023; SRC-047,2026-09-07,
HYD-274,Sindhu,RIVER,01.011.06,b,3,síndhum,síndhu-,case=ACC|gender=M|number=SG,1,N,SRC-019; SRC-022; SRC-023; SRC-047,2026-09-07,"síndhu- is both the appellative 'river, stream' and the name of the Indus. The lemma layer does not separate the two senses and neither does this register."
HYD-275,Sindhu,RIVER,01.023.18,c,1,síndhubhyaḥ,síndhu-,case=DAT|gender=M|number=PL,1,P,SRC-019; SRC-022; SRC-023; SRC-047,2026-09-07,"síndhu- is both the appellative 'river, stream' and the name of the Indus. The lemma layer does not separate the two senses and neither does this register."
HYD-276,Sindhu,RIVER,01.032.12,d,5,síndhūn,síndhu-,case=ACC|gender=M|number=PL,1,C,SRC-019; SRC-022; SRC-023; SRC-047,2026-09-07,"síndhu- is both the appellative 'river, stream' and the name of the Indus. The lemma layer does not separate the two senses and neither does this register."
HYD-277,Sindhu,RIVER,01.034.08,a,3,síndhubhiḥ,síndhu-,case=INS|gender=M|number=PL,1,C,SRC-019; SRC-022; SRC-023; SRC-047,2026-09-07,"síndhu- is both the appellative 'river, stream' and the name of the Indus. The lemma layer does not separate the two senses and neither does this register."
HYD-278,Sindhu,RIVER,01.035.08,b,5,síndhūn,síndhu-,case=ACC|gender=F|number=PL,1,C,SRC-019; SRC-022; SRC-023; SRC-047,2026-09-07,"síndhu- is both the appellative 'river, stream' and the name of the Indus. The lemma layer does not separate the two senses and neither does this register."
HYD-279,Sindhu,DERIVATIVE,01.046.02,a,3,síndhumātarā,síndhumātar-,case=NOM|gender=M|number=DU,1,S,SRC-019; SRC-022; SRC-023; SRC-047,2026-09-07,"síndhu- is both the appellative 'river, stream' and the name of the Indus. The lemma layer does not separate the two senses and neither does this register."
HYD-280,Sindhu,RIVER,01.046.08,b,2,síndhūnām,síndhu-,case=GEN|gender=F|number=PL,1,S,SRC-019; SRC-022; SRC-023; SRC-047,2026-09-07,"síndhu- is both the appellative 'river, stream' and the name of the Indus. The lemma layer does not separate the two senses and neither does this register."
HYD-281,Sindhu,RIVER,01.046.09,b,2,síndhūnām,síndhu-,case=GEN|gender=F|number=PL,1,S,SRC-019; SRC-022; SRC-023; SRC-047,2026-09-07,"síndhu- is both the appellative 'river, stream' and the name of the Indus. The lemma layer does not separate the two senses and neither does this register."
HYD-282,Sindhu,RIVER,01.065.06,b,1,síndhuḥ,síndhu-,case=NOM|gender=M|number=SG,1,N,SRC-019; SRC-022; SRC-023; SRC-047,2026-09-07,"síndhu- is both the appellative 'river, stream' and the name of the Indus. The lemma layer does not separate the two senses and neither does this register."
HYD-283,Sindhu,RIVER,01.065.07,a,2,síndhūnām,síndhu-,case=GEN|gender=F|number=PL,1,N,SRC-019; SRC-022; SRC-023; SRC-047,2026-09-07,"síndhu- is both the appellative 'river, stream' and the name of the Indus. The lemma layer does not separate the two senses and neither does this register."
HYD-284,Sindhu,RIVER,01.066.10,a,1,síndhuḥ,síndhu-,case=NOM|gender=M|number=SG,1,N,SRC-019; SRC-022; SRC-023; SRC-047,2026-09-07,"síndhu- is both the appellative 'river, stream' and the name of the Indus. The lemma layer does not separate the two senses and neither does this register."
HYD-285,Sindhu,RIVER,01.083.01,d,1,síndhum,síndhu-,case=ACC|gender=M|number=SG,1,n,SRC-019; SRC-022; SRC-023; SRC-047,2026-09-07,"síndhu- is both the appellative 'river, stream' and the name of the Indus. The lemma layer does not separate the two senses and neither does this register."
HYD-286,Sindhu,RIVER,01.092.12,b,1,síndhuḥ,síndhu-,case=NOM|gender=M|number=SG,1,n,SRC-019; SRC-022; SRC-023; SRC-047,2026-09-07,"síndhu- is both the appellative 'river, stream' and the name of the Indus. The lemma layer does not separate the two senses and neither does this register."
HYD-287,Sindhu,RIVER,01.093.05,c,2,síndhūn,síndhu-,case=ACC|gender=M|number=PL,1,p,SRC-019; SRC-022; SRC-023; SRC-047,2026-09-07,"síndhu- is both the appellative 'river, stream' and the name of the Indus. The lemma layer does not separate the two senses and neither does this register."
HYD-288,Sindhu,RIVER,01.094.16,d,2,síndhuḥ,síndhu-,case=NOM|gender=M|number=SG,1,C,SRC-019; SRC-022; SRC-023; SRC-047,2026-09-07,"síndhu- is both the appellative 'river, stream' and the name of the Indus. The lemma layer does not separate the two senses and neither does this register."
HYD-289,Sindhu,RIVER,01.095.11,d,2,síndhuḥ,síndhu-,case=NOM|gender=F|number=SG,1,C,SRC-019; SRC-022; SRC-023; SRC-047,2026-09-07,"síndhu- is both the appellative 'river, stream' and the name of the Indus. The lemma layer does not separate the two senses and neither does this register."
HYD-290,Sindhu,RIVER,01.096.09,d,2,síndhuḥ,síndhu-,case=NOM|gender=F|number=SG,1,C,SRC-019; SRC-022; SRC-023; SRC-047,2026-09-07,"síndhu- is both the appellative 'river, stream' and the name of the Indus. The lemma layer does not separate the two senses and neither does this register."
HYD-291,Sindhu,RIVER,01.097.08,a,3,síndhum,síndhu-,case=ACC|gender=F|number=SG,1,P,SRC-019; SRC-022; SRC-023; SRC-047,2026-09-07,"síndhu- is both the appellative 'river, stream' and the name of the Indus. The lemma layer does not separate the two senses and neither does this register."
HYD-292,Sindhu,RIVER,01.098.03,d,2,síndhuḥ,síndhu-,case=NOM|gender=F|number=SG,1,C,SRC-019; SRC-022; SRC-023; SRC-047,2026-09-07,"síndhu- is both the appellative 'river, stream' and the name of the Indus. The lemma layer does not separate the two senses and neither does this register."
HYD-293,Sindhu,RIVER,01.099.01,d,3,síndhum,síndhu-,case=ACC|gender=F|number=SG,1,C,SRC-019; SRC-022; SRC-023; SRC-047,2026-09-07,"síndhu- is both the appellative 'river, stream' and the name of the Indus. The lemma layer does not separate the two senses and neither does this register."
HYD-294,Sindhu,RIVER,01.100.19,d,2,síndhuḥ,síndhu-,case=NOM|gender=F|number=SG,1,C,SRC-019; SRC-022; SRC-023; SRC-047,2026-09-07,"síndhu- is both the appellative 'river, stream' and the name of the Indus. The lemma layer does not separate the two senses and neither does this register."
HYD-295,Sindhu,RIVER,01.101.11,d,2,síndhuḥ,síndhu-,case=NOM|gender=F|number=SG,1,C,SRC-019; SRC-022; SRC-023; SRC-047,2026-09-07,"síndhu- is both the appellative 'river, stream' and the name of the Indus. The lemma layer does not separate the two senses and neither does this register."
HYD-296,Sindhu,RIVER,01.102.11,d,2,síndhuḥ,síndhu-,case=NOM|gender=F|number=SG,1,C,SRC-019; SRC-022; SRC-023; SRC-047,2026-09-07,"síndhu- is both the appellative 'river, stream' and the name of the Indus. The lemma layer does not separate the two senses and neither does this register."
HYD-297,Sindhu,RIVER,01.103.08,d,2,síndhuḥ,síndhu-,case=NOM|gender=F|number=SG,1,C,SRC-019; SRC-022; SRC-023; SRC-047,2026-09-07,"síndhu- is both the appellative 'river, stream' and the name of the Indus. The lemma layer does not separate the two senses and neither does this register."
HYD-298,Sindhu,RIVER,01.105.19,d,2,síndhuḥ,síndhu-,case=NOM|gender=F|number=SG,1,C,SRC-019; SRC-022; SRC-023; SRC-047,2026-09-07,"síndhu- is both the appellative 'river, stream' and the name of the Indus. The lemma layer does not separate the two senses and neither does this register."
HYD-299,Sindhu,RIVER,01.106.07,d,2,síndhuḥ,síndhu-,case=NOM|gender=F|number=SG,1,C,SRC-019; SRC-022; SRC-023; SRC-047,2026-09-07,"síndhu- is both the appellative 'river, stream' and the name of the Indus. The lemma layer does not separate the two senses and neither does this register."
HYD-300,Sindhu,RIVER,01.107.03,d,2,síndhuḥ,síndhu-,case=NOM|gender=F|number=SG,1,C,SRC-019; SRC-022; SRC-023; SRC-047,2026-09-07,"síndhu- is both the appellative 'river, stream' and the name of the Indus. The lemma layer does not separate the two senses and neither does this register."
HYD-301,Sindhu,RIVER,01.108.13,d,2,síndhuḥ,síndhu-,case=NOM|gender=F|number=SG,1,C,SRC-019; SRC-022; SRC-023; SRC-047,2026-09-07,"síndhu- is both the appellative 'river, stream' and the name of the Indus. The lemma layer does not separate the two senses and neither does this register."
HYD-302,Sindhu,RIVER,01.109.06,c,2,síndhubhyaḥ,síndhu-,case=ABL|gender=F|number=PL,1,C,SRC-019; SRC-022; SRC-023; SRC-047,2026-09-07,"síndhu- is both the appellative 'river, stream' and the name of the Indus. The lemma layer does not separate the two senses and neither does this register."
HYD-303,Sindhu,RIVER,01.109.08,d,2,síndhuḥ,síndhu-,case=NOM|gender=F|number=SG,1,C,SRC-019; SRC-022; SRC-023; SRC-047,2026-09-07,"síndhu- is both the appellative 'river, stream' and the name of the Indus. The lemma layer does not separate the two senses and neither does this register."
HYD-304,Sindhu,RIVER,01.110.09,d,2,síndhuḥ,síndhu-,case=NOM|gender=F|number=SG,1,C,SRC-019; SRC-022; SRC-023; SRC-047,2026-09-07,"síndhu- is both the appellative 'river, stream' and the name of the Indus. The lemma layer does not separate the two senses and neither does this register."
HYD-305,Sindhu,RIVER,01.111.05,d,2,síndhuḥ,síndhu-,case=NOM|gender=F|number=SG,1,C,SRC-019; SRC-022; SRC-023; SRC-047,2026-09-07,"síndhu- is both the appellative 'river, stream' and the name of the Indus. The lemma layer does not separate the two senses and neither does this register."
HYD-306,Sindhu,RIVER,01.112.09,a,2,síndhum,síndhu-,case=ACC|gender=M|number=SG,1,C,SRC-019; SRC-022; SRC-023; SRC-047,2026-09-07,"síndhu- is both the appellative 'river, stream' and the name of the Indus. The lemma layer does not separate the two senses and neither does this register."
HYD-307,Sindhu,RIVER,01.112.25,d,2,síndhuḥ,síndhu-,case=NOM|gender=F|number=SG,1,C,SRC-019; SRC-022; SRC-023; SRC-047,2026-09-07,"síndhu- is both the appellative 'river, stream' and the name of the Indus. The lemma layer does not separate the two senses and neither does this register."
HYD-308,Sindhu,RIVER,01.113.20,d,2,síndhuḥ,síndhu-,case=NOM|gender=F|number=SG,1,C,SRC-019; SRC-022; SRC-023; SRC-047,2026-09-07,"síndhu- is both the appellative 'river, stream' and the name of the Indus. The lemma layer does not separate the two senses and neither does this register."
HYD-309,Sindhu,RIVER,01.114.11,d,2,síndhuḥ,síndhu-,case=NOM|gender=F|number=SG,1,C,SRC-019; SRC-022; SRC-023; SRC-047,2026-09-07,"síndhu- is both the appellative 'river, stream' and the name of the Indus. The lemma layer does not separate the two senses and neither does this register."
HYD-310,Sindhu,RIVER,01.115.06,d,2,síndhuḥ,síndhu-,case=NOM|gender=F|number=SG,1,C,SRC-019; SRC-022; SRC-023; SRC-047,2026-09-07,"síndhu- is both the appellative 'river, stream' and the name of the Indus. The lemma layer does not separate the two senses and neither does this register."
HYD-311,Sindhu,RIVER,01.122.06,d,2,síndhuḥ,síndhu-,case=NOM|gender=F|number=SG,1,A,SRC-019; SRC-022; SRC-023; SRC-047,2026-09-07,"síndhu- is both the appellative 'river, stream' and the name of the Indus. The lemma layer does not separate the two senses and neither does this register."
HYD-312,Sindhu,RIVER,01.146.04,c,4,síndhum,síndhu-,case=ACC|gender=M|number=SG,1,C,SRC-019; SRC-022; SRC-023; SRC-047,2026-09-07,"síndhu- is both the appellative 'river, stream' and the name of the Indus. The lemma layer does not separate the two senses and neither does this register."
HYD-313,Sindhu,RIVER,01.164.25,a,2,síndhum,síndhu-,case=ACC|gender=M|number=SG,1,P,SRC-019; SRC-022; SRC-023; SRC-047,2026-09-07,"síndhu- is both the appellative 'river, stream' and the name of the Indus. The lemma layer does not separate the two senses and neither does this register."
HYD-314,Sindhu,RIVER,01.182.05,a,4,síndhuṣu,síndhu-,case=LOC|gender=M|number=PL,1,c,SRC-019; SRC-022; SRC-023; SRC-047,2026-09-07,"síndhu- is both the appellative 'river, stream' and the name of the Indus. The lemma layer does not separate the two senses and neither does this register."
HYD-315,Sindhu,RIVER,01.186.05,b,6,síndhuḥ,síndhu-,case=NOM|gender=F|number=SG,1,A,SRC-019; SRC-022; SRC-023; SRC-047,2026-09-07,"síndhu- is both the appellative 'river, stream' and the name of the Indus. The lemma layer does not separate the two senses and neither does this register."
HYD-316,Sindhu,RIVER,02.011.09,a,3,síndhum,síndhu-,case=ACC|gender=F|number=SG,2,S,SRC-019; SRC-022; SRC-023; SRC-047,2026-09-07,"síndhu- is both the appellative 'river, stream' and the name of the Indus. The lemma layer does not separate the two senses and neither does this register."
HYD-317,Sindhu,RIVER,02.012.03,a,6,síndhūn,síndhu-,case=ACC|gender=M|number=PL,2,C,SRC-019; SRC-022; SRC-023; SRC-047,2026-09-07,"síndhu- is both the appellative 'river, stream' and the name of the Indus. The lemma layer does not separate the two senses and neither does this register."
HYD-318,Sindhu,RIVER,02.012.12,b,4,síndhūn,síndhu-,case=ACC|gender=M|number=PL,2,C,SRC-019; SRC-022; SRC-023; SRC-047,2026-09-07,"síndhu- is both the appellative 'river, stream' and the name of the Indus. The lemma layer does not separate the two senses and neither does this register."
HYD-319,Sindhu,RIVER,02.015.06,a,3,síndhum,síndhu-,case=ACC|gender=M|number=SG,2,N,SRC-019; SRC-022; SRC-023; SRC-047,2026-09-07,"síndhu- is both the appellative 'river, stream' and the name of the Indus. The lemma layer does not separate the two senses and neither does this register."
HYD-320,Sindhu,RIVER,02.025.03,a,1,síndhuḥ,síndhu-,case=NOM|gender=M|number=SG,2,N,SRC-019; SRC-022; SRC-023; SRC-047,2026-09-07,"síndhu- is both the appellative 'river, stream' and the name of the Indus. The lemma layer does not separate the two senses and neither does this register."
HYD-321,Sindhu,RIVER,03.005.04,d,2,síndhūnām,síndhu-,case=GEN|gender=F|number=PL,3,N,SRC-019; SRC-022; SRC-023; SRC-047,2026-09-07,"síndhu- is both the appellative 'river, stream' and the name of the Indus. The lemma layer does not separate the two senses and neither does this register."
HYD-322,Sindhu,RIVER,03.032.16,a,5,síndhuḥ,síndhu-,case=NOM|gender=M|number=SG,3,N,SRC-019; SRC-022; SRC-023; SRC-047,2026-09-07,"síndhu- is both the appellative 'river, stream' and the name of the Indus. The lemma layer does not separate the two senses and neither does this register."
HYD-323,Sindhu,RIVER,03.033.03,a,2,síndhum,síndhu-,case=ACC|gender=F|number=SG,3,N,SRC-019; SRC-022; SRC-023; SRC-047,2026-09-07,"síndhu- is both the appellative 'river, stream' and the name of the Indus. The lemma layer does not separate the two senses and neither does this register."
HYD-324,Sindhu,RIVER,03.033.05,c,2,síndhum,síndhu-,case=ACC|gender=F|number=SG,3,N,SRC-019; SRC-022; SRC-023; SRC-047,2026-09-07,"síndhu- is both the appellative 'river, stream' and the name of the Indus. The lemma layer does not separate the two senses and neither does this register."
HYD-325,Sindhu,RIVER,03.053.09,b,2,síndhum,síndhu-,case=ACC|gender=M|number=SG,3,C,SRC-019; SRC-022; SRC-023; SRC-047,2026-09-07,"síndhu- is both the appellative 'river, stream' and the name of the Indus. The lemma layer does not separate the two senses and neither does this register."
HYD-326,Sindhu,RIVER,04.017.01,d,2,síndhūn,síndhu-,case=ACC|gender=M|number=PL,4,S,SRC-019; SRC-022; SRC-023; SRC-047,2026-09-07,"síndhu- is both the appellative 'river, stream' and the name of the Indus. The lemma layer does not separate the two senses and neither does this register."
HYD-327,Sindhu,RIVER,04.018.07,d,5,síndhūn,síndhu-,case=ACC|gender=M|number=PL,4,P,SRC-019; SRC-022; SRC-023; SRC-047,2026-09-07,"síndhu- is both the appellative 'river, stream' and the name of the Indus. The lemma layer does not separate the two senses and neither does this register."
HYD-328,Sindhu,RIVER,04.019.05,d,5,síndhūn,síndhu-,case=ACC|gender=M|number=PL,4,S,SRC-019; SRC-022; SRC-023; SRC-047,2026-09-07,"síndhu- is both the appellative 'river, stream' and the name of the Indus. The lemma layer does not separate the two senses and neither does this register."
HYD-329,Sindhu,RIVER,04.019.06,d,4,síndhūn,síndhu-,case=ACC|gender=M|number=PL,4,S,SRC-019; SRC-022; SRC-023; SRC-047,2026-09-07,"síndhu- is both the appellative 'river, stream' and the name of the Indus. The lemma layer does not separate the two senses and neither does this register."
HYD-330,Sindhu,RIVER,04.019.08,b,5,síndhūn,síndhu-,case=ACC|gender=M|number=PL,4,S,SRC-019; SRC-022; SRC-023; SRC-047,2026-09-07,"síndhu- is both the appellative 'river, stream' and the name of the Indus. The lemma layer does not separate the two senses and neither does this register."
HYD-331,Sindhu,RIVER,04.022.08,a,5,síndhuḥ,síndhu-,case=NOM|gender=M|number=SG,4,S,SRC-019; SRC-022; SRC-023; SRC-047,2026-09-07,"síndhu- is both the appellative 'river, stream' and the name of the Indus. The lemma layer does not separate the two senses and neither does this register."
HYD-332,Sindhu,RIVER,04.028.01,c,5,síndhūn,síndhu-,case=ACC|gender=M|number=PL,4,S,SRC-019; SRC-022; SRC-023; SRC-047,2026-09-07,"síndhu- is both the appellative 'river, stream' and the name of the Indus. The lemma layer does not separate the two senses and neither does this register."
HYD-333,Sindhu,RIVER,04.030.12,a,2,síndhum,síndhu-,case=ACC|gender=F|number=SG,4,S,SRC-019; SRC-022; SRC-023; SRC-047,2026-09-07,"síndhu- is both the appellative 'river, stream' and the name of the Indus. The lemma layer does not separate the two senses and neither does this register."
HYD-334,Sindhu,RIVER,04.033.07,c,4,síndhūn,síndhu-,case=ACC|gender=M|number=PL,4,N,SRC-019; SRC-022; SRC-023; SRC-047,2026-09-07,"síndhu- is both the appellative 'river, stream' and the name of the Indus. The lemma layer does not separate the two senses and neither does this register."
HYD-335,Sindhu,RIVER,04.034.08,d,2,síndhubhiḥ,síndhu-,case=INS|gender=M|number=PL,4,N,SRC-019; SRC-022; SRC-023; SRC-047,2026-09-07,"síndhu- is both the appellative 'river, stream' and the name of the Indus. The lemma layer does not separate the two senses and neither does this register."
HYD-336,Sindhu,RIVER,04.042.07,d,5,síndhūn,síndhu-,case=ACC|gender=M|number=PL,4,N,SRC-019; SRC-022; SRC-023; SRC-047,2026-09-07,"síndhu- is both the appellative 'river, stream' and the name of the Indus. The lemma layer does not separate the two senses and neither does this register."
HYD-337,Sindhu,RIVER,04.043.06,a,1,síndhuḥ,síndhu-,case=NOM|gender=F|number=SG,4,N,SRC-019; SRC-022; SRC-023; SRC-047,2026-09-07,"síndhu- is both the appellative 'river, stream' and the name of the Indus. The lemma layer does not separate the two senses and neither does this register."
HYD-338,Sindhu,RIVER,04.054.06,c,3,síndhuḥ,síndhu-,case=NOM|gender=F|number=SG,4,N,SRC-019; SRC-022; SRC-023; SRC-047,2026-09-07,"síndhu- is both the appellative 'river, stream' and the name of the Indus. The lemma layer does not separate the two senses and neither does this register."
HYD-339,Sindhu,RIVER,04.055.03,a,4,síndhum,síndhu-,case=ACC|gender=F|number=SG,4,N,SRC-019; SRC-022; SRC-023; SRC-047,2026-09-07,"síndhu- is both the appellative 'river, stream' and the name of the Indus. The lemma layer does not separate the two senses and neither does this register."
HYD-340,Sindhu,RIVER,05.004.09,b,1,síndhum,síndhu-,case=ACC|gender=M|number=SG,5,C,SRC-019; SRC-022; SRC-023; SRC-047,2026-09-07,"síndhu- is both the appellative 'river, stream' and the name of the Indus. The lemma layer does not separate the two senses and neither does this register."
HYD-341,Sindhu,RIVER,05.011.05,c,3,síndhum,síndhu-,case=ACC|gender=M|number=SG,5,N,SRC-019; SRC-022; SRC-023; SRC-047,2026-09-07,"síndhu- is both the appellative 'river, stream' and the name of the Indus. The lemma layer does not separate the two senses and neither does this register."
HYD-342,Sindhu,RIVER,05.037.02,d,5,síndhum,síndhu-,case=ACC|gender=M|number=SG,5,N,SRC-019; SRC-022; SRC-023; SRC-047,2026-09-07,"síndhu- is both the appellative 'river, stream' and the name of the Indus. The lemma layer does not separate the two senses and neither does this register."
HYD-343,Sindhu,RIVER,05.053.09,b,3,síndhuḥ,síndhu-,case=NOM|gender=F|number=SG,5,A,SRC-019; SRC-022; SRC-023; SRC-047,2026-09-07,"síndhu- is both the appellative 'river, stream' and the name of the Indus. The lemma layer does not separate the two senses and neither does this register."
HYD-344,Sindhu,DERIVATIVE,05.075.02,d,2,síndhuvāhasā,síndhuvāhas-,gender=M|number=DU,5,A,SRC-019; SRC-022; SRC-023; SRC-047,2026-09-07,"síndhu- is both the appellative 'river, stream' and the name of the Indus. The lemma layer does not separate the two senses and neither does this register."
HYD-345,Sindhu,RIVER,06.044.21,b,2,síndhūnām,síndhu-,case=GEN|gender=M|number=PL,6,A,SRC-019; SRC-022; SRC-023; SRC-047,2026-09-07,"síndhu- is both the appellative 'river, stream' and the name of the Indus. The lemma layer does not separate the two senses and neither does this register."
HYD-346,Sindhu,RIVER,06.046.14,a,1,síndhūn,síndhu-,case=ACC|gender=M|number=PL,6,A,SRC-019; SRC-022; SRC-023; SRC-047,2026-09-07,"síndhu- is both the appellative 'river, stream' and the name of the Indus. The lemma layer does not separate the two senses and neither does this register."
HYD-347,Sindhu,RIVER,06.052.06,b,2,síndhubhiḥ,síndhu-,case=INS|gender=M|number=PL,6,C,SRC-019; SRC-022; SRC-023; SRC-047,2026-09-07,"síndhu- is both the appellative 'river, stream' and the name of the Indus. The lemma layer does not separate the two senses and neither does this register."
HYD-348,Sindhu,RIVER,07.005.02,b,2,síndhūnām,síndhu-,case=GEN|gender=F|number=PL,7,C,SRC-019; SRC-022; SRC-023; SRC-047,2026-09-07,"síndhu- is both the appellative 'river, stream' and the name of the Indus. The lemma layer does not separate the two senses and neither does this register."
HYD-349,Sindhu,RIVER,07.018.05,d,2,síndhūnām,síndhu-,case=GEN|gender=F|number=PL,7,C,SRC-019; SRC-022; SRC-023; SRC-047,2026-09-07,"síndhu- is both the appellative 'river, stream' and the name of the Indus. The lemma layer does not separate the two senses and neither does this register."
HYD-350,Sindhu,RIVER,07.033.03,a,5,síndhum,síndhu-,case=ACC|gender=F|number=SG,7,P,SRC-019; SRC-022; SRC-023; SRC-047,2026-09-07,"síndhu- is both the appellative 'river, stream' and the name of the Indus. The lemma layer does not separate the two senses and neither does this register."
HYD-351,Sindhu,DERIVATIVE,07.036.06,b,3,síndhumātā,síndhumātar-,case=NOM|gender=F|number=SG,7,S,SRC-019; SRC-022; SRC-023; SRC-047,2026-09-07,"síndhu- is both the appellative 'river, stream' and the name of the Indus. The lemma layer does not separate the two senses and neither does this register."
HYD-352,Sindhu,RIVER,07.047.03,d,1,síndhubhyaḥ,síndhu-,case=DAT|gender=M|number=PL,7,C,SRC-019; SRC-022; SRC-023; SRC-047,2026-09-07,"síndhu- is both the appellative 'river, stream' and the name of the Indus. The lemma layer does not separate the two senses and neither does this register."
HYD-353,Sindhu,DERIVATIVE,07.064.02,b,1,síndhupatī,sindhupati-,case=VOC|gender=M|number=DU,7,S,SRC-019; SRC-022; SRC-023; SRC-047,2026-09-07,"síndhu- is both the appellative 'river, stream' and the name of the Indus. The lemma layer does not separate the two senses and neither does this register."
HYD-354,Sindhu,RIVER,07.087.06,a,2,síndhum,síndhu-,case=ACC|gender=M|number=SG,7,S,SRC-019; SRC-022; SRC-023; SRC-047,2026-09-07,"síndhu- is both the appellative 'river, stream' and the name of the Indus. The lemma layer does not separate the two senses and neither does this register."
HYD-355,Sindhu,RIVER,07.095.01,d,4,síndhuḥ,síndhu-,case=NOM|gender=F|number=SG,7,S,SRC-019; SRC-022; SRC-023; SRC-047,2026-09-07,"síndhu- is both the appellative 'river, stream' and the name of the Indus. The lemma layer does not separate the two senses and neither does this register."
HYD-356,Sindhu,RIVER,08.005.21,b,2,síndhūn,síndhu-,case=ACC|gender=M|number=PL,8,S,SRC-019; SRC-022; SRC-023; SRC-047,2026-09-07,"síndhu- is both the appellative 'river, stream' and the name of the Indus. The lemma layer does not separate the two senses and neither does this register."
HYD-357,Sindhu,RIVER,08.012.03,a,2,síndhum,síndhu-,case=ACC|gender=M|number=SG,8,A,SRC-019; SRC-022; SRC-023; SRC-047,2026-09-07,"síndhu- is both the appellative 'river, stream' and the name of the Indus. The lemma layer does not separate the two senses and neither does this register."
HYD-358,Sindhu,RIVER,08.020.24,a,2,síndhum,síndhu-,case=ACC|gender=M|number=SG,8,A,SRC-019; SRC-022; SRC-023; SRC-047,2026-09-07,"síndhu- is both the appellative 'river, stream' and the name of the Indus. The lemma layer does not separate the two senses and neither does this register."
HYD-359,Sindhu,RIVER,08.024.27,b,5,síndhuṣu,síndhu-,case=LOC|gender=F|number=PL,8,A,SRC-019; SRC-022; SRC-023; SRC-047,2026-09-07,"síndhu- is both the appellative 'river, stream' and the name of the Indus. The lemma layer does not separate the two senses and neither does this register."
HYD-360,Sindhu,RIVER,08.025.14,a,3,síndhuḥ,síndhu-,case=NOM|gender=M|number=SG,8,A,SRC-019; SRC-022; SRC-023; SRC-047,2026-09-07,"síndhu- is both the appellative 'river, stream' and the name of the Indus. The lemma layer does not separate the two senses and neither does this register."
HYD-361,Sindhu,RIVER,08.026.18,c,1,síndhuḥ,síndhu-,case=NOM|gender=F|number=SG,8,A,SRC-019; SRC-022; SRC-023; SRC-047,2026-09-07,"síndhu- is both the appellative 'river, stream' and the name of the Indus. The lemma layer does not separate the two senses and neither does this register."
HYD-362,Sindhu,RIVER,08.032.25,b,2,síndhūn,síndhu-,case=ACC|gender=M|number=PL,8,S,SRC-019; SRC-022; SRC-023; SRC-047,2026-09-07,"síndhu- is both the appellative 'river, stream' and the name of the Indus. The lemma layer does not separate the two senses and neither does this register."
HYD-363,Sindhu,RIVER,08.039.08,b,3,síndhuṣu,síndhu-,case=LOC|gender=M|number=PL,8,S,SRC-019; SRC-022; SRC-023; SRC-047,2026-09-07,"síndhu- is both the appellative 'river, stream' and the name of the Indus. The lemma layer does not separate the two senses and neither does this register."
HYD-364,Sindhu,RIVER,08.041.02,d,2,síndhūnām,síndhu-,case=GEN|gender=M|number=PL,8,S,SRC-019; SRC-022; SRC-023; SRC-047,2026-09-07,"síndhu- is both the appellative 'river, stream' and the name of the Indus. The lemma layer does not separate the two senses and neither does this register."
HYD-365,Sindhu,RIVER,08.096.18,c,2,síndhūn,síndhu-,case=ACC|gender=M|number=PL,8,S,SRC-019; SRC-022; SRC-023; SRC-047,2026-09-07,"síndhu- is both the appellative 'river, stream' and the name of the Indus. The lemma layer does not separate the two senses and neither does this register."
HYD-366,Sindhu,RIVER,08.100.12,c,4,síndhūn,síndhu-,case=ACC|gender=M|number=PL,8,P,SRC-019; SRC-022; SRC-023; SRC-047,2026-09-07,"síndhu- is both the appellative 'river, stream' and the name of the Indus. The lemma layer does not separate the two senses and neither does this register."
HYD-367,Sindhu,RIVER,09.015.05,c,2,síndhūnām,síndhu-,case=GEN|gender=M|number=PL,9,N,SRC-019; SRC-022; SRC-023; SRC-047,2026-09-07,"síndhu- is both the appellative 'river, stream' and the name of the Indus. The lemma layer does not separate the two senses and neither does this register."
HYD-368,Sindhu,DERIVATIVE,09.061.07,b,2,síndhumātaram,síndhumātar-,case=ACC|gender=M|number=SG,9,N,SRC-019; SRC-022; SRC-023; SRC-047,2026-09-07,"síndhu- is both the appellative 'river, stream' and the name of the Indus. The lemma layer does not separate the two senses and neither does this register."
HYD-369,Sindhu,RIVER,09.070.10,c,3,síndhum,síndhu-,case=ACC|gender=M|number=SG,9,S,SRC-019; SRC-022; SRC-023; SRC-047,2026-09-07,"síndhu- is both the appellative 'river, stream' and the name of the Indus. The lemma layer does not separate the two senses and neither does this register."
HYD-370,Sindhu,RIVER,09.072.07,b,3,síndhuṣu,síndhu-,case=LOC|gender=M|number=PL,9,N,SRC-019; SRC-022; SRC-023; SRC-047,2026-09-07,"síndhu- is both the appellative 'river, stream' and the name of the Indus. The lemma layer does not separate the two senses and neither does this register."
HYD-371,Sindhu,RIVER,09.086.08,b,4,síndhuṣu,síndhu-,case=LOC|gender=M|number=PL,9,N,SRC-019; SRC-022; SRC-023; SRC-047,2026-09-07,"síndhu- is both the appellative 'river, stream' and the name of the Indus. The lemma layer does not separate the two senses and neither does this register."
HYD-372,Sindhu,RIVER,09.086.11,d,3,síndhubhiḥ,síndhu-,case=INS|gender=M|number=PL,9,N,SRC-019; SRC-022; SRC-023; SRC-047,2026-09-07,"síndhu- is both the appellative 'river, stream' and the name of the Indus. The lemma layer does not separate the two senses and neither does this register."
HYD-373,Sindhu,RIVER,09.086.12,a,2,síndhūnām,síndhu-,case=GEN|gender=M|number=PL,9,N,SRC-019; SRC-022; SRC-023; SRC-047,2026-09-07,"síndhu- is both the appellative 'river, stream' and the name of the Indus. The lemma layer does not separate the two senses and neither does this register."
HYD-374,Sindhu,RIVER,09.086.19,c,2,síndhūnām,síndhu-,case=GEN|gender=M|number=PL,9,N,SRC-019; SRC-022; SRC-023; SRC-047,2026-09-07,"síndhu- is both the appellative 'river, stream' and the name of the Indus. The lemma layer does not separate the two senses and neither does this register."
HYD-375,Sindhu,RIVER,09.086.21,b,2,síndhubhyaḥ,síndhu-,case=DAT|gender=M|number=PL,9,N,SRC-019; SRC-022; SRC-023; SRC-047,2026-09-07,"síndhu- is both the appellative 'river, stream' and the name of the Indus. The lemma layer does not separate the two senses and neither does this register."
HYD-376,Sindhu,RIVER,09.086.33,a,2,síndhūnām,síndhu-,case=GEN|gender=M|number=PL,9,N,SRC-019; SRC-022; SRC-023; SRC-047,2026-09-07,"síndhu- is both the appellative 'river, stream' and the name of the Indus. The lemma layer does not separate the two senses and neither does this register."
HYD-377,Sindhu,RIVER,09.089.02,a,2,síndhūnām,síndhu-,case=GEN|gender=M|number=PL,9,N,SRC-019; SRC-022; SRC-023; SRC-047,2026-09-07,"síndhu- is both the appellative 'river, stream' and the name of the Indus. The lemma layer does not separate the two senses and neither does this register."
HYD-378,Sindhu,RIVER,09.090.02,c,5,síndhūn,síndhu-,case=ACC|gender=M|number=PL,9,N,SRC-019; SRC-022; SRC-023; SRC-047,2026-09-07,"síndhu- is both the appellative 'river, stream' and the name of the Indus. The lemma layer does not separate the two senses and neither does this register."
HYD-379,Sindhu,RIVER,09.096.07,a,6,síndhuḥ,síndhu-,case=NOM|gender=M|number=SG,9,N,SRC-019; SRC-022; SRC-023; SRC-047,2026-09-07,"síndhu- is both the appellative 'river, stream' and the name of the Indus. The lemma layer does not separate the two senses and neither does this register."
HYD-380,Sindhu,RIVER,09.096.14,c,2,síndhubhiḥ,síndhu-,case=INS|gender=M|number=PL,9,N,SRC-019; SRC-022; SRC-023; SRC-047,2026-09-07,"síndhu- is both the appellative 'river, stream' and the name of the Indus. The lemma layer does not separate the two senses and neither does this register."
HYD-381,Sindhu,RIVER,09.097.45,b,1,síndhuḥ,síndhu-,case=NOM|gender=F|number=SG,9,C,SRC-019; SRC-022; SRC-023; SRC-047,2026-09-07,"síndhu- is both the appellative 'river, stream' and the name of the Indus. The lemma layer does not separate the two senses and neither does this register."
HYD-382,Sindhu,RIVER,09.097.58,d,2,síndhuḥ,síndhu-,case=NOM|gender=M|number=SG,9,C,SRC-019; SRC-022; SRC-023; SRC-047,2026-09-07,"síndhu- is both the appellative 'river, stream' and the name of the Indus. The lemma layer does not separate the two senses and neither does this register."
HYD-383,Sindhu,RIVER,09.107.12,b,1,síndhuḥ,síndhu-,case=NOM|gender=M|number=SG,9,S,SRC-019; SRC-022; SRC-023; SRC-047,2026-09-07,"síndhu- is both the appellative 'river, stream' and the name of the Indus. The lemma layer does not separate the two senses and neither does this register."
HYD-384,Sindhu,RIVER,10.035.02,b,2,síndhūn,síndhu-,case=ACC|gender=M|number=PL,10,C,SRC-019; SRC-022; SRC-023; SRC-047,2026-09-07,"síndhu- is both the appellative 'river, stream' and the name of the Indus. The lemma layer does not separate the two senses and neither does this register."
HYD-385,Sindhu,RIVER,10.043.07,a,3,síndhum,síndhu-,case=ACC|gender=M|number=SG,10,C,SRC-019; SRC-022; SRC-023; SRC-047,2026-09-07,"síndhu- is both the appellative 'river, stream' and the name of the Indus. The lemma layer does not separate the two senses and neither does this register."
HYD-386,Sindhu,RIVER,10.062.09,d,2,síndhuḥ,síndhu-,case=NOM|gender=M|number=SG,10,C,SRC-019; SRC-022; SRC-023; SRC-047,2026-09-07,"síndhu- is both the appellative 'river, stream' and the name of the Indus. The lemma layer does not separate the two senses and neither does this register."
HYD-387,Sindhu,RIVER,10.064.09,a,3,síndhuḥ,síndhu-,case=NOM|gender=F|number=SG,10,C,SRC-019; SRC-022; SRC-023; SRC-047,2026-09-07,"síndhu- is both the appellative 'river, stream' and the name of the Indus. The lemma layer does not separate the two senses and neither does this register."
HYD-388,Sindhu,RIVER,10.065.13,b,3,síndhuḥ,síndhu-,case=NOM|gender=M|number=SG,10,C,SRC-019; SRC-022; SRC-023; SRC-047,2026-09-07,"síndhu- is both the appellative 'river, stream' and the name of the Indus. The lemma layer does not separate the two senses and neither does this register."
HYD-389,Sindhu,RIVER,10.066.11,a,2,síndhuḥ,síndhu-,case=NOM|gender=F|number=SG,10,C,SRC-019; SRC-022; SRC-023; SRC-047,2026-09-07,"síndhu- is both the appellative 'river, stream' and the name of the Indus. The lemma layer does not separate the two senses and neither does this register."
HYD-390,Sindhu,RIVER,10.067.12,c,5,síndhūn,síndhu-,case=ACC|gender=M|number=PL,10,C,SRC-019; SRC-022; SRC-023; SRC-047,2026-09-07,"síndhu- is both the appellative 'river, stream' and the name of the Indus. The lemma layer does not separate the two senses and neither does this register."
HYD-391,Sindhu,RIVER,10.075.01,d,4,síndhuḥ,síndhu-,case=NOM|gender=F|number=SG,10,n,SRC-019; SRC-022; SRC-023; SRC-047,2026-09-07,"síndhu- is both the appellative 'river, stream' and the name of the Indus. The lemma layer does not separate the two senses and neither does this register."
HYD-392,Sindhu,RIVER,10.075.03,d,1,síndhuḥ,síndhu-,case=NOM|gender=F|number=SG,10,n,SRC-019; SRC-022; SRC-023; SRC-047,2026-09-07,"síndhu- is both the appellative 'river, stream' and the name of the Indus. The lemma layer does not separate the two senses and neither does this register."
HYD-393,Sindhu,RIVER,10.075.07,c,2,síndhuḥ,síndhu-,case=NOM|gender=F|number=SG,10,n,SRC-019; SRC-022; SRC-023; SRC-047,2026-09-07,"síndhu- is both the appellative 'river, stream' and the name of the Indus. The lemma layer does not separate the two senses and neither does this register."
HYD-394,Sindhu,RIVER,10.075.08,a,2,síndhuḥ,síndhu-,case=NOM|gender=F|number=SG,10,n,SRC-019; SRC-022; SRC-023; SRC-047,2026-09-07,"síndhu- is both the appellative 'river, stream' and the name of the Indus. The lemma layer does not separate the two senses and neither does this register."
HYD-395,Sindhu,RIVER,10.075.09,a,4,síndhuḥ,síndhu-,case=NOM|gender=F|number=SG,10,n,SRC-019; SRC-022; SRC-023; SRC-047,2026-09-07,"síndhu- is both the appellative 'river, stream' and the name of the Indus. The lemma layer does not separate the two senses and neither does this register."
HYD-396,Sindhu,DERIVATIVE,10.078.06,a,4,síndhumātaraḥ,síndhumātar-,case=NOM|gender=M|number=PL,10,S,SRC-019; SRC-022; SRC-023; SRC-047,2026-09-07,"síndhu- is both the appellative 'river, stream' and the name of the Indus. The lemma layer does not separate the two senses and neither does this register."
HYD-397,Sindhu,RIVER,10.089.01,d,2,síndhubhyaḥ,síndhu-,case=ABL|gender=F|number=PL,10,N,SRC-019; SRC-022; SRC-023; SRC-047,2026-09-07,"síndhu- is both the appellative 'river, stream' and the name of the Indus. The lemma layer does not separate the two senses and neither does this register."
HYD-398,Sindhu,RIVER,10.089.07,b,5,síndhūn,síndhu-,case=ACC|gender=M|number=PL,10,N,SRC-019; SRC-022; SRC-023; SRC-047,2026-09-07,"síndhu- is both the appellative 'river, stream' and the name of the Indus. The lemma layer does not separate the two senses and neither does this register."
HYD-399,Sindhu,RIVER,10.089.11,d,2,síndhubhyaḥ,síndhu-,case=ABL|gender=F|number=PL,10,N,SRC-019; SRC-022; SRC-023; SRC-047,2026-09-07,"síndhu- is both the appellative 'river, stream' and the name of the Indus. The lemma layer does not separate the two senses and neither does this register."
HYD-400,Sindhu,RIVER,10.104.08,b,2,síndhum,síndhu-,case=ACC|gender=M|number=SG,10,N,SRC-019; SRC-022; SRC-023; SRC-047,2026-09-07,"síndhu- is both the appellative 'river, stream' and the name of the Indus. The lemma layer does not separate the two senses and neither does this register."
HYD-401,Sindhu,RIVER,10.111.09,a,2,síndhūn,síndhu-,case=ACC|gender=F|number=PL,10,C,SRC-019; SRC-022; SRC-023; SRC-047,2026-09-07,"síndhu- is both the appellative 'river, stream' and the name of the Indus. The lemma layer does not separate the two senses and neither does this register."
HYD-402,Sindhu,RIVER,10.111.10,a,2,síndhum,síndhu-,case=ACC|gender=M|number=SG,10,C,SRC-019; SRC-022; SRC-023; SRC-047,2026-09-07,"síndhu- is both the appellative 'river, stream' and the name of the Indus. The lemma layer does not separate the two senses and neither does this register."
HYD-403,Sindhu,RIVER,10.123.04,c,4,síndhum,síndhu-,case=ACC|gender=M|number=SG,10,C,SRC-019; SRC-022; SRC-023; SRC-047,2026-09-07,"síndhu- is both the appellative 'river, stream' and the name of the Indus. The lemma layer does not separate the two senses and neither does this register."
HYD-404,Sindhu,RIVER,10.133.02,a,2,síndhūn,síndhu-,case=ACC|gender=M|number=PL,10,S,SRC-019; SRC-022; SRC-023; SRC-047,2026-09-07,"síndhu- is both the appellative 'river, stream' and the name of the Indus. The lemma layer does not separate the two senses and neither does this register."
HYD-405,Sindhu,RIVER,10.180.01,d,2,síndhūnām,síndhu-,case=GEN|gender=F|number=PL,10,P,SRC-019; SRC-022; SRC-023; SRC-047,2026-09-07,"síndhu- is both the appellative 'river, stream' and the name of the Indus. The lemma layer does not separate the two senses and neither does this register."
HYD-406,Susartu,RIVER,10.075.06,b,1,susártvā,susártu-,case=INS|gender=F|number=SG,10,n,SRC-019; SRC-022; SRC-023; SRC-047,2026-09-07,
HYD-407,Suvāstu,RIVER,08.019.37,b,1,suvā́stvāḥ,suvā́stu-,case=GEN|gender=F|number=SG,8,A,SRC-019; SRC-022; SRC-023; SRC-047,2026-09-07,Swat
HYD-408,Suṣomā,REGION-OR-EPITHET,08.007.29,a,1,suṣóme,suṣóma-,case=LOC|gender=M|number=SG,8,S,SRC-019; SRC-022; SRC-023; SRC-047,2026-09-07,suṣómāyām 8.64.11 and suṣómayā 10.75.6 are the river; the masculine locative suṣóme 8.7.29 is the region.
HYD-409,Suṣomā,RIVER,08.064.11,b,1,suṣómāyām,suṣóma-,case=LOC|gender=F|number=SG,8,A,SRC-019; SRC-022; SRC-023; SRC-047,2026-09-07,suṣómāyām 8.64.11 and suṣómayā 10.75.6 are the river; the masculine locative suṣóme 8.7.29 is the region.
HYD-410,Suṣomā,RIVER,10.075.05,d,4,suṣómayā,suṣóma-,case=INS|gender=F|number=SG,10,n,SRC-019; SRC-022; SRC-023; SRC-047,2026-09-07,suṣómāyām 8.64.11 and suṣómayā 10.75.6 are the river; the masculine locative suṣóme 8.7.29 is the region.
HYD-411,Tṛṣṭāmā,NOT-RIVER,03.009.03,a,2,tr̥ṣṭám,tr̥ṣṭá-,case=ACC|gender=N|number=SG,3,C,SRC-019; SRC-022; SRC-023; SRC-047,2026-09-07,
HYD-412,Tṛṣṭāmā,RIVER,10.075.06,a,1,tr̥ṣṭā́mayā,tr̥ṣṭā́mā-,case=INS|gender=F|number=SG,10,n,SRC-019; SRC-022; SRC-023; SRC-047,2026-09-07,
HYD-413,Tṛṣṭāmā,NOT-RIVER,10.085.34,a,1,tr̥ṣṭám,tr̥ṣṭá-,case=NOM|gender=N|number=SG,10,P,SRC-019; SRC-022; SRC-023; SRC-047,2026-09-07,
HYD-414,Tṛṣṭāmā,NOT-RIVER,10.087.13,b,3,tr̥ṣṭám,tr̥ṣṭá-,case=ACC|gender=N|number=SG,10,P,SRC-019; SRC-022; SRC-023; SRC-047,2026-09-07,
HYD-415,Vibālī,RIVER,04.030.12,a,3,vibālyàm,vibālī́-,case=ACC|gender=F|number=SG,4,S,SRC-019; SRC-022; SRC-023; SRC-047,2026-09-07,
HYD-416,Vipāś,NOT-RIVER,01.004.04,b,3,vipaścítam,vipaścít-,case=ACC|gender=M|number=SG,1,s,SRC-019; SRC-022; SRC-023; SRC-047,2026-09-07,Beas
HYD-417,Vipāś,NOT-RIVER,01.018.07,b,2,vipaścítaḥ,vipaścít-,case=GEN|gender=M|number=SG,1,N,SRC-019; SRC-022; SRC-023; SRC-047,2026-09-07,Beas
HYD-418,Vipāś,NOT-RIVER,01.164.36,c,5,vipaścítaḥ,vipaścít-,case=NOM|gender=M|number=PL,1,P,SRC-019; SRC-022; SRC-023; SRC-047,2026-09-07,Beas
HYD-419,Vipāś,NOT-RIVER,01.180.02,b,1,vípatmanaḥ,vípatman-,case=GEN|gender=M|number=SG,1,A,SRC-019; SRC-022; SRC-023; SRC-047,2026-09-07,nom. sg. vipā́ṭ
HYD-420,Vipāś,NOT-RIVER,03.003.04,a,4,vipaścítām,vipaścít-,case=GEN|gender=M|number=PL,3,N,SRC-019; SRC-022; SRC-023; SRC-047,2026-09-07,Beas
HYD-421,Vipāś,NOT-RIVER,03.026.09,b,1,vipaścítam,vipaścít-,case=ACC|gender=M|number=SG,3,N,SRC-019; SRC-022; SRC-023; SRC-047,2026-09-07,Beas
HYD-422,Vipāś,NOT-RIVER,03.027.02,a,3,vipaścítam,vipaścít-,case=ACC|gender=M|number=SG,3,s,SRC-019; SRC-022; SRC-023; SRC-047,2026-09-07,Beas
HYD-423,Vipāś,RIVER,03.033.01,d,1,vípāṭ,vípāś-,case=NOM|gender=F|number=SG,3,N,SRC-019; SRC-022; SRC-023; SRC-047,2026-09-07,nom. sg. vipā́ṭ
HYD-424,Vipāś,RIVER,03.033.03,b,1,vípāśam,vípāś-,case=ACC|gender=F|number=SG,3,N,SRC-019; SRC-022; SRC-023; SRC-047,2026-09-07,Beas
HYD-425,Vipāś,NOT-RIVER,03.062.09,a,4,vipáśyati,√spaś-,number=SG|person=3|mood=IND|tense=PRS|voice=ACT|local particle=LP,3,s,SRC-019; SRC-022; SRC-023; SRC-047,2026-09-07,Beas
HYD-426,Vipāś,RIVER,04.030.11,b,2,vípāśi,vípāś-,case=LOC|gender=F|number=SG,4,S,SRC-019; SRC-022; SRC-023; SRC-047,2026-09-07,Beas
HYD-427,Vipāś,NOT-RIVER,04.036.07,c,5,vipaścítaḥ,vipaścít-,case=NOM|gender=M|number=PL,4,N,SRC-019; SRC-022; SRC-023; SRC-047,2026-09-07,Beas
HYD-428,Vipāś,NOT-RIVER,05.052.10,a,2,vípathayaḥ,vípathi-,case=NOM|gender=M|number=PL,5,A,SRC-019; SRC-022; SRC-023; SRC-047,2026-09-07,nom. sg. vipā́ṭ
HYD-429,Vipāś,NOT-RIVER,05.063.07,a,3,vipaścitā,vipaścít-,case=VOC|gender=M|number=DU,5,C,SRC-019; SRC-022; SRC-023; SRC-047,2026-09-07,Beas
HYD-430,Vipāś,NOT-RIVER,05.081.01,b,4,vipaścítaḥ,vipaścít-,case=GEN|gender=M|number=SG,5,C,SRC-019; SRC-022; SRC-023; SRC-047,2026-09-07,Beas
HYD-431,Vipāś,NOT-RIVER,08.001.04,a,4,vipaścítaḥ,vipaścít-,case=GEN|gender=M|number=SG,8,S,SRC-019; SRC-022; SRC-023; SRC-047,2026-09-07,Beas
HYD-432,Vipāś,NOT-RIVER,08.003.03,c,3,vipaścítaḥ,vipaścít-,case=NOM|gender=M|number=PL,8,S,SRC-019; SRC-022; SRC-023; SRC-047,2026-09-07,Beas
HYD-433,Vipāś,NOT-RIVER,08.013.10,a,3,vipaścítam,vipaścít-,case=ACC|gender=M|number=SG,8,A,SRC-019; SRC-022; SRC-023; SRC-047,2026-09-07,Beas
HYD-434,Vipāś,NOT-RIVER,08.043.19,b,2,vipaścítaḥ,vipaścít-,case=NOM|gender=M|number=PL,8,n,SRC-019; SRC-022; SRC-023; SRC-047,2026-09-07,Beas
HYD-435,Vipāś,NOT-RIVER,08.065.09,a,3,vipaścítaḥ,vipaścít-,case=ACC|gender=M|number=PL,8,A,SRC-019; SRC-022; SRC-023; SRC-047,2026-09-07,Beas
HYD-436,Vipāś,NOT-RIVER,08.098.01,c,2,vipaścíte,vipaścít-,case=DAT|gender=M|number=SG,8,A,SRC-019; SRC-022; SRC-023; SRC-047,2026-09-07,Beas
HYD-437,Vipāś,NOT-RIVER,09.012.03,b,3,vipaścít,vipaścít-,case=NOM|gender=M|number=SG,9,N,SRC-019; SRC-022; SRC-023; SRC-047,2026-09-07,Beas
HYD-438,Vipāś,NOT-RIVER,09.016.08,a,3,vipaścítam,vipaścít-,case=ACC|number=SG,9,N,SRC-019; SRC-022; SRC-023; SRC-047,2026-09-07,Beas
HYD-439,Vipāś,NOT-RIVER,09.022.03,a,3,vipaścítaḥ,vipaścít-,case=NOM|gender=M|number=PL,9,N,SRC-019; SRC-022; SRC-023; SRC-047,2026-09-07,Beas
HYD-440,Vipāś,NOT-RIVER,09.033.01,a,3,vipaścítaḥ,vipaścít-,case=NOM|gender=M|number=PL,9,N,SRC-019; SRC-022; SRC-023; SRC-047,2026-09-07,Beas
HYD-441,Vipāś,NOT-RIVER,09.064.25,a,3,vipaścítam,vipaścít-,case=ACC|gender=F|number=SG,9,N,SRC-019; SRC-022; SRC-023; SRC-047,2026-09-07,Beas
HYD-442,Vipāś,NOT-RIVER,09.086.36,b,4,vipaścítam,vipaścít-,case=ACC|gender=M|number=SG,9,N,SRC-019; SRC-022; SRC-023; SRC-047,2026-09-07,Beas
HYD-443,Vipāś,NOT-RIVER,09.086.44,a,1,vipaścíte,vipaścít-,case=DAT|gender=M|number=SG,9,N,SRC-019; SRC-022; SRC-023; SRC-047,2026-09-07,Beas
HYD-444,Vipāś,NOT-RIVER,09.096.22,c,4,vipaścít,vipaścít-,case=NOM|gender=M|number=SG,9,N,SRC-019; SRC-022; SRC-023; SRC-047,2026-09-07,Beas
HYD-445,Vipāś,NOT-RIVER,09.101.12,a,3,vipaścítaḥ,vipaścít-,case=NOM|gender=M|number=PL,9,A,SRC-019; SRC-022; SRC-023; SRC-047,2026-09-07,Beas
HYD-446,Vipāś,NOT-RIVER,10.125.04,a,6,vipáśyati,√spaś-,number=SG|person=3|mood=IND|tense=PRS|voice=ACT|local particle=LP,10,P,SRC-019; SRC-022; SRC-023; SRC-047,2026-09-07,Beas
HYD-447,Vipāś,NOT-RIVER,10.177.01,b,4,vipaścítaḥ,vipaścít-,case=NOM|gender=M|number=PL,10,P,SRC-019; SRC-022; SRC-023; SRC-047,2026-09-07,Beas
HYD-448,Vipāś,NOT-RIVER,10.187.04,a,4,vipáśyati,√spaś-,number=SG|person=3|mood=IND|tense=PRS|voice=ACT|local particle=LP,10,P,SRC-019; SRC-022; SRC-023; SRC-047,2026-09-07,Beas
HYD-449,Vitastā,NOT-RIVER,04.030.12,b,1,vitasthānā́m,√sthā-,case=ACC|gender=F|number=SG|tense=PRF|voice=MED|non-finite=PTCP|local particle=LP,4,S,SRC-019; SRC-022; SRC-023; SRC-047,2026-09-07,Jhelum
HYD-450,Vitastā,RIVER,10.075.05,c,3,vitástayā,vitástā-,case=INS|gender=F|number=SG,10,n,SRC-019; SRC-022; SRC-023; SRC-047,2026-09-07,Jhelum
HYD-451,Yamunā,RIVER,05.052.17,c,1,yamúnāyām,yamúnā-,case=LOC|gender=F|number=SG,5,A,SRC-019; SRC-022; SRC-023; SRC-047,2026-09-07,Jamuna
HYD-452,Yamunā,RIVER,07.018.19,a,3,yamúnā,yamúnā-,case=NOM|gender=F|number=SG,7,C,SRC-019; SRC-022; SRC-023; SRC-047,2026-09-07,Jamuna
HYD-453,Yamunā,RIVER,10.075.05,a,4,yamune,yamúnā-,case=VOC|gender=F|number=SG,10,n,SRC-019; SRC-022; SRC-023; SRC-047,2026-09-07,Jamuna
HYD-454,Yavyāvatī,RIVER,06.027.06,b,1,yavyā́vatyām,yavyā́vatī-,case=LOC|gender=F|number=SG,6,C,SRC-019; SRC-022; SRC-023; SRC-047,2026-09-07,
HYD-455,Āpayā,NOT-RIVER,01.110.02,b,6,āpáyaḥ,āpí-,case=NOM|gender=M|number=PL,1,C,SRC-019; SRC-022; SRC-023; SRC-047,2026-09-07,
HYD-456,Āpayā,NOT-RIVER,02.029.04,a,5,āpáyaḥ,āpí-,case=NOM|gender=M|number=PL,2,N,SRC-019; SRC-022; SRC-023; SRC-047,2026-09-07,
HYD-457,Āpayā,NOT-RIVER,02.034.10,b,5,āpáyaḥ,āpí-,case=NOM|gender=M|number=PL,2,N,SRC-019; SRC-022; SRC-023; SRC-047,2026-09-07,
HYD-458,Āpayā,RIVER,03.023.04,c,3,āpayā́yām,āpayā́-,case=LOC|gender=F|number=SG,3,N,SRC-019; SRC-022; SRC-023; SRC-047,2026-09-07,
HYD-459,Āpayā,NOT-RIVER,05.053.02,c,5,āpáyaḥ,āpí-,case=NOM|gender=M|number=PL,5,A,SRC-019; SRC-022; SRC-023; SRC-047,2026-09-07,
HYD-460,Ārjīkīyā,REGION-OR-EPITHET,08.007.29,b,1,ārjīké,ārjīká-,case=LOC|gender=M|number=SG,8,S,SRC-019; SRC-022; SRC-023; SRC-047,2026-09-07,"Feminine ā́rjīkīye at 10.75.5 is the river; the masculine locatives at 8.7.29, 8.64.11, 9.65.23 and 9.113.2 are the region or a soma epithet."
HYD-461,Ārjīkīyā,REGION-OR-EPITHET,08.064.11,c,1,ārjīkī́ye,ārjīkī́ya-,case=LOC|gender=M|number=SG,8,A,SRC-019; SRC-022; SRC-023; SRC-047,2026-09-07,"Feminine ā́rjīkīye at 10.75.5 is the river; the masculine locatives at 8.7.29, 8.64.11, 9.65.23 and 9.113.2 are the region or a soma epithet."
HYD-462,Ārjīkīyā,REGION-OR-EPITHET,09.065.23,a,2,ārjīkéṣu,ārjīká-,case=LOC|gender=M|number=PL,9,N,SRC-019; SRC-022; SRC-023; SRC-047,2026-09-07,"Feminine ā́rjīkīye at 10.75.5 is the river; the masculine locatives at 8.7.29, 8.64.11, 9.65.23 and 9.113.2 are the region or a soma epithet."
HYD-463,Ārjīkīyā,REGION-OR-EPITHET,09.113.02,b,1,ārjīkā́t,ārjīká-,case=ABL|gender=M|number=SG,9,P,SRC-019; SRC-022; SRC-023; SRC-047,2026-09-07,"Feminine ā́rjīkīye at 10.75.5 is the river; the masculine locatives at 8.7.29, 8.64.11, 9.65.23 and 9.113.2 are the region or a soma epithet."
HYD-464,Ārjīkīyā,RIVER,10.075.05,d,1,ā́rjīkīye,ārjīkī́ya-,case=VOC|gender=F|number=SG,10,n,SRC-019; SRC-022; SRC-023; SRC-047,2026-09-07,"Feminine ā́rjīkīye at 10.75.5 is the river; the masculine locatives at 8.7.29, 8.64.11, 9.65.23 and 9.113.2 are the region or a soma epithet."
HYD-465,Śiphā,RIVER,01.104.03,d,5,śíphāyāḥ,śíphā-,case=GEN|gender=F|number=SG,1,A,SRC-019; SRC-022; SRC-023; SRC-047,2026-09-07,
HYD-466,Śutudrī,RIVER,03.033.01,d,2,śutudrī́,śutudrī́-,case=NOM|gender=F|number=SG,3,N,SRC-019; SRC-022; SRC-023; SRC-047,2026-09-07,"Sutlej, oblique stem"
HYD-467,Śutudrī,RIVER,10.075.05,b,1,śútudri,śutudrī́-,case=VOC|gender=F|number=SG,10,n,SRC-019; SRC-022; SRC-023; SRC-047,2026-09-07,"Sutlej, oblique stem"
HYD-468,Śvetyā,AMBIGUOUS,01.113.02,a,3,śvetyā́,śvetyá-,case=NOM|gender=F|number=SG,1,C,SRC-019; SRC-022; SRC-023; SRC-047,2026-09-07,"10.75.6 instrumental is the river; 1.113.2 nominative feminine is 'the white one', said of Uṣas, and is typed AMBIGUOUS."
HYD-469,Śvetyā,RIVER,10.075.06,b,3,śvetyā́,śvetyá-,case=INS|gender=F|number=SG,10,n,SRC-019; SRC-022; SRC-023; SRC-047,2026-09-07,"10.75.6 instrumental is the river; 1.113.2 nominative feminine is 'the white one', said of Uṣas, and is typed AMBIGUOUS."
