"occ_id","lemma_class","stanza","pada","token_index","surface","zurich_lemma","grassmann_lemma","grassmann_gloss","morphology","arnold_stratum_code","arnold_stratum","why_this_lemma","sense","griffith_1890_stanza","geldner_1951_stanza","source_id","retrieval_date"
"DK-OCC-001","INCISING","01.006.03","b","1","péśaḥ","péśas-","péśas-","Schmuck, Zierat, Farbe","case=ACC|gender=N|number=SG","s","Strophic, metrical variations only","'Schmuck, Zierat, Farbe'","NOT ASSIGNED","Thou, making light where no light was, and form, O men: where form was not, Wast born together with the Dawns.","Dem Richtlosen die Richte gebend, dem Farblosen Farbe, ihr Männer, wurdest du mit den Morgenröten zusammen geboren.","SRC-072; SRC-073; SRC-106; SRC-107","2026-09-09"
"DK-OCC-002","INCISING","01.092.04","a","2","péśāṃsi","péśas-","péśas-","Schmuck, Zierat, Farbe","case=ACC|gender=N|number=PL","n","Normal, metrical variations only","'Schmuck, Zierat, Farbe'","NOT ASSIGNED","She, like a dancer, puts her broidered garments on: as a cow yields her udder so she bares her breast. Creating light for all the world of life, the Dawn hath laid the darkness open as the cows their stall.","Sie legt sich wie eine Tänzerin bunte Farben auf; sie enthüllt ihre Brust wie die Kuh das volle Euter. Indem sie der ganzen Welt Licht macht, hat die Uṣas die Finsternis aufgeschlossen wie die Kühe die Hürde.","SRC-072; SRC-073; SRC-106; SRC-107","2026-09-09"
"DK-OCC-003","INCISING","01.092.05","c","3","péśaḥ","péśas-","péśas-","Schmuck, Zierat, Farbe","case=ACC|gender=N|number=SG","n","Normal, metrical variations only","'Schmuck, Zierat, Farbe'","NOT ASSIGNED","We have beheld the brightness of her shining; it spreads and drives away the darkiorne monster. Like tints that deck the Post at sacrifices, Heaven's Daughter hath attained her wondrous splendour.","Ihr heller Schein ist wieder sichtbar geworden; sie breitet sich aus, vertreibt das schwarze Ungeheuer. Die Himmelstochter hat ihr buntes Licht aufgesetzt wie (der Priester) bei den Opfern den Pfosten aufsetzt, indem er ihm bunte Farben aufsalbt.","SRC-072; SRC-073; SRC-106; SRC-107","2026-09-09"
"DK-OCC-004","INCISING","02.003.06","d","2","péśaḥ","péśas-","péśas-","Schmuck, Zierat, Farbe","case=ACC|gender=N|number=SG","C","Cretic","'Schmuck, Zierat, Farbe'","NOT ASSIGNED","Good work for us, the glorious Night and Morning, like female weavers, waxen from aforetime, Yielders of rich milk, interweave in concert the long-extended thread, the web of worship.","Nacht und Morgen, seit alters erwachsen, (wirken) für uns ihre trefflichen Werke wie zwei fröhliche Weberinnen, die vereint den aufgespannten Aufzug (und) die Verzierung des Opfers verweben, sie die gutmelkenden, milchreichen (Kühe).","SRC-072; SRC-073; SRC-106; SRC-107","2026-09-09"
"DK-OCC-005","INCISING","04.036.07","a","3","péśaḥ","péśas-","péśas-","Schmuck, Zierat, Farbe","case=NOM|gender=N|number=SG","N","Normal","'Schmuck, Zierat, Farbe'","NOT ASSIGNED","To you hath been assigned the fairest ornament, the hymn of praise: Vâjas and R̥ibhus, joy therein; For ye have lore and wisdom and poetic skill: as such, with this our prayer we call on you to come.","Die schönste gerngesehene Zierde ward euch zugelegt: ein Loblied, ihr Vāja's, R̥bhu's; an dem erfreuet euch, denn ihr seid weise redekundige Seher. Euch laden wir mit diesem Segenswort ein.","SRC-072; SRC-073; SRC-106; SRC-107","2026-09-09"
"DK-OCC-006","INCISING","07.034.11","a","3","péśaḥ","péśas-","péśas-","Schmuck, Zierat, Farbe","case=NOM|gender=N|number=SG","S","Strophic","'Schmuck, Zierat, Farbe'","NOT ASSIGNED","He, King of kings, the glory of the floods, o'er all that liveth hath resistless sway.","Der König der Königreiche, der Flüsse Zierde. Ihm ist lebenslänglich die Herrschaft zugestanden.","SRC-072; SRC-073; SRC-106; SRC-107","2026-09-09"
"DK-OCC-007","INCISING","07.042.01","d","4","péśaḥ","péśas-","péśas-","Schmuck, Zierat, Farbe","case=ACC|gender=N|number=SG","S","Strophic","'Schmuck, Zierat, Farbe'","NOT ASSIGNED","LET Brahmans and Angirases come forward, and let the roar of cloudy heaven surround us. Loud low the Milch-kine swimming in the waters: set be the stones that grace our holy service.","Die Hohenpriester, die Aṅgirasiden, kommen; das Gewieher des davonstürmenden (Renners) soll losgehen. Die im Wasser schwimmenden Kühe erheben ihr Gebrüll; die beiden Preßsteine sollen die Zierde des Opfers anschirren.","SRC-072; SRC-073; SRC-106; SRC-107","2026-09-09"
"DK-OCC-008","INCISING","01.117.05","c","5","níkhātam","√khanⁱ-","√ khanⁱ-","graben","case=ACC|gender=M|number=SG|non-finite=PTCP-ta|local particle=LP","N","Normal","'graben', to dig","NOT ASSIGNED","Ye brought forth Vandana, ye Wonder-Workers, for triumph, like fair gold that hath been buried, Like one who slumbered in destruction's bosom, or like the Sun when dwelling in the darkness.","(Den Vandana), der wie ein im Schoß der Todesgöttin Entschlafener, wie die Sonne im Dunklen ruhte, ihr Meister, den vergrabenen, habt ihr wie einen (vergrabenen) Goldschmuck ausgegraben, schön zu schauen, (euch) zum Lobe, ihr Aśvin.","SRC-072; SRC-073; SRC-106; SRC-107","2026-09-09"
"DK-OCC-009","INCISING","01.117.12","c","4","níkhātam","√khanⁱ-","√ khanⁱ-","graben","case=ACC|gender=M|number=SG|non-finite=PTCP-ta|local particle=LP","N","Normal","'graben', to dig","NOT ASSIGNED","Ye Sons of Heaven, ye Mighty, whither went ye, sought ye, for his fair praise the home of Kdvya. When, like a pitcher full of gold, O Aṣvins, on the tenth day ye lifted up the buried?","Wohin gehend? — zu des Kāvya Preislied, ihr bullengleichen Himmelsenkel, (oder) zu Bett? — habt ihr den wie einen Topf mit Gold Vergrabenen am zehnten Tag ausgegraben, o Aśvin.","SRC-072; SRC-073; SRC-106; SRC-107","2026-09-09"
"DK-OCC-010","INCISING","01.179.06","a","2","khánamānaḥ","√khanⁱ-","√ khanⁱ-","graben","case=NOM|gender=M|number=SG|tense=PRS|voice=MED|non-finite=PTCP","P","Popular","'graben', to dig","NOT ASSIGNED","Agastya thus, toiling with strong endeavour, wishing for children, progeny and power, Cherished – a sage of mighty strength – both classes, and with the Gods obtained his prayer's fulfilment.","Agastya, der mit Schaufeln grub, da er Kinder, Nachkommenschaft and Kraft begehrte, hat beiderlei Art gepflegt, der gewaltige R̥ṣi. Bei den Göttern fand er Erfüllung seiner Wünsche.","SRC-072; SRC-073; SRC-106; SRC-107","2026-09-09"
"DK-OCC-011","INCISING","04.050.03","c","2","khātā́ḥ","√khanⁱ-","√ khanⁱ-","graben","case=NOM|gender=M|number=PL|non-finite=PTCP-ta","N","Normal","'graben', to dig","NOT ASSIGNED","Br̥ihaspati, from thy remotest distance have they sat down who love the law eternal. For thee were dug wells springing from the mountain, which murmuring round about pour streams of sweetness.","Br̥haspati! Aus weitester Ferne (gekommen) haben sie für dich eine Opfersitzung gehalten, den rechten Brauch hegend. Für dich träufen die gegrabenen Brunnen, die mit Steinen gemolken werden, den Überschwang der Süßigkeit nach allen Seiten.","SRC-072; SRC-073; SRC-106; SRC-107","2026-09-09"
"DK-OCC-012","INCISING","08.066.04","a","1","níkhātam","√khanⁱ-","√ khanⁱ-","graben","case=ACC|gender=N|number=SG|non-finite=PTCP-ta|local particle=LP","A","Archaic","'graben', to dig","NOT ASSIGNED","Who for the worshipper scatters forth ample wealth, even though buried, piled in heaps: May Indra, Lord of Bay Steeds, fair-helmed Thunderer, act at his pleasure, as he lists.","Der für den Spender auch einen vergrabenen, von vielen angehäuften Schatz ausgräbt, der Keulenträger mit schönen Lippen, der Falbenfahrer Indra möge tun, wie er in seinem Sinn will. ","SRC-072; SRC-073; SRC-106; SRC-107","2026-09-09"
"DK-OCC-013","INCISING","10.097.20","b","4","khánāmi","√khanⁱ-","√ khanⁱ-","graben","number=SG|person=1|mood=IND|tense=PRS|voice=ACT","P","Popular","'graben', to dig","NOT ASSIGNED","Unharmed be he who digs you up, unharmed the man for whom I dig: And let no malady attack biped or quadruped of ours.","Nicht soll der Schaden leiden, der euch gräbt, noch der, für den ich euch grabe. Unsere Zweifüßler und Vierfüßler sollen alle gesund sein.","SRC-072; SRC-073; SRC-106; SRC-107","2026-09-09"
"DK-OCC-014","INCISING","10.145.01","a","2","khanāmi","√khanⁱ-","√ khanⁱ-","graben","number=SG|person=1|mood=IND|tense=PRS|voice=ACT","P","Popular","'graben', to dig","NOT ASSIGNED","FROM out the earth I dig this plant, a herb of most effectual power, Wherewith one quells the rival wife and gains the husband for oneself.","Ich grabe dies Kraut, das kräftigste Gewächs, durch das man die Nebenbuhlerin verdrängt, durch das man den Gatten ganz gewinnt.","SRC-072; SRC-073; SRC-106; SRC-107","2026-09-09"
"DK-OCC-015","INCISING","01.191.01","d","3","alipsata","√lip-","√ lip-","alipsata: 'sind angeschmiert'","number=PL|person=3|mood=IND|tense=AOR|voice=MED","P","Popular","'alipsata: sind angeschmiert' - the root behind the later lipi- 'script'","NOT ASSIGNED","VENOMOUS, slightly venomous, or venomous aquatic worm,– Both creatures, stinging, unobserved, with poison have infected me.","Der Kaṅkata, nicht der (eigentliche) Kaṅkata und der echte Kaṅkata, diese beiden meine ich, die Pluṣi heißen — die unsichtbaren (Gifttiere) sind angeschmiert.","SRC-072; SRC-073; SRC-106; SRC-107","2026-09-09"
"DK-OCC-016","INCISING","01.191.03","d","4","alipsata","√lip-","√ lip-","alipsata: 'sind angeschmiert'","number=PL|person=3|mood=IND|tense=AOR|voice=MED","P","Popular","'alipsata: sind angeschmiert' - the root behind the later lipi- 'script'","NOT ASSIGNED","Ṣaragrass, Darbha, Kuṣara, and Sairya, Munja, Vîraṇa, Where all these creatures dwell unseen, with poison have infected me.","Die Rohrpflanzen, die Kuśara's, die Darbhagräser und die Sairya's, die Unsichtbaren, die dem Munja- und dem Vīriṇagras gleichen (?), alle zusammen sind angeschmiert.","SRC-072; SRC-073; SRC-106; SRC-107","2026-09-09"
"DK-OCC-017","INCISING","01.191.04","d","3","alipsata","√lip-","√ lip-","alipsata: 'sind angeschmiert'","number=PL|person=3|mood=IND|tense=AOR|voice=MED","P","Popular","'alipsata: sind angeschmiert' - the root behind the later lipi- 'script'","NOT ASSIGNED","The cows had settled in their stalls, the beasts of prey had sought their lairs, Extinguished were the lights of men, when things unseen infected me.","Die Kühe haben sich im Stall niedergelegt, das Wild ist zur Ruhe gegangen, zur Ruhe auch die Lichter der Menschen, die Unsichtbaren sind angeschmiert.","SRC-072; SRC-073; SRC-106; SRC-107","2026-09-09"
"DK-OCC-018","INCISING","01.068.10","b","1","pipéśa","√piś-","√ piś- 1","aushauen, zurechtschneiden, bilden, formen, schmücken","number=SG|person=3|mood=IND|tense=PRF|voice=ACT","N","Normal","'aushauen, zurechtschneiden, bilden, formen, schmücken'","NOT ASSIGNED","He, rich in food, unbars his wealth like doors: he, the House-Friend, bath decked heaven's vault with stars.","Er schloß die Reichtümer, die Tore (dazu) auf, der Viehreiche. Er hat das Himmelsgewölbe mit Sternen verziert, der Hausgebieter.","SRC-072; SRC-073; SRC-106; SRC-107","2026-09-09"
"DK-OCC-019","INCISING","01.110.08","a","5","apiṃśata","√piś-","√ piś- 1","aushauen, zurechtschneiden, bilden, formen, schmücken","number=PL|person=2|mood=IND|tense=IPRF|voice=ACT","C","Cretic","'aushauen, zurechtschneiden, bilden, formen, schmücken'","NOT ASSIGNED","Out of a skin, O R̥ibhus, once ye formed a cow, and brought the mother close unto her calf again. Sons of Sudhanvan, Heroes, with surpassing skill ye made your aged Parents youthful as before.","Aus dem Fell formtet ihr R̥bhu's eine Kuh und lieBet die Mutter wieder mit dem Kalb zusammen. Ihr Söhne des Sudhanvan, durch eure Kunstfertigkeit machtet ihr Herren die greisen Eltern jung.","SRC-072; SRC-073; SRC-106; SRC-107","2026-09-09"
"DK-OCC-020","INCISING","01.161.09","d","4","apiṃśata","√piś-","√ piś- 1","aushauen, zurechtschneiden, bilden, formen, schmücken","number=PL|person=2|mood=IND|tense=IPRF|voice=ACT","P","Popular","'aushauen, zurechtschneiden, bilden, formen, schmücken'","NOT ASSIGNED","Most excellent are waters, thus said one of you; most excellent is Agni, thus another said. Another praised to many a one the lightning cloud. Then did ye shape the cups, speaking the words of truth.","""Das Wasser ist das Wichtigste"", so sprach der eine. ""Das Feuer ist das Wichtigste"", so sprach der andere. Der eine gab der Gewitterzeit (?) vor vielen den Vorzug. Wahre Reden führend schnitztet ihr die Becher.","SRC-072; SRC-073; SRC-106; SRC-107","2026-09-09"
"DK-OCC-021","INCISING","01.161.10","b","3","piṃśati","√piś-","√ piś- 1","aushauen, zurechtschneiden, bilden, formen, schmücken","number=SG|person=3|mood=IND|tense=PRS|voice=ACT","P","Popular","'aushauen, zurechtschneiden, bilden, formen, schmücken'","NOT ASSIGNED","One downward to the water drives the crippled cow, another trims the flesh brought on the carving-board. One carries off the refuse at the set of sun. How did the Parents aid their children in their task!","Einer treibt die lahme Kuh zum Wasser hinab; einer zerlegt das Fleisch, das im Korb gebracht wird. Bis Sonnenuntergang trug einer den Dung fort. Haben wohl die beiden Eltern ihren Söhnen dabei geholfen?","SRC-072; SRC-073; SRC-106; SRC-107","2026-09-09"
"DK-OCC-022","INCISING","02.033.09","b","3","pipiśe","√piś-","√ piś- 1","aushauen, zurechtschneiden, bilden, formen, schmücken","number=SG|person=3|mood=IND|tense=PRF|voice=MED","N","Normal","'aushauen, zurechtschneiden, bilden, formen, schmücken'","NOT ASSIGNED","With firm limbs, multiform, the strong, the tawny adorns himself with bright gold decorations: The strength of Godhead ne'er departs from Rudra, him who is Sovran of this world, the mighty.","Mit festen Gliedern, vielfarbig hat sich der Rotbraune, Gewaltige mit leuchtendem Goldschmuck geschmückt. Von dem Herrscher dieser großen Welt, von Rudra trennt sich fürwahr nie die Asurawürde.","SRC-072; SRC-073; SRC-106; SRC-107","2026-09-09"
"DK-OCC-023","INCISING","03.060.02","a","4","ápiṃśata","√piś-","√ piś- 1","aushauen, zurechtschneiden, bilden, formen, schmücken","number=PL|person=2|mood=IND|tense=IPRF|voice=ACT","C","Cretic","'aushauen, zurechtschneiden, bilden, formen, schmücken'","NOT ASSIGNED","The mighty powers wherewith. ye formed the chalices, the thought by which ye drew the cow from out the hide, The intellect wherewith ye wrought the two Bay Steeds,– through these, O R̥ibhus, ye attained divinity.","Durch die Künste, mit denen ihr die Becher formtet, durch den Erfindungsgeist, mit dem ihr aus dem Felle die Kuh heraustriebet, durch das Nachdenken, mit dem ihr die beiden Falben gebildet habt, durch (all) dies habt ihr R̥bhu's göttlichen Rang erlangt.","SRC-072; SRC-073; SRC-106; SRC-107","2026-09-09"
"DK-OCC-024","INCISING","04.033.04","b","5","ápiṃśan","√piś-","√ piś- 1","aushauen, zurechtschneiden, bilden, formen, schmücken","number=PL|person=3|mood=IND|tense=IPRF|voice=ACT","N","Normal","'aushauen, zurechtschneiden, bilden, formen, schmücken'","NOT ASSIGNED","As for a year the R̥ibhus kept the Milch-cow, throughout a year fashioned and formed her body, And through a year's space still sustained her brightness, through these their labours they were made immortal.","Als die R̥bhu's ein Jahr lang die Kuh gehütet hatten, als sie ein Jahr lang das Fleisch zerlegt, als sie ihr ein Jahr lang Futter(?) gebracht hatten, erlangten sie durch diese Dienste die Unsterblichkeit.","SRC-072; SRC-073; SRC-106; SRC-107","2026-09-09"
"DK-OCC-025","INCISING","05.056.01","b","1","piṣṭám","√piś-","√ piś- 1","aushauen, zurechtschneiden, bilden, formen, schmücken","case=ACC|gender=M|number=SG|non-finite=PTCP-ta","A","Archaic","'aushauen, zurechtschneiden, bilden, formen, schmücken'","NOT ASSIGNED","AGNI, that valorous company adorned with ornaments of gold, The people of the Maruts, I call down to-day even from the luminous realm of heaven.","Agni! (Bring) die kraftbewußte Schar, die mit Goldmünzen, mit Zieraten geputzte her! Ich rufe heute die Clane der Marut sogar vom Lichtraum des Himmels herab.","SRC-072; SRC-073; SRC-106; SRC-107","2026-09-09"
"DK-OCC-026","INCISING","05.057.06","d","6","pipiśe","√piś-","√ piś- 1","aushauen, zurechtschneiden, bilden, formen, schmücken","number=SG|person=3|mood=IND|tense=PRF|voice=MED","C","Cretic","'aushauen, zurechtschneiden, bilden, formen, schmücken'","NOT ASSIGNED","Borne on both shoulders, O ye Maruts, are your spears: within your arms is laid your energy and","Auf euren Schultern sind die Speere, ihr Marut, Macht, Stärke, Kraft ist in eure Arme gelegt, Mut in eure Häupter, Waffen auf eure Wagen, die ganze Schönheit ist auf eure Leiber aufgetragen.","SRC-072; SRC-073; SRC-106; SRC-107","2026-09-09"
"DK-OCC-027","INCISING","05.060.04","b","4","pipiśre","√piś-","√ piś- 1","aushauen, zurechtschneiden, bilden, formen, schmücken","number=PL|person=3|mood=IND|tense=PRF|voice=MED","C","Cretic","'aushauen, zurechtschneiden, bilden, formen, schmücken'","NOT ASSIGNED","They, like young suitors, sons of wealthy houses, have with their golden natures decked their bodies. Strong on their cars, the lordly Ones, for glory, have set their splendours on their forms for ever.","Wie Freier aus reichem Hause haben sie mit Goldsachen, mit ihren Eigenheiten die Leiber verziert. Zur Schönheit haben die Schönsten, die Starken auf den Wagen ihre Herrlichkeiten allesamt an den Leibern angelegt.","SRC-072; SRC-073; SRC-106; SRC-107","2026-09-09"
"DK-OCC-028","INCISING","06.049.03","b","3","pipiśé","√piś-","√ piś- 1","aushauen, zurechtschneiden, bilden, formen, schmücken","number=SG|person=3|mood=IND|tense=PRF|voice=MED","A","Archaic","'aushauen, zurechtschneiden, bilden, formen, schmücken'","NOT ASSIGNED","Unlike in form are the Red God's two Daughters: one is the Sun's, and stars bedeck the other. Apart, the Sanctifiers, in succession, come to the famed hymn, praised in holy verses.","Von verschiedenem Aussehen sind die beiden Töchter des Rötlichen: die eine ist mit Sternen geschmückt, die andere (mit den Strahlen) des Sonnengottes, die getrennt wandeln, sich gegenseitig einholend, die Reinen kommen besungen zu dem gehörten Gebet.","SRC-072; SRC-073; SRC-106; SRC-107","2026-09-09"
"DK-OCC-029","INCISING","07.018.02","c","1","piśá +!","√piś-","√ piś- 1","aushauen, zurechtschneiden, bilden, formen, schmücken","number=SG|person=2|mood=IMP|tense=AOR|voice=ACT","C","Cretic","'aushauen, zurechtschneiden, bilden, formen, schmücken'","NOT ASSIGNED","For like a King among his wives thou dwellest: with glories, as a Sage, surround and help us. Make us, thy servants, strong for wealth, and honour our songs wirth kine and steeds and decoration.","Denn wie ein König mit seinen Frauen lebst du allewege behaglich — sei mit jedem (neuen) Tag gnädig, du der Seher, der die Wissenden übertrifft. Zeichne die Lobreden mit Rindern, Rossen aus, du Freigebiger; sporne uns, deine Anhänger, zu Reichtum an!","SRC-072; SRC-073; SRC-106; SRC-107","2026-09-09"
"DK-OCC-030","INCISING","07.057.03","c","4","piśānā́ḥ","√piś-","√ piś- 1","aushauen, zurechtschneiden, bilden, formen, schmücken","case=NOM|gender=M|number=PL|tense=AOR|voice=MED|non-finite=PTCP","S","Strophic","'aushauen, zurechtschneiden, bilden, formen, schmücken'","NOT ASSIGNED","No others gleam so brightly as these Maruts with their own forms, their golden gauds, their weapons. With all adornments, decking earth and heaven, they heighten, for bright show, their common splendour.","Nicht glänzen andere Marut so sehr wie diese in Goldschmuck, Waffen, am Leibe. Allgeschmückt, Himmel und Erde schmückend, legen sie sich die gleiche Farbe auf, um zu prangen.","SRC-072; SRC-073; SRC-106; SRC-107","2026-09-09"
"DK-OCC-031","INCISING","07.103.06","d","3","pipiśuḥ","√piś-","√ piś- 1","aushauen, zurechtschneiden, bilden, formen, schmücken","number=PL|person=3|mood=IND|tense=PRF|voice=ACT","P","Popular","'aushauen, zurechtschneiden, bilden, formen, schmücken'","NOT ASSIGNED","Onc is Cow-bellow and Goat-bleat the other, one Frog is Green and one of them is Spotty. They bear one common name, and yet they vary, and, talking, modulate the voice diversely.","Der eine blökt wie eine Kuh, der andere meckert wie ein Bock. Der eine unter ihnen ist gefleckt, der andere grün. Sie führen den gleichen Namen und sind doch verschiedenfarbig. In vielen Weisen haben sie redend ihre Stimme moduliert. ","SRC-072; SRC-073; SRC-106; SRC-107","2026-09-09"
"DK-OCC-032","INCISING","08.019.22","c","2","piṃśáte","√piś-","√ piś- 1","aushauen, zurechtschneiden, bilden, formen, schmücken","number=SG|person=3|mood=IND|tense=PRS|voice=MED","A","Archaic","'aushauen, zurechtschneiden, bilden, formen, schmücken'","NOT ASSIGNED","Thou unto sharp-toothed Agni, Young and Radiant God, proclaimest with thy song the feast- Agni, who for our sweet strains moulds heroic strength when sacred oil is offered him,","Dem scharfzahnigen, jungen, herrschenden Agni singst du einen (Ohren)schmaus, der die Meisterschaft mit freigebigen Geschenken auszeichnet, Agni, dem Schmalz geopfert wird. ","SRC-072; SRC-073; SRC-106; SRC-107","2026-09-09"
"DK-OCC-033","INCISING","09.068.04","c","3","pipiśe","√piś-","√ piś- 1","aushauen, zurechtschneiden, bilden, formen, schmücken","number=SG|person=3|mood=IND|tense=PRF|voice=MED","N","Normal","'aushauen, zurechtschneiden, bilden, formen, schmücken'","NOT ASSIGNED","Wandering through, the Parents, strengthening the floods, the Sage makes his place swell with his own native might. The stalk is mixed with grain: he comes led by the men together with the sisters, and preserves the Head.","Seine beiden Mütter durchlaufend, die Gewässer anspornend macht der Weise aus eigenem Antrieb seine Stätte überquellen. Der Stengel wird mit Gerste(nkörnern) gefärbt, von den Herren gezügelt. Während er den Schwestern beiwohnt, schützt er sein Haupt. ","SRC-072; SRC-073; SRC-106; SRC-107","2026-09-09"
"DK-OCC-034","INCISING","10.053.07","b","5","piṃśata","√piś-","√ piś- 1","aushauen, zurechtschneiden, bilden, formen, schmücken","number=PL|person=2|mood=IMP|tense=PRS|voice=ACT","P","Popular","'aushauen, zurechtschneiden, bilden, formen, schmücken'","NOT ASSIGNED","Lovers of Soma, bind the chariot traces fast: set ye the reins in order and embellish them. Bring hitherward the car with seats where eight may sit, whereon the Gods have brought the treasure that we love.","""Bindet die Achsenbänder fest, ihr Somawürdigen, machet die Zügel fertig und knüpfet sie an! Fahret den achtsitzigen Götterwagen her, auf dem die Götter Liebes zuführten!""","SRC-072; SRC-073; SRC-106; SRC-107","2026-09-09"
"DK-OCC-035","INCISING","10.068.11","b","4","apiṃśan","√piś-","√ piś- 1","aushauen, zurechtschneiden, bilden, formen, schmücken","number=PL|person=3|mood=IND|tense=IPRF|voice=ACT","C","Cretic","'aushauen, zurechtschneiden, bilden, formen, schmücken'","NOT ASSIGNED","Like a dark steed adorned with pearl, the Fathers have decorated heaven With constellations. They set the light in day, in night the darkness. Br̥ihaspati cleft the rock and found the cattle.","Die Väter schmückten den Himmel mit den Gestirnen aus wie einen Rappen mit Perlen. Die Finsternis verlegten sie auf die Nacht, auf den Tag das Licht. Br̥haspati spaltete den Fels, er hat die Kühe gefunden.","SRC-072; SRC-073; SRC-106; SRC-107","2026-09-09"
"DK-OCC-036","INCISING","10.110.09","b","2","ápiṃśat","√piś-","√ piś- 1","aushauen, zurechtschneiden, bilden, formen, schmücken","number=SG|person=3|mood=IND|tense=IPRF|voice=ACT","C","Cretic","'aushauen, zurechtschneiden, bilden, formen, schmücken'","NOT ASSIGNED","Hotar more skilled in sacrifice, bring hither with speed to-day God Tvashṭar, thou who knowest. Even him who formed these two, the Earth and Heaven the Parents, with their forms, and every creature.","Der diese beiden Erzeugerinnen, Himmel und Erde, alle Wesen mit ihren Formen geziert hat, diesen Gott Tvaṣṭr̥ verehre heute, o Hotr̥, als der besser Opfernde, kundig, dazu aufgefordert! ","SRC-072; SRC-073; SRC-106; SRC-107","2026-09-09"
"DK-OCC-037","INCISING","10.127.07","a","3","pépiśat","√piś-","√ piś- 1","aushauen, zurechtschneiden, bilden, formen, schmücken","case=NOM|gender=N|number=SG|tense=PRS|voice=ACT|non-finite=PTCP|secondary conjugation=INT","C","Cretic","'aushauen, zurechtschneiden, bilden, formen, schmücken'","NOT ASSIGNED","Clearly hath she come nigh to me who decks the dark with richest hues: O Morning, cancel it like debts.","An mich ist die färbende schwarze deutliche Finsternis gekommen. Uṣas treib gleichsam die Schuld ein!","SRC-072; SRC-073; SRC-106; SRC-107","2026-09-09"
"DK-OCC-038","INCISING","10.184.01","b","3","piṃśatu","√piś-","√ piś- 1","aushauen, zurechtschneiden, bilden, formen, schmücken","number=SG|person=3|mood=IMP|tense=PRS|voice=ACT","P","Popular","'aushauen, zurechtschneiden, bilden, formen, schmücken'","NOT ASSIGNED","MAY Vishṇu form and mould the womb, may Tvashṭar duly shape the forms, Prajâpati infuse the stream, and Dhatar lay the germ for thee.","Viṣṇu soll den Mutterschoß bereiten, Tvaṣṭr̥ soll die Formen bilden, Prajāpati soll (den Samen) eingießen, der Schöpfer soll dir eine Leibesfrucht machen!","SRC-072; SRC-073; SRC-106; SRC-107","2026-09-09"
"DK-OCC-039","INCISING","06.053.07","a","2","rikha","√rikh-","√ rikh-","ritzen","number=SG|person=2|mood=IMP|tense=PRS|voice=ACT","C","Cretic","the only root in the corpus Grassmann glosses 'ritzen', to scratch or incise","NOT ASSIGNED","Tear up and read in pieces, Sage, the hearts of avaricious churls, And make them subject to our will.","Ritze, kratze(?) die Herzen der Knauser auf, du Seher, und mach sie uns gefügig!","SRC-072; SRC-073; SRC-106; SRC-107","2026-09-09"
"DK-OCC-040","INCISING","06.053.08","d","2","rikha","√rikh-","√ rikh-","ritzen","number=SG|person=2|mood=IMP|tense=PRS|voice=ACT","C","Cretic","the only root in the corpus Grassmann glosses 'ritzen', to scratch or incise","NOT ASSIGNED","Thou, glowing Pûshan, carriest an awl that urges men to prayer; Therewith do thou tear up and rend to shreds the heart of every one.","Du, Pūṣan, führst den Stachel, der die feierliche Rede anstachelt, o ......; mit dem ritze, kratze das Herz eines jeden auf!","SRC-072; SRC-073; SRC-106; SRC-107","2026-09-09"
"DK-OCC-041","INCISING","01.020.02","b","1","tatakṣúḥ","√takṣ-","√ takṣ-","zimmern, behauen, hämmern, härten; schaffen, verfertigen (vom Wagen, von Geschöpfen, Liedern, Gebeten), bewirken, machen, zubereiten","number=PL|person=3|mood=IND|tense=PRF|voice=ACT","N","Normal","'zimmern, behauen, hämmern' - the ordinary verb of fashioning","NOT ASSIGNED","They who for Indra, with their mind, formed horses harnessed by a word, Attained by works to sacrifice.","Die für Indra das aufs Wort sich schirrende Falbenpaar mit Verstand zimmerten, sie haben durch ihre Meisterwerke das (Recht auf) Opfer erlangt.","SRC-072; SRC-073; SRC-106; SRC-107","2026-09-09"
"DK-OCC-042","INCISING","01.020.03","a","1","tákṣan","√takṣ-","√ takṣ-","zimmern, behauen, hämmern, härten; schaffen, verfertigen (vom Wagen, von Geschöpfen, Liedern, Gebeten), bewirken, machen, zubereiten","number=PL|person=3|mood=INJ|tense=AOR|voice=ACT","N","Normal","'zimmern, behauen, hämmern' - the ordinary verb of fashioning","NOT ASSIGNED","They for the two Nâsatyas wrought a light car moving every way: They formed a nectar-yielding cow.","Sie zimmerten den Nāsatya's den umherfahrenden, leichtlaufenden Wagen, sie bildeten die Kuh des Sabardughā.","SRC-072; SRC-073; SRC-106; SRC-107","2026-09-09"
"DK-OCC-043","INCISING","01.020.03","c","1","tákṣan","√takṣ-","√ takṣ-","zimmern, behauen, hämmern, härten; schaffen, verfertigen (vom Wagen, von Geschöpfen, Liedern, Gebeten), bewirken, machen, zubereiten","number=PL|person=3|mood=INJ|tense=AOR|voice=ACT","N","Normal","'zimmern, behauen, hämmern' - the ordinary verb of fashioning","NOT ASSIGNED","They for the two Nâsatyas wrought a light car moving every way: They formed a nectar-yielding cow.","Sie zimmerten den Nāsatya's den umherfahrenden, leichtlaufenden Wagen, sie bildeten die Kuh des Sabardughā.","SRC-072; SRC-073; SRC-106; SRC-107","2026-09-09"
"DK-OCC-044","INCISING","01.032.02","b","5","tatakṣa","√takṣ-","√ takṣ-","zimmern, behauen, hämmern, härten; schaffen, verfertigen (vom Wagen, von Geschöpfen, Liedern, Gebeten), bewirken, machen, zubereiten","number=SG|person=3|mood=IND|tense=PRF|voice=ACT","C","Cretic","'zimmern, behauen, hämmern' - the ordinary verb of fashioning","NOT ASSIGNED","He slew the Dragon lying on the mountain: his heavenly bolt of thunder Tvashṭar fashioned. Like lowing kine in rapid flow descending the waters glided downward to the ocean.","Er erschlug den Drachen, der sich auf dem Berge gelagert hatte. Tvaṣṭr̥ hatte ihm die sausende Keule geschmiedet. Wie die brüllenden Kühe (zu den Kälbern) eilend liefen die Gewässer stracks zum Meere.","SRC-072; SRC-073; SRC-106; SRC-107","2026-09-09"
"DK-OCC-045","INCISING","01.051.10","a","1","tákṣat","√takṣ-","√ takṣ-","zimmern, behauen, hämmern, härten; schaffen, verfertigen (vom Wagen, von Geschöpfen, Liedern, Gebeten), bewirken, machen, zubereiten","number=SG|person=3|mood=INJ|tense=AOR|voice=ACT","C","Cretic","'zimmern, behauen, hämmern' - the ordinary verb of fashioning","NOT ASSIGNED","The might which Uṣanâ hath formed for thee with might rends in its greatness and with strength both worlds apart. O Hero-souled, the steeds of Vâta, yoked by thought, have carried thee to fame while thou art filled with power.","Als Uśanas dir mit Kraft die Kraft zimmerte, da sprengt(e) deine Gewalt durch ihre Größe die beiden Welthälften auseinander. Dich fuhren, du Mannherziger, des Vāta (Rosse), die durch (bloßen) Gedanken geschirrten, zur Ruhmestat, als du mit Kraft angefüllt warst.","SRC-072; SRC-073; SRC-106; SRC-107","2026-09-09"
"DK-OCC-046","INCISING","01.052.07","d","1","tatákṣa","√takṣ-","√ takṣ-","zimmern, behauen, hämmern, härten; schaffen, verfertigen (vom Wagen, von Geschöpfen, Liedern, Gebeten), bewirken, machen, zubereiten","number=SG|person=3|mood=IND|tense=PRF|voice=ACT","C","Cretic","'zimmern, behauen, hämmern' - the ordinary verb of fashioning","NOT ASSIGNED","The hymns which magnify thee, Indra, reach to thee even as water-brooks flow down and fill the lake. Tvashṭar gave yet more force to thine appropriate strength, and forged thy thunderbolt of overpowering might.","Denn wie Wogen einen See erfüllen dich die feierlichen Worte, die deine Stärkung sind, o Indra. Tvaṣṭr̥ selbst stärkte dir die eigene Kraft; er zimmerte die Keule von überlegener Wucht.","SRC-072; SRC-073; SRC-106; SRC-107","2026-09-09"
"DK-OCC-047","INCISING","01.061.06","a","5","takṣat","√takṣ-","√ takṣ-","zimmern, behauen, hämmern, härten; schaffen, verfertigen (vom Wagen, von Geschöpfen, Liedern, Gebeten), bewirken, machen, zubereiten","number=SG|person=3|mood=INJ|tense=AOR|voice=ACT","A","Archaic","'zimmern, behauen, hämmern' - the ordinary verb of fashioning","NOT ASSIGNED","Even for him hath Tvashṭar forged the thunder, most deftly wrought, celestial, for the battle, Wherewith he reached the vital parts of Vr̥itra, striking-the vast, the mighty with the striker.","Ihm zimmerte Tvaṣṭr̥ die Keule, die sehr kunstreiche, sausende zum Kampfe, mit der er sogar des Vr̥tra verwundbare Stelle fand, als er mit der losfahrenden (Keule auf ihn) losfuhr, allvermögend, was es auch sei schaffend.","SRC-072; SRC-073; SRC-106; SRC-107","2026-09-09"
"DK-OCC-048","INCISING","01.062.13","b","1","átakṣat","√takṣ-","√ takṣ-","zimmern, behauen, hämmern, härten; schaffen, verfertigen (vom Wagen, von Geschöpfen, Liedern, Gebeten), bewirken, machen, zubereiten","number=SG|person=3|mood=IND|tense=AOR|voice=ACT","A","Archaic","'zimmern, behauen, hämmern' - the ordinary verb of fashioning","NOT ASSIGNED","O mighty Indra, Gotama's son Nodhas hath fashioned this new prayer to thee Eternal, Sure leader, yoker of the Tawny Coursers. May he, enriched with prayer, come soon and early.","Ein neues Erbauungslied hat (dir) zu der altgewohnten Falbenschirrung Nodhas, der Gotamide, verfertigt, o Indra, der du unser guter Führer bist, du Gewaltiger. – Recht bald am Morgen soll sich der einstellen, der durch die Weisheit Schätze erwirbt.","SRC-072; SRC-073; SRC-106; SRC-107","2026-09-09"
"DK-OCC-049","INCISING","01.067.04","b","3","taṣṭā́n","√takṣ-","√ takṣ-","zimmern, behauen, hämmern, härten; schaffen, verfertigen (vom Wagen, von Geschöpfen, Liedern, Gebeten), bewirken, machen, zubereiten","case=ACC|gender=M|number=PL|non-finite=PTCP-ta","N","Normal","'zimmern, behauen, hämmern' - the ordinary verb of fashioning","NOT ASSIGNED","Men filled with understanding find him there, when they have sting prayers formed within their heart.","Dort finden ihn die sinnenden Männer, als sie die im Herzen geformten Seherworte aufsagten.","SRC-072; SRC-073; SRC-106; SRC-107","2026-09-09"
"DK-OCC-050","INCISING","01.086.03","b","3","átakṣata","√takṣ-","√ takṣ-","zimmern, behauen, hämmern, härten; schaffen, verfertigen (vom Wagen, von Geschöpfen, Liedern, Gebeten), bewirken, machen, zubereiten","number=PL|person=2|mood=IND|tense=AOR|voice=ACT","n","Normal, metrical variations only","'zimmern, behauen, hämmern' - the ordinary verb of fashioning","NOT ASSIGNED","Yea, the strong man to whom ye have vouchsafed to give a sage, shall move Into a stable rich in kine.","Oder welchem Preiskämpfer ihr einen Redekundigen zur Seite gabt, der gelangt zu rinderreicher Herde.","SRC-072; SRC-073; SRC-106; SRC-107","2026-09-09"
"DK-OCC-051","INCISING","01.109.01","d","5","atakṣam","√takṣ-","√ takṣ-","zimmern, behauen, hämmern, härten; schaffen, verfertigen (vom Wagen, von Geschöpfen, Liedern, Gebeten), bewirken, machen, zubereiten","number=SG|person=1|mood=IND|tense=AOR|voice=ACT","C","Cretic","'zimmern, behauen, hämmern' - the ordinary verb of fashioning","NOT ASSIGNED","LONGING for weal I looked around, in spirit, for kinsmen, Indra-Agni, or for brothers. No providence but yours alone is with me so have I wrought for you this hymn for succour.","Ich habe zwar nach Verwandten oder Standesgenossen im Geiste Umschau gehalten, mein Heil suchend, o Indra und Agni. Es gibt für mich keine andere Zuversicht als euch beide; darum habe ich auf euch ein lohnbringendes Lied gedichtet.","SRC-072; SRC-073; SRC-106; SRC-107","2026-09-09"
"DK-OCC-052","INCISING","01.111.01","a","1","tákṣan","√takṣ-","√ takṣ-","zimmern, behauen, hämmern, härten; schaffen, verfertigen (vom Wagen, von Geschöpfen, Liedern, Gebeten), bewirken, machen, zubereiten","number=PL|person=3|mood=INJ|tense=AOR|voice=ACT","C","Cretic","'zimmern, behauen, hämmern' - the ordinary verb of fashioning","NOT ASSIGNED","WORKING with skill they wrought the lightly rolling car: they wrought the Bays who bear Indra and bring great gifts. The R̥ibhus for their Parents made life young again; and fashioned for the calf a mother by its side.","Sie zimmerten den gutlaufenden Wagen (der Aśvin), kundig zu Werk gehend; sie zimmerten das Falbenpaar, das den Indra fährt, das ...... Ihren Eltern zimmerten die R̥bhu's jugendliches Alter; sie zimmerten dem Kalbe eine begleitende Mutter.","SRC-072; SRC-073; SRC-106; SRC-107","2026-09-09"
"DK-OCC-053","INCISING","01.111.01","b","1","tákṣan","√takṣ-","√ takṣ-","zimmern, behauen, hämmern, härten; schaffen, verfertigen (vom Wagen, von Geschöpfen, Liedern, Gebeten), bewirken, machen, zubereiten","number=PL|person=3|mood=INJ|tense=AOR|voice=ACT","C","Cretic","'zimmern, behauen, hämmern' - the ordinary verb of fashioning","NOT ASSIGNED","WORKING with skill they wrought the lightly rolling car: they wrought the Bays who bear Indra and bring great gifts. The R̥ibhus for their Parents made life young again; and fashioned for the calf a mother by its side.","Sie zimmerten den gutlaufenden Wagen (der Aśvin), kundig zu Werk gehend; sie zimmerten das Falbenpaar, das den Indra fährt, das ...... Ihren Eltern zimmerten die R̥bhu's jugendliches Alter; sie zimmerten dem Kalbe eine begleitende Mutter.","SRC-072; SRC-073; SRC-106; SRC-107","2026-09-09"
"DK-OCC-054","INCISING","01.111.01","c","1","tákṣan","√takṣ-","√ takṣ-","zimmern, behauen, hämmern, härten; schaffen, verfertigen (vom Wagen, von Geschöpfen, Liedern, Gebeten), bewirken, machen, zubereiten","number=PL|person=3|mood=INJ|tense=AOR|voice=ACT","C","Cretic","'zimmern, behauen, hämmern' - the ordinary verb of fashioning","NOT ASSIGNED","WORKING with skill they wrought the lightly rolling car: they wrought the Bays who bear Indra and bring great gifts. The R̥ibhus for their Parents made life young again; and fashioned for the calf a mother by its side.","Sie zimmerten den gutlaufenden Wagen (der Aśvin), kundig zu Werk gehend; sie zimmerten das Falbenpaar, das den Indra fährt, das ...... Ihren Eltern zimmerten die R̥bhu's jugendliches Alter; sie zimmerten dem Kalbe eine begleitende Mutter.","SRC-072; SRC-073; SRC-106; SRC-107","2026-09-09"
"DK-OCC-055","INCISING","01.111.01","d","1","tákṣan","√takṣ-","√ takṣ-","zimmern, behauen, hämmern, härten; schaffen, verfertigen (vom Wagen, von Geschöpfen, Liedern, Gebeten), bewirken, machen, zubereiten","number=PL|person=3|mood=INJ|tense=AOR|voice=ACT","C","Cretic","'zimmern, behauen, hämmern' - the ordinary verb of fashioning","NOT ASSIGNED","WORKING with skill they wrought the lightly rolling car: they wrought the Bays who bear Indra and bring great gifts. The R̥ibhus for their Parents made life young again; and fashioned for the calf a mother by its side.","Sie zimmerten den gutlaufenden Wagen (der Aśvin), kundig zu Werk gehend; sie zimmerten das Falbenpaar, das den Indra fährt, das ...... Ihren Eltern zimmerten die R̥bhu's jugendliches Alter; sie zimmerten dem Kalbe eine begleitende Mutter.","SRC-072; SRC-073; SRC-106; SRC-107","2026-09-09"
"DK-OCC-056","INCISING","01.111.02","a","4","takṣata","√takṣ-","√ takṣ-","zimmern, behauen, hämmern, härten; schaffen, verfertigen (vom Wagen, von Geschöpfen, Liedern, Gebeten), bewirken, machen, zubereiten","number=PL|person=2|mood=IMP|tense=AOR|voice=ACT","C","Cretic","'zimmern, behauen, hämmern' - the ordinary verb of fashioning","NOT ASSIGNED","For sacrifice make for us active vital power for skill and wisdom food with noble progeny. Grant to our company this power most excellent, that with a family all-heroic we may dwell.","Zimmert uns meisterliche Kraft für das Opfer zu Rat und Tat, reichen Kindersegen! Daß wir mit unserem Stamm aus vollzähligen Mannen sicher wohnen, möget ihr unserer Heerschar doch ja die indragleiche (Kraft) verleihen.","SRC-072; SRC-073; SRC-106; SRC-107","2026-09-09"
"DK-OCC-057","INCISING","01.111.03","a","2","takṣata","√takṣ-","√ takṣ-","zimmern, behauen, hämmern, härten; schaffen, verfertigen (vom Wagen, von Geschöpfen, Liedern, Gebeten), bewirken, machen, zubereiten","number=PL|person=2|mood=IMP|tense=AOR|voice=ACT","C","Cretic","'zimmern, behauen, hämmern' - the ordinary verb of fashioning","NOT ASSIGNED","Do ye, O R̥ibhus, make prosperity for us, prosperity for car, ye Heroes, and for steed. Grant us prosperity victorious evermore, conquering foes in battle, strangers or akin.","Zimmert uns Gewinn, ihr R̥bhu's, Gewinn dem Wagen, Gewinn dem Rennpferd, ihr Herren! Siegreichen Gewinn möget ihr uns allezeit schenken (?), einen Verwandt wie Fremd in den Kämpfen überwindenden (Helden).","SRC-072; SRC-073; SRC-106; SRC-107","2026-09-09"
"DK-OCC-058","INCISING","01.121.03","c","1","tákṣat","√takṣ-","√ takṣ-","zimmern, behauen, hämmern, härten; schaffen, verfertigen (vom Wagen, von Geschöpfen, Liedern, Gebeten), bewirken, machen, zubereiten","number=SG|person=3|mood=INJ|tense=AOR|voice=ACT","A","Archaic","'zimmern, behauen, hämmern' - the ordinary verb of fashioning","NOT ASSIGNED","Lord of red dawns, he came victorious, daily to the Angirases' former invocation. His bolt and team hath he prepared, and stablished the heaven for quadrupeds and men two-footed.","Es kam auf den Ruf zuerst die Morgenröte, die Königin; (es kam auf den Ruf) der Aṅgiras' der Gebieter der Clane alle Tage. Er zimmerte die ihm zu eigen gegebene Keule; er stützte den Himmel für die den Herren gehörigen Vierfüßler und Zweifüßler.","SRC-072; SRC-073; SRC-106; SRC-107","2026-09-09"
"DK-OCC-059","INCISING","01.121.12","d","3","tatakṣa","√takṣ-","√ takṣ-","zimmern, behauen, hämmern, härten; schaffen, verfertigen (vom Wagen, von Geschöpfen, Liedern, Gebeten), bewirken, machen, zubereiten","number=SG|person=3|mood=IND|tense=PRF|voice=ACT","A","Archaic","'zimmern, behauen, hämmern' - the ordinary verb of fashioning","NOT ASSIGNED","Mount Indra, lover of the men thou guardest, the well-yoked horses of the wind, best bearers. The bolt which Kâvya Uṣanâ erst gave thee, strong, gladdening, Vr̥itra-slaying, hath he fashioned.","""Indra, du der Mannhafte, der du die Menschen um Hilfe angehst, besteige des Vāta schöngeschirrte bestfahrende (Rosse), (trink) den berauschenden (Soma), den dir Kāvya Uśanas gab! Er zimmerte die feindetötende Keule, die (den Kampf) beendet.""","SRC-072; SRC-073; SRC-106; SRC-107","2026-09-09"
"DK-OCC-060","INCISING","01.127.04","e","1","tákṣat","√takṣ-","√ takṣ-","zimmern, behauen, hämmern, härten; schaffen, verfertigen (vom Wagen, von Geschöpfen, Liedern, Gebeten), bewirken, machen, zubereiten","number=SG|person=3|mood=INJ|tense=PRS|voice=ACT","A","Archaic","'zimmern, behauen, hämmern' - the ordinary verb of fashioning","NOT ASSIGNED","To him, as one who knows, even things solid yield: unrough fire-sticks heated hot he gives his gifts to aid. Men offer Agni gifts for aid. He deeply piercing many a thing hews it like wood with fervent glow. Even hard and solid food he crunches with his might, yea, hard and solid food with might.","Selbst das Feste gibt ihm, wie man weiß, nach. Mit den am schnellsten feuerfangenden Reibhölzern wartet er auf, um seine Gunst (zu gewinnen), wartet er dem Agni auf, um seine Gunst (zu gewinnen). Der in viele (Hölzer) eindringt, sie wie die Bäume mit seiner Flamme behauend; er zerreißt selbst die festen Speisen mit Kraft, selbst das Feste mit Kraft.","SRC-072; SRC-073; SRC-106; SRC-107","2026-09-09"
"DK-OCC-061","INCISING","01.130.06","b","5","atakṣiṣuḥ","√takṣ-","√ takṣ-","zimmern, behauen, hämmern, härten; schaffen, verfertigen (vom Wagen, von Geschöpfen, Liedern, Gebeten), bewirken, machen, zubereiten","number=PL|person=3|mood=IND|tense=AOR|voice=ACT","s","Strophic, metrical variations only","'zimmern, behauen, hämmern' - the ordinary verb of fashioning","NOT ASSIGNED","Eager for riches, men have formed for thee this song, like as a skilful craftsman fashioneth a car, so have they wrought thee to their bliss; Adorning thee, O Singer, like a generous steed for deeds of might, Yea, like a steed to show his strength and win the prize, that he may bear each prize away.","Diese Rede haben für dich im Wunsch nach Gut die Ayusöhne gefertigt wie der geschickte Künstler einen Wagen, dich haben sie zur Gunsterweisung bearbeitet; (dich) schön machend wie das Leibroß, das in den Entscheidungskämpfen siegreich ist, du Redekundiger, wie ein Rennpferd zur Kraftleistung, um Schätze zu gewinnen, um alle Schätze zu gewinnen.","SRC-072; SRC-073; SRC-106; SRC-107","2026-09-09"
"DK-OCC-062","INCISING","01.130.06","c","3","atakṣiṣuḥ","√takṣ-","√ takṣ-","zimmern, behauen, hämmern, härten; schaffen, verfertigen (vom Wagen, von Geschöpfen, Liedern, Gebeten), bewirken, machen, zubereiten","number=PL|person=3|mood=IND|tense=AOR|voice=ACT","s","Strophic, metrical variations only","'zimmern, behauen, hämmern' - the ordinary verb of fashioning","NOT ASSIGNED","Eager for riches, men have formed for thee this song, like as a skilful craftsman fashioneth a car, so have they wrought thee to their bliss; Adorning thee, O Singer, like a generous steed for deeds of might, Yea, like a steed to show his strength and win the prize, that he may bear each prize away.","Diese Rede haben für dich im Wunsch nach Gut die Ayusöhne gefertigt wie der geschickte Künstler einen Wagen, dich haben sie zur Gunsterweisung bearbeitet; (dich) schön machend wie das Leibroß, das in den Entscheidungskämpfen siegreich ist, du Redekundiger, wie ein Rennpferd zur Kraftleistung, um Schätze zu gewinnen, um alle Schätze zu gewinnen.","SRC-072; SRC-073; SRC-106; SRC-107","2026-09-09"
"DK-OCC-063","INCISING","01.158.05","c","5","vitákṣat","√takṣ-","√ takṣ-","zimmern, behauen, hämmern, härten; schaffen, verfertigen (vom Wagen, von Geschöpfen, Liedern, Gebeten), bewirken, machen, zubereiten","number=SG|person=3|mood=INJ|tense=AOR|voice=ACT|local particle=LP","S","Strophic","'zimmern, behauen, hämmern' - the ordinary verb of fashioning","NOT ASSIGNED","The most maternal streams, wherein the Dilsas cast me securely bound, have not devoured me. When Traitana would cleave my head asunder, the Dâsa wounded his own breast and shoulders.","""Nicht sollen mich die mütterlichsten Ströme verschlingen, da die Diener den festverpackten untergetaucht haben. Wenn Traitana sein Haupt spaltet, soll (?) sich der Diener selbst die Brust und Schultern zerfleischen.""","SRC-072; SRC-073; SRC-106; SRC-107","2026-09-09"
"DK-OCC-064","INCISING","01.161.07","c","4","atakṣata","√takṣ-","√ takṣ-","zimmern, behauen, hämmern, härten; schaffen, verfertigen (vom Wagen, von Geschöpfen, Liedern, Gebeten), bewirken, machen, zubereiten","number=PL|person=2|mood=IND|tense=IPRF|voice=ACT","P","Popular","'zimmern, behauen, hämmern' - the ordinary verb of fashioning","NOT ASSIGNED","Ye by your wisdom brought a cow from out a hide; unto that ancient Pair ye gave again their youth. Out of a horse, Sudhanvan's Sons, ye formed a horse: a chariot ye equipped, and went unto the Gods.","Aus dem Fell ließet ihr durch eure Erfindungsgabe die Kuh herauslaufen, die beiden Alten machtet ihr jung. Ihr Söhne des Sudhanvan, aus einem Pferd zimmertet ihr ein (zweites) Pferd. Ihr schirrtet den Wagen an und fuhret zu den Göttern.","SRC-072; SRC-073; SRC-106; SRC-107","2026-09-09"
"DK-OCC-065","INCISING","01.162.06","b","4","tákṣati","√takṣ-","√ takṣ-","zimmern, behauen, hämmern, härten; schaffen, verfertigen (vom Wagen, von Geschöpfen, Liedern, Gebeten), bewirken, machen, zubereiten","number=PL|person=3|mood=IND|tense=PRS|voice=ACT","P","Popular","'zimmern, behauen, hämmern' - the ordinary verb of fashioning","NOT ASSIGNED","The hewers of the post and those who carry it, and those who carve the knob to deck the Horse's stake; Those who prepare the cooking-vessels for the Steed,– may the approving help of these promote our work.","Die Pfostenhauer und Pfostenträger und die den Knauf für den Roßpfosten zimmern, und die für das Rennpferd dss Kochgeräte zusammentragen, auch deren Beifall soll uns fördern.","SRC-072; SRC-073; SRC-106; SRC-107","2026-09-09"
"DK-OCC-066","INCISING","01.163.02","d","5","ataṣṭa","√takṣ-","√ takṣ-","zimmern, behauen, hämmern, härten; schaffen, verfertigen (vom Wagen, von Geschöpfen, Liedern, Gebeten), bewirken, machen, zubereiten","number=PL|person=2|mood=IND|tense=IPRF|voice=ACT","P","Popular","'zimmern, behauen, hämmern' - the ordinary verb of fashioning","NOT ASSIGNED","This Steed which Yama gave hath Trita harnessed, and him, the first of all, hath Indra mounted. His bridle the Gandharva grasped. O Vasus, from out the Sun ye fashioned forth the Courser.","Ein Geschenk des Yama schirrte ihn Trita an; Indra bestieg ihn zum ersten Male. Der Gandharva faßte seinen Zügel. Aus der Sonne habt ihr Götter das Roß gebildet.","SRC-072; SRC-073; SRC-106; SRC-107","2026-09-09"
"DK-OCC-067","INCISING","01.164.23","b","4","nirátakṣata","√takṣ-","√ takṣ-","zimmern, behauen, hämmern, härten; schaffen, verfertigen (vom Wagen, von Geschöpfen, Liedern, Gebeten), bewirken, machen, zubereiten","number=SG|person=3|mood=IND|tense=IPRF|voice=MED|local particle=LP","P","Popular","'zimmern, behauen, hämmern' - the ordinary verb of fashioning","NOT ASSIGNED","How on the Gâyatrî. the Gâyatrî was based, how from the Trishṭup they fashioned the Trishṭup forth, How on the Jagatî was based the Jagatî,– they who know this have won themselves immortal life.","Nur die haben die Unsterblichkeit erlangt, die wissen, daß der Gāyatrī(fuß) auf dem Gāyatrī(lied) beruht, oder (daß) der Triṣṭubh(fuß) aus dem Triṣṭubh(lied) herausgebildet wurde, oder daß der Jagatfuß auf dem Jagat(lied) beruht.","SRC-072; SRC-073; SRC-106; SRC-107","2026-09-09"
"DK-OCC-068","INCISING","01.164.41","a","4","tákṣatī","√takṣ-","√ takṣ-","zimmern, behauen, hämmern, härten; schaffen, verfertigen (vom Wagen, von Geschöpfen, Liedern, Gebeten), bewirken, machen, zubereiten","case=NOM|gender=F|number=SG|tense=PRS|voice=ACT|non-finite=PTCP","P","Popular","'zimmern, behauen, hämmern' - the ordinary verb of fashioning","NOT ASSIGNED","Forming the water-floods, the buffalo hath lowed, one-footed or two-footed or fourfooted, she, Who hath become eight-footed or hath got nine feet, the thou sand-syllabled in the sublimest heaven.","Die Büffelkuh hat gebrüllt, Wasserfluten hervorbringend, einfüßig, zweifüßig, vierfüßig, achtfüßig, neunfüßig geworden, tausendsilbig im höchsten Raum.","SRC-072; SRC-073; SRC-106; SRC-107","2026-09-09"
"DK-OCC-069","INCISING","01.171.02","b","2","taṣṭáḥ","√takṣ-","√ takṣ-","zimmern, behauen, hämmern, härten; schaffen, verfertigen (vom Wagen, von Geschöpfen, Liedern, Gebeten), bewirken, machen, zubereiten","case=NOM|gender=M|number=SG|non-finite=PTCP-ta","s","Strophic, metrical variations only","'zimmern, behauen, hämmern' - the ordinary verb of fashioning","NOT ASSIGNED","Maruts, to you this laud with prayer and worship, formed in the mind and heart, ye Gods, is offered. Come ye to us, rejoicing in your spirit, for ye are they who make our prayer effective.","Dieses ehrfürchtige Loblied, das mit Herz und Verstand gedichtet ist, ist für euch gemacht, ihr Götter Marut. Kommet her, mit Verstand es genießend, denn ihr seid die Erhöher der Ehrfurcht!","SRC-072; SRC-073; SRC-106; SRC-107","2026-09-09"
"DK-OCC-070","INCISING","02.019.08","b","4","takṣuḥ","√takṣ-","√ takṣ-","zimmern, behauen, hämmern, härten; schaffen, verfertigen (vom Wagen, von Geschöpfen, Liedern, Gebeten), bewirken, machen, zubereiten","number=PL|person=3|mood=IND|tense=PRF|voice=ACT","A","Archaic","'zimmern, behauen, hämmern' - the ordinary verb of fashioning","NOT ASSIGNED","Thus the Gr̥itsamadas for thee, O Hero, have wrought their hymn and task as seeking favour. May they who worship thee afresh, O Indra, gain food and strength, bliss, and a happy dwelling.","Also haben die Gr̥tsamada's auf dich, o Held, ein Gedicht gefertigt wie Schutzsuchende als Richtzeichen (?). Die Segensprechenden mögen von dir, Indra, aufs neue Labsal, Stärkung, guten Wohnsitz, Beliebtheit erlangen.","SRC-072; SRC-073; SRC-106; SRC-107","2026-09-09"
"DK-OCC-071","INCISING","02.031.07","b","1","átakṣan","√takṣ-","√ takṣ-","zimmern, behauen, hämmern, härten; schaffen, verfertigen (vom Wagen, von Geschöpfen, Liedern, Gebeten), bewirken, machen, zubereiten","number=PL|person=3|mood=IND|tense=AOR|voice=ACT","N","Normal","'zimmern, behauen, hämmern' - the ordinary verb of fashioning","NOT ASSIGNED","These earnest prayers I pray to you, ye Holy: to pay you honour, living men have formed them, Men fain to win the prize and glory. May they win, as a car-horse might the goal, your notice.","Ich wünsche, daß euch, ihr Opferwürdige, diese dargebrachten (Worte gefallen). Die Āyu's haben sie zu neuem (Preise) zusammengefügt. Ruhm heischend, den Siegerpreis begehrend möchten sie wie das Gespann am Wagen ihre Absicht erreichen.","SRC-072; SRC-073; SRC-106; SRC-107","2026-09-09"
"DK-OCC-072","INCISING","03.008.06","b","4","tatákṣa","√takṣ-","√ takṣ-","zimmern, behauen, hämmern, härten; schaffen, verfertigen (vom Wagen, von Geschöpfen, Liedern, Gebeten), bewirken, machen, zubereiten","number=SG|person=3|mood=IND|tense=PRF|voice=ACT","N","Normal","'zimmern, behauen, hämmern' - the ordinary verb of fashioning","NOT ASSIGNED",", Ye whom religious men have firmly planted; thou Forest Sovran whom the axe hath fashioned,– Let those the Stakes divine which here are standing be fain to grant us wealth with store of children.","Ihr, die die gottergebenen Männer eingesenkt haben oder die die Axt behauen hat, o Baum, diese göttlichen Pfosten stehen da und sollen uns kinderreichen Schatz zu gewinnen suchen.","SRC-072; SRC-073; SRC-106; SRC-107","2026-09-09"
"DK-OCC-073","INCISING","03.038.02","b","3","takṣata","√takṣ-","√ takṣ-","zimmern, behauen, hämmern, härten; schaffen, verfertigen (vom Wagen, von Geschöpfen, Liedern, Gebeten), bewirken, machen, zubereiten","number=PL|person=3|mood=IND|tense=PRS|voice=MED","N","Normal","'zimmern, behauen, hämmern' - the ordinary verb of fashioning","NOT ASSIGNED","Ask of the sages' mighty generations firm-minded and devout they framed the heaven. These are thy heart-sought strengthening directions, and they have come to be sky's upholders.","Frag auch die mächtigen Geschlechter der Seher! Ihr habt entschlossen, gut handelnd den Himmel gezimmert. Diese wachsende Vertraulichkeit (?), die im Geiste erstrebte, ist nunmehr in rechter Weise, dir gekommen.","SRC-072; SRC-073; SRC-106; SRC-107","2026-09-09"
"DK-OCC-074","INCISING","03.054.12","d","3","ataṣṭa","√takṣ-","√ takṣ-","zimmern, behauen, hämmern, härten; schaffen, verfertigen (vom Wagen, von Geschöpfen, Liedern, Gebeten), bewirken, machen, zubereiten","number=PL|person=2|mood=IND|tense=IPRF|voice=ACT","C","Cretic","'zimmern, behauen, hämmern' - the ordinary verb of fashioning","NOT ASSIGNED","Deft worker, skiful-handed, helpful, holy, may Tvashṭar, God, give us these things to aid us, Take your delight, Ye R̥ibhus joined with Pûshan: ye have prepared the rite with stones adjusted.","Der Gutes wirkende, schönhändige, huldreiche, gesetzestreue Gott Tvaṣṭr̥ möge uns diese Dinge zu unseren Gunsten gewähren. Ihr R̥bhu's ergötzet euch in Gesellschaft des Pūṣan! Die Preßsteine aufrichtend habt ihr das Opfer geformt. ","SRC-072; SRC-073; SRC-106; SRC-107","2026-09-09"
"DK-OCC-075","INCISING","03.054.17","d","4","takṣata +","√takṣ-","√ takṣ-","zimmern, behauen, hämmern, härten; schaffen, verfertigen (vom Wagen, von Geschöpfen, Liedern, Gebeten), bewirken, machen, zubereiten","number=PL|person=2|mood=IMP|tense=AOR|voice=ACT","C","Cretic","'zimmern, behauen, hämmern' - the ordinary verb of fashioning","NOT ASSIGNED","This is, ye Wise, your great and glorious title, that all ye Deities abide in Indra. Friend, Much-invoked! art thou with thy dear R̥ibhus: fashion ye this our hymn for our advantage.","Das ist ein großes, schönes Wort von euch, ihr Seher, daß ihr Götter alle in (bei) Indra seid. Du vielgerufener (Indra) bist mit den lieben R̥bhu's befreundet. Formet dies Gedicht von uns zum Preisgewinnen!","SRC-072; SRC-073; SRC-106; SRC-107","2026-09-09"
"DK-OCC-076","INCISING","03.060.02","c","4","nirátakṣata","√takṣ-","√ takṣ-","zimmern, behauen, hämmern, härten; schaffen, verfertigen (vom Wagen, von Geschöpfen, Liedern, Gebeten), bewirken, machen, zubereiten","number=PL|person=2|mood=IND|tense=AOR|voice=ACT|local particle=LP","C","Cretic","'zimmern, behauen, hämmern' - the ordinary verb of fashioning","NOT ASSIGNED","The mighty powers wherewith. ye formed the chalices, the thought by which ye drew the cow from out the hide, The intellect wherewith ye wrought the two Bay Steeds,– through these, O R̥ibhus, ye attained divinity.","Durch die Künste, mit denen ihr die Becher formtet, durch den Erfindungsgeist, mit dem ihr aus dem Felle die Kuh heraustriebet, durch das Nachdenken, mit dem ihr die beiden Falben gebildet habt, durch (all) dies habt ihr R̥bhu's göttlichen Rang erlangt.","SRC-072; SRC-073; SRC-106; SRC-107","2026-09-09"
"DK-OCC-077","INCISING","04.033.08","c","3","takṣantu","√takṣ-","√ takṣ-","zimmern, behauen, hämmern, härten; schaffen, verfertigen (vom Wagen, von Geschöpfen, Liedern, Gebeten), bewirken, machen, zubereiten","number=PL|person=3|mood=IMP|tense=AOR|voice=ACT","N","Normal","'zimmern, behauen, hämmern' - the ordinary verb of fashioning","NOT ASSIGNED","May they who formed the swift car, bearing Heroes, and the Cow omniform and all-impelling, Even may they form wealth for us,– the R̥ibhus, dexterous-handed, deft in work and gracious.","Die den leichtrollenden Wagen fertigten, der dem Manne still hält, die die allbelebende Kuh Viśvarūpā (machten), die R̥bhu's sollen uns Reichtum beschaffen, die geschickt zur Hilfe, zum Werk und mit der Hand.","SRC-072; SRC-073; SRC-106; SRC-107","2026-09-09"
"DK-OCC-078","INCISING","04.034.09","b","2","tatakṣúḥ","√takṣ-","√ takṣ-","zimmern, behauen, hämmern, härten; schaffen, verfertigen (vom Wagen, von Geschöpfen, Liedern, Gebeten), bewirken, machen, zubereiten","number=PL|person=3|mood=IND|tense=PRF|voice=ACT","N","Normal","'zimmern, behauen, hämmern' - the ordinary verb of fashioning","NOT ASSIGNED","R̥ibhus, who helped their Parents and the Aṣvins, who formed the Milch-cow and the pair of horses, Made armour, set the heaven and earth asunder,– far- reaching Heroes, they have made good offspring.","Die R̥bhu's, die für die Aśvin, die für die Eltern (gesorgt haben), die durch ihre Beihilfe die Kuh geschaffen haben und die beiden Rosse, die die Panzer (fertigten), die ...., die die beiden Welten (brachten?), die Herren die Vibhū's, die die Mittel zu guter Nachkommenschaft bereitet haben.","SRC-072; SRC-073; SRC-106; SRC-107","2026-09-09"
"DK-OCC-079","INCISING","04.035.05","c","4","ataṣṭa","√takṣ-","√ takṣ-","zimmern, behauen, hämmern, härten; schaffen, verfertigen (vom Wagen, von Geschöpfen, Liedern, Gebeten), bewirken, machen, zubereiten","number=PL|person=2|mood=IND|tense=IPRF|voice=ACT","N","Normal","'zimmern, behauen, hämmern' - the ordinary verb of fashioning","NOT ASSIGNED","Ye with your cunning made your Parents youthful; the cup, for Gods to drink, ye formed with cunning; With cunning, R̥ibhus, rich in treasure, fashioned the two swift Tawny Steeds who carry Indra.","Mit Kunst habt ihr die Eltern jung gemacht, mit Kunst habt ihr den Becher gemacht, aus dem die Götter trinken. Mit Kunst zimmertet ihr die beiden Falben, die besten Läufer, die Zugtiere des Indra, ihr reichbelohnten R̥bhu's.","SRC-072; SRC-073; SRC-106; SRC-107","2026-09-09"
"DK-OCC-080","INCISING","04.035.06","d","2","takṣata","√takṣ-","√ takṣ-","zimmern, behauen, hämmern, härten; schaffen, verfertigen (vom Wagen, von Geschöpfen, Liedern, Gebeten), bewirken, machen, zubereiten","number=PL|person=2|mood=IMP|tense=AOR|voice=ACT","N","Normal","'zimmern, behauen, hämmern' - the ordinary verb of fashioning","NOT ASSIGNED","Whoso pours out for you, when days are closing, the sharp libation for your joy, O Vâjas, For him, O mighty R̥ibhus, ye, rejoicing, have fashioned wealth with plenteous store of heroes.","Wer euch, wenn die Tage zur Rüste gehen, die scharfe Trankspende zum Rausche preßt, ihr Vāja's, dem stellet, ihr R̥bhu's, einen Schatz von lauter Söhnen her, euch berauschend, ihr Bullen!","SRC-072; SRC-073; SRC-106; SRC-107","2026-09-09"
"DK-OCC-081","INCISING","04.036.03","d","4","tákṣatha","√takṣ-","√ takṣ-","zimmern, behauen, hämmern, härten; schaffen, verfertigen (vom Wagen, von Geschöpfen, Liedern, Gebeten), bewirken, machen, zubereiten","number=PL|person=2|tense=AOR|voice=ACT","N","Normal","'zimmern, behauen, hämmern' - the ordinary verb of fashioning","NOT ASSIGNED","O Vâjas, R̥ibhus, reaching far, among the Gods this was your exaltation gloriously declared, In that your aged Parents, worn with length of days, ye wrought again to youth so that they moved at will.","Diese eure Größe, ihr Vāja's, R̥bhu's, Vibhu's, hat sich dadurch bei den Göttern gut empfohlen, daß ihr die greisen, altersschwachen Eltern wieder jugendlich und beweglich machtet.","SRC-072; SRC-073; SRC-106; SRC-107","2026-09-09"
"DK-OCC-082","INCISING","04.036.08","d","5","takṣata","√takṣ-","√ takṣ-","zimmern, behauen, hämmern, härten; schaffen, verfertigen (vom Wagen, von Geschöpfen, Liedern, Gebeten), bewirken, machen, zubereiten","number=PL|person=2|mood=IMP|tense=AOR|voice=ACT","N","Normal","'zimmern, behauen, hämmern' - the ordinary verb of fashioning","NOT ASSIGNED","According to the wishes of our hearts may ye, who have full knowledge of all the delights of men, Fashion for us, O R̥ibhus, power and splendid wealth, rich in high courage, excellent, and vital strength.","Ihr sollt für uns als Kundige aus den (priesterlichen) Werken alle menschlichen Genüsse, glänzenden höchsten Gewinn, der gewaltigen Schwung verleiht, ihr sollt für uns Reichtum und Jugendkraft zimmern, o R̥bhu's!","SRC-072; SRC-073; SRC-106; SRC-107","2026-09-09"
"DK-OCC-083","INCISING","04.036.09","b","4","takṣata +","√takṣ-","√ takṣ-","zimmern, behauen, hämmern, härten; schaffen, verfertigen (vom Wagen, von Geschöpfen, Liedern, Gebeten), bewirken, machen, zubereiten","number=PL|person=2|mood=IMP|tense=AOR|voice=ACT","N","Normal","'zimmern, behauen, hämmern' - the ordinary verb of fashioning","NOT ASSIGNED","Bestowing on us here riches and offspring, here fashion fame for us befitting heroes. Vouchsafe us wealth of splendid sort, O R̥ibhus, that we may make us more renowned than others.","Gewähret hier Nachkommen, hier Reichtum, zimmert uns hier den Ruhm, der in Meistern besteht, durch den wir die anderen überstrahlen möchten! Diesen glänzenden Lohn habt ihr, R̥bhu's, uns beschert. ","SRC-072; SRC-073; SRC-106; SRC-107","2026-09-09"
"DK-OCC-084","INCISING","04.058.04","d","5","tatakṣuḥ","√takṣ-","√ takṣ-","zimmern, behauen, hämmern, härten; schaffen, verfertigen (vom Wagen, von Geschöpfen, Liedern, Gebeten), bewirken, machen, zubereiten","number=PL|person=3|mood=IND|tense=PRF|voice=ACT","p","Popular, metrical variations only","'zimmern, behauen, hämmern' - the ordinary verb of fashioning","NOT ASSIGNED","That oil in triple shape the Gods discovered laid down within the Cow, concealed by Paṇis. Indra produced one shape, Sûrya another: by their own power they formed the third from Vena.","Dreifach geteilt fanden das von den Paṇi's verborgene Ghr̥ta die Götter wieder in der Kuh. Indra hat das eine, Sūrya das eine erzeugt. Eines haben sie aus dem Seher durch eigene Kraft herausgebildet.","SRC-072; SRC-073; SRC-106; SRC-107","2026-09-09"
"DK-OCC-085","INCISING","05.002.11","b","5","atakṣam","√takṣ-","√ takṣ-","zimmern, behauen, hämmern, härten; schaffen, verfertigen (vom Wagen, von Geschöpfen, Liedern, Gebeten), bewirken, machen, zubereiten","number=SG|person=1|mood=IND|tense=AOR|voice=ACT","s","Strophic, metrical variations only","'zimmern, behauen, hämmern' - the ordinary verb of fashioning","NOT ASSIGNED","As a skilled craftsman makes a car, a singer I, Mighty One! this hymn for thee have fashioned. If thou, O Agni, God, accept it gladly, may we obtain thereby the heavenly Waters.","Dies Loblied habe ich, der Redekundige, für dich gezimmert wie der verständige Künstler einen Wagen, o Starkgearteter! Wenn du, Gott Agni, es gern annehmen wirst, so würden wir damit Wasser nebst dem Sonnenlicht gewinnen.","SRC-072; SRC-073; SRC-106; SRC-107","2026-09-09"
"DK-OCC-086","INCISING","05.029.15","d","5","atakṣam","√takṣ-","√ takṣ-","zimmern, behauen, hämmern, härten; schaffen, verfertigen (vom Wagen, von Geschöpfen, Liedern, Gebeten), bewirken, machen, zubereiten","number=SG|person=1|mood=IND|tense=AOR|voice=ACT","N","Normal","'zimmern, behauen, hämmern' - the ordinary verb of fashioning","NOT ASSIGNED","Indra, accept the prayers which now are offered, accept the new prayers, Mightiest! which we utter. Like fair and well-made robes, I, seeking riches, as a deft craftsman makes a car, have wrought them.","Indra, erfreue dich an den bereiteten Erbauungen, die wir dir aufs neue bereitet haben, du Gewaltigster! Wie schöne Kleider wohlgearbeitet habe ich sie. Gut wünschend, wie ein kunstfertiger Meister einen Wagen gezimmert.","SRC-072; SRC-073; SRC-106; SRC-107","2026-09-09"
"DK-OCC-087","INCISING","05.031.04","a","5","takṣan","√takṣ-","√ takṣ-","zimmern, behauen, hämmern, härten; schaffen, verfertigen (vom Wagen, von Geschöpfen, Liedern, Gebeten), bewirken, machen, zubereiten","number=PL|person=3|mood=INJ|tense=AOR|voice=ACT","N","Normal","'zimmern, behauen, hämmern' - the ordinary verb of fashioning","NOT ASSIGNED","Anus have wrought a chariot for thy Courser, and Tvashṭar, Much-invoked! thy bolt that glitters. The Brahmans with their songs exalting Indra increased his strength that he might slaughter Ahi.","Die Anu's zimmerten dir für das Roß den Wagen; Tvaṣṭr̥ die glänzende Keule, du Vielgerufener. Die erbaulich Redenden feierten Indra mit Lobgesängen; sie bestärkten ihn, den Drachen zu erlegen.","SRC-072; SRC-073; SRC-106; SRC-107","2026-09-09"
"DK-OCC-088","INCISING","05.033.04","c","1","tatakṣé","√takṣ-","√ takṣ-","zimmern, behauen, hämmern, härten; schaffen, verfertigen (vom Wagen, von Geschöpfen, Liedern, Gebeten), bewirken, machen, zubereiten","number=SG|person=3|mood=IND|tense=PRF|voice=MED","A","Archaic","'zimmern, behauen, hämmern' - the ordinary verb of fashioning","NOT ASSIGNED","Thou, because many lauds are thine, O Indra, wast active warring in the fields for cattle. For Sûrya in his own abode thou, Hero, formedst in fights even a Dâsa's nature.","Viel ist, was deine Preislieder sind, o Indra, (was) du für die Kuh getan hast, um die Fluren kämpfend. Er beschnitt sogar der Sonne (ihren Namen) im eigenen Hause, in den Kämpfen (beschnitt) der Bulle auch des Dāsa Namen.","SRC-072; SRC-073; SRC-106; SRC-107","2026-09-09"
"DK-OCC-089","INCISING","05.073.10","c","2","tákṣāma","√takṣ-","√ takṣ-","zimmern, behauen, hämmern, härten; schaffen, verfertigen (vom Wagen, von Geschöpfen, Liedern, Gebeten), bewirken, machen, zubereiten","number=PL|person=1|mood=INJ|tense=AOR|voice=ACT","A","Archaic","'zimmern, behauen, hämmern' - the ordinary verb of fashioning","NOT ASSIGNED","Most pleasing to the Aṣvins be these prayers which magnify their might, Which we have fashioned, even as cars high reverence have we spoken forth.","Diese erbaulichen Worte sollen den Aśvin recht wohltuende Stärkungen sein, die wir wie Wagen gezimmert [gedichtet] haben. Wir haben (sie) als hohe Huldigung gesprochen.","SRC-072; SRC-073; SRC-106; SRC-107","2026-09-09"
"DK-OCC-090","INCISING","06.003.08","c","5","tatákṣa","√takṣ-","√ takṣ-","zimmern, behauen, hämmern, härten; schaffen, verfertigen (vom Wagen, von Geschöpfen, Liedern, Gebeten), bewirken, machen, zubereiten","number=SG|person=3|mood=IND|tense=PRF|voice=ACT","A","Archaic","'zimmern, behauen, hämmern' - the ordinary verb of fashioning","NOT ASSIGNED","Who, with supporting streams and rays that suit him, hath flashed like lightning with his native vigour. Like the deft Maker of the band of Maruts, the bright impetuous One hath shone refulgent.","Der durch Labungen oder durch die ihm gehörigen Preisgesänge (gestärkt wird), er leuchtet wie der Blitz aus eigenem Drange auf. Oder der die Heerschar der Marut wie ein R̥bhu gebildet hat, der ist heftig, blendend aufgeleuchtet.","SRC-072; SRC-073; SRC-106; SRC-107","2026-09-09"
"DK-OCC-091","INCISING","06.012.05","b","3","tákṣat","√takṣ-","√ takṣ-","zimmern, behauen, hämmern, härten; schaffen, verfertigen (vom Wagen, von Geschöpfen, Liedern, Gebeten), bewirken, machen, zubereiten","case=NOM|gender=M|number=SG|tense=PRS|voice=ACT|non-finite=PTCP","A","Archaic","'zimmern, behauen, hämmern' - the ordinary verb of fashioning","NOT ASSIGNED","Men wonder at his shining glows when, paring the woods with case, o'er the broad earth he goeth, And, like a rushing flood, loosed quickly, burneth, swift as a guilty thief, o'er desert places.","Dann rühmen sie seinen Glanz, wenn er nach Willkür (die Bäume) behauend über die Erde hingeht, der sofort, wenn er losgelassen, der schnellste Läufer ist. Wie ein Schuldner, der zum Dieb wird, eilt(?) er über das wüste Land.","SRC-072; SRC-073; SRC-106; SRC-107","2026-09-09"
"DK-OCC-092","INCISING","06.016.47","b","2","taṣṭám","√takṣ-","√ takṣ-","zimmern, behauen, hämmern, härten; schaffen, verfertigen (vom Wagen, von Geschöpfen, Liedern, Gebeten), bewirken, machen, zubereiten","case=ACC|gender=N|number=SG|non-finite=PTCP-ta","P","Popular","'zimmern, behauen, hämmern' - the ordinary verb of fashioning","NOT ASSIGNED","Agni, we bring thee, with our hymn, oblation fashioned in the heart. Let these be oxen unto thee, let these be bulls and kine to thee.","Wir bringen dir, o Agni, mit einem Vers ein Opfer, das mit dem Herzen gedichtet ist, denn das sollen deine Ochsen, Stiere und Kühe sein.","SRC-072; SRC-073; SRC-106; SRC-107","2026-09-09"
"DK-OCC-093","INCISING","06.032.01","d","4","takṣam","√takṣ-","√ takṣ-","zimmern, behauen, hämmern, härten; schaffen, verfertigen (vom Wagen, von Geschöpfen, Liedern, Gebeten), bewirken, machen, zubereiten","number=SG|person=1|mood=SBJV|tense=AOR|voice=ACT","n","Normal, metrical variations only","'zimmern, behauen, hämmern' - the ordinary verb of fashioning","NOT ASSIGNED","I WITH my lips have fashioned for this Hero words never matched, most plentiful and auspicious, For him the Ancient, Great, Strong, Energetic, the very mighty Wielder of the Thunder.","Ganz neue, allererste Worte will ich auf ihn, auf den großen Helden, den starken, überlegenen mit dem Munde formen, die dem überreichen Keulenträger, dem stattlichen am meisten zusagen.","SRC-072; SRC-073; SRC-106; SRC-107","2026-09-09"
"DK-OCC-094","INCISING","07.007.06","b","5","átakṣan","√takṣ-","√ takṣ-","zimmern, behauen, hämmern, härten; schaffen, verfertigen (vom Wagen, von Geschöpfen, Liedern, Gebeten), bewirken, machen, zubereiten","number=PL|person=3|mood=IND|tense=AOR|voice=ACT","S","Strophic","'zimmern, behauen, hämmern' - the ordinary verb of fashioning","NOT ASSIGNED","These have passed all in glory, who, the manly, have wrought with skill the hymn of adoration; Who, listening, have advanced the people's welfare, and set their thoughts on this my holy statute.","Diese haben an Glanz alles übertroffen oder die, welche mannhaft das Dichterwort passend geformt haben, die die gehorsamen Clane vorwärts bringen mögen, die dieser meiner rechten (Rede) gedenken mögen. ","SRC-072; SRC-073; SRC-106; SRC-107","2026-09-09"
"DK-OCC-095","INCISING","07.064.04","a","5","tákṣat","√takṣ-","√ takṣ-","zimmern, behauen, hämmern, härten; schaffen, verfertigen (vom Wagen, von Geschöpfen, Liedern, Gebeten), bewirken, machen, zubereiten","number=SG|person=3|mood=INJ|tense=AOR|voice=ACT","S","Strophic","'zimmern, behauen, hämmern' - the ordinary verb of fashioning","NOT ASSIGNED","Him who hath wrought for you this car in spirit, who makes the song rise upward and sustains it, Bedew with fatness, Varuṇa nd Mitra ye Kings, make glad the pleasant dwelling-places.","Wer euch im Geiste diesen Hochsitz zimmert, wer das Gedicht emporrichten und festmachen wird, (dem) besprenget mit Schmalz und tränket die schönen Fluren, ihr Könige Mitra und Varuṇa!","SRC-072; SRC-073; SRC-106; SRC-107","2026-09-09"
"DK-OCC-096","INCISING","07.104.04","c","2","takṣatam","√takṣ-","√ takṣ-","zimmern, behauen, hämmern, härten; schaffen, verfertigen (vom Wagen, von Geschöpfen, Liedern, Gebeten), bewirken, machen, zubereiten","number=DU|person=2|mood=IMP|tense=AOR|voice=ACT","P","Popular","'zimmern, behauen, hämmern' - the ordinary verb of fashioning","NOT ASSIGNED","Indra and Soma, hurl your deadly crushing bolt down on the wicked fiend from heaven and from the earth. Yea, forge out of the mountains your celestial dart wherewith ye burn to death the waxing demon race.","Indra und Soma! Schleudert gemeinsam die zermalmende Waffe vom Himmel, von der Erde auf den Bösredenden. Meißelt aus den Bergen den sausenden (Schleuderstein) heraus, mit dem ihr den erstarkten bösen Geist vertilget! ","SRC-072; SRC-073; SRC-106; SRC-107","2026-09-09"
"DK-OCC-097","INCISING","08.006.33","c","2","atakṣma","√takṣ-","√ takṣ-","zimmern, behauen, hämmern, härten; schaffen, verfertigen (vom Wagen, von Geschöpfen, Liedern, Gebeten), bewirken, machen, zubereiten","number=PL|person=1|mood=IND|tense=IPRF|voice=ACT","S","Strophic","'zimmern, behauen, hämmern' - the ordinary verb of fashioning","NOT ASSIGNED","For thee, O Mighty, Thunder-armed, we singers through devotionhave Fashioned the hymn that we may live.","Und im Streben nach einer erbaulichen Rede haben wir Redekundigen sie für dich, du erstarkter Keulenträger, (zu einem Gedicht) geformt, um (davon) zu leben. ","SRC-072; SRC-073; SRC-106; SRC-107","2026-09-09"
"DK-OCC-098","INCISING","08.061.02","b","2","niṣṭatakṣátuḥ","√takṣ-","√ takṣ-","zimmern, behauen, hämmern, härten; schaffen, verfertigen (vom Wagen, von Geschöpfen, Liedern, Gebeten), bewirken, machen, zubereiten","number=DU|person=2|mood=IND|tense=PRF|voice=ACT|local particle=LP","A","Archaic","'zimmern, behauen, hämmern' - the ordinary verb of fashioning","NOT ASSIGNED","For him, strong, independent Ruler, Heaven and Earth have fashioned forth for power and might. Thou seatest thee as first among thy peers in place, for thy soul longs for Soma juice.","Denn diesen Bullen haben beide Welten zum Selbstherrscher, ihn zur Gewalt erschaffen, und als der Erste unter den Höchsten nimmst du Platz, denn dein Sinn verlangt nach Soma. ","SRC-072; SRC-073; SRC-106; SRC-107","2026-09-09"
"DK-OCC-099","INCISING","08.097.10","b","2","tatakṣuḥ","√takṣ-","√ takṣ-","zimmern, behauen, hämmern, härten; schaffen, verfertigen (vom Wagen, von Geschöpfen, Liedern, Gebeten), bewirken, machen, zubereiten","number=PL|person=3|mood=IND|tense=PRF|voice=ACT","A","Archaic","'zimmern, behauen, hämmern' - the ordinary verb of fashioning","NOT ASSIGNED","Of one accord they made and formed for kingship Indra, the Hero who in all encounters overcometh, Most eminent for power, destroyer in the conflict, fierce and exceeding strong, stalwart and full of vigour.","Den Mann, der in allen Kämpfen der Überlegene ist, den Indra haben sie einmütig zum Herrschen gebildet und erzeugt, den an Umsicht Besten, und zur Abwehr (der Feinde) den Hemmer, den Gewaltigen, Gewaltigsten, Kräftigen, Ausdauernden. ","SRC-072; SRC-073; SRC-106; SRC-107","2026-09-09"
"DK-OCC-100","INCISING","09.097.22","a","1","tákṣat","√takṣ-","√ takṣ-","zimmern, behauen, hämmern, härten; schaffen, verfertigen (vom Wagen, von Geschöpfen, Liedern, Gebeten), bewirken, machen, zubereiten","number=SG|person=3|mood=INJ|tense=AOR|voice=ACT","N","Normal","'zimmern, behauen, hämmern' - the ordinary verb of fashioning","NOT ASSIGNED","What time the loving spirit's word had formed him Chief of all food, by statute of the Highest, Then loudly lowing came the cows to Indu, the chosen, well-loved Master in the beaker.","So oft ihn die Rede aus dem Geiste des schauenden (Sehers) heraus formte oder bei der Entscheidung angesichts des besten Stückes Vieh, da kamen nach Wunsch zu dem Safte als dem beliebten Gatten voll Verlangen die Kühe in dem Kruge. ","SRC-072; SRC-073; SRC-106; SRC-107","2026-09-09"
"DK-OCC-101","INCISING","10.005.06","a","4","tatakṣuḥ","√takṣ-","√ takṣ-","zimmern, behauen, hämmern, härten; schaffen, verfertigen (vom Wagen, von Geschöpfen, Liedern, Gebeten), bewirken, machen, zubereiten","number=PL|person=3|mood=IND|tense=PRF|voice=ACT","C","Cretic","'zimmern, behauen, hämmern' - the ordinary verb of fashioning","NOT ASSIGNED","Seven are the pathways which the wise have fashioned; to one of these may come the troubled mortal. He standeth in the dwelling of the Highest, a Pillar, on sure ground where paths are parted.","Sieben Schranken haben die Seher geschaffen; zu einer von diesen gelangt der Eingeengte(?). Die Säule des Āyu steht im Nest des Höchsten, an der Wege Ende auf festen Grundlagen.","SRC-072; SRC-073; SRC-106; SRC-107","2026-09-09"
"DK-OCC-102","INCISING","10.031.07","b","3","niṣṭatakṣúḥ","√takṣ-","√ takṣ-","zimmern, behauen, hämmern, härten; schaffen, verfertigen (vom Wagen, von Geschöpfen, Liedern, Gebeten), bewirken, machen, zubereiten","number=PL|person=3|mood=IND|tense=PRF|voice=ACT|local particle=LP","N","Normal","'zimmern, behauen, hämmern' - the ordinary verb of fashioning","NOT ASSIGNED","What was the tree, what wood, in sooth, produced it, from which they fashioned forth the Earth and Heaven? These Twain stand fast and wax not old for ever: these have sung praise to many a day and morning.","Welches war denn das Holz, welches der Baum, woraus sie Himmel und Erde gezimmert haben, die bestehen ohne zu altern, fortdauernd(?): nur die Tage, die vielen Morgenröten werden alt.","SRC-072; SRC-073; SRC-106; SRC-107","2026-09-09"
"DK-OCC-103","INCISING","10.039.04","b","4","takṣathuḥ","√takṣ-","√ takṣ-","zimmern, behauen, hämmern, härten; schaffen, verfertigen (vom Wagen, von Geschöpfen, Liedern, Gebeten), bewirken, machen, zubereiten","number=DU|person=2|mood=IND|tense=PRF|voice=ACT","C","Cretic","'zimmern, behauen, hämmern' - the ordinary verb of fashioning","NOT ASSIGNED","Ye made Chyavâna, weak and worn with length of days, young again, like a car, that he had power to move. Ye lifted up the son of Tugra from the floods. At our libations must all these your acts be praised.","Ihr habt den alten Cyavāna wie einen Wagen wieder jung gezimmert zum Laufen. Ihr führtet den Tugrasohn aus dem Wasser. All das von euch soll bei den Somaopfern kundgetan werden.","SRC-072; SRC-073; SRC-106; SRC-107","2026-09-09"
"DK-OCC-104","INCISING","10.039.14","b","1","átakṣāma","√takṣ-","√ takṣ-","zimmern, behauen, hämmern, härten; schaffen, verfertigen (vom Wagen, von Geschöpfen, Liedern, Gebeten), bewirken, machen, zubereiten","number=PL|person=1|mood=IND|tense=AOR|voice=ACT","C","Cretic","'zimmern, behauen, hämmern' - the ordinary verb of fashioning","NOT ASSIGNED","We have prepared this laud for you, O Aṣvins, and, like the Bhr̥igus, as a car have framed it, Have decked it as a maid to meet the bridegroom, and brought it as a son, our stay for ever.","Dies Loblied haben wir für euch, Aśvin, gemacht; wir haben es gezimmert wie die Bhr̥gu's einen Wagen. Wir haben (es) euch hingegeben wie die Maid dem jungen Manne, es wie einen eigenen Sohn, der das Geschlecht fortpflanzt, haltend.","SRC-072; SRC-073; SRC-106; SRC-107","2026-09-09"
"DK-OCC-105","INCISING","10.046.09","d","2","tatakṣuḥ","√takṣ-","√ takṣ-","zimmern, behauen, hämmern, härten; schaffen, verfertigen (vom Wagen, von Geschöpfen, Liedern, Gebeten), bewirken, machen, zubereiten","number=PL|person=3|mood=IND|tense=PRF|voice=ACT","C","Cretic","'zimmern, behauen, hämmern' - the ordinary verb of fashioning","NOT ASSIGNED","That Agni, him whom Heaven and Earth engendered, the Waters. Tvashṭar, and with might, the Bhr̥igus, Him Mâtariṣvan and the Gods have fashioned holy for man and first to be entreated.","Den Himmel und Erde erzeugten, den die Gewässer, Tvaṣṭr̥, die Bhr̥gu's mit Kraft (erzeugten), der du als Erster anzurufen bist, den Agni, haben Mātariśvan (und) die Götter für Manu als den Anbetungswürdigen geformt.","SRC-072; SRC-073; SRC-106; SRC-107","2026-09-09"
"DK-OCC-106","INCISING","10.048.03","a","4","atakṣat","√takṣ-","√ takṣ-","zimmern, behauen, hämmern, härten; schaffen, verfertigen (vom Wagen, von Geschöpfen, Liedern, Gebeten), bewirken, machen, zubereiten","number=SG|person=3|mood=IND|tense=AOR|voice=ACT","A","Archaic","'zimmern, behauen, hämmern' - the ordinary verb of fashioning","NOT ASSIGNED","For me hath Tvashṭar forged the iron thunderbolt: in me the Gods have centred intellectual power. My sheen is like the Sun's insufferably bright: men honour me as Lord for past and future deeds.","""Für mich hat Tvaṣṭr̥ die eherne Keule geschmiedet; nach mir haben die Götter ihren Willen gerichtet. Mein Anblick ist so schwer auszuhalten wie der der Sonne; mich erkennen sie an ob dem getanen und künftigen Werk.""","SRC-072; SRC-073; SRC-106; SRC-107","2026-09-09"
"DK-OCC-107","INCISING","10.048.11","c","5","tatakṣuḥ","√takṣ-","√ takṣ-","zimmern, behauen, hämmern, härten; schaffen, verfertigen (vom Wagen, von Geschöpfen, Liedern, Gebeten), bewirken, machen, zubereiten","number=PL|person=3|mood=IND|tense=PRF|voice=ACT","A","Archaic","'zimmern, behauen, hämmern' - the ordinary verb of fashioning","NOT ASSIGNED","I, as a God, ne'er violate the statutes of Gods, of Vasus, Rudriyas, Âdityas. These Gods have formed me for auspicious vigour, unconquered and invincible for ever.","""Als Gott übertrete ich nicht das Gesetz der Āditya's, Vasu's, Rudriya's‚ der Götter. Die haben mich zu löblicher Krafttat geschaffen, mich den Unbesiegten, Ungefällten, Unbezwungenen.""","SRC-072; SRC-073; SRC-106; SRC-107","2026-09-09"
"DK-OCC-108","INCISING","10.053.10","b","4","tákṣatha","√takṣ-","√ takṣ-","zimmern, behauen, hämmern, härten; schaffen, verfertigen (vom Wagen, von Geschöpfen, Liedern, Gebeten), bewirken, machen, zubereiten","number=PL|person=2|mood=IND|tense=PRS|voice=ACT","P","Popular","'zimmern, behauen, hämmern' - the ordinary verb of fashioning","NOT ASSIGNED","Now, O ye Sapient Ones, make ye the axes sharp wherewith ye fashion bowls to hold the Amrit. Knowing the secret places make ye ready that whereby the Gods have gotten immortality.","""Nun schärfet gleichmäßig die Beile, ihr Seher, womit ihr für den Unsterblichen zimmert! Als Kundige gebrauchet die geheimsinnigen Worte, wodurch die Götter die Unsterblichkeit erlangt haben!""","SRC-072; SRC-073; SRC-106; SRC-107","2026-09-09"
"DK-OCC-109","INCISING","10.061.07","d","5","atakṣan","√takṣ-","√ takṣ-","zimmern, behauen, hämmern, härten; schaffen, verfertigen (vom Wagen, von Geschöpfen, Liedern, Gebeten), bewirken, machen, zubereiten","number=PL|person=3|mood=IND|tense=AOR|voice=ACT","A","Archaic","'zimmern, behauen, hämmern' - the ordinary verb of fashioning","NOT ASSIGNED","Quum pater suam filiam adiverat, cum eâ congressus suum semen supra terram effudit. Tum Dii benigni precem (brahma) progenuerunt, et Vastoshpatim, legum sacrarum custodem, formaverunt.","Als der Vater seine Tochter besprang, vergoß er bei der Begattung Samen auf den Boden. Gutes im Sinn führend erzeugten die Götter einen Segen und bildeten daraus Vāstoṣpati‚ den Gesetzeshüter.","SRC-072; SRC-073; SRC-106; SRC-107","2026-09-09"
"DK-OCC-110","INCISING","10.071.08","a","2","taṣṭéṣu","√takṣ-","√ takṣ-","zimmern, behauen, hämmern, härten; schaffen, verfertigen (vom Wagen, von Geschöpfen, Liedern, Gebeten), bewirken, machen, zubereiten","case=LOC|gender=M|number=PL|non-finite=PTCP-ta","P","Popular","'zimmern, behauen, hämmern' - the ordinary verb of fashioning","NOT ASSIGNED","When friendly Brahmans sacrifice together with mental impulse which the heart hath fashioned, They leave one far behind through their attainments, and some who count as Brahmans wander elsewhere.","Wann die Brahmanen als Genossen zusammen opfern, während die Einfälle des Geistes im Herzen geformt werden, da lassen sie den einen mit Bedacht abfallen; die anderen treten ab, indem ihre feierlichen Reden Beifall finden.","SRC-072; SRC-073; SRC-106; SRC-107","2026-09-09"
"DK-OCC-111","INCISING","10.080.07","a","4","tatakṣuḥ","√takṣ-","√ takṣ-","zimmern, behauen, hämmern, härten; schaffen, verfertigen (vom Wagen, von Geschöpfen, Liedern, Gebeten), bewirken, machen, zubereiten","number=PL|person=3|mood=IND|tense=PRF|voice=ACT","C","Cretic","'zimmern, behauen, hämmern' - the ordinary verb of fashioning","NOT ASSIGNED","The R̥ibhus fabricated prayer for Agni, and we with mighty hymns have called on Agni. Agni, Most Youthful God, protect the singer: win us by worship, Agni, great possessions.","Für Agni haben die R̥bhu's eine erbauliche Rede gezimmert, zu Agni haben wir ein großes Loblied gesprochen. Agni, hilf dem Sänger weiter, o Jüngster; Agni, erbitte großen Reichtum!","SRC-072; SRC-073; SRC-106; SRC-107","2026-09-09"
"DK-OCC-112","INCISING","10.081.04","b","3","niṣṭatakṣúḥ","√takṣ-","√ takṣ-","zimmern, behauen, hämmern, härten; schaffen, verfertigen (vom Wagen, von Geschöpfen, Liedern, Gebeten), bewirken, machen, zubereiten","number=PL|person=3|mood=IND|tense=PRF|voice=ACT|local particle=LP","P","Popular","'zimmern, behauen, hämmern' - the ordinary verb of fashioning","NOT ASSIGNED","What was the tree, what wood in sooth produced it, from which they fashioned out the earth and heaven? Ye thoughtful men inquire within your spirit whereon he stood when he established all things.","Welches war denn das Holz, welches der Baum, aus dem sie Himmel und Erde zimmerten? Ihr Nachdenkende, forschet in eurem Geiste darnach, worauf er stand, als er die Welten befestigte?","SRC-072; SRC-073; SRC-106; SRC-107","2026-09-09"
"DK-OCC-113","INCISING","10.086.05","a","2","taṣṭā́ni","√takṣ-","√ takṣ-","zimmern, behauen, hämmern, härten; schaffen, verfertigen (vom Wagen, von Geschöpfen, Liedern, Gebeten), bewirken, machen, zubereiten","case=ACC|gender=N|number=PL|non-finite=PTCP-ta","P","Popular","'zimmern, behauen, hämmern' - the ordinary verb of fashioning","NOT ASSIGNED","Kapi hath marred the beauteous things, all deftly wrought, that were my joy. In pieces will I rend his head; the sinner's portion sball be woo. Supreme is Indra over all.","Meine lieben gedrechselten, bemalten (Sachen) hat der Affe besudelt. Seinen Kopf will ich gleich zerschlagen und dem Übeltäter nicht schön kommen. – Höher als alles steht Indra!","SRC-072; SRC-073; SRC-106; SRC-107","2026-09-09"
"DK-OCC-114","INCISING","10.092.07","c","6","tatakṣiré","√takṣ-","√ takṣ-","zimmern, behauen, hämmern, härten; schaffen, verfertigen (vom Wagen, von Geschöpfen, Liedern, Gebeten), bewirken, machen, zubereiten","number=PL|person=3|mood=IND|tense=PRF|voice=MED","N","Normal","'zimmern, behauen, hämmern' - the ordinary verb of fashioning","NOT ASSIGNED","With Indra have they found enjoyment, they who toil, in the light's beauty, in the very Strong One's strength; The singers who in men's assemblies forged for him, according to his due, his friend the thunderbolt.","Von Indra haben die Diensteifrigen Nutzen erlangt, wenn es sich um den Anblick der Sonne und um die Krafttat des Bullen handelt: die Dichter, die nach seinem Verdienst seine verbündete Keule in den Männersitzungen gezimmert haben.","SRC-072; SRC-073; SRC-106; SRC-107","2026-09-09"
"DK-OCC-115","INCISING","10.099.01","d","1","tákṣat","√takṣ-","√ takṣ-","zimmern, behauen, hämmern, härten; schaffen, verfertigen (vom Wagen, von Geschöpfen, Liedern, Gebeten), bewirken, machen, zubereiten","number=SG|person=3|mood=INJ|tense=AOR|voice=ACT","A","Archaic","'zimmern, behauen, hämmern' - the ordinary verb of fashioning","NOT ASSIGNED","WHAT Splendid One, Loud-voiced, Farstriding, dost thou, well knowing, urge us to exalt with praises? What give we him? When his might dawned, he fashioned the Vr̥itra-slaying bolt, and sent us waters.","Welches wunderbare (Preislied) verlangst du von uns als Kenner, um (dich) den breitspurigen Brüller zu erbauen? Welche Gabe wird im Erwachen seiner Kraft die Keule zimmern, (wenn) sie den Vr̥traüberwinder aufgeschwellt hat?","SRC-072; SRC-073; SRC-106; SRC-107","2026-09-09"
"DK-OCC-116","INCISING","10.101.10","b","2","takṣata","√takṣ-","√ takṣ-","zimmern, behauen, hämmern, härten; schaffen, verfertigen (vom Wagen, von Geschöpfen, Liedern, Gebeten), bewirken, machen, zubereiten","number=PL|person=2|mood=IMP|tense=AOR|voice=ACT","P","Popular","'zimmern, behauen, hämmern' - the ordinary verb of fashioning","NOT ASSIGNED","Pour golden juice within the wooden vessel: with stone-made axes fashion ye and form it. Embrace and compass it with tenfold girdle, and to both chariot-poles attach the car-horse.","Gieß doch den goldgelben (Soma) in den Schoß des Holzes ein; schnitzet mit steinernen Messern! Umschlinget (ihn) mit zehn Gurten, schirret das Zugtier an die Deppeldeichsel!","SRC-072; SRC-073; SRC-106; SRC-107","2026-09-09"
"DK-OCC-117","INCISING","10.105.06","b","1","tatákṣa","√takṣ-","√ takṣ-","zimmern, behauen, hämmern, härten; schaffen, verfertigen (vom Wagen, von Geschöpfen, Liedern, Gebeten), bewirken, machen, zubereiten","number=SG|person=3|mood=IND|tense=PRF|voice=ACT","A","Archaic","'zimmern, behauen, hämmern' - the ordinary verb of fashioning","NOT ASSIGNED","The Mighty sang with Lofty Ones: the Hero fashioned with his strength, Like skilful Mâtariṣvan with his power and might,","Von reckenhafter Kraft stimmte er mit den Recken den Gesang an. Der Held hat (die Keule) mit Kraft gezimmert, mit Umsicht wie R̥bhu, der Mātariśvan.","SRC-072; SRC-073; SRC-106; SRC-107","2026-09-09"
"DK-OCC-118","INCISING","10.180.02","d","3","tāḷhi","√takṣ-","√ takṣ-","zimmern, behauen, hämmern, härten; schaffen, verfertigen (vom Wagen, von Geschöpfen, Liedern, Gebeten), bewirken, machen, zubereiten","number=SG|person=2|mood=IMP|tense=PRS|voice=ACT","P","Popular","'zimmern, behauen, hämmern' - the ordinary verb of fashioning","NOT ASSIGNED","Like a dread wild beast roaming on the mountain thou hast approached us from the farthest distance. Whetting thy bold and thy sharp blade, O Indra, crush thou the foe and scatter those who hate us.","Im Gebirge hausend wie das furchtbare umherschweifende wilde Tier, bist du aus fernster Ferne gekommen. Deinen Spieß schärfend, dein spitze Klinge, o Indra, enthaupte die Feinde, treibe die Verächter auseinander!","SRC-072; SRC-073; SRC-106; SRC-107","2026-09-09"
"DK-OCC-119","MARKING","01.162.13","d","1","aṅkā́ḥ","aṅká-","aṅká-","Haken, Klammer","case=NOM|gender=M|number=PL","P","Popular","'Haken, Klammer' - later 'mark, brand'","NOT ASSIGNED","The trial-fork of the flesh-cooking caldron, the vessels out of which the broth is sprinkled, The warming-pots, the covers of the dishes, hooks, carving-boards,– all these attend the Charger.","Das Prüfstäbchen des Fleischkochtopfes, die Schalen zum Eingießen der Brühe, die dampfenden Deckel der Kessel, Haken, Fleischteller warten auf das Roß.","SRC-072; SRC-073; SRC-106; SRC-107","2026-09-09"
"DK-OCC-120","MARKING","10.062.07","c","4","aṣṭakarṇyàḥ","aṣṭakarṇá-","aṣṭakarṇá-","mit gekennzeichneten Ohren (von Rind und Ross)","case=ACC|gender=F|number=PL","C","Cretic","'mit gekennzeichneten Ohren (von Rind und Ross)'","NOT ASSIGNED","With Indra for associate the priests have cleared the stable full of steeds and kine, Giving to me a thousand with their eightmarked cars, they gained renown among the Gods.","""Mit Indra als Verbündetem entleerten die Sänger den Rinder- und Roßpferch. Sie, die mir tausend (Kühe) mit gezeichneten Ohren schenken, haben sich Ruhm vor den Göttern erworben.""","SRC-072; SRC-073; SRC-106; SRC-107","2026-09-09"
"DK-OCC-121","MARKING","10.071.02","d","3","lakṣmī́ḥ","lakṣmī́-","lakṣmī́-","'gutes, glückliches Zeichen' (AV+: 'Glück, Glückszeichen'; jünger: 'Glücksgöttin, Lakṣmī'","case=NOM|gender=F|number=SG","P","Popular","'gutes, glückliches Zeichen'","NOT ASSIGNED","Where, like men cleansing corn-flour in a cribble, the wise in spirit have created language, Friends see and recognize the marks of friendship: their speech retains the blessed sign imprinted.","Wo die Weisen mit Nachdenken die Rede gebildet haben, sie wie Schrotmehl durch ein Sieb reinigend, da erkennen die Genossen ihre Genossenschaft. Deren gutes Zeichen ist ihrer Rede aufgeprägt.","SRC-072; SRC-073; SRC-106; SRC-107","2026-09-09"
"DK-OCC-122","MARKING","02.012.04","c","5","lakṣám","lakṣá-","lakṣá-","'Einsatz' (beim Würfelspiel)","case=ACC|gender=M|number=SG","C","Cretic","'Einsatz (beim Würfelspiel)' - the stake in a dice game","NOT ASSIGNED","By whom this universe was made to tremble, who chased away the humbled brood of demons, Who, like a gambler gathering his winnings seized the foe's riches, He, O men, is Indra.","Durch den alle diese Umwälzungen geschehen sind, der die dasische Rasse unterworfen und verdunkelt hat, der die Reichtümer des großen Herrn wegnahm wie ein siegreicher Glücksspieler den hohen Einsatz — der, ihr Leute, ist Indra.","SRC-072; SRC-073; SRC-106; SRC-107","2026-09-09"
"DK-OCC-123","MARKING","10.010.02","b","1","sálakṣmā","sálakṣman-","sálakṣman-","gleiches Merkmal habend","case=NOM|gender=F|number=SG","P","Popular","'gleiches Merkmal habend', having the same mark","NOT ASSIGNED","Thy friend loves not the friendship which considers her who is near in kindred as stranger. Sons of the mighty Asura, the Heroes, supporters of the heavens, see far around them.","(Yama:) ""Solche Freundschaft will dein Freund nicht, daß Blutsverwandtes (wie) Fremdartiges werde. Die Söhne des großen Asura, seine Mannen, des Himmels Erhalter schauen weit und breit umher.""","SRC-072; SRC-073; SRC-106; SRC-107","2026-09-09"
"DK-OCC-124","MARKING","10.012.06","b","1","sálakṣmā","sálakṣman-","sálakṣman-","gleiches Merkmal habend","case=NOM|gender=F|number=SG","s","Strophic, metrical variations only","'gleiches Merkmal habend', having the same mark","NOT ASSIGNED","'Tis hard to understand the Immortal's nature, where she who is akin becomes astranger. Guard ceaselessly, great Agni, him who ponders Yama's name, easy to be comprehended.","Von üblem Angedenken ist darin dss Unsterblichen (Yama) Name, daß Blutsverwandtes fremdartig sein soll. Wer aber an des Yama Namen von gutem Angedenken denkt, den schütze ohne Unterlaß, du erhabener Agni!","SRC-072; SRC-073; SRC-106; SRC-107","2026-09-09"
"DK-OCC-125","MARKING","08.046.22","d","2","tryàruṣīṇām","tryàruṣa-","tryàruṣa-","an drei Stellen rötlich gezeichnet","case=GEN|gender=F|number=PL","A","Archaic","'an drei Stellen rötlich gezeichnet'","NOT ASSIGNED","Steeds sixty thousand and ten thousand kine, and twenty hundred camels I obtained; Ten hundred brown in hue, and other ten red in three spots: in all, ten thousand kine.","Sechzigtausend von seiner Roßherde, Myriaden (Kühe) erhielt ich, zwanzighundert Kamele, zehnhundert dunkelbraune Stuten, zehn(hundert) mit drei rötlichen Flecken, zehntausend Kühe. ","SRC-072; SRC-073; SRC-106; SRC-107","2026-09-09"
"DK-OCC-126","MARKING","01.033.06","c","4","níraṣṭāḥ","√akṣ-","√ akṣ- 1","kennzeichnen, Ohrenmarken einstechen","case=NOM|gender=M|number=PL|non-finite=PTCP-ta|local particle=LP","n","Normal, metrical variations only","Grassmann's √akṣ- 1 'kennzeichnen, Ohrenmarken einstechen'; the Zurich lemma string merges it with √akṣ- 2 'erreichen (?)', so the surface form decides which is which","NOT ASSIGNED","They met in fight the army of the blameless. then the Navagvas put forth all their power. They, like emasculates with men contending, fled, conscious, by steep paths from Indra, scattered.","Sie wollten die Wehr des Untadeligen bekämpfen; die Navagvastämme übten Vergeltung. Wie verschnittene (Stiere), die mit einem Bullen kämpfen, flohen sie gezeichnet in eiligem Laufe vor Indra, zur Einsicht kommend.","SRC-072; SRC-073; SRC-106; SRC-107","2026-09-09"
"DK-OCC-127","MARKING","01.163.10","d","2","ā́kṣiṣuḥ","√akṣ-","√ akṣ- 2","erreichen (?)","number=PL|person=3|mood=IND|tense=AOR|voice=ACT","P","Popular","Grassmann's √akṣ- 1 'kennzeichnen, Ohrenmarken einstechen'; the Zurich lemma string merges it with √akṣ- 2 'erreichen (?)', so the surface form decides which is which","NOT ASSIGNED","Symmetrical in flank, with rounded haunches, mettled like heroes, the Celestial Coursers Put forth their strength, like swans in lengthened order, when they, the Steeds, have reached the heavenly causeway.","Die ........ himmlischen Rennpferde, von denen das Ende (des Zuges) noch stillsteht, während die mittleren laufen, sie ziehen in einer Reihe wie die Gänse, wenn die Rosse in die himmlische Rennbahn gelangt sind.","SRC-072; SRC-073; SRC-106; SRC-107","2026-09-09"
"DK-OCC-128","MARKING","10.011.07","a","6","ákṣat","√akṣ-","√ akṣ- 2","erreichen (?)","number=SG|person=3|mood=INJ|tense=PRS|voice=ACT","p","Popular, metrical variations only","Grassmann's √akṣ- 1 'kennzeichnen, Ohrenmarken einstechen'; the Zurich lemma string merges it with √akṣ- 2 'erreichen (?)', so the surface form decides which is which","NOT ASSIGNED","Far-famed is he, the mortal man, O Agni, thou Son of Strength, who hath obtained thy favour. He, gathering power, borne onward by his horses, makes his days lovely in his might and splendour.","Der Sterbliche‚ der deine Gunst erlangen wird, Agni, Sohn der Kraft, der wird über die Maßen bekannt. Er bekommt gute Speise, fährt mit Rossen; glanzvoll, mächtig sieht er den (kommenden) Tagen entgegen.","SRC-072; SRC-073; SRC-106; SRC-107","2026-09-09"
"DK-OCC-129","SIGN","01.003.12","b","3","ketúnā","ketú-","ketú-","Erscheinung, Kennzeichen, Lichterscheinung, Helle, Gestalt","case=INS|gender=M|number=SG","S","Strophic","'Erscheinung, Kennzeichen, Lichterscheinung, Helle, Gestalt'","NOT ASSIGNED","Sarasvatî, the mighty flood,– she with be light illuminates, She brightens every pious thought.","Mit ihrem Banner offenbart Sarasvatī ihre große Wasserflut; sie beherrscht alle (frommen) Gedanken. ","SRC-072; SRC-073; SRC-106; SRC-107","2026-09-09"
"DK-OCC-130","SIGN","01.006.03","a","1","ketúm","ketú-","ketú-","Erscheinung, Kennzeichen, Lichterscheinung, Helle, Gestalt","case=ACC|gender=M|number=SG","s","Strophic, metrical variations only","'Erscheinung, Kennzeichen, Lichterscheinung, Helle, Gestalt'","NOT ASSIGNED","Thou, making light where no light was, and form, O men: where form was not, Wast born together with the Dawns.","Dem Richtlosen die Richte gebend, dem Farblosen Farbe, ihr Männer, wurdest du mit den Morgenröten zusammen geboren.","SRC-072; SRC-073; SRC-106; SRC-107","2026-09-09"
"DK-OCC-131","SIGN","01.024.07","d","4","ketávaḥ","ketú-","ketú-","Erscheinung, Kennzeichen, Lichterscheinung, Helle, Gestalt","case=NOM|gender=M|number=PL","P","Popular","'Erscheinung, Kennzeichen, Lichterscheinung, Helle, Gestalt'","NOT ASSIGNED","Varuṇa, King, of hallowed might, sustaineth erect the Tree's stem in the baseless region. Its rays, whose root is high above, stream downward. Deep may they sink within us, and be hidden.","Im bodenlosen Raume hält König Varuṇa von lauter Willenskraft die Krone des Baums oben fest. Nach unten senken sie sich, oben ist ihre Wurzel. In uns mögen die Strahlen befestigt sein.","SRC-072; SRC-073; SRC-106; SRC-107","2026-09-09"
"DK-OCC-132","SIGN","01.027.12","b","2","ketúḥ","ketú-","ketú-","Erscheinung, Kennzeichen, Lichterscheinung, Helle, Gestalt","case=NOM|gender=M|number=SG","S","Strophic","'Erscheinung, Kennzeichen, Lichterscheinung, Helle, Gestalt'","NOT ASSIGNED","Like some rich Lord of men may he, Agni the banner of the Gods, Refulgent, hear us through our lauds.","Er soll wie ein reicher Clanherr auf uns hören, das göttliche Banner, Agni, der bei unseren Lobliedern hell erglänzt.","SRC-072; SRC-073; SRC-106; SRC-107","2026-09-09"
"DK-OCC-133","SIGN","01.036.14","a","6","ketúnā","ketú-","ketú-","Erscheinung, Kennzeichen, Lichterscheinung, Helle, Gestalt","case=INS|gender=M|number=SG","a","Archaic, metrical variations only","'Erscheinung, Kennzeichen, Lichterscheinung, Helle, Gestalt'","NOT ASSIGNED","Erect, preserve us from sore trouble; with thy flame burn thou each ravening demon dead. Raise thou us up that we may walk and live. so thou shalt find our worship mid the Gods.","Aufrecht schütze uns vor Not mit (deinem) Banner, verbrenne jeden Atrin. Richte uns auf zum Wandel, zum Leben! Finde Vorliebe für uns unter den Göttern!","SRC-072; SRC-073; SRC-106; SRC-107","2026-09-09"
"DK-OCC-134","SIGN","01.050.01","b","3","ketávaḥ","ketú-","ketú-","Erscheinung, Kennzeichen, Lichterscheinung, Helle, Gestalt","case=NOM|gender=M|number=PL","C","Cretic","'Erscheinung, Kennzeichen, Lichterscheinung, Helle, Gestalt'","NOT ASSIGNED","HIS bright rays bear him up aloft, the God who knoweth all that lives, Sûrya, that all may look on him.","Dort fahren den Gott Jātavedas seine Strahlen herauf, auf daß die ganze Welt den Sonnengott schaue. ","SRC-072; SRC-073; SRC-106; SRC-107","2026-09-09"
"DK-OCC-135","SIGN","01.050.03","a","3","ketávaḥ","ketú-","ketú-","Erscheinung, Kennzeichen, Lichterscheinung, Helle, Gestalt","case=NOM|gender=M|number=PL","C","Cretic","'Erscheinung, Kennzeichen, Lichterscheinung, Helle, Gestalt'","NOT ASSIGNED","His herald rays are seen afar refulgent o'er the world of men, Like flames of fire that burn and blaze.","Seine Vorzeichen, die Strahlen sind unter den Menschen weit sichtbar geworden, wie Feuer erglänzend.","SRC-072; SRC-073; SRC-106; SRC-107","2026-09-09"
"DK-OCC-136","SIGN","01.060.01","a","4","ketúm","ketú-","ketú-","Erscheinung, Kennzeichen, Lichterscheinung, Helle, Gestalt","case=ACC|gender=M|number=SG","A","Archaic","'Erscheinung, Kennzeichen, Lichterscheinung, Helle, Gestalt'","NOT ASSIGNED","As 'twere Some goodly treasure Mâtariṣvan brought, as a gift, the glorious Priest to Bhr̥igu, Banner of sacrifice, the good Protector, child of two births, the swiftly moving envoy.","Den geehrten Wagenfahrer, das Banner des Opfers, den Boten, der gut zuredet und alsbald sein Ziel erreicht, den Zweigeborenen, wie Reichtum Gepriesenen brachte Mātariśvan dem Bhr̥gu als Gabe.","SRC-072; SRC-073; SRC-106; SRC-107","2026-09-09"
"DK-OCC-137","SIGN","01.071.02","d","4","ketúm","ketú-","ketú-","Erscheinung, Kennzeichen, Lichterscheinung, Helle, Gestalt","case=ACC|gender=M|number=SG","N","Normal","'Erscheinung, Kennzeichen, Lichterscheinung, Helle, Gestalt'","NOT ASSIGNED","Our sires with lauds burst e'en the firmset fortress, yea, the Angirases, with roar, the mountain. They made for us a way to reach high heaven, they found us day, light, day's sign, beams of morning.","Unsere Väter, die Aṅgiras' haben durch ihre Lieder selbst die starken Bollwerke, den Fels mit lautem Ruf erbrochen. Sie haben für uns den Gang des hohen Himmels hergestellt: sie haben den Tag, die Sonne, das Wahrzeichen der Morgenröte gefunden.","SRC-072; SRC-073; SRC-106; SRC-107","2026-09-09"
"DK-OCC-138","SIGN","01.092.01","a","5","ketúm","ketú-","ketú-","Erscheinung, Kennzeichen, Lichterscheinung, Helle, Gestalt","case=ACC|gender=M|number=SG","n","Normal, metrical variations only","'Erscheinung, Kennzeichen, Lichterscheinung, Helle, Gestalt'","NOT ASSIGNED","THESE Dawns have raised their banner; in the eastern half of the mid-air they spread abroad their shinine light. Like heroes who prepare their weapons for the war, onward they come bright red in hue, the Mother Cows.","Dort haben die Morgenröten ihr Banner aufgesteckt, auf der östlichen Seite des Raums legen sie sich Licht als Salbe auf, sich ablösend wie Tapfere ihre Waffen (wechseln). Es kehren die roten Kühe wieder, die Mütter.","SRC-072; SRC-073; SRC-106; SRC-107","2026-09-09"
"DK-OCC-139","SIGN","01.096.06","b","2","ketúḥ","ketú-","ketú-","Erscheinung, Kennzeichen, Lichterscheinung, Helle, Gestalt","case=NOM|gender=M|number=SG","C","Cretic","'Erscheinung, Kennzeichen, Lichterscheinung, Helle, Gestalt'","NOT ASSIGNED","Root of wealth, gathering-place of treasures, banner of sacrifice, who grants the suppliant's wishes: Preserving him as their own life immortal, the Gods possessed the wealth-bestowing Agni.","Die Grundlage des Reichtums, der Sammler der Schätze, des Opfers Banner, der Erfüller der Gebete, der Vogel ‒ Ihre Unsterblichkeit wahrend erhalten die Götter Agni, den Schätzespender.","SRC-072; SRC-073; SRC-106; SRC-107","2026-09-09"
"DK-OCC-140","SIGN","01.103.01","d","6","ketúḥ","ketú-","ketú-","Erscheinung, Kennzeichen, Lichterscheinung, Helle, Gestalt","case=NOM|gender=M|number=SG","C","Cretic","'Erscheinung, Kennzeichen, Lichterscheinung, Helle, Gestalt'","NOT ASSIGNED","THAT highest Indra-power of thine is distant: that which is here sages possessed aforetime. This one is on the earth, in heaven the other, and both unite as flag with flag in battle.","Jenes dein höchstes indrisches (Wesen) ist weit weg, dieses hielten die Seher vor Zeiten fest. Auf Erden ist dies eine, im Himmel das andere von ihm: Es wird wie ein Feldzeichen zu einem Ganzen zusammengefügt.","SRC-072; SRC-073; SRC-106; SRC-107","2026-09-09"
"DK-OCC-141","SIGN","01.113.15","b","2","ketúm","ketú-","ketú-","Erscheinung, Kennzeichen, Lichterscheinung, Helle, Gestalt","case=ACC|gender=M|number=SG","C","Cretic","'Erscheinung, Kennzeichen, Lichterscheinung, Helle, Gestalt'","NOT ASSIGNED","Bringing all life-sustaining blessings with her, showing herself she sends forth brilliant lustre. Last of the countless mornings that have vanished, first of bright morns to come hath Dawn arisen.","Gedeihliche erwünschte Gaben bringt sie mit; sie steckt das bunte Banner auf, die Augen auf sich ziehend. Als die letzte aller vergangenen, als die erste der Erstrahlenden ist Uṣas hell geworden.","SRC-072; SRC-073; SRC-106; SRC-107","2026-09-09"
"DK-OCC-142","SIGN","01.113.19","b","2","ketúḥ","ketú-","ketú-","Erscheinung, Kennzeichen, Lichterscheinung, Helle, Gestalt","case=NOM|gender=M|number=SG","C","Cretic","'Erscheinung, Kennzeichen, Lichterscheinung, Helle, Gestalt'","NOT ASSIGNED","Mother of Gods, Aditi's forui of glory, ensign of sacrifice, shine forth exalted. Rise up, bestowing praise on our devotion all-bounteous, niake us chief among the people.","Du, die Mutter der Götter, das Abbild der Aditi, das Wahrzeichen des Opfers, die Hohe, erglänze! Unserem Segenswort Ehre machend geh auf, bring uns unter die Leute, Allbegehrte!","SRC-072; SRC-073; SRC-106; SRC-107","2026-09-09"
"DK-OCC-143","SIGN","01.124.05","b","5","ketúm","ketú-","ketú-","Erscheinung, Kennzeichen, Lichterscheinung, Helle, Gestalt","case=ACC|gender=M|number=SG","C","Cretic","'Erscheinung, Kennzeichen, Lichterscheinung, Helle, Gestalt'","NOT ASSIGNED","There in the east half of the watery region the Mother of the Cows hath shown her ensign. Wider and wider still she spreadeth onward, and filleth full the laps of both heir Parents.","An der östlichen Seite des .... Raumes hat die Mutter der Kühe ihr Banner aufgesteckt. Sie breitet sich immer weiter in die Breite aus, bis sie den Schoß beider Eltern ausfüllt.","SRC-072; SRC-073; SRC-106; SRC-107","2026-09-09"
"DK-OCC-144","SIGN","01.124.11","c","6","ketúḥ","ketú-","ketú-","Erscheinung, Kennzeichen, Lichterscheinung, Helle, Gestalt","case=NOM|gender=M|number=SG","C","Cretic","'Erscheinung, Kennzeichen, Lichterscheinung, Helle, Gestalt'","NOT ASSIGNED","This young Maid from the east hath shone upon us; she harnesseth her team of bright red oxen. She will beam forth, the light will hasten hither, and Agni will be present in each dwelling.","Im Osten schimmerte die junge Frau hernieder, sie schirrt die Reihe ihrer roten Rinder an. Jetzt möge sie aufleuchten; ihr Banner soll vorausgehen: In jedem Hause stelle sich das Feuer ein.","SRC-072; SRC-073; SRC-106; SRC-107","2026-09-09"
"DK-OCC-145","SIGN","01.127.06","e","2","ketúḥ","ketú-","ketú-","Erscheinung, Kennzeichen, Lichterscheinung, Helle, Gestalt","case=NOM|gender=M|number=SG","A","Archaic","'Erscheinung, Kennzeichen, Lichterscheinung, Helle, Gestalt'","NOT ASSIGNED","He, roaring very loudly like the Maruts' host, in fertile cultivated fields adorable, in desert spots adorable, Accepts and eats our offered gifts, ensign of sacrifice by desert; So let all, joying, love his path when he is glad, as men pursue a path for bliss.","Denn er ist lautrauschend gleich der marutischen Heerschar in den ertragreichen Feldern sich ausbreitend, in den .......... sich ausbreitend. Der Nehmer hat die Opferspenden an sich genommen, wie sich's gebührt, er des Opfers Wahrzeichen. Dann, wenn er freudig, ungeduldig ist, haben alle an seinem Wege ihr Wohlgefallen wie die Herren an dem Wege zur Prunkfahrt.","SRC-072; SRC-073; SRC-106; SRC-107","2026-09-09"
"DK-OCC-146","SIGN","01.166.01","b","4","ketáve","ketú-","ketú-","Erscheinung, Kennzeichen, Lichterscheinung, Helle, Gestalt","case=DAT|gender=M|number=SG","s","Strophic, metrical variations only","'Erscheinung, Kennzeichen, Lichterscheinung, Helle, Gestalt'","NOT ASSIGNED","Now let us publish, for the vigorous company the herald of the Strong One, their primeval might. With fire upon your way, O Maruts loud of voice, with battle, Mighty Ones, achieve your deeds of strength.","Wir wollen nun dem wilden Geschlecht, dem Fähnlein des Bullen (Indra) von seiner früheren Größe erzählen. Wie mit Feuer übt ihr lautbrausende Marut auf der Fahrt, wie mit Kampf, ihr Mächtigen, eure Kraft aus!","SRC-072; SRC-073; SRC-106; SRC-107","2026-09-09"
"DK-OCC-147","SIGN","01.187.06","c","3","ketúnā","ketú-","ketú-","Erscheinung, Kennzeichen, Lichterscheinung, Helle, Gestalt","case=INS|gender=M|number=SG","A","Archaic","'Erscheinung, Kennzeichen, Lichterscheinung, Helle, Gestalt'","NOT ASSIGNED","In thee, O Food, is set the spirit of great Gods. Under thy flag brave deeds were done he slew the Dragon with thy help.","Nach dir, o Speise, steht der Sinn der großen Götter. Schönes ist in (deinem) Zeichen getan worden. Mit deiner Hilfe hat (Indra) den Drachen erschlagen.","SRC-072; SRC-073; SRC-106; SRC-107","2026-09-09"
"DK-OCC-148","SIGN","01.191.04","c","2","ketávaḥ","ketú-","ketú-","Erscheinung, Kennzeichen, Lichterscheinung, Helle, Gestalt","case=NOM|gender=M|number=PL","P","Popular","'Erscheinung, Kennzeichen, Lichterscheinung, Helle, Gestalt'","NOT ASSIGNED","The cows had settled in their stalls, the beasts of prey had sought their lairs, Extinguished were the lights of men, when things unseen infected me.","Die Kühe haben sich im Stall niedergelegt, das Wild ist zur Ruhe gegangen, zur Ruhe auch die Lichter der Menschen, die Unsichtbaren sind angeschmiert.","SRC-072; SRC-073; SRC-106; SRC-107","2026-09-09"
"DK-OCC-149","SIGN","02.011.06","d","4","ketū́","ketú-","ketú-","Erscheinung, Kennzeichen, Lichterscheinung, Helle, Gestalt","case=ACC|gender=M|number=DU","S","Strophic","'Erscheinung, Kennzeichen, Lichterscheinung, Helle, Gestalt'","NOT ASSIGNED","Indra, we laud thy great deeds wrought aforetime, we laud thine exploits later of achievement; We laud the bolt that in thine arms lies eager; we laud thy two Bay Steeds, heralds of Sûrya.","Ich will nun deine früheren großen (Taten) preisen, Indra, und wir wollen deine neueren Taten preisen. Ich will die willige Keule in deinen Armen preisen, ich will deine beiden Falben preisen, die zwei Strahlen der Sonne sind.","SRC-072; SRC-073; SRC-106; SRC-107","2026-09-09"
"DK-OCC-150","SIGN","03.001.17","a","4","ketúḥ","ketú-","ketú-","Erscheinung, Kennzeichen, Lichterscheinung, Helle, Gestalt","case=NOM|gender=M|number=SG","N","Normal","'Erscheinung, Kennzeichen, Lichterscheinung, Helle, Gestalt'","NOT ASSIGNED","Ensign of Gods hast thou become, O Agni, joy-giver, knower of all secret wisdom. Friend of the homestead, thou hast lightened mortals: carborne thou goest to the Gods, fulfilling.","Du Agni wardst zum Feldzeichen der Götter, du der Wohlredende, der alle Weisheiten kennt. Du gabst als Hausherr allen Sterblichen Wohnung; du suchst als Wagenfahrer die Götter erfolgreich auf.","SRC-072; SRC-073; SRC-106; SRC-107","2026-09-09"
"DK-OCC-151","SIGN","03.002.14","b","1","ketúm","ketú-","ketú-","Erscheinung, Kennzeichen, Lichterscheinung, Helle, Gestalt","case=ACC|gender=M|number=SG","N","Normal","'Erscheinung, Kennzeichen, Lichterscheinung, Helle, Gestalt'","NOT ASSIGNED","As pure and swift of course, beholder of the light, who stands in heaven's bright sphere a sign, who wakes at dawn, Agni, the head of heaven, whom none may turn aside-to him the Powerful with mighty prayer we seek.","Emsig wie die helle (Sonne) auf der Fahrt, sonnenaugig, des Himmels Banner, im Glanze weilend, am frühen Morgen wach, das unbestrittene Oberhaupt des Himmels, den sieggewinnenden Agni gehen wir mit hoher Verbeugung an.","SRC-072; SRC-073; SRC-106; SRC-107","2026-09-09"
"DK-OCC-152","SIGN","03.003.03","a","1","ketúm","ketú-","ketú-","Erscheinung, Kennzeichen, Lichterscheinung, Helle, Gestalt","case=ACC|gender=M|number=SG","N","Normal","'Erscheinung, Kennzeichen, Lichterscheinung, Helle, Gestalt'","NOT ASSIGNED","Sages shall glorify Agni with earnest thoughts, ensign of sacrifice, who fills the synod full: In whom the singers have stored up their holy acts to him the worshipper looks for joy and happiness.","Das Banner der Opfer, den Erwirker von Weisheit, den Agni verherrlichen die Redekundigen nach ihrer Einsicht, auf den sie ihre Werke, ihre Lobesworte vereinigt haben; von ihm bittet sich der Opfernde Gunstbeweise aus.","SRC-072; SRC-073; SRC-106; SRC-107","2026-09-09"
"DK-OCC-153","SIGN","03.008.08","d","4","ketúm","ketú-","ketú-","Erscheinung, Kennzeichen, Lichterscheinung, Helle, Gestalt","case=ACC|gender=M|number=SG","N","Normal","'Erscheinung, Kennzeichen, Lichterscheinung, Helle, Gestalt'","NOT ASSIGNED","Âdityas, Rudras, Vasus, careful leaders, Earth, Heaven, and Pr̥ithivî and Air's mid-region, Accordant Deities shall bless our worship and make our sacrifice's ensign lofty.","Die Āditya's, die Rudra's, die Vasu's, die guten Führer, Himmel und Erde, Land und Luft, die Götter sollen einmütig das Opfer begünstigen und sollen das Banner der Opferhandlung aufpflanzen.","SRC-072; SRC-073; SRC-106; SRC-107","2026-09-09"
"DK-OCC-154","SIGN","03.010.04","a","2","ketúḥ","ketú-","ketú-","Erscheinung, Kennzeichen, Lichterscheinung, Helle, Gestalt","case=NOM|gender=M|number=SG","N","Normal","'Erscheinung, Kennzeichen, Lichterscheinung, Helle, Gestalt'","NOT ASSIGNED","Ensign of sacrifices, he, Agni, with Gods is come to us, Decked by the seven priests, to him who bringeth gifts.","Er, das Banner der Opfer, Agni soll mit den Göttern kommen zu dem Opfernden von den sieben Opferpriestern gesalbt.","SRC-072; SRC-073; SRC-106; SRC-107","2026-09-09"
"DK-OCC-155","SIGN","03.011.03","b","1","ketúḥ","ketú-","ketú-","Erscheinung, Kennzeichen, Lichterscheinung, Helle, Gestalt","case=NOM|gender=M|number=SG","s","Strophic, metrical variations only","'Erscheinung, Kennzeichen, Lichterscheinung, Helle, Gestalt'","NOT ASSIGNED","Ensign of sacrifice from of old, Agni well knoweth with his thought To prosper this man's aim and hope.","Denn Agni, das erste Banner des Opfers, versteht es mit Kunst, sein Ziel zu erreichen.","SRC-072; SRC-073; SRC-106; SRC-107","2026-09-09"
"DK-OCC-156","SIGN","03.029.05","c","2","ketúm","ketú-","ketú-","Erscheinung, Kennzeichen, Lichterscheinung, Helle, Gestalt","case=ACC|gender=M|number=SG","p","Popular, metrical variations only","'Erscheinung, Kennzeichen, Lichterscheinung, Helle, Gestalt'","NOT ASSIGNED","Rub into life, ye men, the Sage, the guileless, Immortal, very wise and fair to look on. O men, bring forth the most propitious Agni, first ensign of the sacrifice to eastward.","Reibet, o Männer, den nicht doppelzüngigen Seher aus, den klugen Unsterblichen von schönem Ansehen! Das Wahrzeichen des Opfers, den freundlichen Agni, erzeuget zuerst vorweg, ihr Männer!","SRC-072; SRC-073; SRC-106; SRC-107","2026-09-09"
"DK-OCC-157","SIGN","03.034.04","c","4","ketúm","ketú-","ketú-","Erscheinung, Kennzeichen, Lichterscheinung, Helle, Gestalt","case=ACC|gender=M|number=SG","c","Cretic, metrical variations only","'Erscheinung, Kennzeichen, Lichterscheinung, Helle, Gestalt'","NOT ASSIGNED","Indra, light-winner, days' Creator, conquered, victorious, hostile bands with those who loved him. For man the days' bright ensign he illumined, and found the light for his joy and gladness.","Indra, der Sonnengewinner, der die Tage schuf, der Überlegene gewann mit den Uśij die Schlachten. Er ließ für Manu das Wahrzeichen der Tage aufleuchten; er fand das Licht zu großer Freude.","SRC-072; SRC-073; SRC-106; SRC-107","2026-09-09"
"DK-OCC-158","SIGN","03.055.02","c","3","ketúḥ","ketú-","ketú-","Erscheinung, Kennzeichen, Lichterscheinung, Helle, Gestalt","case=NOM|gender=M|number=SG","N","Normal","'Erscheinung, Kennzeichen, Lichterscheinung, Helle, Gestalt'","NOT ASSIGNED","Let not the Gods here injure us, O Agni, nor Fathers of old time who know the region, Nor the sign set between two ancient dwellings. Great is the Gods' supreme and sole dominion.","Dabei mögen uns die Götter und die spurenkundigen Vorfahren ja nicht irreführen, o Agni. Zwischen den Sitzen der beiden uralten (Rodasī) ist (deine) Leuchte. — Groß ist die einzige Asuramacht der Götter.","SRC-072; SRC-073; SRC-106; SRC-107","2026-09-09"
"DK-OCC-159","SIGN","03.061.03","b","4","ketúḥ","ketú-","ketú-","Erscheinung, Kennzeichen, Lichterscheinung, Helle, Gestalt","case=NOM|gender=M|number=SG","N","Normal","'Erscheinung, Kennzeichen, Lichterscheinung, Helle, Gestalt'","NOT ASSIGNED","Thou, Morning, turning thee to every creature, standest on high as ensign of the Immortal, To one same goal ever and ever wending now, like a wheel, O newly-born, roll hi ther.","Uṣas, allen Wesen dich zuwendend stehst du aufrecht als das Wahrzeichen der Unsterblichkeit. Dem gleichen Ziele zueilend dreh dich wie ein Rad her, du Neueste!","SRC-072; SRC-073; SRC-106; SRC-107","2026-09-09"
"DK-OCC-160","SIGN","04.007.04","c","3","ketúm","ketú-","ketú-","Erscheinung, Kennzeichen, Lichterscheinung, Helle, Gestalt","case=ACC|gender=M|number=SG","S","Strophic","'Erscheinung, Kennzeichen, Lichterscheinung, Helle, Gestalt'","NOT ASSIGNED","Vivasvan's envoy living men have taken as their ensign, swift, The ruler over all mankind, moving like Bhr̥igu in each home.","Den flinken Boten des Vivasvat, der über alle Völker (herrscht), ihn den Bhr̥gugenossen brachten die Āyusöhne als Wahrzeichen zu jedem Clane.","SRC-072; SRC-073; SRC-106; SRC-107","2026-09-09"
"DK-OCC-161","SIGN","04.014.02","a","2","ketúm","ketú-","ketú-","Erscheinung, Kennzeichen, Lichterscheinung, Helle, Gestalt","case=ACC|gender=M|number=SG","N","Normal","'Erscheinung, Kennzeichen, Lichterscheinung, Helle, Gestalt'","NOT ASSIGNED","Producing light for all the world of creatures, God Savitar hath raised aloft his banner. Making his presence known by sunbeams, Sûrya hath filled the firmament and earth and heaven.","Gott Savitr̥ hat sein Banner aufgerichtet, der ganzen Welt Licht bereitend. Sūrya hat Himmel und Erde, die Luft angefüllt, mit seinen Strahlen prangend.","SRC-072; SRC-073; SRC-106; SRC-107","2026-09-09"
"DK-OCC-162","SIGN","05.007.04","a","4","ketúm","ketú-","ketú-","Erscheinung, Kennzeichen, Lichterscheinung, Helle, Gestalt","case=ACC|gender=M|number=SG","A","Archaic","'Erscheinung, Kennzeichen, Lichterscheinung, Helle, Gestalt'","NOT ASSIGNED","He gives a signal in the night even to him who is afar, When he, the Bright, unchanged by eld, consumes the sovrans of the wood.","Er gibt auch des Nachts dem in der Ferne Weilenden ein Erkennungszeichen, wenn der Helle, Alterlose die Bäume zerkleinert.","SRC-072; SRC-073; SRC-106; SRC-107","2026-09-09"
"DK-OCC-163","SIGN","05.011.02","a","2","ketúm","ketú-","ketú-","Erscheinung, Kennzeichen, Lichterscheinung, Helle, Gestalt","case=ACC|gender=M|number=SG","N","Normal","'Erscheinung, Kennzeichen, Lichterscheinung, Helle, Gestalt'","NOT ASSIGNED","Ensign of sacrifice, the earliest Household-Priest, the. men have kindled Agni in his threefold seat, With Indra and the Gods together on the grass let the wise Priest sit to complete the sacrifice.","Des Opfers Fahne und ersten Bevollmächtigten, den Agni haben die Männer entzündet an dreifachem Sitze. Auf gleichem Wagen mit Indra, mit den Göttern (kommend) setze er sich auf das Barhis zum Opfern nieder als der umsichtige Hotr̥.","SRC-072; SRC-073; SRC-106; SRC-107","2026-09-09"
"DK-OCC-164","SIGN","05.011.03","d","3","ketúḥ","ketú-","ketú-","Erscheinung, Kennzeichen, Lichterscheinung, Helle, Gestalt","case=NOM|gender=M|number=SG","N","Normal","'Erscheinung, Kennzeichen, Lichterscheinung, Helle, Gestalt'","NOT ASSIGNED","Pure , unadorned, from thy two Mothers art thou born: thou camest fromVivasvan as a charming Sage. With oil they strengthened thee, O Agni, worshipped God: thy banner was the smoke that mounted to the sky.","Obwohl nicht gesäubert wirst du von den Müttern doch rein geboren; als der wohlredende Seher des Vivasvat erstandest du. Mit Schmalz zogen sie dich groß, du (mit Schmalz) begossener Agni. Dein Rauch ward das Banner, das sich gen Himmel reckt.","SRC-072; SRC-073; SRC-106; SRC-107","2026-09-09"
"DK-OCC-165","SIGN","05.034.09","b","4","ketúm","ketú-","ketú-","Erscheinung, Kennzeichen, Lichterscheinung, Helle, Gestalt","case=ACC|gender=M|number=SG","N","Normal","'Erscheinung, Kennzeichen, Lichterscheinung, Helle, Gestalt'","NOT ASSIGNED","Agni! I laud the liberal Âgniveṣi, Ṣatri the type and standard of the pious. May the collected waters yield him plenty, and his be powerful and bright dominion.","Den Tausendschenker Śatri, des Agniveśa Sohn will ich feiern, o Agni, das Vorbild und die Leuchte eines hohen Herrn. Für ihn sollen die Gewässer ununterbrochen anschwellen, bei ihm soll die mächtige, furchtgebietende Herrschaft verbleiben.","SRC-072; SRC-073; SRC-106; SRC-107","2026-09-09"
"DK-OCC-166","SIGN","05.044.08","a","4","ketúnā","ketú-","ketú-","Erscheinung, Kennzeichen, Lichterscheinung, Helle, Gestalt","case=INS|gender=M|number=SG","C","Cretic","'Erscheinung, Kennzeichen, Lichterscheinung, Helle, Gestalt'","NOT ASSIGNED","Thy name, sung forth by R̥ishis in these hymns of ours, goes to the loftier One with this swift mover's light. By skill he wins the boon whereon his heart is set: he who bestirs himself shall bring the thing to pass.","Unter dem Banner dieses ...... kommt (das Lied) zu der stärkeren Stimme des R̥ṣi (mit Worten), unter denen dein Name ist. In was für einen sie gelegt ward, einen solchen nimmt sie mit Geschäftigkeit (zum Manne). Wer sie selbst heimführt, (nur) der wird es (ihr) recht machen.","SRC-072; SRC-073; SRC-106; SRC-107","2026-09-09"
"DK-OCC-167","SIGN","05.060.08","d","3","ketúnā","ketú-","ketú-","Erscheinung, Kennzeichen, Lichterscheinung, Helle, Gestalt","case=INS|gender=M|number=SG","C","Cretic","'Erscheinung, Kennzeichen, Lichterscheinung, Helle, Gestalt'","NOT ASSIGNED","O Agni, with the Maruts as they gleam and sing, gathered in troop, rejoicing drink the Soma juice; With these the living ones who cleanse and further all, joined with thy banner, O Vaiṣvânara, from of old.","Agni! Trink lustig Soma mit den prunkenden lobsingenden Marut, der auserlesenen Schar, mit den läuternden, allbewegenden, langlebigen(?), o Vaiśvānara, im Verein mit deinem langdauernden Lichtschein!","SRC-072; SRC-073; SRC-106; SRC-107","2026-09-09"
"DK-OCC-168","SIGN","05.066.04","c","2","ketúnā","ketú-","ketú-","Erscheinung, Kennzeichen, Lichterscheinung, Helle, Gestalt","case=INS|gender=M|number=SG","A","Archaic","'Erscheinung, Kennzeichen, Lichterscheinung, Helle, Gestalt'","NOT ASSIGNED","And ye show wMom, Wondrous Gods with fulness of intellIgence. By men's discernment are Ve marked, O ye whose might is purified.","Und ihr (berget) ja alle weisen Gedanken mit den Burgen des Verstandes, ihr Wunderbaren; ihr nehmt (sie) wahr durch das (innere) Licht der Menschen, ihr von lauterem Verstand.","SRC-072; SRC-073; SRC-106; SRC-107","2026-09-09"
"DK-OCC-169","SIGN","06.002.03","b","2","ketúm","ketú-","ketú-","Erscheinung, Kennzeichen, Lichterscheinung, Helle, Gestalt","case=ACC|gender=M|number=SG","A","Archaic","'Erscheinung, Kennzeichen, Lichterscheinung, Helle, Gestalt'","NOT ASSIGNED","Of one accord men kindle thee Heaven's signal of the sacrifice, When, craving bliss, this race of man invites thee to the solemn rite.","Dich, das Wahrzeichen des Opfers, entflammen einträchtiglich die Mannen des Himmels, wenn dieses Menschenkind deine Gunst begehrend im Gottesdienst opfert.","SRC-072; SRC-073; SRC-106; SRC-107","2026-09-09"
"DK-OCC-170","SIGN","06.007.02","d","2","ketúm","ketú-","ketú-","Erscheinung, Kennzeichen, Lichterscheinung, Helle, Gestalt","case=ACC|gender=M|number=SG","C","Cretic","'Erscheinung, Kennzeichen, Lichterscheinung, Helle, Gestalt'","NOT ASSIGNED","Him have they praised, mid-point of sacrifices, great cistern of libations, seat of riches. Vaiṣvânara, conveyer of oblations, ensign of worship, have the Gods engendered.","Dem Nabel [Mittelpunkt] der Opfer, dem Sitz der Reichtümer, der großen Tränke brüllten sie insgesamt zu. Den Vaiśvānara haben die Götter zum Wagenfahrer der Opfer, zum Wahrzeichen des Gottesdienstes gemacht.","SRC-072; SRC-073; SRC-106; SRC-107","2026-09-09"
"DK-OCC-171","SIGN","06.007.05","d","2","ketúm","ketú-","ketú-","Erscheinung, Kennzeichen, Lichterscheinung, Helle, Gestalt","case=ACC|gender=M|number=SG","C","Cretic","'Erscheinung, Kennzeichen, Lichterscheinung, Helle, Gestalt'","NOT ASSIGNED","Agni Vaiṣvânara, no one hath ever resisted these thy mighty ordinances, When thou, arising from thy Parents' bosom, foundest the light for days' appointed courses.","Vaiśvānara! Diese deine hohen Anordnungen hat noch keiner angetastet, o Agni, da du im Schoße der beiden Eltern geboren das Wahrzeichen in der Reihenfolge der Tage fandest.","SRC-072; SRC-073; SRC-106; SRC-107","2026-09-09"
"DK-OCC-172","SIGN","06.007.06","b","4","ketúnā","ketú-","ketú-","Erscheinung, Kennzeichen, Lichterscheinung, Helle, Gestalt","case=INS|gender=M|number=SG","C","Cretic","'Erscheinung, Kennzeichen, Lichterscheinung, Helle, Gestalt'","NOT ASSIGNED","The summits of the heaven are traversed through and through by the Immortal's light, Vaiṣvânara's brilliancy. All creatures in existence rest upon his head. The Seven swift-flowing Streams have grown like branches forth,","Durch das Auge des Vaiśvānara, durch das Wahrzeichen der Unsterblichkeit sind die Höhen des Himmels ausgemessen. Auf seinem Haupte (stehen) alle Welten; wie die Zweige sind seine sieben Arme(?) gewachsen.","SRC-072; SRC-073; SRC-106; SRC-107","2026-09-09"
"DK-OCC-173","SIGN","06.039.03","c","2","ketúm","ketú-","ketú-","Erscheinung, Kennzeichen, Lichterscheinung, Helle, Gestalt","case=ACC|gender=M|number=SG","A","Archaic","'Erscheinung, Kennzeichen, Lichterscheinung, Helle, Gestalt'","NOT ASSIGNED","This Indu lighted darksome nights, O Indra, throughout the years, at morning and at evening. Him have they stablished as the days' bright ensign. He made the Mornings to be born in splendour.","Dieser Saft hat die unerhellten Nächte erhellt, abends und morgens (alle) Herbste, o Indra. Diesen haben sie für immer zum Wahrzeichen der Tage gemacht; er schuf die reingeborenen Uṣas'.","SRC-072; SRC-073; SRC-106; SRC-107","2026-09-09"
"DK-OCC-174","SIGN","06.049.02","d","2","ketúm","ketú-","ketú-","Erscheinung, Kennzeichen, Lichterscheinung, Helle, Gestalt","case=ACC|gender=M|number=SG","A","Archaic","'Erscheinung, Kennzeichen, Lichterscheinung, Helle, Gestalt'","NOT ASSIGNED","Him, to be praised at each tribe's sacrifices, the Two young Matrons' sober-minded Herald, The Son of Strength, the Child of Heaven, the signal of sacrifice, red Agni will I worship.","Den besonnenen Lenker der beiden jugendlichen (Rodasī), bei den Opfern jedes Stammes anzurufen, Agni, das Kind des Himmels, den Sohn der Kraft, das Wahrzeichen des Opfers, den Rötlichen will ich verehren.","SRC-072; SRC-073; SRC-106; SRC-107","2026-09-09"
"DK-OCC-175","SIGN","07.005.05","d","3","ketúm","ketú-","ketú-","Erscheinung, Kennzeichen, Lichterscheinung, Helle, Gestalt","case=ACC|gender=M|number=SG","C","Cretic","'Erscheinung, Kennzeichen, Lichterscheinung, Helle, Gestalt'","NOT ASSIGNED","Agni, the tawny horses, loudly neighing our resonant hymns that drop with oil, attend thee; Lord of the tribes, our Charioteer of riches, Ensign of days, Vaiṣvânara of mornings.","Dich, Agni, geleiten voll Verlangen als Falbinnen die Loblieder, die klangvollen, butterglatten, dich den Herrn der Völker, den Wagenlenker der Reichtümer, den Vaiśvānara, das Banner der Morgen, der Tage.","SRC-072; SRC-073; SRC-106; SRC-107","2026-09-09"
"DK-OCC-176","SIGN","07.006.02","a","2","ketúm","ketú-","ketú-","Erscheinung, Kennzeichen, Lichterscheinung, Helle, Gestalt","case=ACC|gender=M|number=SG","S","Strophic","'Erscheinung, Kennzeichen, Lichterscheinung, Helle, Gestalt'","NOT ASSIGNED","Sage, Sing, Food, Light,– they bring him from the mountain, the blessed Sovran of the earth and heaven. I decorate with songs the mighty actions which Agni, Fort-destroyer, did aforetime.","Den Seher, das Banner, den Glanz, das Gemächte des Steins treiben sie zur Eile, das Heil und die Herrschaft beider Welten. Mit Lobreden erbitte ich für mich die früheren großen Werke des Burgenbrechers Agni:","SRC-072; SRC-073; SRC-106; SRC-107","2026-09-09"
"DK-OCC-177","SIGN","07.009.01","c","2","ketúm","ketú-","ketú-","Erscheinung, Kennzeichen, Lichterscheinung, Helle, Gestalt","case=ACC|gender=M|number=SG","C","Cretic","'Erscheinung, Kennzeichen, Lichterscheinung, Helle, Gestalt'","NOT ASSIGNED","ROUSED from their bosom is the Dawns' beloved, the joyous Priest, most sapient, Purifier. He gives a signal both to Gods and mortals, to Gods oblations, riches to the pious.","Der Buhle der Morgenröten ist erwacht aus ihrem Schoße (aufleuchtend), der wohlredende Hotr̥, der größte Seher, der Reine. Er gibt das Zeichen für beiderlei Volk, zu den Göttern (bringt er) die Opfer, Reichtum zu den Frommen.","SRC-072; SRC-073; SRC-106; SRC-107","2026-09-09"
"DK-OCC-178","SIGN","07.030.03","b","3","ketúm","ketú-","ketú-","Erscheinung, Kennzeichen, Lichterscheinung, Helle, Gestalt","case=ACC|gender=M|number=SG","S","Strophic","'Erscheinung, Kennzeichen, Lichterscheinung, Helle, Gestalt'","NOT ASSIGNED","When fair bright days shall dawn on us, O Indra, and thou shalt bring thy banner near in battle, Agni the Asura shall sit as Herald, calling Gods hither for our great good fortune.","Auf daß schöne Tage anbrechen mögen, o Indra, auf daß du das oberste Zeichen im Kampfe geben mögest, nimmt Agni, der Hotr̥, seinen Sitz ein wie der Asura und ruft die Götter für den beliebten (Opferherrn) hierher.","SRC-072; SRC-073; SRC-106; SRC-107","2026-09-09"
"DK-OCC-179","SIGN","07.034.06","b","2","ketúm","ketú-","ketú-","Erscheinung, Kennzeichen, Lichterscheinung, Helle, Gestalt","case=ACC|gender=M|number=SG","S","Strophic","'Erscheinung, Kennzeichen, Lichterscheinung, Helle, Gestalt'","NOT ASSIGNED","Go swift to battles, to the sacrifice: set up a flag, a hero for the folk.","Bringet in eigner Person während der Kämpfe das Opfer in raschen Gang! Macht es zum Banner, zum Helden für das Volk!","SRC-072; SRC-073; SRC-106; SRC-107","2026-09-09"
"DK-OCC-180","SIGN","07.063.02","b","2","ketúḥ","ketú-","ketú-","Erscheinung, Kennzeichen, Lichterscheinung, Helle, Gestalt","case=NOM|gender=M|number=SG","S","Strophic","'Erscheinung, Kennzeichen, Lichterscheinung, Helle, Gestalt'","NOT ASSIGNED","Sûrya's great ensign, restless as the billow, that urgeth men to action, is advancing: Onward he still would roll the wheel well-rounded, which Etaṣa, harnessed to the car-pole, moveth.","Es geht der Wecker der Menschen, das große, wallende Banner des Sūrya auf, um das (stets) gleiche Rad ins Rollen zu bringen, das der ins Joch gespannte Etaśa zieht.","SRC-072; SRC-073; SRC-106; SRC-107","2026-09-09"
"DK-OCC-181","SIGN","07.067.02","c","2","ketúḥ","ketú-","ketú-","Erscheinung, Kennzeichen, Lichterscheinung, Helle, Gestalt","case=NOM|gender=M|number=SG","S","Strophic","'Erscheinung, Kennzeichen, Lichterscheinung, Helle, Gestalt'","NOT ASSIGNED","Brightly hath Agni shone by us enkindled: the limits even of darkness were apparent. Eastward is seen the Banner of the Morning, the Banner born to give Heaven's Daughter glory.","Das entzündete Feuer ist bei uns entflammt; selbst der Finsternis Ende ist erschienen. Im Osten hat sich das Banner der Morgenröte, der Himmelstochter, bemerkbar gemacht, das zur Schönheit geboren wird.","SRC-072; SRC-073; SRC-106; SRC-107","2026-09-09"
"DK-OCC-182","SIGN","07.076.02","c","3","ketúḥ","ketú-","ketú-","Erscheinung, Kennzeichen, Lichterscheinung, Helle, Gestalt","case=NOM|gender=M|number=SG","n","Normal, metrical variations only","'Erscheinung, Kennzeichen, Lichterscheinung, Helle, Gestalt'","NOT ASSIGNED","I see the paths which Gods are wont to travel, innocuous paths made ready by the Vasus. Eastward the flag of Dawn hath been uplifted; she hath come hither o'er the tops of houses.","Die gottbegangenen Pfade sind mir sichtbar geworden, die unfehlbaren, von den Göttern bereiteten. Im Osten ist das Banner der Uṣas erschienen; sie ist aus ihrem festen Hause uns entgegen gekommen.","SRC-072; SRC-073; SRC-106; SRC-107","2026-09-09"
"DK-OCC-183","SIGN","07.078.01","a","2","ketávaḥ","ketú-","ketú-","Erscheinung, Kennzeichen, Lichterscheinung, Helle, Gestalt","case=NOM|gender=M|number=PL","C","Cretic","'Erscheinung, Kennzeichen, Lichterscheinung, Helle, Gestalt'","NOT ASSIGNED","WE have beheld her earliest lights approaching: her many glories part, on high, asunder. On car sublime, refulgent, wending hither, O Ushas, bring the Wealth that makes us happy.","Ihre ersten Strahlen haben sich wieder gezeigt; aufsteigend breiten sich ihre Farben aus. Uṣas, bring uns auf dem näherkommenden hohen lichten Wagen Gutes mit!","SRC-072; SRC-073; SRC-106; SRC-107","2026-09-09"
"DK-OCC-184","SIGN","08.012.07","a","3","ketávaḥ","ketú-","ketú-","Erscheinung, Kennzeichen, Lichterscheinung, Helle, Gestalt","case=NOM|gender=M|number=PL","A","Archaic","'Erscheinung, Kennzeichen, Lichterscheinung, Helle, Gestalt'","NOT ASSIGNED","The beams that mark him have grown strong, the thunder rests between his arms, When, like the Sun, he hath increased both Heaven and Earth.","Seine Abzeichen und die Keule in seinen Händen sind gewachsen, als er wie die Sonne beide Welten größer machte. ","SRC-072; SRC-073; SRC-106; SRC-107","2026-09-09"
"DK-OCC-185","SIGN","08.043.05","c","3","ketávaḥ","ketú-","ketú-","Erscheinung, Kennzeichen, Lichterscheinung, Helle, Gestalt","case=NOM|gender=M|number=PL","n","Normal, metrical variations only","'Erscheinung, Kennzeichen, Lichterscheinung, Helle, Gestalt'","NOT ASSIGNED","These lightly kindled fiery flames are all around made visible, Even as the glearaings of the Dawns.","Diese entzündeten Feuer sind wie die Strahlen der Morgenröten jäh zum Vorschein gekommen. ","SRC-072; SRC-073; SRC-106; SRC-107","2026-09-09"
"DK-OCC-186","SIGN","08.044.10","c","2","ketúm","ketú-","ketú-","Erscheinung, Kennzeichen, Lichterscheinung, Helle, Gestalt","case=ACC|gender=M|number=SG","n","Normal, metrical variations only","'Erscheinung, Kennzeichen, Lichterscheinung, Helle, Gestalt'","NOT ASSIGNED","Him, Sage and Herald, void of guile, ensign of sacrifices, him Smoke-bannered, rich in light, we seek.","Dem redekundigen Hotr̥ ohne Trug, mit dem Rauch als Fahne, dem glanzreichen, dem Banner der Opfer nahen wir bittend. ","SRC-072; SRC-073; SRC-106; SRC-107","2026-09-09"
"DK-OCC-187","SIGN","08.096.04","c","5","ketúm","ketú-","ketú-","Erscheinung, Kennzeichen, Lichterscheinung, Helle, Gestalt","case=ACC|gender=M|number=SG","S","Strophic","'Erscheinung, Kennzeichen, Lichterscheinung, Helle, Gestalt'","NOT ASSIGNED","I count thee as the Holiest of the Holy, the caster-down of what hath ne'er been shaken. I count thee as the Banner of the heroes, I count thee as the Chief of all men living.","Ich halte dich für den Opferwürdigen unter den Opferwürdigen, ich halte dich für den Erschütterer der Unerschütterlichen. Ich halte dich, Indra, für das Banner der Krieger, ich halte dich für den Bullen der Völker. ","SRC-072; SRC-073; SRC-106; SRC-107","2026-09-09"
"DK-OCC-188","SIGN","09.064.08","a","1","ketúm","ketú-","ketú-","Erscheinung, Kennzeichen, Lichterscheinung, Helle, Gestalt","case=ACC|gender=M|number=SG","N","Normal","'Erscheinung, Kennzeichen, Lichterscheinung, Helle, Gestalt'","NOT ASSIGNED","Making the light that shines from heaven thou flowest on to every form Soma, thou swellest like a sea.","Dein Banner aufsteckend rinnst du vom Himmel, alle Farben annehmend. (Wie) das Meer schwillst du an, o Soma. ","SRC-072; SRC-073; SRC-106; SRC-107","2026-09-09"
"DK-OCC-189","SIGN","09.070.03","a","4","ketávaḥ","ketú-","ketú-","Erscheinung, Kennzeichen, Lichterscheinung, Helle, Gestalt","case=NOM|gender=M|number=PL","S","Strophic","'Erscheinung, Kennzeichen, Lichterscheinung, Helle, Gestalt'","NOT ASSIGNED","May those his brilliant rays he ever free from death, inviolate, for both classes of created things,– Rays wherewith powers of men and Gods are purified. Yea, even for this have sageswelcomed him as King.","Diese seine Lichtstrahlen, die unsterblichen, untrüglichen sollen zu beiden Geschlechtern dringen, durch die die Menschenkräfte und die göttlichen (Kräfte) geläutert werden. Dann erst haben die Nachsinnenden den König in ihren Besitz bekommen. ","SRC-072; SRC-073; SRC-106; SRC-107","2026-09-09"
"DK-OCC-190","SIGN","09.086.05","b","6","ketávaḥ","ketú-","ketú-","Erscheinung, Kennzeichen, Lichterscheinung, Helle, Gestalt","case=NOM|gender=M|number=PL","N","Normal","'Erscheinung, Kennzeichen, Lichterscheinung, Helle, Gestalt'","NOT ASSIGNED","O thou who seest all things, Sovran as thou art and passing strong, thy rays encompass all abodes. Pervading with thy natural powers thou flowest on, and as the whole world's Lord, O Soma, thou art King.","Der du der Gebieter bist, deine, des Meisters, Banner durchlaufen alle (deine) Formen, o Allseher. Durchdringend läuterst du dich, o Soma, nach den Vorschriften. Als Gebieter herrschst du über die ganze Welt. ","SRC-072; SRC-073; SRC-106; SRC-107","2026-09-09"
"DK-OCC-191","SIGN","09.086.06","b","5","ketávaḥ","ketú-","ketú-","Erscheinung, Kennzeichen, Lichterscheinung, Helle, Gestalt","case=NOM|gender=M|number=PL","N","Normal","'Erscheinung, Kennzeichen, Lichterscheinung, Helle, Gestalt'","NOT ASSIGNED","The beams of Pavamâna, sent from earth and heaven, his ensigns who is ever steadfast, travel round. When on the sieve the Golden-hued is cleansed, he rests within the vats as one who seats him in his place.","Des Pavamāna Strahlen, seine Banner wandeln auf beiden Seiten um, während er fest bleibt. Wenn der Falbe in der Seihe sauber gemacht wird, setzt sich der gern Sitzende an seinen Platz, in die Krüge. ","SRC-072; SRC-073; SRC-106; SRC-107","2026-09-09"
"DK-OCC-192","SIGN","09.086.07","a","2","ketúḥ","ketú-","ketú-","Erscheinung, Kennzeichen, Lichterscheinung, Helle, Gestalt","case=NOM|gender=M|number=SG","N","Normal","'Erscheinung, Kennzeichen, Lichterscheinung, Helle, Gestalt'","NOT ASSIGNED","Served with fair rites he flows, ensign of sacrifice: Soma advances to the special place of Gods. He speeds with thousand currents to the reservoir, and passes through the filter bellowing as a bull.","Soma, des Opfers Banner, läutert sich, den Gottesdienst verschönend; er geht zur Gesellschaft der Götter. In tausend Strömen umfließt er die Kufe, brüllend geht der Bulle über die Seihe. ","SRC-072; SRC-073; SRC-106; SRC-107","2026-09-09"
"DK-OCC-193","SIGN","10.001.05","b","2","ketúm","ketú-","ketú-","Erscheinung, Kennzeichen, Lichterscheinung, Helle, Gestalt","case=ACC|gender=M|number=SG","S","Strophic","'Erscheinung, Kennzeichen, Lichterscheinung, Helle, Gestalt'","NOT ASSIGNED","Priest of the holy rite, with car that glitters, refulgent Banner of each act of worship, Sharinging every God through might and glory, even Agni Guest of men I summon hither.","Den Hotr̥ des Gottesdienstes mit dem wunderbaren Wagen, das hellfarbige Banner jeglichen Opfers, den Agni, der durch seine Größe jeglichem Gotte gleichberechtigt ist, vermöge seines Vorrangs aber der Gast der Menschen ist — ","SRC-072; SRC-073; SRC-106; SRC-107","2026-09-09"
"DK-OCC-194","SIGN","10.002.06","b","2","ketúm","ketú-","ketú-","Erscheinung, Kennzeichen, Lichterscheinung, Helle, Gestalt","case=ACC|gender=M|number=SG","C","Cretic","'Erscheinung, Kennzeichen, Lichterscheinung, Helle, Gestalt'","NOT ASSIGNED","Because the Father hath produced thee, Leader of all our solemn rites, their brilliant Banner: So win by worship pleasant homes abounding in heroes, and rich food to nourish all men.","Denn dich hat der Erzeuger als Sinnbild und augenfülliges Erkennungszeichen aller Opfer erzeugt. Als solcher erbitte nach einander männerreiche Wohnsitze, beneidenswerte Speisegenüsse nebst Vieh, für alle Leute ausreichend!","SRC-072; SRC-073; SRC-106; SRC-107","2026-09-09"
"DK-OCC-195","SIGN","10.008.01","a","2","ketúnā","ketú-","ketú-","Erscheinung, Kennzeichen, Lichterscheinung, Helle, Gestalt","case=INS|gender=M|number=SG","C","Cretic","'Erscheinung, Kennzeichen, Lichterscheinung, Helle, Gestalt'","NOT ASSIGNED","AGNI advances with his lofty banner: the Bull is bellowing to the earth and heavens. He hath attained the sky's supremest limits. the Steer hath waxen in the lap of waters.","Mit hohem Banner geht Agni voran; der Bulle brüllt beide Welten an. Er reichte hinauf selbst bis zu den äußersten Enden des Himmels. Im Schoße der Gewässer ist der Büffel groß geworden.","SRC-072; SRC-073; SRC-106; SRC-107","2026-09-09"
"DK-OCC-196","SIGN","10.037.01","c","3","ketáve","ketú-","ketú-","Erscheinung, Kennzeichen, Lichterscheinung, Helle, Gestalt","case=DAT|gender=M|number=SG","C","Cretic","'Erscheinung, Kennzeichen, Lichterscheinung, Helle, Gestalt'","NOT ASSIGNED","Do homage unto Varuṇa's and Mitra's Eye: offer this solemn worship to the Mighty God, Who seeth far away, the Ensign, born of Gods. Sing praises unto Sûrya, to the Son of Dyaus.","Verneigung vor dem Auge des Mitra und Varuṇa! Dem großen Gotte weihet dieses wahre (Wort); dem weithin sichtbaren, gotterzeugten Wahrzeichen, des Himmels Sohne, dem Sūrya traget (es) vor!","SRC-072; SRC-073; SRC-106; SRC-107","2026-09-09"
"DK-OCC-197","SIGN","10.037.09","a","5","ketúnā","ketú-","ketú-","Erscheinung, Kennzeichen, Lichterscheinung, Helle, Gestalt","case=INS|gender=M|number=SG","C","Cretic","'Erscheinung, Kennzeichen, Lichterscheinung, Helle, Gestalt'","NOT ASSIGNED","Thou by whose lustre all the world of life comes forth, and by thy beams again returns unto its rest, O Sûrya with the golden hair, ascend for us day after day, still bringing purer innocence.","Du, auf das Zeichen alle Wesen sich erheben und mit Dunkelheit zur Ruhe gehen. Mit Unschuldserklärung, o goldhaariger Sūrya, mit immer größerem Glück geh uns Tag für Tag auf!","SRC-072; SRC-073; SRC-106; SRC-107","2026-09-09"
"DK-OCC-198","SIGN","10.045.06","a","2","ketúḥ","ketú-","ketú-","Erscheinung, Kennzeichen, Lichterscheinung, Helle, Gestalt","case=NOM|gender=M|number=SG","C","Cretic","'Erscheinung, Kennzeichen, Lichterscheinung, Helle, Gestalt'","NOT ASSIGNED","Germ of the world, ensign of all creation, be sprang to life and filled the earth and heavens. Even the firm rock he cleft when passing over, when the Five Tribes brought sacrifice to Agni.","Das Banner des Alls, das Kind der Welt hat er bei seiner Geburt Himmel und Erde erfüllt. Er spaltete sogar den festen Fels in die Ferne ziehend, als die fünf Völker den Agni anbeteten.","SRC-072; SRC-073; SRC-106; SRC-107","2026-09-09"
"DK-OCC-199","SIGN","10.078.07","a","3","ketávaḥ","ketú-","ketú-","Erscheinung, Kennzeichen, Lichterscheinung, Helle, Gestalt","case=NOM|gender=M|number=PL","S","Strophic","'Erscheinung, Kennzeichen, Lichterscheinung, Helle, Gestalt'","NOT ASSIGNED","Like rays of Dawn, the visitors of sacrifice, they shine with ornaments as eager to be bright. Like rivers hasting on, glittering with their spears, from far away they measure out the distances.","Wie die Strahlen der Morgenröte das Opfer verschönend, wie Prunksüchtige erglänzten sie mit ihren Zieraten. Wie die Ströme eilend mit blinkenden Speeren, wie aus der Ferne (Kommende) haben sie die Meilen gemessen.","SRC-072; SRC-073; SRC-106; SRC-107","2026-09-09"
"DK-OCC-200","SIGN","10.085.19","b","2","ketúḥ","ketú-","ketú-","Erscheinung, Kennzeichen, Lichterscheinung, Helle, Gestalt","case=NOM|gender=M|number=SG","P","Popular","'Erscheinung, Kennzeichen, Lichterscheinung, Helle, Gestalt'","NOT ASSIGNED","He, born afresh, is new and new for ever ensign of days he goes before the Mornings Coming, he orders f6r the Gods their portion. The Moon prolongs the days of our existence.","Immer wieder wird er neu geboren, als das Wahrzeichen der Tage geht er der Uṣas voran. Durch sein Kommen bestimmt er den Göttern ihren Anteil: der Mond zieht sein Leben in die Länge.","SRC-072; SRC-073; SRC-106; SRC-107","2026-09-09"
"DK-OCC-201","SIGN","10.088.12","b","2","ketúm","ketú-","ketú-","Erscheinung, Kennzeichen, Lichterscheinung, Helle, Gestalt","case=ACC|gender=M|number=SG","P","Popular","'Erscheinung, Kennzeichen, Lichterscheinung, Helle, Gestalt'","NOT ASSIGNED","For all the world of life the Gods made Agni Vaiṣvânara to be the days' bright Banner,– Him who hath spread abroad the radiant Mornings, and, coming with his light, unveils the darkness.","Für die ganze Welt machten die Götter der Agni Vaiśvānara zum Zeichen der Tage; der die aufleuchtenden Morgenröten ausgebreitet hat, er deckt auch die Finsternis ab, wenn er mit seinem Lichtstrahl kommt.","SRC-072; SRC-073; SRC-106; SRC-107","2026-09-09"
"DK-OCC-202","SIGN","10.089.12","a","5","ketúḥ","ketú-","ketú-","Erscheinung, Kennzeichen, Lichterscheinung, Helle, Gestalt","case=NOM|gender=M|number=SG","N","Normal","'Erscheinung, Kennzeichen, Lichterscheinung, Helle, Gestalt'","NOT ASSIGNED","Forward, as herald of refulgent Morning, let thine insatiate arrow fly, O Indra. And pierce, as 'twere a stone launched forth from heaven, with hottest blaze the men who love deception.","Wie das Zeichen der erglühenden Uṣas soll, Indra, dein verschlingendes Geschoß hervorkommen. Wie der vom Himmel geschleuderte Stein triff mit glühendstem Eifer die Freundbetrüger!","SRC-072; SRC-073; SRC-106; SRC-107","2026-09-09"
"DK-OCC-203","SIGN","10.091.05","b","5","ketávaḥ","ketú-","ketú-","Erscheinung, Kennzeichen, Lichterscheinung, Helle, Gestalt","case=NOM|gender=M|number=PL","N","Normal","'Erscheinung, Kennzeichen, Lichterscheinung, Helle, Gestalt'","NOT ASSIGNED","Thy glories are, as lightnings from the rainy cloud, marked, many-hued, like heralds of the Dawns' approach, When, loosed to wander over plants and forest trees, thou crammest by thyself thy food into thy mouth.","Deine Schönheiten sind wie die Blitze der Regenwolke; farbenprächtig erscheinen sie wie der Morgenröte Zeichen, wann du auf die Pflanzen und Bäume losgelassen selber die Speise in deinem Munde anhäufst.","SRC-072; SRC-073; SRC-106; SRC-107","2026-09-09"
"DK-OCC-204","SIGN","10.092.01","d","2","ketúḥ","ketú-","ketú-","Erscheinung, Kennzeichen, Lichterscheinung, Helle, Gestalt","case=NOM|gender=M|number=SG","N","Normal","'Erscheinung, Kennzeichen, Lichterscheinung, Helle, Gestalt'","NOT ASSIGNED","I PRAISE your Charioteer of sacrifice, the Lord of men, Priest of the tribes, refulgent, Guest of night. Blazing amid dry plants, snatching amid the green, the Strong, the Holy Herald hath attained to heaven.","Den Wagenfahrer eures Opfers, den Clanfürsten, den Opferpriester, den Gast der Nacht, den glanzreichen (verehre ich). In den trockenen (Pflanzen) brennend, in den grünen flackernd, reicht das bullengleiche Banner, das anbetungswürdige, bis zum Himmel.","SRC-072; SRC-073; SRC-106; SRC-107","2026-09-09"
"DK-OCC-205","SIGN","10.096.04","a","3","ketúḥ","ketú-","ketú-","Erscheinung, Kennzeichen, Lichterscheinung, Helle, Gestalt","case=NOM|gender=M|number=SG","C","Cretic","'Erscheinung, Kennzeichen, Lichterscheinung, Helle, Gestalt'","NOT ASSIGNED","As if a lovely ray were laid upon the sky, the golden thunderbolt spread out as in a race. That iron bolt with yellow jaw smote Ahi down. A thousand flames had he who bore the tawny-hued.","Wie das Wahrzeichen am Himmel ist die beliebte (Keule in seine Hand) gelegt; die Keule hat Platz wie der goldgelbe (Renner) bei seinem Anlauf. Er durchstieß den Drachen, der goldzahnige, der der eherne ist. Tausendflammig ward der Träger der goldgelben (Keule).","SRC-072; SRC-073; SRC-106; SRC-107","2026-09-09"
"DK-OCC-206","SIGN","10.111.07","b","3","ketávaḥ","ketú-","ketú-","Erscheinung, Kennzeichen, Lichterscheinung, Helle, Gestalt","case=NOM|gender=M|number=PL","C","Cretic","'Erscheinung, Kennzeichen, Lichterscheinung, Helle, Gestalt'","NOT ASSIGNED","When the Dawns come attendant upon Sûrya their rays discover wealth of divers colours. The Star of heaven is seen as 'twere approaching: none knoweth aught of it as it departeth.","Als sich die Uṣas' mit dem Sonnengotte zusammentaten, da fanden dessen Strahlen den wunderbaren Reichtum. Wenn das kommende Tagesgestirn (noch) nicht sichtbar geworden ist, weiß niemand etwas Sicheres von dem wieder Gehenden.","SRC-072; SRC-073; SRC-106; SRC-107","2026-09-09"
"DK-OCC-207","SIGN","10.122.04","a","2","ketúm","ketú-","ketú-","Erscheinung, Kennzeichen, Lichterscheinung, Helle, Gestalt","case=ACC|gender=M|number=SG","C","Cretic","'Erscheinung, Kennzeichen, Lichterscheinung, Helle, Gestalt'","NOT ASSIGNED","The seven who bring oblations worship thee, the Strong, the first, the Great Chief Priest, Ensign of sacrifice, The oil-anointed Bull, Agni who hears, who sends as God full hero strength to him who freely gives.","Des Opfers Fahne und ersten Bevollmächtigten, den Lohnbringer rufen die sieben (Priester) Opfergaben bringend an, den erhörenden Agni, den Stier mit Schmalz auf dem Rücken, den Gott, der dem Spender die Meisterschaft spendet.","SRC-072; SRC-073; SRC-106; SRC-107","2026-09-09"
"DK-OCC-208","SIGN","10.139.02","d","5","ketúm","ketú-","ketú-","Erscheinung, Kennzeichen, Lichterscheinung, Helle, Gestalt","case=ACC|gender=M|number=SG","P","Popular","'Erscheinung, Kennzeichen, Lichterscheinung, Helle, Gestalt'","NOT ASSIGNED","Beholding men he sits amid the heaven filling the two world-halves and air's wide region. He looks upon the rich far-spreading pastures between the eastern and the western limit.","Mit dem Herrenauge sitzt dieser in der Mitte des Himmels, nachdem er beide Welten und den Luftraum erfüllt hat. Er schaut auf die Allseitigen, die Schmalzreichen zwischen dem östlichen und dem westlichen Zeichen.","SRC-072; SRC-073; SRC-106; SRC-107","2026-09-09"
"DK-OCC-209","SIGN","10.156.05","a","2","ketúḥ","ketú-","ketú-","Erscheinung, Kennzeichen, Lichterscheinung, Helle, Gestalt","case=NOM|gender=M|number=SG","C","Cretic","'Erscheinung, Kennzeichen, Lichterscheinung, Helle, Gestalt'","NOT ASSIGNED","Thou, Agni, art the people's light, best, dearest, seated in thy shrine: Watch for the singer, give him life.","Agni, du bist der Clane Feldzeichen, ihr liebstes schönstes Schoßkind. Erwache, dem Sänger Kraft verleihend!","SRC-072; SRC-073; SRC-106; SRC-107","2026-09-09"
"DK-OCC-210","SIGN","10.159.02","a","2","ketúḥ","ketú-","ketú-","Erscheinung, Kennzeichen, Lichterscheinung, Helle, Gestalt","case=NOM|gender=M|number=SG","P","Popular","'Erscheinung, Kennzeichen, Lichterscheinung, Helle, Gestalt'","NOT ASSIGNED","I am the banner and the head, a mighty arbitress am I: I am victorious, and my Lord shall be submissive to my will.","Ich bin das Banner, ich das Oberhaupt, ich die Mächtige, die das entscheidende Wort hat. Nur meinem, der Bezwingerin, Sinn soll sich der Gatte unterordnen. ","SRC-072; SRC-073; SRC-106; SRC-107","2026-09-09"
"DK-OCC-211","SIGN","01.190.04","b","4","yakṣabhŕ̥t","yakṣabhŕ̥t-","","","case=NOM|gender=M|number=SG","s","Strophic, metrical variations only","'ein Zeichen (?) tragend'","NOT ASSIGNED","His song of praise pervades the earth and heaven – let the wise worshipper draw it, like a courser. These of Br̥ihaspati, like hunters' arrows, go to the skies that change their hue like serpents.","Sein Ruf dringt zum Himmel, zur Erde. Wie ein Rennpferd (den Wagen anzieht), möge der Kluge, der das Geheimnis trägt, (die Götter?) anziehen(?), wenn diese (Geschosse) des Br̥haspati, wie die Geschosse für das Wild, zu den wie Schlangen wandelbaren Himmels(göttern) gehen.","SRC-072; SRC-073; SRC-106; SRC-107","2026-09-09"
"DK-OCC-212","SIGN","04.003.13","a","3","yakṣám","yakṣá-","yakṣá-","Erscheinung, Wundererscheinung, Blendwerk, Vorzeichen, Phänomen","case=ACC|gender=N|number=SG","S","Strophic","'Erscheinung, Wundererscheinung, Vorzeichen'","NOT ASSIGNED","Go never to the feast of one who harms us, the treacherous neighbour or. unworthy kinsman. Punish us not for a false brother's trespass. Let us riot feel the might of friend or foeman.","Geh nicht zu der Heimlichkeit irgend eines Unehrlichen, eines täuschenden Insassen oder Freundes! Suche nicht die Schuld eines unredlichen Bruders (an uns) heim, o Agni! Wir möchten nicht den Anschlag eines schelmischen Freundes auskosten!","SRC-072; SRC-073; SRC-106; SRC-107","2026-09-09"
"DK-OCC-213","SIGN","05.070.04","b","1","yakṣám","yakṣá-","yakṣá-","Erscheinung, Wundererscheinung, Blendwerk, Vorzeichen, Phänomen","case=ACC|gender=M|number=SG","A","Archaic","'Erscheinung, Wundererscheinung, Vorzeichen'","NOT ASSIGNED","Or ne'er may we, O Wondrous Strong, enjoy another's solemn feast, Ourselves, our sons, or progeny.","Wir möchten nicht die Heimlichkeit irgend eines am eigenen Leibe zu spüren bekommen, nicht an der Nachkommenschaft, nicht an den leiblichen Kindern, ihr von unbegreiflicher Einsicht.","SRC-072; SRC-073; SRC-106; SRC-107","2026-09-09"
"DK-OCC-214","SIGN","07.061.05","b","6","yakṣám","yakṣá-","yakṣá-","Erscheinung, Wundererscheinung, Blendwerk, Vorzeichen, Phänomen","case=ACC|gender=M|number=SG","S","Strophic","'Erscheinung, Wundererscheinung, Vorzeichen'","NOT ASSIGNED","Steers, all infallible are these your people in whom no wondrous thing is seen, no worship. Guile follows close the men who are untruthful: no secrets may be hidden from your knowledge.","Ihr Bullen, alle beide unfehlbar, diese Anschläge von euch, bei denen man weder Zeichen noch Wunder sieht, folgen den Unredlichkeiten der Menschen. Nicht sind euch beiden Geheimnisse unbekannt geblieben.","SRC-072; SRC-073; SRC-106; SRC-107","2026-09-09"
"DK-OCC-215","SIGN","10.088.13","d","1","yakṣásya","yakṣá-","yakṣá-","Erscheinung, Wundererscheinung, Blendwerk, Vorzeichen, Phänomen","case=GEN|gender=M|number=SG","P","Popular","'Erscheinung, Wundererscheinung, Vorzeichen'","NOT ASSIGNED","The wise and holy Deities engendered Agni Vaiṣvânara whom age ne'er touches. The Ancient Star that wanders on for ever, lofty and. strong, Lord of the Living Being.","Die opferwürdigen Seher, die Götter, erschufen den Agni Vaiśvānara, den alterlosen, das uralte, nie (die Richtung) verfehlende, wandelnde Gestirn, den starken, hohen Aufseher des Geheimnisses.","SRC-072; SRC-073; SRC-106; SRC-107","2026-09-09"
"DK-OCC-216","SIGN","01.126.04","b","3","śréṇim","śréṇi-","śréṇi-","Reihe, Linie Zug, Schar, Gruppe","case=ACC|gender=F|number=SG","C","Cretic","'Reihe, Linie Zug, Schar, Gruppe'","NOT ASSIGNED","Forty bay horses of the ten cars' master before a thousand lead the long procession. Reeling in joy Kakshîvân's sons and Pajra's have grounded the coursers decked with pearly trappings.","Vierzig Rotfüchse des Zehnwagenzuges führen an der Spitze die Reihe der tausend (Kühe). Die Kakṣīvat's, die Pajra's haben die stolzierenden, mit Perlen behängten Rosse für sich (als Ehrenanteil) bekommen.","SRC-072; SRC-073; SRC-106; SRC-107","2026-09-09"
"DK-OCC-217","SIGN","04.038.06","b","3","śréṇibhiḥ","śréṇi-","śréṇi-","Reihe, Linie Zug, Schar, Gruppe","case=INS|gender=F|number=PL","N","Normal","'Reihe, Linie Zug, Schar, Gruppe'","NOT ASSIGNED","And, fain to come forth first amid these armies, this way and that with rows of cars he rushes, Gay like a bridesman, making him a garland, tossing the dust, champing the rein that holds him.","Und um als erster unter ihnen zu laufen stürmt er mit den Wagenreihen (auf die Kühe) los. Er bekommt den Kranz wie der geputzte Brautwerber, Staub leckend, in den Zügel beißend.","SRC-072; SRC-073; SRC-106; SRC-107","2026-09-09"
"DK-OCC-218","SIGN","05.059.07","a","4","śréṇīḥ","śréṇi-","śréṇi-","Reihe, Linie Zug, Schar, Gruppe","case=ACC|gender=F|number=PL","C","Cretic","'Reihe, Linie Zug, Schar, Gruppe'","NOT ASSIGNED","Like birds of air they flew with might in lengthened lines from heaven's high ridges to the borders of the sky. The steeds who carry them, as Gods and mortals know, have caused the waters of the mounuains to desGend.","Die wie Vogelketten ungestüm flogen von dem hohen (Himmels)rücken bis zu den Grenzen des Himmels; ihre Rosse haben, wie beide Teile wissen, die Wildwasser des Berges hervorsprudeln lassen.","SRC-072; SRC-073; SRC-106; SRC-107","2026-09-09"
"DK-OCC-219","SIGN","10.061.20","c","3","śréṇiḥ","śréṇi-","śréṇi-","Reihe, Linie Zug, Schar, Gruppe","case=NOM|gender=F|number=SG","A","Archaic","'Reihe, Linie Zug, Schar, Gruppe'","NOT ASSIGNED","So mid these tribes he rests, the friendly envoy, borne on two paths, refulgent Lord of fuel. When, like a line, the Babe springs up erectly, his Mother straight hath borne him strong to bless us.","Nun kehret bei diesen (Clanen) der beliebte Rosselenker, der Erglänzende, im Holze Siegreiche ein, der zwei Wege fährt. Wann das Hauskind wie eine aufrechte Linie ist, so gebiert alsbald die Mutter den starken Liebling.","SRC-072; SRC-073; SRC-106; SRC-107","2026-09-09"
"DK-OCC-220","SIGN","10.095.06","a","3","śréṇiḥ","śréṇi-","śréṇi-","Reihe, Linie Zug, Schar, Gruppe","case=NOM|gender=F|number=SG","p","Popular, metrical variations only","'Reihe, Linie Zug, Schar, Gruppe'","NOT ASSIGNED","The maids Sujûrṇi, Ṣreṇi, Sumne-âpi, Charaṇyu, Granthinî, and Hradechakshus,– These like red kine have hastened forth, the bright ones, and like milch-cows have lowed in emulation.","(Purūravas:) ""Sujūrṇi, Śreṇi, Sumnaāpi‚ wie Hradecakṣus, Granthinī, Caraṇyu‚ die sind wie die rötlichen Farben zerronnen; sie schrieen um die Wette wie Milchkühe.""","SRC-072; SRC-073; SRC-106; SRC-107","2026-09-09"
"DK-OCC-221","SIGN","10.142.05","a","3","śréṇayaḥ","śréṇi-","śréṇi-","Reihe, Linie Zug, Schar, Gruppe","case=NOM|gender=F|number=PL","P","Popular","'Reihe, Linie Zug, Schar, Gruppe'","NOT ASSIGNED","Apparent are his lines as he approaches the course is single, but the cars are many, When, Agni, thou, making thine arms resplendent, advancest o'er the land spread out beneath thee.","Man sieht seine Reihen: es ist eine Anfahrt und viele Wagen, wann du, Agni, die Arme anschmiegend niedergebeugt auf der ausgestreckten Erde entlang gehst.","SRC-072; SRC-073; SRC-106; SRC-107","2026-09-09"
"DK-OCC-222","WRITING-CANDIDATE","01.034.04","d","4","akṣárā","akṣára-","akṣára-","unvergänglich; Silbe","case=NOM|gender=F|number=SG","C","Cretic","'unvergänglich; Silbe' - the word that later means a written character","NOT ASSIGNED","Thrice come ye to our home, thrice to the righteous folk, thrice triply aid the man who well deserves your help. Thrice, O ye Aṣvins, bring us what shall make us glad; thrice send us store of food as nevermore to fail.","Dreimal machet eure Umfahrt, dreimal zu dem gehorsamen Manne, dreimal bemüht euch gleichsam dreifach für den, der gut zuredet! Dreimal bringet, ihr Aśvin, Freude mit, dreimal schwellet unsere Lebenskräfte an wie die unversiegliche Kuh!","SRC-072; SRC-073; SRC-106; SRC-107","2026-09-09"
"DK-OCC-223","WRITING-CANDIDATE","01.164.24","d","1","akṣáreṇa","akṣára-","akṣára-","unvergänglich; Silbe","case=INS|gender=N|number=SG","P","Popular","'unvergänglich; Silbe' - the word that later means a written character","NOT ASSIGNED","With Gâyatrî he measures out the praise-song, Sâma with praise-song, triplet with the Trishṭup. The triplet witli the two or four-foot measure, and with the syllable they form seven metres.","Nach dem Gāyatrī(fuß) bildet er die Gesangesstrophe, nach der Gesangesstrophe die Sangesweise, nach dem Triṣṭubh(fuß) die Sprechstrophe, nach der zweifüßigen, der vierfüßigen Sprechstrophe das vorgetragene Lied. Mit der Silbe bilden sie die sieben Stimmen.","SRC-072; SRC-073; SRC-106; SRC-107","2026-09-09"
"DK-OCC-224","WRITING-CANDIDATE","01.164.39","a","2","akṣáre","akṣára-","akṣára-","unvergänglich; Silbe","case=LOC|gender=N|number=SG","P","Popular","'unvergänglich; Silbe' - the word that later means a written character","NOT ASSIGNED","Upon what syllable of holy praise-song, as twere their highest heaven, the Gods repose them,– Who knows not this, what will he do with praise-song? But they who know it well sit here assembled.","Wer die Silbe der R̥c nicht kennt, auf der im höchsten Raum alle Götter ihren Sitz haben, was will der mit der R̥c anfangen? Die sie kennen, die sitzen hier beisammen.","SRC-072; SRC-073; SRC-106; SRC-107","2026-09-09"
"DK-OCC-225","WRITING-CANDIDATE","01.164.42","c","3","akṣáram","akṣára-","akṣára-","unvergänglich; Silbe","case=NOM|gender=N|number=SG","P","Popular","'unvergänglich; Silbe' - the word that later means a written character","NOT ASSIGNED","From her descend in streams the seas of water; thereby the world's four regions have their being, Thence flows the imperishable flood and thence the universe hath life.","Von ihr strömen Meere aus, davon leben die vier Weltgegenden. Davon strömt das Unvergängliche aus, von dem zehrt alles. ","SRC-072; SRC-073; SRC-106; SRC-107","2026-09-09"
"DK-OCC-226","WRITING-CANDIDATE","03.055.01","b","4","akṣáram","akṣára-","akṣára-","unvergänglich; Silbe","case=NOM|gender=N|number=SG","N","Normal","'unvergänglich; Silbe' - the word that later means a written character","NOT ASSIGNED","AT the first shining of the earliest Mornings, in the Cow's home was born the Great Eternal. Now shall the statutes of the Gods be valid. Great is the Gods' supreme and sole dominion -","Damals als die früheren Morgenröten aufgingen, da wurde das große Wort geboren auf der Fährte der Kuh. Der Dienste der Götter wartend (sage ich:) Groß ist die einzige Asuramacht der Götter.","SRC-072; SRC-073; SRC-106; SRC-107","2026-09-09"
"DK-OCC-227","WRITING-CANDIDATE","06.016.35","b","2","akṣáre","akṣára-","akṣára-","unvergänglich; Silbe","case=LOC|gender=N|number=SG","A","Archaic","'unvergänglich; Silbe' - the word that later means a written character","NOT ASSIGNED","His Father's Father, shining in his Mother's everlasting side, Set on the seat of holy Law.","Im Leibe der Mutter Vater seines Vaters, bei der (heiligen) Rede(?) aufleuchtend, sich in den Schoß der (Opfer)ordnung setzend,","SRC-072; SRC-073; SRC-106; SRC-107","2026-09-09"
"DK-OCC-228","WRITING-CANDIDATE","07.001.14","c","2","akṣárā","akṣára-","akṣára-","unvergänglich; Silbe","gender=N","S","Strophic","'unvergänglich; Silbe' - the word that later means a written character","NOT ASSIGNED","May this same fire of mine surpass all others, this fire where offspring, vigorous and firm-handed, Wins, on a thousand paths, what ne'er shall perish.","Dieser Agni soll die anderen Agni's übertreffen, bei dem ein sieghafter leiblicher Sohn mit starker Hand (und) die tausendfache Nahrung bringende Rede sich vereinigen.","SRC-072; SRC-073; SRC-106; SRC-107","2026-09-09"
"DK-OCC-229","WRITING-CANDIDATE","10.013.03","c","1","akṣáreṇa","akṣára-","akṣára-","unvergänglich; Silbe","case=INS|gender=N|number=SG","P","Popular","'unvergänglich; Silbe' - the word that later means a written character","NOT ASSIGNED","Five paces have I risen from Earth. I follow her who hath four feet with devout observance. This by the Sacred Syllable have I measured: I purify in the central place of Order,","Den fünf Spuren der Erde(?) bin ich nachgestiegen, ich gehe nach der Regel dem vierspurigen (Wagengeleise) nach. Mit der Silbe bilde ich diese nach; im Nabel der Wahrheit vollziehe ich die Reinigung.","SRC-072; SRC-073; SRC-106; SRC-107","2026-09-09"
"DK-OCC-230","WRITING-CANDIDATE","03.031.06","c","4","ákṣarāṇām","ákṣarā-","ákṣarā-","die Rede","case=GEN|gender=F|number=PL","N","Normal","included to keep it distinct from akṣára-: a different formation with a different gloss","NOT ASSIGNED","When Saramâ had found the mountain's fissure, that vast and ancient place she plundered thoroughly. In the floods' van she led them forth, light-footed: she who well knew came first unto their lowing.","""Wenn die Saramā die Bresche im Felsen findet, so wird sie ihren früheren großen Schutz vollständig machen."" Die Leichtfüßige führte die Spitze der Kühe. Sich auskennend ging sie als erste auf den Schall zu.","SRC-072; SRC-073; SRC-106; SRC-107","2026-09-09"
"DK-OCC-231","WRITING-CANDIDATE","07.015.09","c","2","ákṣarā","ákṣarā-","ákṣarā-","die Rede","case=NOM|gender=F|number=SG","C","Cretic","included to keep it distinct from akṣára-: a different formation with a different gloss","NOT ASSIGNED","The men come near thee for their gain, the singers with their songs of praise: Speech, thousandfold, comes near to thee.","An dich wenden sich die beredten Männer mit ihren Dichtungen, um (Lohn) zu gewinnen, an (dich) die tausendeinbringende Rede.","SRC-072; SRC-073; SRC-106; SRC-107","2026-09-09"
"DK-OCC-232","WRITING-CANDIDATE","07.036.07","c","5","ákṣarā","ákṣarā-","ákṣarā-","die Rede","case=NOM|gender=F|number=SG","S","Strophic","included to keep it distinct from akṣára-: a different formation with a different gloss","NOT ASSIGNED","And may the mighty Maruts, too, rejoicing, aid our devotion and protect our offspring. Let not swift-moving Aksharâ neglect us: they have increased our own appropriate riches,","Auch jene Marut, die sieghaften, sollen begeistert unser Lied und unseren Samen begünstigen. Nicht möge uns die weidende Kuh meiden. Diese haben den uns zukommenden Reichtum vermehrt.","SRC-072; SRC-073; SRC-106; SRC-107","2026-09-09"
