"passage_id","stanza","addressee","poet_lineage","poet_lineage_basis","patron_candidates","opponent_candidates","roles_basis","description_same_pada","description_same_hemistich","description_elsewhere_in_stanza","agreeing_but_excluded","material","water","cattle","treasure","mountain","river_lemma_present","river_lemma_note","proposed_geography","geography_basis","arnold_stratum","source_id","retrieval_date","supports_page"
"PUR-P-001","01.011.04","Indra","1. group: hymns of Madhucchandas","Geldner's hymn-group heading (SRC-070), reproduced in VedaWeb info/addressees.json. A fact about Geldner's 1951 arrangement, which follows the Anukramaṇī tradition, which post-dates the text. Three removes from composition. PROVISIONAL; HOLD-006.","(none)","(none)","Grassmann's classification of the NAME, from his own gloss, not a reading of this passage's syntax. A name can occur in a passage without holding or attacking anything in it.","(none)","(none)","(none)","(none)","(none)","(none)","(none)","(none)","(none)","(none)","Presence of a lemma that CAN name a river, not a named river. síndhu- is glossed by Grassmann as 'Fluss, Strom; der Indus' — common noun and proper name at once — and Griffith and Geldner read it differently across these passages. See PUR4J-028.","NOT FILLED — no source","The pinned corpus carries no geographic content: info/rv_locations.tsv is a citation-format conversion table. This field needs a source this unit does not have, and it is bounded by the research hold at Version 12 line 1175 against identifying the forts with one archaeological culture.","N","SRC-069; SRC-020; SRC-022; SRC-026; SRC-070","2026-09-07","forts (proposed)"
"PUR-P-002","01.033.13","Indra","2. group: hymns of Medhatithi","Geldner's hymn-group heading (SRC-070), reproduced in VedaWeb info/addressees.json. A fact about Geldner's 1951 arrangement, which follows the Anukramaṇī tradition, which post-dates the text. Three removes from composition. PROVISIONAL; HOLD-006.","(none)","(none)","Grassmann's classification of the NAME, from his own gloss, not a reading of this passage's syntax. A name can occur in a passage without holding or attacking anything in it.","(none)","(none)","(none)","(none)","(none)","(none)","(none)","(none)","(none)","(none)","Presence of a lemma that CAN name a river, not a named river. síndhu- is glossed by Grassmann as 'Fluss, Strom; der Indus' — common noun and proper name at once — and Griffith and Geldner read it differently across these passages. See PUR4J-028.","NOT FILLED — no source","The pinned corpus carries no geographic content: info/rv_locations.tsv is a citation-format conversion table. This field needs a source this unit does not have, and it is bounded by the research hold at Version 12 line 1175 against identifying the forts with one archaeological culture.","n","SRC-069; SRC-020; SRC-022; SRC-026; SRC-070","2026-09-07","forts (proposed)"
"PUR-P-003","01.051.05","Indra","7. group: hymns of Savya","Geldner's hymn-group heading (SRC-070), reproduced in VedaWeb info/addressees.json. A fact about Geldner's 1951 arrangement, which follows the Anukramaṇī tradition, which post-dates the text. Three removes from composition. PROVISIONAL; HOLD-006.","māyín-; nr̥máṇas-; r̥jíśvan-","pípru-","Grassmann's classification of the NAME, from his own gloss, not a reading of this passage's syntax. A name can occur in a passage without holding or attacking anything in it.","(none)","(none)","(none)","(none)","(none)","(none)","(none)","(none)","(none)","(none)","Presence of a lemma that CAN name a river, not a named river. síndhu- is glossed by Grassmann as 'Fluss, Strom; der Indus' — common noun and proper name at once — and Griffith and Geldner read it differently across these passages. See PUR4J-028.","NOT FILLED — no source","The pinned corpus carries no geographic content: info/rv_locations.tsv is a citation-format conversion table. This field needs a source this unit does not have, and it is bounded by the research hold at Version 12 line 1175 against identifying the forts with one archaeological culture.","C","SRC-069; SRC-020; SRC-022; SRC-026; SRC-070","2026-09-07","forts (proposed)"
"PUR-P-004","01.051.11","Indra","7. group: hymns of Savya","Geldner's hymn-group heading (SRC-070), reproduced in VedaWeb info/addressees.json. A fact about Geldner's 1951 arrangement, which follows the Anukramaṇī tradition, which post-dates the text. Three removes from composition. PROVISIONAL; HOLD-006.","(none)","śúṣṇa-","Grassmann's classification of the NAME, from his own gloss, not a reading of this passage's syntax. A name can occur in a passage without holding or attacking anything in it.","(none)","apáḥ (áp-)","(none)","(none)","(none)","srótas-; áp-","(none)","(none)","(none)","(none)","Presence of a lemma that CAN name a river, not a named river. síndhu- is glossed by Grassmann as 'Fluss, Strom; der Indus' — common noun and proper name at once — and Griffith and Geldner read it differently across these passages. See PUR4J-028.","NOT FILLED — no source","The pinned corpus carries no geographic content: info/rv_locations.tsv is a citation-format conversion table. This field needs a source this unit does not have, and it is bounded by the research hold at Version 12 line 1175 against identifying the forts with one archaeological culture.","C","SRC-069; SRC-020; SRC-022; SRC-026; SRC-070","2026-09-07","forts (proposed)"
"PUR-P-005","01.053.07","Indra","7. group: hymns of Savya","Geldner's hymn-group heading (SRC-070), reproduced in VedaWeb info/addressees.json. A fact about Geldner's 1951 arrangement, which follows the Anukramaṇī tradition, which post-dates the text. Three removes from composition. PROVISIONAL; HOLD-006.","māyín-; námī-","námuci-","Grassmann's classification of the NAME, from his own gloss, not a reading of this passage's syntax. A name can occur in a passage without holding or attacking anything in it.","(none)","yudhā́ (yúdh-) yúdham (yúdh-)","(none)","(none)","(none)","(none)","(none)","(none)","(none)","(none)","Presence of a lemma that CAN name a river, not a named river. síndhu- is glossed by Grassmann as 'Fluss, Strom; der Indus' — common noun and proper name at once — and Griffith and Geldner read it differently across these passages. See PUR4J-028.","NOT FILLED — no source","The pinned corpus carries no geographic content: info/rv_locations.tsv is a citation-format conversion table. This field needs a source this unit does not have, and it is bounded by the research hold at Version 12 line 1175 against identifying the forts with one archaeological culture.","C","SRC-069; SRC-020; SRC-022; SRC-026; SRC-070","2026-09-07","forts (proposed)"
"PUR-P-006","01.053.08","Indra","7. group: hymns of Savya","Geldner's hymn-group heading (SRC-070), reproduced in VedaWeb info/addressees.json. A fact about Geldner's 1951 arrangement, which follows the Anukramaṇī tradition, which post-dates the text. Three removes from composition. PROVISIONAL; HOLD-006.","r̥jíśvan-","kárañja-; parṇáya-; váṅgr̥da-","Grassmann's classification of the NAME, from his own gloss, not a reading of this passage's syntax. A name can occur in a passage without holding or attacking anything in it.","(none)","(none)","(none)","(none)","(none)","(none)","(none)","(none)","(none)","(none)","Presence of a lemma that CAN name a river, not a named river. síndhu- is glossed by Grassmann as 'Fluss, Strom; der Indus' — common noun and proper name at once — and Griffith and Geldner read it differently across these passages. See PUR4J-028.","NOT FILLED — no source","The pinned corpus carries no geographic content: info/rv_locations.tsv is a citation-format conversion table. This field needs a source this unit does not have, and it is bounded by the research hold at Version 12 line 1175 against identifying the forts with one archaeological culture.","C","SRC-069; SRC-020; SRC-022; SRC-026; SRC-070","2026-09-07","forts (proposed)"
"PUR-P-007","01.054.06","Indra","7. group: hymns of Savya","Geldner's hymn-group heading (SRC-070), reproduced in VedaWeb info/addressees.json. A fact about Geldner's 1951 arrangement, which follows the Anukramaṇī tradition, which post-dates the text. Three removes from composition. PROVISIONAL; HOLD-006.","turváśa-; turvī́ti-; yádu-","(none)","Grassmann's classification of the NAME, from his own gloss, not a reading of this passage's syntax. A name can occur in a passage without holding or attacking anything in it.","(none)","(none)","(none)","(none)","(none)","(none)","(none)","dhána-","(none)","(none)","Presence of a lemma that CAN name a river, not a named river. síndhu- is glossed by Grassmann as 'Fluss, Strom; der Indus' — common noun and proper name at once — and Griffith and Geldner read it differently across these passages. See PUR4J-028.","NOT FILLED — no source","The pinned corpus carries no geographic content: info/rv_locations.tsv is a citation-format conversion table. This field needs a source this unit does not have, and it is bounded by the research hold at Version 12 line 1175 against identifying the forts with one archaeological culture.","C","SRC-069; SRC-020; SRC-022; SRC-026; SRC-070","2026-09-07","forts (proposed)"
"PUR-P-008","01.058.08","Agni","8. group: hymns of Nodhas, descendant of Gotama","Geldner's hymn-group heading (SRC-070), reproduced in VedaWeb info/addressees.json. A fact about Geldner's 1951 arrangement, which follows the Anukramaṇī tradition, which post-dates the text. Three removes from composition. PROVISIONAL; HOLD-006.","(none)","(none)","Grassmann's classification of the NAME, from his own gloss, not a reading of this passage's syntax. A name can occur in a passage without holding or attacking anything in it.","ā́yasībhiḥ (āyasá-)","(none)","(none)","(none)","āyasá-","(none)","(none)","(none)","(none)","(none)","Presence of a lemma that CAN name a river, not a named river. síndhu- is glossed by Grassmann as 'Fluss, Strom; der Indus' — common noun and proper name at once — and Griffith and Geldner read it differently across these passages. See PUR4J-028.","NOT FILLED — no source","The pinned corpus carries no geographic content: info/rv_locations.tsv is a citation-format conversion table. This field needs a source this unit does not have, and it is bounded by the research hold at Version 12 line 1175 against identifying the forts with one archaeological culture.","A","SRC-069; SRC-020; SRC-022; SRC-026; SRC-070","2026-09-07","forts (proposed)"
"PUR-P-009","01.061.05","Indra","8. group: hymns of Nodhas, descendant of Gotama","Geldner's hymn-group heading (SRC-070), reproduced in VedaWeb info/addressees.json. A fact about Geldner's 1951 arrangement, which follows the Anukramaṇī tradition, which post-dates the text. Three removes from composition. PROVISIONAL; HOLD-006.","(none)","(none)","Grassmann's classification of the NAME, from his own gloss, not a reading of this passage's syntax. A name can occur in a passage without holding or attacking anything in it.","(none)","(none)","(none)","(none)","(none)","(none)","(none)","(none)","(none)","(none)","Presence of a lemma that CAN name a river, not a named river. síndhu- is glossed by Grassmann as 'Fluss, Strom; der Indus' — common noun and proper name at once — and Griffith and Geldner read it differently across these passages. See PUR4J-028.","NOT FILLED — no source","The pinned corpus carries no geographic content: info/rv_locations.tsv is a citation-format conversion table. This field needs a source this unit does not have, and it is bounded by the research hold at Version 12 line 1175 against identifying the forts with one archaeological culture.","A","SRC-069; SRC-020; SRC-022; SRC-026; SRC-070","2026-09-07","forts (proposed)"
"PUR-P-010","01.063.02","Indra","8. group: hymns of Nodhas, descendant of Gotama","Geldner's hymn-group heading (SRC-070), reproduced in VedaWeb info/addressees.json. A fact about Geldner's 1951 arrangement, which follows the Anukramaṇī tradition, which post-dates the text. Three removes from composition. PROVISIONAL; HOLD-006.","(none)","(none)","Grassmann's classification of the NAME, from his own gloss, not a reading of this passage's syntax. A name can occur in a passage without holding or attacking anything in it.","pūrvī́ḥ (purú-)","(none)","(none)","(none)","(none)","(none)","(none)","(none)","(none)","(none)","Presence of a lemma that CAN name a river, not a named river. síndhu- is glossed by Grassmann as 'Fluss, Strom; der Indus' — common noun and proper name at once — and Griffith and Geldner read it differently across these passages. See PUR4J-028.","NOT FILLED — no source","The pinned corpus carries no geographic content: info/rv_locations.tsv is a citation-format conversion table. This field needs a source this unit does not have, and it is bounded by the research hold at Version 12 line 1175 against identifying the forts with one archaeological culture.","A","SRC-069; SRC-020; SRC-022; SRC-026; SRC-070","2026-09-07","forts (proposed)"
"PUR-P-011","01.063.07","Indra","8. group: hymns of Nodhas, descendant of Gotama","Geldner's hymn-group heading (SRC-070), reproduced in VedaWeb info/addressees.json. A fact about Geldner's 1951 arrangement, which follows the Anukramaṇī tradition, which post-dates the text. Three removes from composition. PROVISIONAL; HOLD-006.","pūrú-; sudā́s-","purukútsa-","Grassmann's classification of the NAME, from his own gloss, not a reading of this passage's syntax. A name can occur in a passage without holding or attacking anything in it.","(none)","(none)","(none)","(none)","(none)","(none)","(none)","(none)","(none)","(none)","Presence of a lemma that CAN name a river, not a named river. síndhu- is glossed by Grassmann as 'Fluss, Strom; der Indus' — common noun and proper name at once — and Griffith and Geldner read it differently across these passages. See PUR4J-028.","NOT FILLED — no source","The pinned corpus carries no geographic content: info/rv_locations.tsv is a citation-format conversion table. This field needs a source this unit does not have, and it is bounded by the research hold at Version 12 line 1175 against identifying the forts with one archaeological culture.","A","SRC-069; SRC-020; SRC-022; SRC-026; SRC-070","2026-09-07","forts (proposed)"
"PUR-P-012","01.102.07","Indra","11. group: hymns of Kutsa, the Angiras","Geldner's hymn-group heading (SRC-070), reproduced in VedaWeb info/addressees.json. A fact about Geldner's 1951 arrangement, which follows the Anukramaṇī tradition, which post-dates the text. Three removes from composition. PROVISIONAL; HOLD-006.","(none)","(none)","Grassmann's classification of the NAME, from his own gloss, not a reading of this passage's syntax. A name can occur in a passage without holding or attacking anything in it.","(none)","(none)","maghavan (maghávan-)","(none)","(none)","(none)","(none)","(none)","(none)","(none)","Presence of a lemma that CAN name a river, not a named river. síndhu- is glossed by Grassmann as 'Fluss, Strom; der Indus' — common noun and proper name at once — and Griffith and Geldner read it differently across these passages. See PUR4J-028.","NOT FILLED — no source","The pinned corpus carries no geographic content: info/rv_locations.tsv is a citation-format conversion table. This field needs a source this unit does not have, and it is bounded by the research hold at Version 12 line 1175 against identifying the forts with one archaeological culture.","C","SRC-069; SRC-020; SRC-022; SRC-026; SRC-070","2026-09-07","forts (proposed)"
"PUR-P-013","01.103.03","Indra","11. group: hymns of Kutsa, the Angiras","Geldner's hymn-group heading (SRC-070), reproduced in VedaWeb info/addressees.json. A fact about Geldner's 1951 arrangement, which follows the Anukramaṇī tradition, which post-dates the text. Three removes from composition. PROVISIONAL; HOLD-006.","(none)","(none)","Grassmann's classification of the NAME, from his own gloss, not a reading of this passage's syntax. A name can occur in a passage without holding or attacking anything in it.","dā́sīḥ (dā́sī-)","(none)","(none)","(none)","(none)","(none)","(none)","(none)","(none)","(none)","Presence of a lemma that CAN name a river, not a named river. síndhu- is glossed by Grassmann as 'Fluss, Strom; der Indus' — common noun and proper name at once — and Griffith and Geldner read it differently across these passages. See PUR4J-028.","NOT FILLED — no source","The pinned corpus carries no geographic content: info/rv_locations.tsv is a citation-format conversion table. This field needs a source this unit does not have, and it is bounded by the research hold at Version 12 line 1175 against identifying the forts with one archaeological culture.","C","SRC-069; SRC-020; SRC-022; SRC-026; SRC-070","2026-09-07","forts (proposed)"
"PUR-P-014","01.103.08","Indra","11. group: hymns of Kutsa, the Angiras","Geldner's hymn-group heading (SRC-070), reproduced in VedaWeb info/addressees.json. A fact about Geldner's 1951 arrangement, which follows the Anukramaṇī tradition, which post-dates the text. Three removes from composition. PROVISIONAL; HOLD-006.","váruṇa-","kúyava-; pípru-; śámbara-; śúṣṇa-","Grassmann's classification of the NAME, from his own gloss, not a reading of this passage's syntax. A name can occur in a passage without holding or attacking anything in it.","(none)","(none)","(none)","(none)","(none)","síndhu-","(none)","(none)","(none)","síndhu-","Presence of a lemma that CAN name a river, not a named river. síndhu- is glossed by Grassmann as 'Fluss, Strom; der Indus' — common noun and proper name at once — and Griffith and Geldner read it differently across these passages. See PUR4J-028.","NOT FILLED — no source","The pinned corpus carries no geographic content: info/rv_locations.tsv is a citation-format conversion table. This field needs a source this unit does not have, and it is bounded by the research hold at Version 12 line 1175 against identifying the forts with one archaeological culture.","C","SRC-069; SRC-020; SRC-022; SRC-026; SRC-070","2026-09-07","forts (proposed)"
"PUR-P-015","01.109.08","Indra and Agni","11. group: hymns of Kutsa, the Angiras","Geldner's hymn-group heading (SRC-070), reproduced in VedaWeb info/addressees.json. A fact about Geldner's 1951 arrangement, which follows the Anukramaṇī tradition, which post-dates the text. Three removes from composition. PROVISIONAL; HOLD-006.","váruṇa-","(none)","Grassmann's classification of the NAME, from his own gloss, not a reading of this passage's syntax. A name can occur in a passage without holding or attacking anything in it.","vajrahastā (vájrahasta-)","indrāgnī (indrāgní-)","(none)","(none)","(none)","síndhu-","(none)","bhára-","(none)","síndhu-","Presence of a lemma that CAN name a river, not a named river. síndhu- is glossed by Grassmann as 'Fluss, Strom; der Indus' — common noun and proper name at once — and Griffith and Geldner read it differently across these passages. See PUR4J-028.","NOT FILLED — no source","The pinned corpus carries no geographic content: info/rv_locations.tsv is a citation-format conversion table. This field needs a source this unit does not have, and it is bounded by the research hold at Version 12 line 1175 against identifying the forts with one archaeological culture.","C","SRC-069; SRC-020; SRC-022; SRC-026; SRC-070","2026-09-07","forts (proposed)"
"PUR-P-016","01.112.14","Asvins","11. group: hymns of Kutsa, the Angiras","Geldner's hymn-group heading (SRC-070), reproduced in VedaWeb info/addressees.json. A fact about Geldner's 1951 arrangement, which follows the Anukramaṇī tradition, which post-dates the text. Three removes from composition. PROVISIONAL; HOLD-006.","(none)","trasádasyu-","Grassmann's classification of the NAME, from his own gloss, not a reading of this passage's syntax. A name can occur in a passage without holding or attacking anything in it.","(none)","(none)","śambarahátye (śambarahátya-)","(none)","(none)","(none)","(none)","(none)","(none)","(none)","Presence of a lemma that CAN name a river, not a named river. síndhu- is glossed by Grassmann as 'Fluss, Strom; der Indus' — common noun and proper name at once — and Griffith and Geldner read it differently across these passages. See PUR4J-028.","NOT FILLED — no source","The pinned corpus carries no geographic content: info/rv_locations.tsv is a citation-format conversion table. This field needs a source this unit does not have, and it is bounded by the research hold at Version 12 line 1175 against identifying the forts with one archaeological culture.","C","SRC-069; SRC-020; SRC-022; SRC-026; SRC-070","2026-09-07","forts (proposed)"
"PUR-P-017","01.130.07","Indra","13. group: hymns of Parucchepa, son of Divodasa","Geldner's hymn-group heading (SRC-070), reproduced in VedaWeb info/addressees.json. A fact about Geldner's 1951 arrangement, which follows the Anukramaṇī tradition, which post-dates the text. Three removes from composition. PROVISIONAL; HOLD-006.","pūrú-","śámbara-","Grassmann's classification of the NAME, from his own gloss, not a reading of this passage's syntax. A name can occur in a passage without holding or attacking anything in it.","(none)","(none)","(none)","(none)","(none)","(none)","(none)","dhána-","girí-","(none)","Presence of a lemma that CAN name a river, not a named river. síndhu- is glossed by Grassmann as 'Fluss, Strom; der Indus' — common noun and proper name at once — and Griffith and Geldner read it differently across these passages. See PUR4J-028.","NOT FILLED — no source","The pinned corpus carries no geographic content: info/rv_locations.tsv is a citation-format conversion table. This field needs a source this unit does not have, and it is bounded by the research hold at Version 12 line 1175 against identifying the forts with one archaeological culture.","s","SRC-069; SRC-020; SRC-022; SRC-026; SRC-070","2026-09-07","forts (proposed)"
"PUR-P-018","01.130.10","Indra","13. group: hymns of Parucchepa, son of Divodasa","Geldner's hymn-group heading (SRC-070), reproduced in VedaWeb info/addressees.json. A fact about Geldner's 1951 arrangement, which follows the Anukramaṇī tradition, which post-dates the text. Three removes from composition. PROVISIONAL; HOLD-006.","(none)","(none)","Grassmann's classification of the NAME, from his own gloss, not a reading of this passage's syntax. A name can occur in a passage without holding or attacking anything in it.","(none)","(none)","(none)","(none)","(none)","(none)","(none)","(none)","(none)","(none)","Presence of a lemma that CAN name a river, not a named river. síndhu- is glossed by Grassmann as 'Fluss, Strom; der Indus' — common noun and proper name at once — and Griffith and Geldner read it differently across these passages. See PUR4J-028.","NOT FILLED — no source","The pinned corpus carries no geographic content: info/rv_locations.tsv is a citation-format conversion table. This field needs a source this unit does not have, and it is bounded by the research hold at Version 12 line 1175 against identifying the forts with one archaeological culture.","s","SRC-069; SRC-020; SRC-022; SRC-026; SRC-070","2026-09-07","forts (proposed)"
"PUR-P-019","01.131.04","Indra","13. group: hymns of Parucchepa, son of Divodasa","Geldner's hymn-group heading (SRC-070), reproduced in VedaWeb info/addressees.json. A fact about Geldner's 1951 arrangement, which follows the Anukramaṇī tradition, which post-dates the text. Three removes from composition. PROVISIONAL; HOLD-006.","pūrú-","(none)","Grassmann's classification of the NAME, from his own gloss, not a reading of this passage's syntax. A name can occur in a passage without holding or attacking anything in it.","śā́radīḥ (śā́rada-)","(none)","apáḥ (áp-)","(none)","(none)","áp-","(none)","(none)","(none)","(none)","Presence of a lemma that CAN name a river, not a named river. síndhu- is glossed by Grassmann as 'Fluss, Strom; der Indus' — common noun and proper name at once — and Griffith and Geldner read it differently across these passages. See PUR4J-028.","NOT FILLED — no source","The pinned corpus carries no geographic content: info/rv_locations.tsv is a citation-format conversion table. This field needs a source this unit does not have, and it is bounded by the research hold at Version 12 line 1175 against identifying the forts with one archaeological culture.","s","SRC-069; SRC-020; SRC-022; SRC-026; SRC-070","2026-09-07","forts (proposed)"
"PUR-P-020","01.149.03","Agni","14. group: hymns of Dirghatamas, son of Ucathya and Mamata","Geldner's hymn-group heading (SRC-070), reproduced in VedaWeb info/addressees.json. A fact about Geldner's 1951 arrangement, which follows the Anukramaṇī tradition, which post-dates the text. Three removes from composition. PROVISIONAL; HOLD-006.","(none)","(none)","Grassmann's classification of the NAME, from his own gloss, not a reading of this passage's syntax. A name can occur in a passage without holding or attacking anything in it.","nā́rmiṇīm (nā́rmin-)","(none)","(none)","(none)","(none)","(none)","(none)","(none)","(none)","(none)","Presence of a lemma that CAN name a river, not a named river. síndhu- is glossed by Grassmann as 'Fluss, Strom; der Indus' — common noun and proper name at once — and Griffith and Geldner read it differently across these passages. See PUR4J-028.","NOT FILLED — no source","The pinned corpus carries no geographic content: info/rv_locations.tsv is a citation-format conversion table. This field needs a source this unit does not have, and it is bounded by the research hold at Version 12 line 1175 against identifying the forts with one archaeological culture.","a","SRC-069; SRC-020; SRC-022; SRC-026; SRC-070","2026-09-07","forts (proposed)"
"PUR-P-021","01.166.08","the Maruts","15. group: hymns of Agastya","Geldner's hymn-group heading (SRC-070), reproduced in VedaWeb info/addressees.json. A fact about Geldner's 1951 arrangement, which follows the Anukramaṇī tradition, which post-dates the text. Three removes from composition. PROVISIONAL; HOLD-006.","(none)","(none)","Grassmann's classification of the NAME, from his own gloss, not a reading of this passage's syntax. A name can occur in a passage without holding or attacking anything in it.","(none)","śatábhujibhiḥ (śatábhuji-)","(none)","(none)","(none)","(none)","(none)","(none)","(none)","(none)","Presence of a lemma that CAN name a river, not a named river. síndhu- is glossed by Grassmann as 'Fluss, Strom; der Indus' — common noun and proper name at once — and Griffith and Geldner read it differently across these passages. See PUR4J-028.","NOT FILLED — no source","The pinned corpus carries no geographic content: info/rv_locations.tsv is a citation-format conversion table. This field needs a source this unit does not have, and it is bounded by the research hold at Version 12 line 1175 against identifying the forts with one archaeological culture.","s","SRC-069; SRC-020; SRC-022; SRC-026; SRC-070","2026-09-07","forts (proposed)"
"PUR-P-022","01.173.10","Indra","15. group: hymns of Agastya","Geldner's hymn-group heading (SRC-070), reproduced in VedaWeb info/addressees.json. A fact about Geldner's 1951 arrangement, which follows the Anukramaṇī tradition, which post-dates the text. Three removes from composition. PROVISIONAL; HOLD-006.","(none)","(none)","Grassmann's classification of the NAME, from his own gloss, not a reading of this passage's syntax. A name can occur in a passage without holding or attacking anything in it.","(none)","(none)","(none)","(none)","(none)","(none)","(none)","(none)","(none)","(none)","Presence of a lemma that CAN name a river, not a named river. síndhu- is glossed by Grassmann as 'Fluss, Strom; der Indus' — common noun and proper name at once — and Griffith and Geldner read it differently across these passages. See PUR4J-028.","NOT FILLED — no source","The pinned corpus carries no geographic content: info/rv_locations.tsv is a citation-format conversion table. This field needs a source this unit does not have, and it is bounded by the research hold at Version 12 line 1175 against identifying the forts with one archaeological culture.","A","SRC-069; SRC-020; SRC-022; SRC-026; SRC-070","2026-09-07","forts (proposed)"
"PUR-P-023","01.174.02","Indra","15. group: hymns of Agastya","Geldner's hymn-group heading (SRC-070), reproduced in VedaWeb info/addressees.json. A fact about Geldner's 1951 arrangement, which follows the Anukramaṇī tradition, which post-dates the text. Three removes from composition. PROVISIONAL; HOLD-006.","(none)","purukútsa-","Grassmann's classification of the NAME, from his own gloss, not a reading of this passage's syntax. A name can occur in a passage without holding or attacking anything in it.","śā́radīḥ (śā́rada-)","víśaḥ (víś-) mr̥dhrávācaḥ (mr̥dhrávāc-)","apáḥ (áp-) árṇāḥ (árṇa-)","(none)","(none)","áp-; árṇa-","(none)","(none)","(none)","(none)","Presence of a lemma that CAN name a river, not a named river. síndhu- is glossed by Grassmann as 'Fluss, Strom; der Indus' — common noun and proper name at once — and Griffith and Geldner read it differently across these passages. See PUR4J-028.","NOT FILLED — no source","The pinned corpus carries no geographic content: info/rv_locations.tsv is a citation-format conversion table. This field needs a source this unit does not have, and it is bounded by the research hold at Version 12 line 1175 against identifying the forts with one archaeological culture.","A","SRC-069; SRC-020; SRC-022; SRC-026; SRC-070","2026-09-07","forts (proposed)"
"PUR-P-024","01.174.08","Indra","15. group: hymns of Agastya","Geldner's hymn-group heading (SRC-070), reproduced in VedaWeb info/addressees.json. A fact about Geldner's 1951 arrangement, which follows the Anukramaṇī tradition, which post-dates the text. Three removes from composition. PROVISIONAL; HOLD-006.","(none)","(none)","Grassmann's classification of the NAME, from his own gloss, not a reading of this passage's syntax. A name can occur in a passage without holding or attacking anything in it.","bhídaḥ (bhíd-) ádevīḥ (ádeva-)","(none)","nábhaḥ (nábh-) pūrvī́ḥ (purú-)","(none)","(none)","(none)","(none)","(none)","(none)","(none)","Presence of a lemma that CAN name a river, not a named river. síndhu- is glossed by Grassmann as 'Fluss, Strom; der Indus' — common noun and proper name at once — and Griffith and Geldner read it differently across these passages. See PUR4J-028.","NOT FILLED — no source","The pinned corpus carries no geographic content: info/rv_locations.tsv is a citation-format conversion table. This field needs a source this unit does not have, and it is bounded by the research hold at Version 12 line 1175 against identifying the forts with one archaeological culture.","A","SRC-069; SRC-020; SRC-022; SRC-026; SRC-070","2026-09-07","forts (proposed)"
"PUR-P-025","01.189.02","Agni","15. group: hymns of Agastya","Geldner's hymn-group heading (SRC-070), reproduced in VedaWeb info/addressees.json. A fact about Geldner's 1951 arrangement, which follows the Anukramaṇī tradition, which post-dates the text. Three removes from composition. PROVISIONAL; HOLD-006.","(none)","(none)","Grassmann's classification of the NAME, from his own gloss, not a reading of this passage's syntax. A name can occur in a passage without holding or attacking anything in it.","pr̥thvī́ (pr̥thú-) bahulā́ (bahulá-) urvī́ (urú-)","(none)","(none)","(none)","(none)","(none)","(none)","(none)","(none)","(none)","Presence of a lemma that CAN name a river, not a named river. síndhu- is glossed by Grassmann as 'Fluss, Strom; der Indus' — common noun and proper name at once — and Griffith and Geldner read it differently across these passages. See PUR4J-028.","NOT FILLED — no source","The pinned corpus carries no geographic content: info/rv_locations.tsv is a citation-format conversion table. This field needs a source this unit does not have, and it is bounded by the research hold at Version 12 line 1175 against identifying the forts with one archaeological culture.","s","SRC-069; SRC-020; SRC-022; SRC-026; SRC-070","2026-09-07","forts (proposed)"
"PUR-P-026","02.014.06","Indra","","NOT PRODUCED. Geldner's group heading for this hymn names a deity rather than a poet: ""2. group: hymns to Indra"". Not evidence that the hymn is anonymous — the headings are an arrangement, and where Geldner arranged by something other than authorship he recorded no poet. HOLD-006.","(none)","varcín-; śámbara-","Grassmann's classification of the NAME, from his own gloss, not a reading of this passage's syntax. A name can occur in a passage without holding or attacking anything in it.","pūrvī́ḥ (purú-)","(none)","(none)","(none)","(none)","(none)","(none)","(none)","áśman-","(none)","Presence of a lemma that CAN name a river, not a named river. síndhu- is glossed by Grassmann as 'Fluss, Strom; der Indus' — common noun and proper name at once — and Griffith and Geldner read it differently across these passages. See PUR4J-028.","NOT FILLED — no source","The pinned corpus carries no geographic content: info/rv_locations.tsv is a citation-format conversion table. This field needs a source this unit does not have, and it is bounded by the research hold at Version 12 line 1175 against identifying the forts with one archaeological culture.","N","SRC-069; SRC-020; SRC-022; SRC-026; SRC-070","2026-09-07","forts (proposed)"
"PUR-P-027","02.019.06","Indra","","NOT PRODUCED. Geldner's group heading for this hymn names a deity rather than a poet: ""2. group: hymns to Indra"". Not evidence that the hymn is anonymous — the headings are an arrangement, and where Geldner arranged by something other than authorship he recorded no poet. HOLD-006.","kútsa-","kúyava-; śámbara-; śúṣṇa-","Grassmann's classification of the NAME, from his own gloss, not a reading of this passage's syntax. A name can occur in a passage without holding or attacking anything in it.","(none)","(none)","(none)","(none)","(none)","(none)","(none)","(none)","(none)","(none)","Presence of a lemma that CAN name a river, not a named river. síndhu- is glossed by Grassmann as 'Fluss, Strom; der Indus' — common noun and proper name at once — and Griffith and Geldner read it differently across these passages. See PUR4J-028.","NOT FILLED — no source","The pinned corpus carries no geographic content: info/rv_locations.tsv is a citation-format conversion table. This field needs a source this unit does not have, and it is bounded by the research hold at Version 12 line 1175 against identifying the forts with one archaeological culture.","A","SRC-069; SRC-020; SRC-022; SRC-026; SRC-070","2026-09-07","forts (proposed)"
"PUR-P-028","02.020.07","Indra","","NOT PRODUCED. Geldner's group heading for this hymn names a deity rather than a poet: ""2. group: hymns to Indra"". Not evidence that the hymn is anonymous — the headings are an arrangement, and where Geldner arranged by something other than authorship he recorded no poet. HOLD-006.","(none)","(none)","Grassmann's classification of the NAME, from his own gloss, not a reading of this passage's syntax. A name can occur in a passage without holding or attacking anything in it.","(none)","vr̥trahā́ (vr̥trahán-) índraḥ (índra-)","(none)","(none)","(none)","áp-","(none)","(none)","(none)","(none)","Presence of a lemma that CAN name a river, not a named river. síndhu- is glossed by Grassmann as 'Fluss, Strom; der Indus' — common noun and proper name at once — and Griffith and Geldner read it differently across these passages. See PUR4J-028.","NOT FILLED — no source","The pinned corpus carries no geographic content: info/rv_locations.tsv is a citation-format conversion table. This field needs a source this unit does not have, and it is bounded by the research hold at Version 12 line 1175 against identifying the forts with one archaeological culture.","A","SRC-069; SRC-020; SRC-022; SRC-026; SRC-070","2026-09-07","forts (proposed)"
"PUR-P-029","02.020.08","Indra","","NOT PRODUCED. Geldner's group heading for this hymn names a deity rather than a poet: ""2. group: hymns to Indra"". Not evidence that the hymn is anonymous — the headings are an arrangement, and where Geldner arranged by something other than authorship he recorded no poet. HOLD-006.","(none)","(none)","Grassmann's classification of the NAME, from his own gloss, not a reading of this passage's syntax. A name can occur in a passage without holding or attacking anything in it.","ā́yasīḥ (āyasá-)","(none)","(none)","(none)","āyasá-","árṇasāti-","(none)","(none)","(none)","(none)","Presence of a lemma that CAN name a river, not a named river. síndhu- is glossed by Grassmann as 'Fluss, Strom; der Indus' — common noun and proper name at once — and Griffith and Geldner read it differently across these passages. See PUR4J-028.","NOT FILLED — no source","The pinned corpus carries no geographic content: info/rv_locations.tsv is a citation-format conversion table. This field needs a source this unit does not have, and it is bounded by the research hold at Version 12 line 1175 against identifying the forts with one archaeological culture.","A","SRC-069; SRC-020; SRC-022; SRC-026; SRC-070","2026-09-07","forts (proposed)"
"PUR-P-030","02.035.06","Apam Napat","","NOT PRODUCED. Geldner's group heading for this hymn names a deity rather than a poet: ""5. group: hymns to various gods"". Not evidence that the hymn is anonymous — the headings are an arrangement, and where Geldner arranged by something other than authorship he recorded no poet. HOLD-006.","(none)","(none)","Grassmann's classification of the NAME, from his own gloss, not a reading of this passage's syntax. A name can occur in a passage without holding or attacking anything in it.","āmā́su (āmá-)","(none)","(none)","(none)","āmá-","(none)","(none)","(none)","(none)","(none)","Presence of a lemma that CAN name a river, not a named river. síndhu- is glossed by Grassmann as 'Fluss, Strom; der Indus' — common noun and proper name at once — and Griffith and Geldner read it differently across these passages. See PUR4J-028.","NOT FILLED — no source","The pinned corpus carries no geographic content: info/rv_locations.tsv is a citation-format conversion table. This field needs a source this unit does not have, and it is bounded by the research hold at Version 12 line 1175 against identifying the forts with one archaeological culture.","N","SRC-069; SRC-020; SRC-022; SRC-026; SRC-070","2026-09-07","forts (proposed)"
"PUR-P-031","03.012.06","Indra and Agni","","NOT PRODUCED. Geldner's group heading for this hymn names a deity rather than a poet: ""1. group: hymns to Agni"". Not evidence that the hymn is anonymous — the headings are an arrangement, and where Geldner arranged by something other than authorship he recorded no poet. HOLD-006.","(none)","(none)","Grassmann's classification of the NAME, from his own gloss, not a reading of this passage's syntax. A name can occur in a passage without holding or attacking anything in it.","(none)","dāsápatnīḥ (dāsápatnī-)","(none)","(none)","(none)","(none)","(none)","(none)","(none)","(none)","Presence of a lemma that CAN name a river, not a named river. síndhu- is glossed by Grassmann as 'Fluss, Strom; der Indus' — common noun and proper name at once — and Griffith and Geldner read it differently across these passages. See PUR4J-028.","NOT FILLED — no source","The pinned corpus carries no geographic content: info/rv_locations.tsv is a citation-format conversion table. This field needs a source this unit does not have, and it is bounded by the research hold at Version 12 line 1175 against identifying the forts with one archaeological culture.","s","SRC-069; SRC-020; SRC-022; SRC-026; SRC-070","2026-09-07","forts (proposed)"
"PUR-P-032","03.015.04","Agni","","NOT PRODUCED. Geldner's group heading for this hymn names a deity rather than a poet: ""1. group: hymns to Agni"". Not evidence that the hymn is anonymous — the headings are an arrangement, and where Geldner arranged by something other than authorship he recorded no poet. HOLD-006.","(none)","(none)","Grassmann's classification of the NAME, from his own gloss, not a reading of this passage's syntax. A name can occur in a passage without holding or attacking anything in it.","víśvāḥ (víśva-)","(none)","(none)","(none)","(none)","(none)","(none)","(none)","(none)","(none)","Presence of a lemma that CAN name a river, not a named river. síndhu- is glossed by Grassmann as 'Fluss, Strom; der Indus' — common noun and proper name at once — and Griffith and Geldner read it differently across these passages. See PUR4J-028.","NOT FILLED — no source","The pinned corpus carries no geographic content: info/rv_locations.tsv is a citation-format conversion table. This field needs a source this unit does not have, and it is bounded by the research hold at Version 12 line 1175 against identifying the forts with one archaeological culture.","N","SRC-069; SRC-020; SRC-022; SRC-026; SRC-070","2026-09-07","forts (proposed)"
"PUR-P-033","03.034.01","Indra","","NOT PRODUCED. Geldner's group heading for this hymn names a deity rather than a poet: ""2. group: hymns to Indra"". Not evidence that the hymn is anonymous — the headings are an arrangement, and where Geldner arranged by something other than authorship he recorded no poet. HOLD-006.","(none)","(none)","Grassmann's classification of the NAME, from his own gloss, not a reading of this passage's syntax. A name can occur in a passage without holding or attacking anything in it.","índraḥ (índra-)","vidádvasuḥ (vidádvasu-)","bráhmajūtaḥ (bráhmajūta-) bhū́ridātraḥ (bhū́ridātra-)","(none)","(none)","(none)","(none)","(none)","(none)","(none)","Presence of a lemma that CAN name a river, not a named river. síndhu- is glossed by Grassmann as 'Fluss, Strom; der Indus' — common noun and proper name at once — and Griffith and Geldner read it differently across these passages. See PUR4J-028.","NOT FILLED — no source","The pinned corpus carries no geographic content: info/rv_locations.tsv is a citation-format conversion table. This field needs a source this unit does not have, and it is bounded by the research hold at Version 12 line 1175 against identifying the forts with one archaeological culture.","c","SRC-069; SRC-020; SRC-022; SRC-026; SRC-070","2026-09-07","forts (proposed)"
"PUR-P-034","03.045.02","Indra","","NOT PRODUCED. Geldner's group heading for this hymn names a deity rather than a poet: ""2. group: hymns to Indra"". Not evidence that the hymn is anonymous — the headings are an arrangement, and where Geldner arranged by something other than authorship he recorded no poet. HOLD-006.","(none)","(none)","Grassmann's classification of the NAME, from his own gloss, not a reading of this passage's syntax. A name can occur in a passage without holding or attacking anything in it.","apā́m (áp-)","(none)","(none)","(none)","(none)","áp-","(none)","(none)","(none)","(none)","Presence of a lemma that CAN name a river, not a named river. síndhu- is glossed by Grassmann as 'Fluss, Strom; der Indus' — common noun and proper name at once — and Griffith and Geldner read it differently across these passages. See PUR4J-028.","NOT FILLED — no source","The pinned corpus carries no geographic content: info/rv_locations.tsv is a citation-format conversion table. This field needs a source this unit does not have, and it is bounded by the research hold at Version 12 line 1175 against identifying the forts with one archaeological culture.","N","SRC-069; SRC-020; SRC-022; SRC-026; SRC-070","2026-09-07","forts (proposed)"
"PUR-P-035","03.051.02","Indra","","NOT PRODUCED. Geldner's group heading for this hymn names a deity rather than a poet: ""2. group: hymns to Indra"". Not evidence that the hymn is anonymous — the headings are an arrangement, and where Geldner arranged by something other than authorship he recorded no poet. HOLD-006.","(none)","arṇavá-","Grassmann's classification of the NAME, from his own gloss, not a reading of this passage's syntax. A name can occur in a passage without holding or attacking anything in it.","vājasánim (vājasáni-) tū́rṇim (tū́rṇi-) aptúram (aptúr-)","dhāmasā́cam (dhāmasác-) abhiṣā́cam (abhiṣác-) svarvídam (svarvíd-)","śatákratum (śatákratu-) arṇavám (arṇavá-) śākínam (śākín-) náram (nár-) índram (índra-)","(none)","(none)","aptúr-; arṇavá-","(none)","(none)","(none)","(none)","Presence of a lemma that CAN name a river, not a named river. síndhu- is glossed by Grassmann as 'Fluss, Strom; der Indus' — common noun and proper name at once — and Griffith and Geldner read it differently across these passages. See PUR4J-028.","NOT FILLED — no source","The pinned corpus carries no geographic content: info/rv_locations.tsv is a citation-format conversion table. This field needs a source this unit does not have, and it is bounded by the research hold at Version 12 line 1175 against identifying the forts with one archaeological culture.","N","SRC-069; SRC-020; SRC-022; SRC-026; SRC-070","2026-09-07","forts (proposed)"
"PUR-P-036","03.054.15","all the gods","","NOT PRODUCED. Geldner's group heading for this hymn names a deity rather than a poet: ""3. group: hymns to the Visvedevas"". Not evidence that the hymn is anonymous — the headings are an arrangement, and where Geldner arranged by something other than authorship he recorded no poet. HOLD-006.","(none)","(none)","Grassmann's classification of the NAME, from his own gloss, not a reading of this passage's syntax. A name can occur in a passage without holding or attacking anything in it.","vr̥trahā́ (vr̥trahán-) dhr̥ṣṇúṣeṇaḥ (dhr̥ṣṇúṣeṇa-)","(none)","índraḥ (índra-)","(none)","(none)","(none)","paśú-","(none)","(none)","(none)","Presence of a lemma that CAN name a river, not a named river. síndhu- is glossed by Grassmann as 'Fluss, Strom; der Indus' — common noun and proper name at once — and Griffith and Geldner read it differently across these passages. See PUR4J-028.","NOT FILLED — no source","The pinned corpus carries no geographic content: info/rv_locations.tsv is a citation-format conversion table. This field needs a source this unit does not have, and it is bounded by the research hold at Version 12 line 1175 against identifying the forts with one archaeological culture.","C","SRC-069; SRC-020; SRC-022; SRC-026; SRC-070","2026-09-07","forts (proposed)"
"PUR-P-037","04.016.13","Indra","","NOT PRODUCED. Geldner's group heading for this hymn names a deity rather than a poet: ""2. group: hymns to Indra"". Not evidence that the hymn is anonymous — the headings are an arrangement, and where Geldner arranged by something other than authorship he recorded no poet. HOLD-006.","r̥jíśvan-","mŕ̥gaya-; pípru-","Grassmann's classification of the NAME, from his own gloss, not a reading of this passage's syntax. A name can occur in a passage without holding or attacking anything in it.","(none)","(none)","(none)","(none)","(none)","(none)","(none)","(none)","(none)","(none)","Presence of a lemma that CAN name a river, not a named river. síndhu- is glossed by Grassmann as 'Fluss, Strom; der Indus' — common noun and proper name at once — and Griffith and Geldner read it differently across these passages. See PUR4J-028.","NOT FILLED — no source","The pinned corpus carries no geographic content: info/rv_locations.tsv is a citation-format conversion table. This field needs a source this unit does not have, and it is bounded by the research hold at Version 12 line 1175 against identifying the forts with one archaeological culture.","S","SRC-069; SRC-020; SRC-022; SRC-026; SRC-070","2026-09-07","forts (proposed)"
"PUR-P-038","04.026.03","Indra","","NOT PRODUCED. Geldner's group heading for this hymn names a deity rather than a poet: ""2. group: hymns to Indra"". Not evidence that the hymn is anonymous — the headings are an arrangement, and where Geldner arranged by something other than authorship he recorded no poet. HOLD-006.","(none)","śámbara-","Grassmann's classification of the NAME, from his own gloss, not a reading of this passage's syntax. A name can occur in a passage without holding or attacking anything in it.","(none)","navatī́ḥ (navatí-)","(none)","(none)","(none)","(none)","(none)","(none)","(none)","(none)","Presence of a lemma that CAN name a river, not a named river. síndhu- is glossed by Grassmann as 'Fluss, Strom; der Indus' — common noun and proper name at once — and Griffith and Geldner read it differently across these passages. See PUR4J-028.","NOT FILLED — no source","The pinned corpus carries no geographic content: info/rv_locations.tsv is a citation-format conversion table. This field needs a source this unit does not have, and it is bounded by the research hold at Version 12 line 1175 against identifying the forts with one archaeological culture.","S","SRC-069; SRC-020; SRC-022; SRC-026; SRC-070","2026-09-07","forts (proposed)"
"PUR-P-039","04.027.01","Soma and the eagle","","NOT PRODUCED. Geldner's group heading for this hymn names a deity rather than a poet: ""2. group: hymns to Indra"". Not evidence that the hymn is anonymous — the headings are an arrangement, and where Geldner arranged by something other than authorship he recorded no poet. HOLD-006.","(none)","(none)","Grassmann's classification of the NAME, from his own gloss, not a reading of this passage's syntax. A name can occur in a passage without holding or attacking anything in it.","ā́yasīḥ (āyasá-)","(none)","(none)","(none)","āyasá-","(none)","(none)","(none)","(none)","(none)","Presence of a lemma that CAN name a river, not a named river. síndhu- is glossed by Grassmann as 'Fluss, Strom; der Indus' — common noun and proper name at once — and Griffith and Geldner read it differently across these passages. See PUR4J-028.","NOT FILLED — no source","The pinned corpus carries no geographic content: info/rv_locations.tsv is a citation-format conversion table. This field needs a source this unit does not have, and it is bounded by the research hold at Version 12 line 1175 against identifying the forts with one archaeological culture.","S","SRC-069; SRC-020; SRC-022; SRC-026; SRC-070","2026-09-07","forts (proposed)"
"PUR-P-040","04.030.13","Indra","","NOT PRODUCED. Geldner's group heading for this hymn names a deity rather than a poet: ""2. group: hymns to Indra"". Not evidence that the hymn is anonymous — the headings are an arrangement, and where Geldner arranged by something other than authorship he recorded no poet. HOLD-006.","(none)","śúṣṇa-","Grassmann's classification of the NAME, from his own gloss, not a reading of this passage's syntax. A name can occur in a passage without holding or attacking anything in it.","(none)","(none)","(none)","(none)","(none)","(none)","(none)","védana-","(none)","(none)","Presence of a lemma that CAN name a river, not a named river. síndhu- is glossed by Grassmann as 'Fluss, Strom; der Indus' — common noun and proper name at once — and Griffith and Geldner read it differently across these passages. See PUR4J-028.","NOT FILLED — no source","The pinned corpus carries no geographic content: info/rv_locations.tsv is a citation-format conversion table. This field needs a source this unit does not have, and it is bounded by the research hold at Version 12 line 1175 against identifying the forts with one archaeological culture.","S","SRC-069; SRC-020; SRC-022; SRC-026; SRC-070","2026-09-07","forts (proposed)"
"PUR-P-041","04.030.20","Indra","","NOT PRODUCED. Geldner's group heading for this hymn names a deity rather than a poet: ""2. group: hymns to Indra"". Not evidence that the hymn is anonymous — the headings are an arrangement, and where Geldner arranged by something other than authorship he recorded no poet. HOLD-006.","(none)","(none)","Grassmann's classification of the NAME, from his own gloss, not a reading of this passage's syntax. A name can occur in a passage without holding or attacking anything in it.","(none)","aśmanmáyīnām (aśmanmáya-)","(none)","(none)","aśmanmáya-","(none)","(none)","(none)","aśmanmáya-","(none)","Presence of a lemma that CAN name a river, not a named river. síndhu- is glossed by Grassmann as 'Fluss, Strom; der Indus' — common noun and proper name at once — and Griffith and Geldner read it differently across these passages. See PUR4J-028.","NOT FILLED — no source","The pinned corpus carries no geographic content: info/rv_locations.tsv is a citation-format conversion table. This field needs a source this unit does not have, and it is bounded by the research hold at Version 12 line 1175 against identifying the forts with one archaeological culture.","S","SRC-069; SRC-020; SRC-022; SRC-026; SRC-070","2026-09-07","forts (proposed)"
"PUR-P-042","04.032.10","Indra","","NOT PRODUCED. Geldner's group heading for this hymn names a deity rather than a poet: ""2. group: hymns to Indra"". Not evidence that the hymn is anonymous — the headings are an arrangement, and where Geldner arranged by something other than authorship he recorded no poet. HOLD-006.","(none)","(none)","Grassmann's classification of the NAME, from his own gloss, not a reading of this passage's syntax. A name can occur in a passage without holding or attacking anything in it.","dā́sīḥ (dā́sī-)","(none)","(none)","(none)","(none)","(none)","(none)","(none)","(none)","(none)","Presence of a lemma that CAN name a river, not a named river. síndhu- is glossed by Grassmann as 'Fluss, Strom; der Indus' — common noun and proper name at once — and Griffith and Geldner read it differently across these passages. See PUR4J-028.","NOT FILLED — no source","The pinned corpus carries no geographic content: info/rv_locations.tsv is a citation-format conversion table. This field needs a source this unit does not have, and it is bounded by the research hold at Version 12 line 1175 against identifying the forts with one archaeological culture.","S","SRC-069; SRC-020; SRC-022; SRC-026; SRC-070","2026-09-07","forts (proposed)"
"PUR-P-043","05.019.02","Agni","","NOT PRODUCED. Geldner's group heading for this hymn names a deity rather than a poet: ""1. group: hymns to Agni"". Not evidence that the hymn is anonymous — the headings are an arrangement, and where Geldner arranged by something other than authorship he recorded no poet. HOLD-006.","(none)","(none)","Grassmann's classification of the NAME, from his own gloss, not a reading of this passage's syntax. A name can occur in a passage without holding or attacking anything in it.","(none)","(none)","ánimiṣam (ánimiṣ-)","(none)","(none)","(none)","(none)","(none)","(none)","(none)","Presence of a lemma that CAN name a river, not a named river. síndhu- is glossed by Grassmann as 'Fluss, Strom; der Indus' — common noun and proper name at once — and Griffith and Geldner read it differently across these passages. See PUR4J-028.","NOT FILLED — no source","The pinned corpus carries no geographic content: info/rv_locations.tsv is a citation-format conversion table. This field needs a source this unit does not have, and it is bounded by the research hold at Version 12 line 1175 against identifying the forts with one archaeological culture.","A","SRC-069; SRC-020; SRC-022; SRC-026; SRC-070","2026-09-07","forts (proposed)"
"PUR-P-044","05.030.11","Indra","","NOT PRODUCED. Geldner's group heading for this hymn names a deity rather than a poet: ""2. group: hymns to Indra"". Not evidence that the hymn is anonymous — the headings are an arrangement, and where Geldner arranged by something other than authorship he recorded no poet. HOLD-006.","(none)","(none)","Grassmann's classification of the NAME, from his own gloss, not a reading of this passage's syntax. A name can occur in a passage without holding or attacking anything in it.","índraḥ (índra-)","(none)","vr̥ṣabháḥ (vr̥ṣabhá-)","(none)","(none)","(none)","gáv- ~ gó-","(none)","(none)","(none)","Presence of a lemma that CAN name a river, not a named river. síndhu- is glossed by Grassmann as 'Fluss, Strom; der Indus' — common noun and proper name at once — and Griffith and Geldner read it differently across these passages. See PUR4J-028.","NOT FILLED — no source","The pinned corpus carries no geographic content: info/rv_locations.tsv is a citation-format conversion table. This field needs a source this unit does not have, and it is bounded by the research hold at Version 12 line 1175 against identifying the forts with one archaeological culture.","N","SRC-069; SRC-020; SRC-022; SRC-026; SRC-070","2026-09-07","forts (proposed)"
"PUR-P-045","05.041.12","all the gods","","NOT PRODUCED. Geldner's group heading for this hymn names a deity rather than a poet: ""3. group: hymns to the all-gods"". Not evidence that the hymn is anonymous — the headings are an arrangement, and where Geldner arranged by something other than authorship he recorded no poet. HOLD-006.","(none)","(none)","Grassmann's classification of the NAME, from his own gloss, not a reading of this passage's syntax. A name can occur in a passage without holding or attacking anything in it.","ā́paḥ (áp-) śubhrā́ḥ (śubhrá-)","(none)","(none)","srúcaḥ (srúc-) — RV 5.41.12d 'pári srúco babr̥hāṇásyā́dreḥ'. srúcaḥ (ladles) agrees with púraḥ in case, gender and number and sits in the same hemistich, but belongs to a different clause: pāda c has 'ā́paḥ púro ná śubhrā́ḥ', the waters bright LIKE forts. A coincidence of NOM.PL.F, and the measure of how much noise the stanza scope admits.","(none)","áp-","(none)","(none)","ádri-","(none)","Presence of a lemma that CAN name a river, not a named river. síndhu- is glossed by Grassmann as 'Fluss, Strom; der Indus' — common noun and proper name at once — and Griffith and Geldner read it differently across these passages. See PUR4J-028.","NOT FILLED — no source","The pinned corpus carries no geographic content: info/rv_locations.tsv is a citation-format conversion table. This field needs a source this unit does not have, and it is bounded by the research hold at Version 12 line 1175 against identifying the forts with one archaeological culture.","A","SRC-069; SRC-020; SRC-022; SRC-026; SRC-070","2026-09-07","forts (proposed)"
"PUR-P-046","05.066.04","Mitra and Varuna","","NOT PRODUCED. Geldner's group heading for this hymn names a deity rather than a poet: ""5. group: hymns to Mitra-Varuna"". Not evidence that the hymn is anonymous — the headings are an arrangement, and where Geldner arranged by something other than authorship he recorded no poet. HOLD-006.","(none)","(none)","Grassmann's classification of the NAME, from his own gloss, not a reading of this passage's syntax. A name can occur in a passage without holding or attacking anything in it.","(none)","(none)","(none)","(none)","(none)","(none)","(none)","(none)","(none)","(none)","Presence of a lemma that CAN name a river, not a named river. síndhu- is glossed by Grassmann as 'Fluss, Strom; der Indus' — common noun and proper name at once — and Griffith and Geldner read it differently across these passages. See PUR4J-028.","NOT FILLED — no source","The pinned corpus carries no geographic content: info/rv_locations.tsv is a citation-format conversion table. This field needs a source this unit does not have, and it is bounded by the research hold at Version 12 line 1175 against identifying the forts with one archaeological culture.","A","SRC-069; SRC-020; SRC-022; SRC-026; SRC-070","2026-09-07","forts (proposed)"
"PUR-P-047","06.002.07","Agni","","NOT PRODUCED. Geldner's group heading for this hymn names a deity rather than a poet: ""1. group: hymns to Agni"". Not evidence that the hymn is anonymous — the headings are an arrangement, and where Geldner arranged by something other than authorship he recorded no poet. HOLD-006.","(none)","(none)","Grassmann's classification of the NAME, from his own gloss, not a reading of this passage's syntax. A name can occur in a passage without holding or attacking anything in it.","(none)","(none)","(none)","(none)","(none)","(none)","(none)","(none)","(none)","(none)","Presence of a lemma that CAN name a river, not a named river. síndhu- is glossed by Grassmann as 'Fluss, Strom; der Indus' — common noun and proper name at once — and Griffith and Geldner read it differently across these passages. See PUR4J-028.","NOT FILLED — no source","The pinned corpus carries no geographic content: info/rv_locations.tsv is a citation-format conversion table. This field needs a source this unit does not have, and it is bounded by the research hold at Version 12 line 1175 against identifying the forts with one archaeological culture.","A","SRC-069; SRC-020; SRC-022; SRC-026; SRC-070","2026-09-07","forts (proposed)"
"PUR-P-048","06.016.14","Agni","","NOT PRODUCED. Geldner's group heading for this hymn names a deity rather than a poet: ""1. group: hymns to Agni"". Not evidence that the hymn is anonymous — the headings are an arrangement, and where Geldner arranged by something other than authorship he recorded no poet. HOLD-006.","dadhyáñc-","(none)","Grassmann's classification of the NAME, from his own gloss, not a reading of this passage's syntax. A name can occur in a passage without holding or attacking anything in it.","vr̥traháṇam (vr̥trahán-)","(none)","(none)","(none)","(none)","(none)","dadhyáñc-","(none)","(none)","(none)","Presence of a lemma that CAN name a river, not a named river. síndhu- is glossed by Grassmann as 'Fluss, Strom; der Indus' — common noun and proper name at once — and Griffith and Geldner read it differently across these passages. See PUR4J-028.","NOT FILLED — no source","The pinned corpus carries no geographic content: info/rv_locations.tsv is a citation-format conversion table. This field needs a source this unit does not have, and it is bounded by the research hold at Version 12 line 1175 against identifying the forts with one archaeological culture.","A","SRC-069; SRC-020; SRC-022; SRC-026; SRC-070","2026-09-07","forts (proposed)"
"PUR-P-049","06.016.39","Agni","","NOT PRODUCED. Geldner's group heading for this hymn names a deity rather than a poet: ""1. group: hymns to Agni"". Not evidence that the hymn is anonymous — the headings are an arrangement, and where Geldner arranged by something other than authorship he recorded no poet. HOLD-006.","(none)","(none)","Grassmann's classification of the NAME, from his own gloss, not a reading of this passage's syntax. A name can occur in a passage without holding or attacking anything in it.","(none)","(none)","(none)","(none)","(none)","(none)","váṃsaga-","(none)","(none)","(none)","Presence of a lemma that CAN name a river, not a named river. síndhu- is glossed by Grassmann as 'Fluss, Strom; der Indus' — common noun and proper name at once — and Griffith and Geldner read it differently across these passages. See PUR4J-028.","NOT FILLED — no source","The pinned corpus carries no geographic content: info/rv_locations.tsv is a citation-format conversion table. This field needs a source this unit does not have, and it is bounded by the research hold at Version 12 line 1175 against identifying the forts with one archaeological culture.","A","SRC-069; SRC-020; SRC-022; SRC-026; SRC-070","2026-09-07","forts (proposed)"
"PUR-P-050","06.018.05","Indra","","NOT PRODUCED. Geldner's group heading for this hymn names a deity rather than a poet: ""2. group: hymns to Indra"". Not evidence that the hymn is anonymous — the headings are an arrangement, and where Geldner arranged by something other than authorship he recorded no poet. HOLD-006.","áṅgiras-","valá-","Grassmann's classification of the NAME, from his own gloss, not a reading of this passage's syntax. A name can occur in a passage without holding or attacking anything in it.","dúraḥ (dvā́r-) víśvāḥ (víśva-)","(none)","(none)","(none)","(none)","(none)","(none)","(none)","(none)","(none)","Presence of a lemma that CAN name a river, not a named river. síndhu- is glossed by Grassmann as 'Fluss, Strom; der Indus' — common noun and proper name at once — and Griffith and Geldner read it differently across these passages. See PUR4J-028.","NOT FILLED — no source","The pinned corpus carries no geographic content: info/rv_locations.tsv is a citation-format conversion table. This field needs a source this unit does not have, and it is bounded by the research hold at Version 12 line 1175 against identifying the forts with one archaeological culture.","n","SRC-069; SRC-020; SRC-022; SRC-026; SRC-070","2026-09-07","forts (proposed)"
"PUR-P-051","06.018.08","Indra","","NOT PRODUCED. Geldner's group heading for this hymn names a deity rather than a poet: ""2. group: hymns to Indra"". Not evidence that the hymn is anonymous — the headings are an arrangement, and where Geldner arranged by something other than authorship he recorded no poet. HOLD-006.","(none)","cúmuri-; dhúni-; pípru-; śámbara-; śúṣṇa-","Grassmann's classification of the NAME, from his own gloss, not a reading of this passage's syntax. A name can occur in a passage without holding or attacking anything in it.","(none)","(none)","(none)","(none)","(none)","(none)","(none)","(none)","(none)","(none)","Presence of a lemma that CAN name a river, not a named river. síndhu- is glossed by Grassmann as 'Fluss, Strom; der Indus' — common noun and proper name at once — and Griffith and Geldner read it differently across these passages. See PUR4J-028.","NOT FILLED — no source","The pinned corpus carries no geographic content: info/rv_locations.tsv is a citation-format conversion table. This field needs a source this unit does not have, and it is bounded by the research hold at Version 12 line 1175 against identifying the forts with one archaeological culture.","n","SRC-069; SRC-020; SRC-022; SRC-026; SRC-070","2026-09-07","forts (proposed)"
"PUR-P-052","06.020.03","Indra","","NOT PRODUCED. Geldner's group heading for this hymn names a deity rather than a poet: ""2. group: hymns to Indra"". Not evidence that the hymn is anonymous — the headings are an arrangement, and where Geldner arranged by something other than authorship he recorded no poet. HOLD-006.","(none)","(none)","Grassmann's classification of the NAME, from his own gloss, not a reading of this passage's syntax. A name can occur in a passage without holding or attacking anything in it.","víśvāsām (víśva-)","(none)","(none)","(none)","(none)","(none)","mádhu-","(none)","(none)","(none)","Presence of a lemma that CAN name a river, not a named river. síndhu- is glossed by Grassmann as 'Fluss, Strom; der Indus' — common noun and proper name at once — and Griffith and Geldner read it differently across these passages. See PUR4J-028.","NOT FILLED — no source","The pinned corpus carries no geographic content: info/rv_locations.tsv is a citation-format conversion table. This field needs a source this unit does not have, and it is bounded by the research hold at Version 12 line 1175 against identifying the forts with one archaeological culture.","A","SRC-069; SRC-020; SRC-022; SRC-026; SRC-070","2026-09-07","forts (proposed)"
"PUR-P-053","06.020.07","Indra","","NOT PRODUCED. Geldner's group heading for this hymn names a deity rather than a poet: ""2. group: hymns to Indra"". Not evidence that the hymn is anonymous — the headings are an arrangement, and where Geldner arranged by something other than authorship he recorded no poet. HOLD-006.","r̥jíśvan-","pípru-","Grassmann's classification of the NAME, from his own gloss, not a reading of this passage's syntax. A name can occur in a passage without holding or attacking anything in it.","(none)","(none)","(none)","(none)","(none)","(none)","(none)","dātrá-; rékṇas-","(none)","(none)","Presence of a lemma that CAN name a river, not a named river. síndhu- is glossed by Grassmann as 'Fluss, Strom; der Indus' — common noun and proper name at once — and Griffith and Geldner read it differently across these passages. See PUR4J-028.","NOT FILLED — no source","The pinned corpus carries no geographic content: info/rv_locations.tsv is a citation-format conversion table. This field needs a source this unit does not have, and it is bounded by the research hold at Version 12 line 1175 against identifying the forts with one archaeological culture.","A","SRC-069; SRC-020; SRC-022; SRC-026; SRC-070","2026-09-07","forts (proposed)"
"PUR-P-054","06.020.10","Indra","","NOT PRODUCED. Geldner's group heading for this hymn names a deity rather than a poet: ""2. group: hymns to Indra"". Not evidence that the hymn is anonymous — the headings are an arrangement, and where Geldner arranged by something other than authorship he recorded no poet. HOLD-006.","pūrú-","purukútsa-","Grassmann's classification of the NAME, from his own gloss, not a reading of this passage's syntax. A name can occur in a passage without holding or attacking anything in it.","śā́radīḥ (śā́rada-)","dā́sīḥ (dā́sī-)","(none)","(none)","(none)","(none)","(none)","(none)","(none)","(none)","Presence of a lemma that CAN name a river, not a named river. síndhu- is glossed by Grassmann as 'Fluss, Strom; der Indus' — common noun and proper name at once — and Griffith and Geldner read it differently across these passages. See PUR4J-028.","NOT FILLED — no source","The pinned corpus carries no geographic content: info/rv_locations.tsv is a citation-format conversion table. This field needs a source this unit does not have, and it is bounded by the research hold at Version 12 line 1175 against identifying the forts with one archaeological culture.","A","SRC-069; SRC-020; SRC-022; SRC-026; SRC-070","2026-09-07","forts (proposed)"
"PUR-P-055","06.031.04","Indra","","NOT PRODUCED. Geldner's group heading for this hymn names a deity rather than a poet: ""2. group: hymns to Indra"". Not evidence that the hymn is anonymous — the headings are an arrangement, and where Geldner arranged by something other than authorship he recorded no poet. HOLD-006.","bharádvāja-","śámbara-","Grassmann's classification of the NAME, from his own gloss, not a reading of this passage's syntax. A name can occur in a passage without holding or attacking anything in it.","(none)","(none)","(none)","(none)","(none)","(none)","(none)","(none)","(none)","(none)","Presence of a lemma that CAN name a river, not a named river. síndhu- is glossed by Grassmann as 'Fluss, Strom; der Indus' — common noun and proper name at once — and Griffith and Geldner read it differently across these passages. See PUR4J-028.","NOT FILLED — no source","The pinned corpus carries no geographic content: info/rv_locations.tsv is a citation-format conversion table. This field needs a source this unit does not have, and it is bounded by the research hold at Version 12 line 1175 against identifying the forts with one archaeological culture.","n","SRC-069; SRC-020; SRC-022; SRC-026; SRC-070","2026-09-07","forts (proposed)"
"PUR-P-056","06.032.03","Indra","","NOT PRODUCED. Geldner's group heading for this hymn names a deity rather than a poet: ""2. group: hymns to Indra"". Not evidence that the hymn is anonymous — the headings are an arrangement, and where Geldner arranged by something other than authorship he recorded no poet. HOLD-006.","(none)","(none)","Grassmann's classification of the NAME, from his own gloss, not a reading of this passage's syntax. A name can occur in a passage without holding or attacking anything in it.","(none)","kavíḥ (kaví-)","purukŕ̥tvā (purukŕ̥tvan-)","(none)","(none)","(none)","gáv- ~ gó-","(none)","(none)","(none)","Presence of a lemma that CAN name a river, not a named river. síndhu- is glossed by Grassmann as 'Fluss, Strom; der Indus' — common noun and proper name at once — and Griffith and Geldner read it differently across these passages. See PUR4J-028.","NOT FILLED — no source","The pinned corpus carries no geographic content: info/rv_locations.tsv is a citation-format conversion table. This field needs a source this unit does not have, and it is bounded by the research hold at Version 12 line 1175 against identifying the forts with one archaeological culture.","n","SRC-069; SRC-020; SRC-022; SRC-026; SRC-070","2026-09-07","forts (proposed)"
"PUR-P-057","06.048.08","Agni, the Maruts and Pusan","","NOT PRODUCED. Geldner's group heading for this hymn names a deity rather than a poet: ""2. group: hymns to Indra"". Not evidence that the hymn is anonymous — the headings are an arrangement, and where Geldner arranged by something other than authorship he recorded no poet. HOLD-006.","(none)","(none)","Grassmann's classification of the NAME, from his own gloss, not a reading of this passage's syntax. A name can occur in a passage without holding or attacking anything in it.","(none)","(none)","(none)","(none)","(none)","(none)","(none)","(none)","(none)","(none)","Presence of a lemma that CAN name a river, not a named river. síndhu- is glossed by Grassmann as 'Fluss, Strom; der Indus' — common noun and proper name at once — and Griffith and Geldner read it differently across these passages. See PUR4J-028.","NOT FILLED — no source","The pinned corpus carries no geographic content: info/rv_locations.tsv is a citation-format conversion table. This field needs a source this unit does not have, and it is bounded by the research hold at Version 12 line 1175 against identifying the forts with one archaeological culture.","A","SRC-069; SRC-020; SRC-022; SRC-026; SRC-070","2026-09-07","forts (proposed)"
"PUR-P-058","06.073.02","Brihaspati","","NOT PRODUCED. Geldner's group heading for this hymn names a deity rather than a poet: ""5. group: hymns to various gods"". Not evidence that the hymn is anonymous — the headings are an arrangement, and where Geldner arranged by something other than authorship he recorded no poet. HOLD-006.","(none)","(none)","Grassmann's classification of the NAME, from his own gloss, not a reading of this passage's syntax. A name can occur in a passage without holding or attacking anything in it.","(none)","(none)","(none)","(none)","(none)","(none)","(none)","(none)","(none)","(none)","Presence of a lemma that CAN name a river, not a named river. síndhu- is glossed by Grassmann as 'Fluss, Strom; der Indus' — common noun and proper name at once — and Griffith and Geldner read it differently across these passages. See PUR4J-028.","NOT FILLED — no source","The pinned corpus carries no geographic content: info/rv_locations.tsv is a citation-format conversion table. This field needs a source this unit does not have, and it is bounded by the research hold at Version 12 line 1175 against identifying the forts with one archaeological culture.","C","SRC-069; SRC-020; SRC-022; SRC-026; SRC-070","2026-09-07","forts (proposed)"
"PUR-P-059","07.003.07","Agni","","NOT PRODUCED. Geldner's group heading for this hymn names a deity rather than a poet: ""1. group: hymns to Agni"". Not evidence that the hymn is anonymous — the headings are an arrangement, and where Geldner arranged by something other than authorship he recorded no poet. HOLD-006.","(none)","(none)","Grassmann's classification of the NAME, from his own gloss, not a reading of this passage's syntax. A name can occur in a passage without holding or attacking anything in it.","ā́yasībhiḥ (āyasá-)","(none)","íḷābhiḥ (íḍā- ~ íḷā-)","(none)","āyasá-","(none)","(none)","(none)","(none)","(none)","Presence of a lemma that CAN name a river, not a named river. síndhu- is glossed by Grassmann as 'Fluss, Strom; der Indus' — common noun and proper name at once — and Griffith and Geldner read it differently across these passages. See PUR4J-028.","NOT FILLED — no source","The pinned corpus carries no geographic content: info/rv_locations.tsv is a citation-format conversion table. This field needs a source this unit does not have, and it is bounded by the research hold at Version 12 line 1175 against identifying the forts with one archaeological culture.","S","SRC-069; SRC-020; SRC-022; SRC-026; SRC-070","2026-09-07","forts (proposed)"
"PUR-P-060","07.005.03","Agni Vaisvanara","","NOT PRODUCED. Geldner's group heading for this hymn names a deity rather than a poet: ""1. group: hymns to Agni"". Not evidence that the hymn is anonymous — the headings are an arrangement, and where Geldner arranged by something other than authorship he recorded no poet. HOLD-006.","pūrú-","(none)","Grassmann's classification of the NAME, from his own gloss, not a reading of this passage's syntax. A name can occur in a passage without holding or attacking anything in it.","(none)","(none)","(none)","(none)","(none)","(none)","(none)","(none)","(none)","(none)","Presence of a lemma that CAN name a river, not a named river. síndhu- is glossed by Grassmann as 'Fluss, Strom; der Indus' — common noun and proper name at once — and Griffith and Geldner read it differently across these passages. See PUR4J-028.","NOT FILLED — no source","The pinned corpus carries no geographic content: info/rv_locations.tsv is a citation-format conversion table. This field needs a source this unit does not have, and it is bounded by the research hold at Version 12 line 1175 against identifying the forts with one archaeological culture.","C","SRC-069; SRC-020; SRC-022; SRC-026; SRC-070","2026-09-07","forts (proposed)"
"PUR-P-061","07.006.02","Agni Vaisvanara","","NOT PRODUCED. Geldner's group heading for this hymn names a deity rather than a poet: ""1. group: hymns to Agni"". Not evidence that the hymn is anonymous — the headings are an arrangement, and where Geldner arranged by something other than authorship he recorded no poet. HOLD-006.","(none)","(none)","Grassmann's classification of the NAME, from his own gloss, not a reading of this passage's syntax. A name can occur in a passage without holding or attacking anything in it.","(none)","agnéḥ (agní-)","(none)","ádreḥ (ádri-) — RV 7.6.2a. ádreḥ (rock, mountain) agrees with puraṃdarásya in GEN.SG.M, but it belongs to 'they bring him from the mountain' in pāda a while puraṃdarásya stands in pāda c. A coincidence of genitive singular, and the second demonstration of what the stanza scope costs.","(none)","dhāsí-","(none)","(none)","ádri-","(none)","Presence of a lemma that CAN name a river, not a named river. síndhu- is glossed by Grassmann as 'Fluss, Strom; der Indus' — common noun and proper name at once — and Griffith and Geldner read it differently across these passages. See PUR4J-028.","NOT FILLED — no source","The pinned corpus carries no geographic content: info/rv_locations.tsv is a citation-format conversion table. This field needs a source this unit does not have, and it is bounded by the research hold at Version 12 line 1175 against identifying the forts with one archaeological culture.","S","SRC-069; SRC-020; SRC-022; SRC-026; SRC-070","2026-09-07","forts (proposed)"
"PUR-P-062","07.015.14","Agni","","NOT PRODUCED. Geldner's group heading for this hymn names a deity rather than a poet: ""1. group: hymns to Agni"". Not evidence that the hymn is anonymous — the headings are an arrangement, and where Geldner arranged by something other than authorship he recorded no poet. HOLD-006.","(none)","(none)","Grassmann's classification of the NAME, from his own gloss, not a reading of this passage's syntax. A name can occur in a passage without holding or attacking anything in it.","śatábhujiḥ (śatábhuji-)","(none)","mahī́ (máh-) ā́yasī (āyasá-)","(none)","āyasá-","(none)","(none)","(none)","(none)","(none)","Presence of a lemma that CAN name a river, not a named river. síndhu- is glossed by Grassmann as 'Fluss, Strom; der Indus' — common noun and proper name at once — and Griffith and Geldner read it differently across these passages. See PUR4J-028.","NOT FILLED — no source","The pinned corpus carries no geographic content: info/rv_locations.tsv is a citation-format conversion table. This field needs a source this unit does not have, and it is bounded by the research hold at Version 12 line 1175 against identifying the forts with one archaeological culture.","C","SRC-069; SRC-020; SRC-022; SRC-026; SRC-070","2026-09-07","forts (proposed)"
"PUR-P-063","07.016.10","Agni","","NOT PRODUCED. Geldner's group heading for this hymn names a deity rather than a poet: ""1. group: hymns to Agni"". Not evidence that the hymn is anonymous — the headings are an arrangement, and where Geldner arranged by something other than authorship he recorded no poet. HOLD-006.","(none)","(none)","Grassmann's classification of the NAME, from his own gloss, not a reading of this passage's syntax. A name can occur in a passage without holding or attacking anything in it.","(none)","(none)","(none)","(none)","(none)","(none)","(none)","maghá-; rā́dhas-","(none)","(none)","Presence of a lemma that CAN name a river, not a named river. síndhu- is glossed by Grassmann as 'Fluss, Strom; der Indus' — common noun and proper name at once — and Griffith and Geldner read it differently across these passages. See PUR4J-028.","NOT FILLED — no source","The pinned corpus carries no geographic content: info/rv_locations.tsv is a citation-format conversion table. This field needs a source this unit does not have, and it is bounded by the research hold at Version 12 line 1175 against identifying the forts with one archaeological culture.","S","SRC-069; SRC-020; SRC-022; SRC-026; SRC-070","2026-09-07","forts (proposed)"
"PUR-P-064","07.018.13","Indra","","NOT PRODUCED. Geldner's group heading for this hymn names a deity rather than a poet: ""2. group: hymns to Indra"". Not evidence that the hymn is anonymous — the headings are an arrangement, and where Geldner arranged by something other than authorship he recorded no poet. HOLD-006.","pūrú-; tŕ̥tsu-","(none)","Grassmann's classification of the NAME, from his own gloss, not a reading of this passage's syntax. A name can occur in a passage without holding or attacking anything in it.","(none)","(none)","(none)","(none)","(none)","(none)","(none)","gáya-","(none)","(none)","Presence of a lemma that CAN name a river, not a named river. síndhu- is glossed by Grassmann as 'Fluss, Strom; der Indus' — common noun and proper name at once — and Griffith and Geldner read it differently across these passages. See PUR4J-028.","NOT FILLED — no source","The pinned corpus carries no geographic content: info/rv_locations.tsv is a citation-format conversion table. This field needs a source this unit does not have, and it is bounded by the research hold at Version 12 line 1175 against identifying the forts with one archaeological culture.","C","SRC-069; SRC-020; SRC-022; SRC-026; SRC-070","2026-09-07","forts (proposed)"
"PUR-P-065","07.019.05","Indra","","NOT PRODUCED. Geldner's group heading for this hymn names a deity rather than a poet: ""2. group: hymns to Indra"". Not evidence that the hymn is anonymous — the headings are an arrangement, and where Geldner arranged by something other than authorship he recorded no poet. HOLD-006.","(none)","námuci-","Grassmann's classification of the NAME, from his own gloss, not a reading of this passage's syntax. A name can occur in a passage without holding or attacking anything in it.","(none)","(none)","(none)","(none)","(none)","(none)","(none)","(none)","(none)","(none)","Presence of a lemma that CAN name a river, not a named river. síndhu- is glossed by Grassmann as 'Fluss, Strom; der Indus' — common noun and proper name at once — and Griffith and Geldner read it differently across these passages. See PUR4J-028.","NOT FILLED — no source","The pinned corpus carries no geographic content: info/rv_locations.tsv is a citation-format conversion table. This field needs a source this unit does not have, and it is bounded by the research hold at Version 12 line 1175 against identifying the forts with one archaeological culture.","S","SRC-069; SRC-020; SRC-022; SRC-026; SRC-070","2026-09-07","forts (proposed)"
"PUR-P-066","07.021.04","Indra","","NOT PRODUCED. Geldner's group heading for this hymn names a deity rather than a poet: ""2. group: hymns to Indra"". Not evidence that the hymn is anonymous — the headings are an arrangement, and where Geldner arranged by something other than authorship he recorded no poet. HOLD-006.","(none)","(none)","Grassmann's classification of the NAME, from his own gloss, not a reading of this passage's syntax. A name can occur in a passage without holding or attacking anything in it.","(none)","(none)","(none)","(none)","(none)","(none)","(none)","(none)","(none)","(none)","Presence of a lemma that CAN name a river, not a named river. síndhu- is glossed by Grassmann as 'Fluss, Strom; der Indus' — common noun and proper name at once — and Griffith and Geldner read it differently across these passages. See PUR4J-028.","NOT FILLED — no source","The pinned corpus carries no geographic content: info/rv_locations.tsv is a citation-format conversion table. This field needs a source this unit does not have, and it is bounded by the research hold at Version 12 line 1175 against identifying the forts with one archaeological culture.","S","SRC-069; SRC-020; SRC-022; SRC-026; SRC-070","2026-09-07","forts (proposed)"
"PUR-P-067","07.026.03","Indra","","NOT PRODUCED. Geldner's group heading for this hymn names a deity rather than a poet: ""2. group: hymns to Indra"". Not evidence that the hymn is anonymous — the headings are an arrangement, and where Geldner arranged by something other than authorship he recorded no poet. HOLD-006.","(none)","(none)","Grassmann's classification of the NAME, from his own gloss, not a reading of this passage's syntax. A name can occur in a passage without holding or attacking anything in it.","sárvāḥ (sárva-)","jánīḥ (jáni-)","(none)","(none)","(none)","(none)","(none)","(none)","(none)","(none)","Presence of a lemma that CAN name a river, not a named river. síndhu- is glossed by Grassmann as 'Fluss, Strom; der Indus' — common noun and proper name at once — and Griffith and Geldner read it differently across these passages. See PUR4J-028.","NOT FILLED — no source","The pinned corpus carries no geographic content: info/rv_locations.tsv is a citation-format conversion table. This field needs a source this unit does not have, and it is bounded by the research hold at Version 12 line 1175 against identifying the forts with one archaeological culture.","S","SRC-069; SRC-020; SRC-022; SRC-026; SRC-070","2026-09-07","forts (proposed)"
"PUR-P-068","07.052.01","Adityas","","NOT PRODUCED. Geldner's group heading for this hymn names a deity rather than a poet: ""3. group: hymns to all the gods"". Not evidence that the hymn is anonymous — the headings are an arrangement, and where Geldner arranged by something other than authorship he recorded no poet. HOLD-006.","(none)","(none)","Grassmann's classification of the NAME, from his own gloss, not a reading of this passage's syntax. A name can occur in a passage without holding or attacking anything in it.","(none)","(none)","(none)","(none)","(none)","(none)","(none)","(none)","(none)","(none)","Presence of a lemma that CAN name a river, not a named river. síndhu- is glossed by Grassmann as 'Fluss, Strom; der Indus' — common noun and proper name at once — and Griffith and Geldner read it differently across these passages. See PUR4J-028.","NOT FILLED — no source","The pinned corpus carries no geographic content: info/rv_locations.tsv is a citation-format conversion table. This field needs a source this unit does not have, and it is bounded by the research hold at Version 12 line 1175 against identifying the forts with one archaeological culture.","C","SRC-069; SRC-020; SRC-022; SRC-026; SRC-070","2026-09-07","forts (proposed)"
"PUR-P-069","07.095.01","Sarasvati or Sarasvat","","NOT PRODUCED. Geldner's group heading for this hymn names a deity rather than a poet: ""10. group: hymns to divine pairs"". Not evidence that the hymn is anonymous — the headings are an arrangement, and where Geldner arranged by something other than authorship he recorded no poet. HOLD-006.","(none)","(none)","Grassmann's classification of the NAME, from his own gloss, not a reading of this passage's syntax. A name can occur in a passage without holding or attacking anything in it.","sárasvatī (sárasvant-) ā́yasī (āyasá-)","(none)","síndhuḥ (síndhu-)","(none)","āyasá-","kṣódas-; sárasvant-; síndhu-; áp-","(none)","(none)","(none)","sárasvant-; síndhu-","Presence of a lemma that CAN name a river, not a named river. síndhu- is glossed by Grassmann as 'Fluss, Strom; der Indus' — common noun and proper name at once — and Griffith and Geldner read it differently across these passages. See PUR4J-028.","NOT FILLED — no source","The pinned corpus carries no geographic content: info/rv_locations.tsv is a citation-format conversion table. This field needs a source this unit does not have, and it is bounded by the research hold at Version 12 line 1175 against identifying the forts with one archaeological culture.","S","SRC-069; SRC-020; SRC-022; SRC-026; SRC-070","2026-09-07","forts (proposed)"
"PUR-P-070","07.099.05","Vishnu, Indra and Vishnu","","NOT PRODUCED. Geldner's group heading for this hymn names a deity rather than a poet: ""11. group: hymns to Vishnu"". Not evidence that the hymn is anonymous — the headings are an arrangement, and where Geldner arranged by something other than authorship he recorded no poet. HOLD-006.","(none)","varcín-; śámbara-","Grassmann's classification of the NAME, from his own gloss, not a reading of this passage's syntax. A name can occur in a passage without holding or attacking anything in it.","(none)","(none)","(none)","(none)","(none)","(none)","(none)","(none)","(none)","(none)","Presence of a lemma that CAN name a river, not a named river. síndhu- is glossed by Grassmann as 'Fluss, Strom; der Indus' — common noun and proper name at once — and Griffith and Geldner read it differently across these passages. See PUR4J-028.","NOT FILLED — no source","The pinned corpus carries no geographic content: info/rv_locations.tsv is a citation-format conversion table. This field needs a source this unit does not have, and it is bounded by the research hold at Version 12 line 1175 against identifying the forts with one archaeological culture.","S","SRC-069; SRC-020; SRC-022; SRC-026; SRC-070","2026-09-07","forts (proposed)"
"PUR-P-071","08.001.07","Indra","1. group: hymns of Priyamedha's, Medyatithi etc.","Geldner's hymn-group heading (SRC-070), reproduced in VedaWeb info/addressees.json. A fact about Geldner's 1951 arrangement, which follows the Anukramaṇī tradition, which post-dates the text. Three removes from composition. PROVISIONAL; HOLD-006.","(none)","(none)","Grassmann's classification of the NAME, from his own gloss, not a reading of this passage's syntax. A name can occur in a passage without holding or attacking anything in it.","yudhma (yudhmá-) khajakr̥t (khajakŕ̥t-)","(none)","(none)","(none)","(none)","(none)","(none)","(none)","(none)","(none)","Presence of a lemma that CAN name a river, not a named river. síndhu- is glossed by Grassmann as 'Fluss, Strom; der Indus' — common noun and proper name at once — and Griffith and Geldner read it differently across these passages. See PUR4J-028.","NOT FILLED — no source","The pinned corpus carries no geographic content: info/rv_locations.tsv is a citation-format conversion table. This field needs a source this unit does not have, and it is bounded by the research hold at Version 12 line 1175 against identifying the forts with one archaeological culture.","S","SRC-069; SRC-020; SRC-022; SRC-026; SRC-070","2026-09-07","forts (proposed)"
"PUR-P-072","08.001.08","Indra","1. group: hymns of Priyamedha's, Medyatithi etc.","Geldner's hymn-group heading (SRC-070), reproduced in VedaWeb info/addressees.json. A fact about Geldner's 1951 arrangement, which follows the Anukramaṇī tradition, which post-dates the text. Three removes from composition. PROVISIONAL; HOLD-006.","kāṇvá-","(none)","Grassmann's classification of the NAME, from his own gloss, not a reading of this passage's syntax. A name can occur in a passage without holding or attacking anything in it.","(none)","(none)","vajrī́ (vajrín-)","(none)","(none)","(none)","(none)","(none)","(none)","(none)","Presence of a lemma that CAN name a river, not a named river. síndhu- is glossed by Grassmann as 'Fluss, Strom; der Indus' — common noun and proper name at once — and Griffith and Geldner read it differently across these passages. See PUR4J-028.","NOT FILLED — no source","The pinned corpus carries no geographic content: info/rv_locations.tsv is a citation-format conversion table. This field needs a source this unit does not have, and it is bounded by the research hold at Version 12 line 1175 against identifying the forts with one archaeological culture.","S","SRC-069; SRC-020; SRC-022; SRC-026; SRC-070","2026-09-07","forts (proposed)"
"PUR-P-073","08.001.28","Indra","1. group: hymns of Priyamedha's, Medyatithi etc.","Geldner's hymn-group heading (SRC-070), reproduced in VedaWeb info/addressees.json. A fact about Geldner's 1951 arrangement, which follows the Anukramaṇī tradition, which post-dates the text. Three removes from composition. PROVISIONAL; HOLD-006.","(none)","śúṣṇa-","Grassmann's classification of the NAME, from his own gloss, not a reading of this passage's syntax. A name can occur in a passage without holding or attacking anything in it.","cariṣṇvàm (cariṣṇú-)","(none)","(none)","(none)","(none)","(none)","(none)","(none)","(none)","(none)","Presence of a lemma that CAN name a river, not a named river. síndhu- is glossed by Grassmann as 'Fluss, Strom; der Indus' — common noun and proper name at once — and Griffith and Geldner read it differently across these passages. See PUR4J-028.","NOT FILLED — no source","The pinned corpus carries no geographic content: info/rv_locations.tsv is a citation-format conversion table. This field needs a source this unit does not have, and it is bounded by the research hold at Version 12 line 1175 against identifying the forts with one archaeological culture.","S","SRC-069; SRC-020; SRC-022; SRC-026; SRC-070","2026-09-07","forts (proposed)"
"PUR-P-074","08.006.23","Indra","2. group: hymns of Vatsa","Geldner's hymn-group heading (SRC-070), reproduced in VedaWeb info/addressees.json. A fact about Geldner's 1951 arrangement, which follows the Anukramaṇī tradition, which post-dates the text. Three removes from composition. PROVISIONAL; HOLD-006.","(none)","(none)","Grassmann's classification of the NAME, from his own gloss, not a reading of this passage's syntax. A name can occur in a passage without holding or attacking anything in it.","gómatīm (gómant-)","mahī́m (máh-) íṣam (íṣ-)","prajā́m (prajā́-)","(none)","(none)","(none)","(none)","(none)","(none)","(none)","Presence of a lemma that CAN name a river, not a named river. síndhu- is glossed by Grassmann as 'Fluss, Strom; der Indus' — common noun and proper name at once — and Griffith and Geldner read it differently across these passages. See PUR4J-028.","NOT FILLED — no source","The pinned corpus carries no geographic content: info/rv_locations.tsv is a citation-format conversion table. This field needs a source this unit does not have, and it is bounded by the research hold at Version 12 line 1175 against identifying the forts with one archaeological culture.","S","SRC-069; SRC-020; SRC-022; SRC-026; SRC-070","2026-09-07","forts (proposed)"
"PUR-P-075","08.017.14","Indra","3. group: various sons of Kanva","Geldner's hymn-group heading (SRC-070), reproduced in VedaWeb info/addressees.json. A fact about Geldner's 1951 arrangement, which follows the Anukramaṇī tradition, which post-dates the text. Three removes from composition. PROVISIONAL; HOLD-006.","(none)","(none)","Grassmann's classification of the NAME, from his own gloss, not a reading of this passage's syntax. A name can occur in a passage without holding or attacking anything in it.","śáśvatīnām (śáśvant-)","(none)","(none)","(none)","(none)","drapsá-","(none)","(none)","(none)","(none)","Presence of a lemma that CAN name a river, not a named river. síndhu- is glossed by Grassmann as 'Fluss, Strom; der Indus' — common noun and proper name at once — and Griffith and Geldner read it differently across these passages. See PUR4J-028.","NOT FILLED — no source","The pinned corpus carries no geographic content: info/rv_locations.tsv is a citation-format conversion table. This field needs a source this unit does not have, and it is bounded by the research hold at Version 12 line 1175 against identifying the forts with one archaeological culture.","A","SRC-069; SRC-020; SRC-022; SRC-026; SRC-070","2026-09-07","forts (proposed)"
"PUR-P-076","08.032.05","Indra","7. group: hymns of Medhatithi and other Kanva sons","Geldner's hymn-group heading (SRC-070), reproduced in VedaWeb info/addressees.json. A fact about Geldner's 1951 arrangement, which follows the Anukramaṇī tradition, which post-dates the text. Three removes from composition. PROVISIONAL; HOLD-006.","(none)","(none)","Grassmann's classification of the NAME, from his own gloss, not a reading of this passage's syntax. A name can occur in a passage without holding or attacking anything in it.","(none)","(none)","(none)","(none)","(none)","(none)","gáv- ~ gó-; vrajá-","(none)","(none)","(none)","Presence of a lemma that CAN name a river, not a named river. síndhu- is glossed by Grassmann as 'Fluss, Strom; der Indus' — common noun and proper name at once — and Griffith and Geldner read it differently across these passages. See PUR4J-028.","NOT FILLED — no source","The pinned corpus carries no geographic content: info/rv_locations.tsv is a citation-format conversion table. This field needs a source this unit does not have, and it is bounded by the research hold at Version 12 line 1175 against identifying the forts with one archaeological culture.","S","SRC-069; SRC-020; SRC-022; SRC-026; SRC-070","2026-09-07","forts (proposed)"
"PUR-P-077","08.033.05","Indra","7. group: hymns of Medhatithi and other Kanva sons","Geldner's hymn-group heading (SRC-070), reproduced in VedaWeb info/addressees.json. A fact about Geldner's 1951 arrangement, which follows the Anukramaṇī tradition, which post-dates the text. Three removes from composition. PROVISIONAL; HOLD-006.","(none)","(none)","Grassmann's classification of the NAME, from his own gloss, not a reading of this passage's syntax. A name can occur in a passage without holding or attacking anything in it.","índraḥ (índra-)","ākaráḥ (ākará-) śatā́maghaḥ (śatā́magha-)","suṣavyáḥ (suṣavyá-) sudákṣiṇaḥ (sudákṣiṇa-) ináḥ (iná-) sukrátuḥ (sukrátu-)","(none)","(none)","(none)","(none)","(none)","(none)","(none)","Presence of a lemma that CAN name a river, not a named river. síndhu- is glossed by Grassmann as 'Fluss, Strom; der Indus' — common noun and proper name at once — and Griffith and Geldner read it differently across these passages. See PUR4J-028.","NOT FILLED — no source","The pinned corpus carries no geographic content: info/rv_locations.tsv is a citation-format conversion table. This field needs a source this unit does not have, and it is bounded by the research hold at Version 12 line 1175 against identifying the forts with one archaeological culture.","S","SRC-069; SRC-020; SRC-022; SRC-026; SRC-070","2026-09-07","forts (proposed)"
"PUR-P-078","08.033.07","Indra","7. group: hymns of Medhatithi and other Kanva sons","Geldner's hymn-group heading (SRC-070), reproduced in VedaWeb info/addressees.json. A fact about Geldner's 1951 arrangement, which follows the Anukramaṇī tradition, which post-dates the text. Three removes from composition. PROVISIONAL; HOLD-006.","(none)","(none)","Grassmann's classification of the NAME, from his own gloss, not a reading of this passage's syntax. A name can occur in a passage without holding or attacking anything in it.","(none)","(none)","(none)","(none)","(none)","(none)","(none)","(none)","(none)","(none)","Presence of a lemma that CAN name a river, not a named river. síndhu- is glossed by Grassmann as 'Fluss, Strom; der Indus' — common noun and proper name at once — and Griffith and Geldner read it differently across these passages. See PUR4J-028.","NOT FILLED — no source","The pinned corpus carries no geographic content: info/rv_locations.tsv is a citation-format conversion table. This field needs a source this unit does not have, and it is bounded by the research hold at Version 12 line 1175 against identifying the forts with one archaeological culture.","S","SRC-069; SRC-020; SRC-022; SRC-026; SRC-070","2026-09-07","forts (proposed)"
"PUR-P-079","08.053.01","Indra","","NOT PRODUCED. Geldner's group heading for this hymn names a collection rather than a poet: ""11. group:  Valakhilya-hymns"". Not evidence that the hymn is anonymous — the headings are an arrangement, and where Geldner arranged by something other than authorship he recorded no poet. HOLD-006.","(none)","(none)","Grassmann's classification of the NAME, from his own gloss, not a reading of this passage's syntax. A name can occur in a passage without holding or attacking anything in it.","govídam (govíd-)","(none)","upamám (upamá-) jyéṣṭham (jyéṣṭha-)","(none)","(none)","(none)","(none)","rayí- ~ rāy-","(none)","(none)","Presence of a lemma that CAN name a river, not a named river. síndhu- is glossed by Grassmann as 'Fluss, Strom; der Indus' — common noun and proper name at once — and Griffith and Geldner read it differently across these passages. See PUR4J-028.","NOT FILLED — no source","The pinned corpus carries no geographic content: info/rv_locations.tsv is a citation-format conversion table. This field needs a source this unit does not have, and it is bounded by the research hold at Version 12 line 1175 against identifying the forts with one archaeological culture.","S","SRC-069; SRC-020; SRC-022; SRC-026; SRC-070","2026-09-07","forts (proposed)"
"PUR-P-080","08.061.08","Indra","12. group: hymns of Pragatha and other Kanva-sons","Geldner's hymn-group heading (SRC-070), reproduced in VedaWeb info/addressees.json. A fact about Geldner's 1951 arrangement, which follows the Anukramaṇī tradition, which post-dates the text. Three removes from composition. PROVISIONAL; HOLD-006.","(none)","(none)","Grassmann's classification of the NAME, from his own gloss, not a reading of this passage's syntax. A name can occur in a passage without holding or attacking anything in it.","(none)","índram (índra-)","(none)","(none)","(none)","(none)","yūthá-","dāná-","(none)","(none)","Presence of a lemma that CAN name a river, not a named river. síndhu- is glossed by Grassmann as 'Fluss, Strom; der Indus' — common noun and proper name at once — and Griffith and Geldner read it differently across these passages. See PUR4J-028.","NOT FILLED — no source","The pinned corpus carries no geographic content: info/rv_locations.tsv is a citation-format conversion table. This field needs a source this unit does not have, and it is bounded by the research hold at Version 12 line 1175 against identifying the forts with one archaeological culture.","A","SRC-069; SRC-020; SRC-022; SRC-026; SRC-070","2026-09-07","forts (proposed)"
"PUR-P-081","08.061.10","Indra","12. group: hymns of Pragatha and other Kanva-sons","Geldner's hymn-group heading (SRC-070), reproduced in VedaWeb info/addressees.json. A fact about Geldner's 1951 arrangement, which follows the Anukramaṇī tradition, which post-dates the text. Three removes from composition. PROVISIONAL; HOLD-006.","(none)","(none)","Grassmann's classification of the NAME, from his own gloss, not a reading of this passage's syntax. A name can occur in a passage without holding or attacking anything in it.","ugrábāhuḥ (ugrábāhu-) mrakṣakŕ̥tvā (mrakṣakŕ̥tvan-)","(none)","(none)","(none)","(none)","(none)","(none)","(none)","(none)","(none)","Presence of a lemma that CAN name a river, not a named river. síndhu- is glossed by Grassmann as 'Fluss, Strom; der Indus' — common noun and proper name at once — and Griffith and Geldner read it differently across these passages. See PUR4J-028.","NOT FILLED — no source","The pinned corpus carries no geographic content: info/rv_locations.tsv is a citation-format conversion table. This field needs a source this unit does not have, and it is bounded by the research hold at Version 12 line 1175 against identifying the forts with one archaeological culture.","A","SRC-069; SRC-020; SRC-022; SRC-026; SRC-070","2026-09-07","forts (proposed)"
"PUR-P-082","08.069.08","Indra","13. group: hymns of Priyamedha and others","Geldner's hymn-group heading (SRC-070), reproduced in VedaWeb info/addressees.json. A fact about Geldner's 1951 arrangement, which follows the Anukramaṇī tradition, which post-dates the text. Three removes from composition. PROVISIONAL; HOLD-006.","priyámedha-","(none)","Grassmann's classification of the NAME, from his own gloss, not a reading of this passage's syntax. A name can occur in a passage without holding or attacking anything in it.","(none)","(none)","(none)","(none)","(none)","(none)","(none)","(none)","(none)","(none)","Presence of a lemma that CAN name a river, not a named river. síndhu- is glossed by Grassmann as 'Fluss, Strom; der Indus' — common noun and proper name at once — and Griffith and Geldner read it differently across these passages. See PUR4J-028.","NOT FILLED — no source","The pinned corpus carries no geographic content: info/rv_locations.tsv is a citation-format conversion table. This field needs a source this unit does not have, and it is bounded by the research hold at Version 12 line 1175 against identifying the forts with one archaeological culture.","A","SRC-069; SRC-020; SRC-022; SRC-026; SRC-070","2026-09-07","forts (proposed)"
"PUR-P-083","08.073.18","Asvins","14. group: hymns of Gopavana and other sons of Atri","Geldner's hymn-group heading (SRC-070), reproduced in VedaWeb info/addressees.json. A fact about Geldner's 1951 arrangement, which follows the Anukramaṇī tradition, which post-dates the text. Three removes from composition. PROVISIONAL; HOLD-006.","(none)","(none)","Grassmann's classification of the NAME, from his own gloss, not a reading of this passage's syntax. A name can occur in a passage without holding or attacking anything in it.","(none)","(none)","(none)","(none)","(none)","(none)","(none)","(none)","(none)","(none)","Presence of a lemma that CAN name a river, not a named river. síndhu- is glossed by Grassmann as 'Fluss, Strom; der Indus' — common noun and proper name at once — and Griffith and Geldner read it differently across these passages. See PUR4J-028.","NOT FILLED — no source","The pinned corpus carries no geographic content: info/rv_locations.tsv is a citation-format conversion table. This field needs a source this unit does not have, and it is bounded by the research hold at Version 12 line 1175 against identifying the forts with one archaeological culture.","A","SRC-069; SRC-020; SRC-022; SRC-026; SRC-070","2026-09-07","forts (proposed)"
"PUR-P-084","08.080.07","Indra","16. group: hymns of Ekadyu, Krishna and others","Geldner's hymn-group heading (SRC-070), reproduced in VedaWeb info/addressees.json. A fact about Geldner's 1951 arrangement, which follows the Anukramaṇī tradition, which post-dates the text. Three removes from composition. PROVISIONAL; HOLD-006.","(none)","(none)","Grassmann's classification of the NAME, from his own gloss, not a reading of this passage's syntax. A name can occur in a passage without holding or attacking anything in it.","(none)","bhadrā́ (bhadrá-)","dhī́ḥ (dhī́-) r̥tvíyāvatī (r̥tvíyāvant-)","(none)","(none)","(none)","(none)","(none)","(none)","(none)","Presence of a lemma that CAN name a river, not a named river. síndhu- is glossed by Grassmann as 'Fluss, Strom; der Indus' — common noun and proper name at once — and Griffith and Geldner read it differently across these passages. See PUR4J-028.","NOT FILLED — no source","The pinned corpus carries no geographic content: info/rv_locations.tsv is a citation-format conversion table. This field needs a source this unit does not have, and it is bounded by the research hold at Version 12 line 1175 against identifying the forts with one archaeological culture.","A","SRC-069; SRC-020; SRC-022; SRC-026; SRC-070","2026-09-07","forts (proposed)"
"PUR-P-085","08.093.02","Indra","18. group: hymns of Srutakaksu and others","Geldner's hymn-group heading (SRC-070), reproduced in VedaWeb info/addressees.json. A fact about Geldner's 1951 arrangement, which follows the Anukramaṇī tradition, which post-dates the text. Three removes from composition. PROVISIONAL; HOLD-006.","(none)","(none)","Grassmann's classification of the NAME, from his own gloss, not a reading of this passage's syntax. A name can occur in a passage without holding or attacking anything in it.","(none)","(none)","(none)","(none)","(none)","(none)","(none)","(none)","(none)","(none)","Presence of a lemma that CAN name a river, not a named river. síndhu- is glossed by Grassmann as 'Fluss, Strom; der Indus' — common noun and proper name at once — and Griffith and Geldner read it differently across these passages. See PUR4J-028.","NOT FILLED — no source","The pinned corpus carries no geographic content: info/rv_locations.tsv is a citation-format conversion table. This field needs a source this unit does not have, and it is bounded by the research hold at Version 12 line 1175 against identifying the forts with one archaeological culture.","S","SRC-069; SRC-020; SRC-022; SRC-026; SRC-070","2026-09-07","forts (proposed)"
"PUR-P-086","08.097.14","Indra","19. group: Tirasci and other poets","Geldner's hymn-group heading (SRC-070), reproduced in VedaWeb info/addressees.json. A fact about Geldner's 1951 arrangement, which follows the Anukramaṇī tradition, which post-dates the text. Three removes from composition. PROVISIONAL; HOLD-006.","(none)","(none)","Grassmann's classification of the NAME, from his own gloss, not a reading of this passage's syntax. A name can occur in a passage without holding or attacking anything in it.","(none)","(none)","(none)","(none)","(none)","(none)","(none)","(none)","(none)","(none)","Presence of a lemma that CAN name a river, not a named river. síndhu- is glossed by Grassmann as 'Fluss, Strom; der Indus' — common noun and proper name at once — and Griffith and Geldner read it differently across these passages. See PUR4J-028.","NOT FILLED — no source","The pinned corpus carries no geographic content: info/rv_locations.tsv is a citation-format conversion table. This field needs a source this unit does not have, and it is bounded by the research hold at Version 12 line 1175 against identifying the forts with one archaeological culture.","A","SRC-069; SRC-020; SRC-022; SRC-026; SRC-070","2026-09-07","forts (proposed)"
"PUR-P-087","08.098.06","Indra","19. group: Tirasci and other poets","Geldner's hymn-group heading (SRC-070), reproduced in VedaWeb info/addressees.json. A fact about Geldner's 1951 arrangement, which follows the Anukramaṇī tradition, which post-dates the text. Three removes from composition. PROVISIONAL; HOLD-006.","(none)","(none)","Grassmann's classification of the NAME, from his own gloss, not a reading of this passage's syntax. A name can occur in a passage without holding or attacking anything in it.","(none)","śáśvatīnām (śáśvant-)","(none)","(none)","(none)","(none)","(none)","(none)","(none)","(none)","Presence of a lemma that CAN name a river, not a named river. síndhu- is glossed by Grassmann as 'Fluss, Strom; der Indus' — common noun and proper name at once — and Griffith and Geldner read it differently across these passages. See PUR4J-028.","NOT FILLED — no source","The pinned corpus carries no geographic content: info/rv_locations.tsv is a citation-format conversion table. This field needs a source this unit does not have, and it is bounded by the research hold at Version 12 line 1175 against identifying the forts with one archaeological culture.","A","SRC-069; SRC-020; SRC-022; SRC-026; SRC-070","2026-09-07","forts (proposed)"
"PUR-P-088","08.100.08","Indra and Vak","19. group: Tirasci and other poets","Geldner's hymn-group heading (SRC-070), reproduced in VedaWeb info/addressees.json. A fact about Geldner's 1951 arrangement, which follows the Anukramaṇī tradition, which post-dates the text. Three removes from composition. PROVISIONAL; HOLD-006.","(none)","(none)","Grassmann's classification of the NAME, from his own gloss, not a reading of this passage's syntax. A name can occur in a passage without holding or attacking anything in it.","āyasī́m (āyasá-)","(none)","(none)","(none)","āyasá-","(none)","(none)","(none)","(none)","(none)","Presence of a lemma that CAN name a river, not a named river. síndhu- is glossed by Grassmann as 'Fluss, Strom; der Indus' — common noun and proper name at once — and Griffith and Geldner read it differently across these passages. See PUR4J-028.","NOT FILLED — no source","The pinned corpus carries no geographic content: info/rv_locations.tsv is a citation-format conversion table. This field needs a source this unit does not have, and it is bounded by the research hold at Version 12 line 1175 against identifying the forts with one archaeological culture.","P","SRC-069; SRC-020; SRC-022; SRC-026; SRC-070","2026-09-07","forts (proposed)"
"PUR-P-089","09.048.02","Soma","19. group: Tirasci and other poets","Geldner's hymn-group heading (SRC-070), reproduced in VedaWeb info/addressees.json. A fact about Geldner's 1951 arrangement, which follows the Anukramaṇī tradition, which post-dates the text. Three removes from composition. PROVISIONAL; HOLD-006.","(none)","(none)","Grassmann's classification of the NAME, from his own gloss, not a reading of this passage's syntax. A name can occur in a passage without holding or attacking anything in it.","(none)","(none)","(none)","(none)","(none)","(none)","(none)","sáṃvr̥ktadhr̥ṣṇu-","(none)","(none)","Presence of a lemma that CAN name a river, not a named river. síndhu- is glossed by Grassmann as 'Fluss, Strom; der Indus' — common noun and proper name at once — and Griffith and Geldner read it differently across these passages. See PUR4J-028.","NOT FILLED — no source","The pinned corpus carries no geographic content: info/rv_locations.tsv is a citation-format conversion table. This field needs a source this unit does not have, and it is bounded by the research hold at Version 12 line 1175 against identifying the forts with one archaeological culture.","N","SRC-069; SRC-020; SRC-022; SRC-026; SRC-070","2026-09-07","forts (proposed)"
"PUR-P-090","09.061.02","Soma","19. group: Tirasci and other poets","Geldner's hymn-group heading (SRC-070), reproduced in VedaWeb info/addressees.json. A fact about Geldner's 1951 arrangement, which follows the Anukramaṇī tradition, which post-dates the text. Three removes from composition. PROVISIONAL; HOLD-006.","turváśa-; yádu-","śámbara-","Grassmann's classification of the NAME, from his own gloss, not a reading of this passage's syntax. A name can occur in a passage without holding or attacking anything in it.","(none)","(none)","(none)","(none)","(none)","(none)","(none)","(none)","(none)","(none)","Presence of a lemma that CAN name a river, not a named river. síndhu- is glossed by Grassmann as 'Fluss, Strom; der Indus' — common noun and proper name at once — and Griffith and Geldner read it differently across these passages. See PUR4J-028.","NOT FILLED — no source","The pinned corpus carries no geographic content: info/rv_locations.tsv is a citation-format conversion table. This field needs a source this unit does not have, and it is bounded by the research hold at Version 12 line 1175 against identifying the forts with one archaeological culture.","N","SRC-069; SRC-020; SRC-022; SRC-026; SRC-070","2026-09-07","forts (proposed)"
"PUR-P-091","09.088.04","Soma","","NOT PRODUCED. Geldner's group heading for this hymn names a metre rather than a poet: ""3. group: the Tristubh group"". Not evidence that the hymn is anonymous — the headings are an arrangement, and where Geldner arranged by something other than authorship he recorded no poet. HOLD-006.","(none)","(none)","Grassmann's classification of the NAME, from his own gloss, not a reading of this passage's syntax. A name can occur in a passage without holding or attacking anything in it.","hantā́ (hantár-)","índraḥ (índra-) cákriḥ (cákri-)","paidváḥ (paidvá-) hantā́ (hantár-)","(none)","(none)","(none)","(none)","(none)","(none)","(none)","Presence of a lemma that CAN name a river, not a named river. síndhu- is glossed by Grassmann as 'Fluss, Strom; der Indus' — common noun and proper name at once — and Griffith and Geldner read it differently across these passages. See PUR4J-028.","NOT FILLED — no source","The pinned corpus carries no geographic content: info/rv_locations.tsv is a citation-format conversion table. This field needs a source this unit does not have, and it is bounded by the research hold at Version 12 line 1175 against identifying the forts with one archaeological culture.","S","SRC-069; SRC-020; SRC-022; SRC-026; SRC-070","2026-09-07","forts (proposed)"
"PUR-P-092","09.107.10","Soma","","NOT PRODUCED. Geldner's group heading for this hymn names a strophe-type rather than a poet: ""6. group: the Pragatha group"". This one is genuinely ambiguous: Pragātha is both a strophe-type and a poet's name, and the heading does not say which it means. Counted here as NOT a poet attribution, which is the conservative reading. Not evidence that the hymn is anonymous — the headings are an arrangement, and where Geldner arranged by something other than authorship he recorded no poet. HOLD-006.","(none)","(none)","Grassmann's classification of the NAME, from his own gloss, not a reading of this passage's syntax. A name can occur in a passage without holding or attacking anything in it.","(none)","(none)","(none)","(none)","(none)","(none)","(none)","(none)","ádri-","(none)","Presence of a lemma that CAN name a river, not a named river. síndhu- is glossed by Grassmann as 'Fluss, Strom; der Indus' — common noun and proper name at once — and Griffith and Geldner read it differently across these passages. See PUR4J-028.","NOT FILLED — no source","The pinned corpus carries no geographic content: info/rv_locations.tsv is a citation-format conversion table. This field needs a source this unit does not have, and it is bounded by the research hold at Version 12 line 1175 against identifying the forts with one archaeological culture.","S","SRC-069; SRC-020; SRC-022; SRC-026; SRC-070","2026-09-07","forts (proposed)"
"PUR-P-093","10.046.05","Agni","9. group: the Vatsapri hymns","Geldner's hymn-group heading (SRC-070), reproduced in VedaWeb info/addressees.json. A fact about Geldner's 1951 arrangement, which follows the Anukramaṇī tradition, which post-dates the text. Three removes from composition. PROVISIONAL; HOLD-006.","(none)","(none)","Grassmann's classification of the NAME, from his own gloss, not a reading of this passage's syntax. A name can occur in a passage without holding or attacking anything in it.","(none)","(none)","(none)","(none)","(none)","(none)","(none)","dhánarc-","(none)","(none)","Presence of a lemma that CAN name a river, not a named river. síndhu- is glossed by Grassmann as 'Fluss, Strom; der Indus' — common noun and proper name at once — and Griffith and Geldner read it differently across these passages. See PUR4J-028.","NOT FILLED — no source","The pinned corpus carries no geographic content: info/rv_locations.tsv is a citation-format conversion table. This field needs a source this unit does not have, and it is bounded by the research hold at Version 12 line 1175 against identifying the forts with one archaeological culture.","C","SRC-069; SRC-020; SRC-022; SRC-026; SRC-070","2026-09-07","forts (proposed)"
"PUR-P-094","10.047.04","Indra","9. group: the Vatsapri hymns","Geldner's hymn-group heading (SRC-070), reproduced in VedaWeb info/addressees.json. A fact about Geldner's 1951 arrangement, which follows the Anukramaṇī tradition, which post-dates the text. Three removes from composition. PROVISIONAL; HOLD-006.","(none)","(none)","Grassmann's classification of the NAME, from his own gloss, not a reading of this passage's syntax. A name can occur in a passage without holding or attacking anything in it.","dasyuhánam (dasyuhán-) satyám (satyá-)","citrám (citrá-) vŕ̥ṣaṇam (vŕ̥ṣan-) rayím (rayí- ~ rāy-)","sanádvājam (sanádvāja-) vípravīram (vípravīra-) tárutram (tárutra-) dhanaspŕ̥tam (dhanaspŕ̥t-) sudákṣam (sudákṣa-)","(none)","(none)","(none)","vŕ̥ṣan-","rayí- ~ rāy-","(none)","(none)","Presence of a lemma that CAN name a river, not a named river. síndhu- is glossed by Grassmann as 'Fluss, Strom; der Indus' — common noun and proper name at once — and Griffith and Geldner read it differently across these passages. See PUR4J-028.","NOT FILLED — no source","The pinned corpus carries no geographic content: info/rv_locations.tsv is a citation-format conversion table. This field needs a source this unit does not have, and it is bounded by the research hold at Version 12 line 1175 against identifying the forts with one archaeological culture.","C","SRC-069; SRC-020; SRC-022; SRC-026; SRC-070","2026-09-07","forts (proposed)"
"PUR-P-095","10.067.05","Brihaspati","17. group: hymns of Ayasya","Geldner's hymn-group heading (SRC-070), reproduced in VedaWeb info/addressees.json. A fact about Geldner's 1951 arrangement, which follows the Anukramaṇī tradition, which post-dates the text. Three removes from composition. PROVISIONAL; HOLD-006.","(none)","(none)","Grassmann's classification of the NAME, from his own gloss, not a reading of this passage's syntax. A name can occur in a passage without holding or attacking anything in it.","ápācīm (ápāñc-)","(none)","uṣásam (uṣás-) gā́m (gáv- ~ gó-)","(none)","(none)","udadhí-","gáv- ~ gó-","(none)","(none)","(none)","Presence of a lemma that CAN name a river, not a named river. síndhu- is glossed by Grassmann as 'Fluss, Strom; der Indus' — common noun and proper name at once — and Griffith and Geldner read it differently across these passages. See PUR4J-028.","NOT FILLED — no source","The pinned corpus carries no geographic content: info/rv_locations.tsv is a citation-format conversion table. This field needs a source this unit does not have, and it is bounded by the research hold at Version 12 line 1175 against identifying the forts with one archaeological culture.","C","SRC-069; SRC-020; SRC-022; SRC-026; SRC-070","2026-09-07","forts (proposed)"
"PUR-P-096","10.087.22","Agni, killer of raksas","25. group: hymns of Manyu","Geldner's hymn-group heading (SRC-070), reproduced in VedaWeb info/addressees.json. A fact about Geldner's 1951 arrangement, which follows the Anukramaṇī tradition, which post-dates the text. Three removes from composition. PROVISIONAL; HOLD-006.","(none)","(none)","Grassmann's classification of the NAME, from his own gloss, not a reading of this passage's syntax. A name can occur in a passage without holding or attacking anything in it.","(none)","(none)","(none)","(none)","(none)","(none)","(none)","(none)","(none)","(none)","Presence of a lemma that CAN name a river, not a named river. síndhu- is glossed by Grassmann as 'Fluss, Strom; der Indus' — common noun and proper name at once — and Griffith and Geldner read it differently across these passages. See PUR4J-028.","NOT FILLED — no source","The pinned corpus carries no geographic content: info/rv_locations.tsv is a citation-format conversion table. This field needs a source this unit does not have, and it is bounded by the research hold at Version 12 line 1175 against identifying the forts with one archaeological culture.","P","SRC-069; SRC-020; SRC-022; SRC-026; SRC-070","2026-09-07","forts (proposed)"
"PUR-P-097","10.089.07","Indra","25. group: hymns of Manyu","Geldner's hymn-group heading (SRC-070), reproduced in VedaWeb info/addressees.json. A fact about Geldner's 1951 arrangement, which follows the Anukramaṇī tradition, which post-dates the text. Three removes from composition. PROVISIONAL; HOLD-006.","(none)","(none)","Grassmann's classification of the NAME, from his own gloss, not a reading of this passage's syntax. A name can occur in a passage without holding or attacking anything in it.","(none)","(none)","gā́ḥ (gáv- ~ gó-)","(none)","(none)","síndhu-","gáv- ~ gó-","(none)","girí-","síndhu-","Presence of a lemma that CAN name a river, not a named river. síndhu- is glossed by Grassmann as 'Fluss, Strom; der Indus' — common noun and proper name at once — and Griffith and Geldner read it differently across these passages. See PUR4J-028.","NOT FILLED — no source","The pinned corpus carries no geographic content: info/rv_locations.tsv is a citation-format conversion table. This field needs a source this unit does not have, and it is bounded by the research hold at Version 12 line 1175 against identifying the forts with one archaeological culture.","N","SRC-069; SRC-020; SRC-022; SRC-026; SRC-070","2026-09-07","forts (proposed)"
"PUR-P-098","10.099.07","Indra","25. group: hymns of Manyu","Geldner's hymn-group heading (SRC-070), reproduced in VedaWeb info/addressees.json. A fact about Geldner's 1951 arrangement, which follows the Anukramaṇī tradition, which post-dates the text. Three removes from composition. PROVISIONAL; HOLD-006.","(none)","arśasāná-","Grassmann's classification of the NAME, from his own gloss, not a reading of this passage's syntax. A name can occur in a passage without holding or attacking anything in it.","(none)","(none)","(none)","(none)","(none)","(none)","(none)","(none)","(none)","(none)","Presence of a lemma that CAN name a river, not a named river. síndhu- is glossed by Grassmann as 'Fluss, Strom; der Indus' — common noun and proper name at once — and Griffith and Geldner read it differently across these passages. See PUR4J-028.","NOT FILLED — no source","The pinned corpus carries no geographic content: info/rv_locations.tsv is a citation-format conversion table. This field needs a source this unit does not have, and it is bounded by the research hold at Version 12 line 1175 against identifying the forts with one archaeological culture.","A","SRC-069; SRC-020; SRC-022; SRC-026; SRC-070","2026-09-07","forts (proposed)"
"PUR-P-099","10.099.11","Indra","25. group: hymns of Manyu","Geldner's hymn-group heading (SRC-070), reproduced in VedaWeb info/addressees.json. A fact about Geldner's 1951 arrangement, which follows the Anukramaṇī tradition, which post-dates the text. Three removes from composition. PROVISIONAL; HOLD-006.","r̥jíśvan-","pípru-","Grassmann's classification of the NAME, from his own gloss, not a reading of this passage's syntax. A name can occur in a passage without holding or attacking anything in it.","(none)","(none)","(none)","(none)","(none)","(none)","vrajá-","(none)","(none)","(none)","Presence of a lemma that CAN name a river, not a named river. síndhu- is glossed by Grassmann as 'Fluss, Strom; der Indus' — common noun and proper name at once — and Griffith and Geldner read it differently across these passages. See PUR4J-028.","NOT FILLED — no source","The pinned corpus carries no geographic content: info/rv_locations.tsv is a citation-format conversion table. This field needs a source this unit does not have, and it is bounded by the research hold at Version 12 line 1175 against identifying the forts with one archaeological culture.","A","SRC-069; SRC-020; SRC-022; SRC-026; SRC-070","2026-09-07","forts (proposed)"
"PUR-P-100","10.101.08","the sacrificial priest","25. group: hymns of Manyu","Geldner's hymn-group heading (SRC-070), reproduced in VedaWeb info/addressees.json. A fact about Geldner's 1951 arrangement, which follows the Anukramaṇī tradition, which post-dates the text. Three removes from composition. PROVISIONAL; HOLD-006.","(none)","(none)","Grassmann's classification of the NAME, from his own gloss, not a reading of this passage's syntax. A name can occur in a passage without holding or attacking anything in it.","ā́yasīḥ (āyasá-) ádhr̥ṣṭāḥ (ádhr̥ṣṭa-)","(none)","(none)","(none)","āyasá-","(none)","vrajá-","(none)","(none)","(none)","Presence of a lemma that CAN name a river, not a named river. síndhu- is glossed by Grassmann as 'Fluss, Strom; der Indus' — common noun and proper name at once — and Griffith and Geldner read it differently across these passages. See PUR4J-028.","NOT FILLED — no source","The pinned corpus carries no geographic content: info/rv_locations.tsv is a citation-format conversion table. This field needs a source this unit does not have, and it is bounded by the research hold at Version 12 line 1175 against identifying the forts with one archaeological culture.","P","SRC-069; SRC-020; SRC-022; SRC-026; SRC-070","2026-09-07","forts (proposed)"
"PUR-P-101","10.104.08","Indra","25. group: hymns of Manyu","Geldner's hymn-group heading (SRC-070), reproduced in VedaWeb info/addressees.json. A fact about Geldner's 1951 arrangement, which follows the Anukramaṇī tradition, which post-dates the text. Three removes from composition. PROVISIONAL; HOLD-006.","(none)","(none)","Grassmann's classification of the NAME, from his own gloss, not a reading of this passage's syntax. A name can occur in a passage without holding or attacking anything in it.","(none)","(none)","(none)","(none)","(none)","srotyā́-; síndhu-; áp-","(none)","(none)","(none)","síndhu-","Presence of a lemma that CAN name a river, not a named river. síndhu- is glossed by Grassmann as 'Fluss, Strom; der Indus' — common noun and proper name at once — and Griffith and Geldner read it differently across these passages. See PUR4J-028.","NOT FILLED — no source","The pinned corpus carries no geographic content: info/rv_locations.tsv is a citation-format conversion table. This field needs a source this unit does not have, and it is bounded by the research hold at Version 12 line 1175 against identifying the forts with one archaeological culture.","N","SRC-069; SRC-020; SRC-022; SRC-026; SRC-070","2026-09-07","forts (proposed)"
"PUR-P-102","10.111.10","Indra","25. group: hymns of Manyu","Geldner's hymn-group heading (SRC-070), reproduced in VedaWeb info/addressees.json. A fact about Geldner's 1951 arrangement, which follows the Anukramaṇī tradition, which post-dates the text. Three removes from composition. PROVISIONAL; HOLD-006.","(none)","(none)","Grassmann's classification of the NAME, from his own gloss, not a reading of this passage's syntax. A name can occur in a passage without holding or attacking anything in it.","jāráḥ (jārá-)","(none)","(none)","(none)","(none)","síndhu-","(none)","(none)","(none)","síndhu-","Presence of a lemma that CAN name a river, not a named river. síndhu- is glossed by Grassmann as 'Fluss, Strom; der Indus' — common noun and proper name at once — and Griffith and Geldner read it differently across these passages. See PUR4J-028.","NOT FILLED — no source","The pinned corpus carries no geographic content: info/rv_locations.tsv is a citation-format conversion table. This field needs a source this unit does not have, and it is bounded by the research hold at Version 12 line 1175 against identifying the forts with one archaeological culture.","C","SRC-069; SRC-020; SRC-022; SRC-026; SRC-070","2026-09-07","forts (proposed)"
"PUR-P-103","10.138.04","Indra","25. group: hymns of Manyu","Geldner's hymn-group heading (SRC-070), reproduced in VedaWeb info/addressees.json. A fact about Geldner's 1951 arrangement, which follows the Anukramaṇī tradition, which post-dates the text. Three removes from composition. PROVISIONAL; HOLD-006.","(none)","(none)","Grassmann's classification of the NAME, from his own gloss, not a reading of this passage's syntax. A name can occur in a passage without holding or attacking anything in it.","vásu (vásu-)","(none)","(none)","(none)","(none)","(none)","(none)","(none)","(none)","(none)","Presence of a lemma that CAN name a river, not a named river. síndhu- is glossed by Grassmann as 'Fluss, Strom; der Indus' — common noun and proper name at once — and Griffith and Geldner read it differently across these passages. See PUR4J-028.","NOT FILLED — no source","The pinned corpus carries no geographic content: info/rv_locations.tsv is a citation-format conversion table. This field needs a source this unit does not have, and it is bounded by the research hold at Version 12 line 1175 against identifying the forts with one archaeological culture.","C","SRC-069; SRC-020; SRC-022; SRC-026; SRC-070","2026-09-07","forts (proposed)"
