"passage_id","stanza","type","type_before_override","type_means","poetic_subkind","basis","override","inferred_geography","archaeological_fortification","unsupported_identification","why_three_types_unassigned","family_surfaces","addressee","arnold_stratum","status","source_id","locator","retrieval_date","supports_page"
"PUR-P-001","01.011.04","POETIC-FORMULA","POETIC-FORMULA","TEXTUAL-STRONGHOLD means the TEXT presents a fort as an object in its own narrative world. It is NOT a claim that any fort existed, was fortified, or can be located: that would be the archaeological type, which is not assigned here. A passage can be a textual stronghold and still state a formulaic count — the counts are a separate register for that reason.","DIVINE-EPITHET","R4b: genitive plural purā́m depending on an agent noun of breaking — the analytic form of the puraṃdará- epithet, which R1 cannot see because the token is a simplex púr-. purā́m bhindúr — 'breaker of forts', of Indra.","","NOT ASSIGNED","NOT ASSIGNED","NOT ASSIGNED","These three of §4J's five types are not properties of the passage. Each is a verdict on an argument someone else must make first — a placement, a site match, an identification. This unit has no geographic source (the pinned corpus carries none, PUR4J-018) and no archaeological source, so none is assigned to any passage. Assigning one anyway is precisely how a textual stronghold becomes an archaeological one.","purā́m","Indra","N","PROVISIONAL","SRC-069; SRC-020; SRC-022; SRC-072; SRC-073; SRC-074","RV 01.011.04; Aufrecht and padapāṭha at that stanza; Griffith, Geldner and Grassmann at that stanza","2026-09-07","forts (proposed)"
"PUR-P-002","01.033.13","TEXTUAL-STRONGHOLD","TEXTUAL-STRONGHOLD","TEXTUAL-STRONGHOLD means the TEXT presents a fort as an object in its own narrative world. It is NOT a claim that any fort existed, was fortified, or can be located: that would be the archaeological type, which is not assigned here. A passage can be a textual stronghold and still state a formulaic count — the counts are a separate register for that reason.","","R5: a púr- in ACC stands as an object in the narrative — held, broken, entered, or belonging to a named holder.","","NOT ASSIGNED","NOT ASSIGNED","NOT ASSIGNED","These three of §4J's five types are not properties of the passage. Each is a verdict on an argument someone else must make first — a placement, a site match, an identification. This unit has no geographic source (the pinned corpus carries none, PUR4J-018) and no archaeological source, so none is assigned to any passage. Assigning one anyway is precisely how a textual stronghold becomes an archaeological one.","púraḥ","Indra","n","PROVISIONAL","SRC-069; SRC-020; SRC-022; SRC-072; SRC-073; SRC-074","RV 01.033.13; Aufrecht and padapāṭha at that stanza; Griffith, Geldner and Grassmann at that stanza","2026-09-07","forts (proposed)"
"PUR-P-003","01.051.05","TEXTUAL-STRONGHOLD","TEXTUAL-STRONGHOLD","TEXTUAL-STRONGHOLD means the TEXT presents a fort as an object in its own narrative world. It is NOT a claim that any fort existed, was fortified, or can be located: that would be the archaeological type, which is not assigned here. A passage can be a textual stronghold and still state a formulaic count — the counts are a separate register for that reason.","","R5: a púr- in ACC stands as an object in the narrative — held, broken, entered, or belonging to a named holder.","","NOT ASSIGNED","NOT ASSIGNED","NOT ASSIGNED","These three of §4J's five types are not properties of the passage. Each is a verdict on an argument someone else must make first — a placement, a site match, an identification. This unit has no geographic source (the pinned corpus carries none, PUR4J-018) and no archaeological source, so none is assigned to any passage. Assigning one anyway is precisely how a textual stronghold becomes an archaeological one.","púraḥ","Indra","C","PROVISIONAL","SRC-069; SRC-020; SRC-022; SRC-072; SRC-073; SRC-074","RV 01.051.05; Aufrecht and padapāṭha at that stanza; Griffith, Geldner and Grassmann at that stanza","2026-09-07","forts (proposed)"
"PUR-P-004","01.051.11","TEXTUAL-STRONGHOLD","TEXTUAL-STRONGHOLD","TEXTUAL-STRONGHOLD means the TEXT presents a fort as an object in its own narrative world. It is NOT a claim that any fort existed, was fortified, or can be located: that would be the archaeological type, which is not assigned here. A passage can be a textual stronghold and still state a formulaic count — the counts are a separate register for that reason.","","R5: a púr- in ACC stands as an object in the narrative — held, broken, entered, or belonging to a named holder.","","NOT ASSIGNED","NOT ASSIGNED","NOT ASSIGNED","These three of §4J's five types are not properties of the passage. Each is a verdict on an argument someone else must make first — a placement, a site match, an identification. This unit has no geographic source (the pinned corpus carries none, PUR4J-018) and no archaeological source, so none is assigned to any passage. Assigning one anyway is precisely how a textual stronghold becomes an archaeological one.","púraḥ","Indra","C","PROVISIONAL","SRC-069; SRC-020; SRC-022; SRC-072; SRC-073; SRC-074","RV 01.051.11; Aufrecht and padapāṭha at that stanza; Griffith, Geldner and Grassmann at that stanza","2026-09-07","forts (proposed)"
"PUR-P-005","01.053.07","TEXTUAL-STRONGHOLD","TEXTUAL-STRONGHOLD","TEXTUAL-STRONGHOLD means the TEXT presents a fort as an object in its own narrative world. It is NOT a claim that any fort existed, was fortified, or can be located: that would be the archaeological type, which is not assigned here. A passage can be a textual stronghold and still state a formulaic count — the counts are a separate register for that reason.","","R5: a púr- in ACC/INS stands as an object in the narrative — held, broken, entered, or belonging to a named holder.","","NOT ASSIGNED","NOT ASSIGNED","NOT ASSIGNED","These three of §4J's five types are not properties of the passage. Each is a verdict on an argument someone else must make first — a placement, a site match, an identification. This unit has no geographic source (the pinned corpus carries none, PUR4J-018) and no archaeological source, so none is assigned to any passage. Assigning one anyway is precisely how a textual stronghold becomes an archaeological one.","purā́ púram","Indra","C","PROVISIONAL","SRC-069; SRC-020; SRC-022; SRC-072; SRC-073; SRC-074","RV 01.053.07; Aufrecht and padapāṭha at that stanza; Griffith, Geldner and Grassmann at that stanza","2026-09-07","forts (proposed)"
"PUR-P-006","01.053.08","TEXTUAL-STRONGHOLD","TEXTUAL-STRONGHOLD","TEXTUAL-STRONGHOLD means the TEXT presents a fort as an object in its own narrative world. It is NOT a claim that any fort existed, was fortified, or can be located: that would be the archaeological type, which is not assigned here. A passage can be a textual stronghold and still state a formulaic count — the counts are a separate register for that reason.","","R5: a púr- in ACC stands as an object in the narrative — held, broken, entered, or belonging to a named holder.","","NOT ASSIGNED","NOT ASSIGNED","NOT ASSIGNED","These three of §4J's five types are not properties of the passage. Each is a verdict on an argument someone else must make first — a placement, a site match, an identification. This unit has no geographic source (the pinned corpus carries none, PUR4J-018) and no archaeological source, so none is assigned to any passage. Assigning one anyway is precisely how a textual stronghold becomes an archaeological one.","púraḥ","Indra","C","PROVISIONAL","SRC-069; SRC-020; SRC-022; SRC-072; SRC-073; SRC-074","RV 01.053.08; Aufrecht and padapāṭha at that stanza; Griffith, Geldner and Grassmann at that stanza","2026-09-07","forts (proposed)"
"PUR-P-007","01.054.06","TEXTUAL-STRONGHOLD","TEXTUAL-STRONGHOLD","TEXTUAL-STRONGHOLD means the TEXT presents a fort as an object in its own narrative world. It is NOT a claim that any fort existed, was fortified, or can be located: that would be the archaeological type, which is not assigned here. A passage can be a textual stronghold and still state a formulaic count — the counts are a separate register for that reason.","","R5: a púr- in ACC stands as an object in the narrative — held, broken, entered, or belonging to a named holder.","","NOT ASSIGNED","NOT ASSIGNED","NOT ASSIGNED","These three of §4J's five types are not properties of the passage. Each is a verdict on an argument someone else must make first — a placement, a site match, an identification. This unit has no geographic source (the pinned corpus carries none, PUR4J-018) and no archaeological source, so none is assigned to any passage. Assigning one anyway is precisely how a textual stronghold becomes an archaeological one.","púraḥ","Indra","C","PROVISIONAL","SRC-069; SRC-020; SRC-022; SRC-072; SRC-073; SRC-074","RV 01.054.06; Aufrecht and padapāṭha at that stanza; Griffith, Geldner and Grassmann at that stanza","2026-09-07","forts (proposed)"
"PUR-P-008","01.058.08","POETIC-FORMULA","POETIC-FORMULA","TEXTUAL-STRONGHOLD means the TEXT presents a fort as an object in its own narrative world. It is NOT a claim that any fort existed, was fortified, or can be located: that would be the archaeological type, which is not assigned here. A passage can be a textual stronghold and still state a formulaic count — the counts are a separate register for that reason.","PROTECTIVE-FORMULA","R4: pūrbhír ā́yasībhiḥ … uruṣya — protect the singer with iron forts.","","NOT ASSIGNED","NOT ASSIGNED","NOT ASSIGNED","These three of §4J's five types are not properties of the passage. Each is a verdict on an argument someone else must make first — a placement, a site match, an identification. This unit has no geographic source (the pinned corpus carries none, PUR4J-018) and no archaeological source, so none is assigned to any passage. Assigning one anyway is precisely how a textual stronghold becomes an archaeological one.","pūrbhíḥ","Agni","A","PROVISIONAL","SRC-069; SRC-020; SRC-022; SRC-072; SRC-073; SRC-074","RV 01.058.08; Aufrecht and padapāṭha at that stanza; Griffith, Geldner and Grassmann at that stanza","2026-09-07","forts (proposed)"
"PUR-P-009","01.061.05","POETIC-FORMULA","POETIC-FORMULA","TEXTUAL-STRONGHOLD means the TEXT presents a fort as an object in its own narrative world. It is NOT a claim that any fort existed, was fortified, or can be located: that would be the archaeological type, which is not assigned here. A passage can be a textual stronghold and still state a formulaic count — the counts are a separate register for that reason.","DIVINE-EPITHET","R4b: genitive plural purā́m depending on an agent noun of breaking — the analytic form of the puraṃdará- epithet, which R1 cannot see because the token is a simplex púr-. purā́ṁ … darmā́ṇam — 'splitter of forts', of Indra.","","NOT ASSIGNED","NOT ASSIGNED","NOT ASSIGNED","These three of §4J's five types are not properties of the passage. Each is a verdict on an argument someone else must make first — a placement, a site match, an identification. This unit has no geographic source (the pinned corpus carries none, PUR4J-018) and no archaeological source, so none is assigned to any passage. Assigning one anyway is precisely how a textual stronghold becomes an archaeological one.","purā́m","Indra","A","PROVISIONAL","SRC-069; SRC-020; SRC-022; SRC-072; SRC-073; SRC-074","RV 01.061.05; Aufrecht and padapāṭha at that stanza; Griffith, Geldner and Grassmann at that stanza","2026-09-07","forts (proposed)"
"PUR-P-010","01.063.02","TEXTUAL-STRONGHOLD","TEXTUAL-STRONGHOLD","TEXTUAL-STRONGHOLD means the TEXT presents a fort as an object in its own narrative world. It is NOT a claim that any fort existed, was fortified, or can be located: that would be the archaeological type, which is not assigned here. A passage can be a textual stronghold and still state a formulaic count — the counts are a separate register for that reason.","","R5: a púr- in ACC stands as an object in the narrative — held, broken, entered, or belonging to a named holder.","","NOT ASSIGNED","NOT ASSIGNED","NOT ASSIGNED","These three of §4J's five types are not properties of the passage. Each is a verdict on an argument someone else must make first — a placement, a site match, an identification. This unit has no geographic source (the pinned corpus carries none, PUR4J-018) and no archaeological source, so none is assigned to any passage. Assigning one anyway is precisely how a textual stronghold becomes an archaeological one.","púraḥ","Indra","A","PROVISIONAL","SRC-069; SRC-020; SRC-022; SRC-072; SRC-073; SRC-074","RV 01.063.02; Aufrecht and padapāṭha at that stanza; Griffith, Geldner and Grassmann at that stanza","2026-09-07","forts (proposed)"
"PUR-P-011","01.063.07","TEXTUAL-STRONGHOLD","TEXTUAL-STRONGHOLD","TEXTUAL-STRONGHOLD means the TEXT presents a fort as an object in its own narrative world. It is NOT a claim that any fort existed, was fortified, or can be located: that would be the archaeological type, which is not assigned here. A passage can be a textual stronghold and still state a formulaic count — the counts are a separate register for that reason.","","R5: a púr- in ACC stands as an object in the narrative — held, broken, entered, or belonging to a named holder.","","NOT ASSIGNED","NOT ASSIGNED","NOT ASSIGNED","These three of §4J's five types are not properties of the passage. Each is a verdict on an argument someone else must make first — a placement, a site match, an identification. This unit has no geographic source (the pinned corpus carries none, PUR4J-018) and no archaeological source, so none is assigned to any passage. Assigning one anyway is precisely how a textual stronghold becomes an archaeological one.","púraḥ","Indra","A","PROVISIONAL","SRC-069; SRC-020; SRC-022; SRC-072; SRC-073; SRC-074","RV 01.063.07; Aufrecht and padapāṭha at that stanza; Griffith, Geldner and Grassmann at that stanza","2026-09-07","forts (proposed)"
"PUR-P-012","01.102.07","POETIC-FORMULA","POETIC-FORMULA","TEXTUAL-STRONGHOLD means the TEXT presents a fort as an object in its own narrative world. It is NOT a claim that any fort existed, was fortified, or can be located: that would be the archaeological type, which is not assigned here. A passage can be a textual stronghold and still state a formulaic count — the counts are a separate register for that reason.","DIVINE-EPITHET","R1: every family token is a derivative epithet (puraṃdará- 'fort-breaker' and kin). No fort is present as an object; the fort word is a component of a divine title.","","NOT ASSIGNED","NOT ASSIGNED","NOT ASSIGNED","These three of §4J's five types are not properties of the passage. Each is a verdict on an argument someone else must make first — a placement, a site match, an identification. This unit has no geographic source (the pinned corpus carries none, PUR4J-018) and no archaeological source, so none is assigned to any passage. Assigning one anyway is precisely how a textual stronghold becomes an archaeological one.","puraṃdara","Indra","C","PROVISIONAL","SRC-069; SRC-020; SRC-022; SRC-072; SRC-073; SRC-074","RV 01.102.07; Aufrecht and padapāṭha at that stanza; Griffith, Geldner and Grassmann at that stanza","2026-09-07","forts (proposed)"
"PUR-P-013","01.103.03","TEXTUAL-STRONGHOLD","TEXTUAL-STRONGHOLD","TEXTUAL-STRONGHOLD means the TEXT presents a fort as an object in its own narrative world. It is NOT a claim that any fort existed, was fortified, or can be located: that would be the archaeological type, which is not assigned here. A passage can be a textual stronghold and still state a formulaic count — the counts are a separate register for that reason.","","R5: a púr- in ACC stands as an object in the narrative — held, broken, entered, or belonging to a named holder.","","NOT ASSIGNED","NOT ASSIGNED","NOT ASSIGNED","These three of §4J's five types are not properties of the passage. Each is a verdict on an argument someone else must make first — a placement, a site match, an identification. This unit has no geographic source (the pinned corpus carries none, PUR4J-018) and no archaeological source, so none is assigned to any passage. Assigning one anyway is precisely how a textual stronghold becomes an archaeological one.","púraḥ","Indra","C","PROVISIONAL","SRC-069; SRC-020; SRC-022; SRC-072; SRC-073; SRC-074","RV 01.103.03; Aufrecht and padapāṭha at that stanza; Griffith, Geldner and Grassmann at that stanza","2026-09-07","forts (proposed)"
"PUR-P-014","01.103.08","TEXTUAL-STRONGHOLD","TEXTUAL-STRONGHOLD","TEXTUAL-STRONGHOLD means the TEXT presents a fort as an object in its own narrative world. It is NOT a claim that any fort existed, was fortified, or can be located: that would be the archaeological type, which is not assigned here. A passage can be a textual stronghold and still state a formulaic count — the counts are a separate register for that reason.","","R5: a púr- in ACC stands as an object in the narrative — held, broken, entered, or belonging to a named holder.","","NOT ASSIGNED","NOT ASSIGNED","NOT ASSIGNED","These three of §4J's five types are not properties of the passage. Each is a verdict on an argument someone else must make first — a placement, a site match, an identification. This unit has no geographic source (the pinned corpus carries none, PUR4J-018) and no archaeological source, so none is assigned to any passage. Assigning one anyway is precisely how a textual stronghold becomes an archaeological one.","púraḥ","Indra","C","PROVISIONAL","SRC-069; SRC-020; SRC-022; SRC-072; SRC-073; SRC-074","RV 01.103.08; Aufrecht and padapāṭha at that stanza; Griffith, Geldner and Grassmann at that stanza","2026-09-07","forts (proposed)"
"PUR-P-015","01.109.08","POETIC-FORMULA","POETIC-FORMULA","TEXTUAL-STRONGHOLD means the TEXT presents a fort as an object in its own narrative world. It is NOT a claim that any fort existed, was fortified, or can be located: that would be the archaeological type, which is not assigned here. A passage can be a textual stronghold and still state a formulaic count — the counts are a separate register for that reason.","DIVINE-EPITHET","R1: every family token is a derivative epithet (puraṃdará- 'fort-breaker' and kin). No fort is present as an object; the fort word is a component of a divine title.","","NOT ASSIGNED","NOT ASSIGNED","NOT ASSIGNED","These three of §4J's five types are not properties of the passage. Each is a verdict on an argument someone else must make first — a placement, a site match, an identification. This unit has no geographic source (the pinned corpus carries none, PUR4J-018) and no archaeological source, so none is assigned to any passage. Assigning one anyway is precisely how a textual stronghold becomes an archaeological one.","púraṃdarā","Indra and Agni","C","PROVISIONAL","SRC-069; SRC-020; SRC-022; SRC-072; SRC-073; SRC-074","RV 01.109.08; Aufrecht and padapāṭha at that stanza; Griffith, Geldner and Grassmann at that stanza","2026-09-07","forts (proposed)"
"PUR-P-016","01.112.14","POETIC-FORMULA","POETIC-FORMULA","TEXTUAL-STRONGHOLD means the TEXT presents a fort as an object in its own narrative world. It is NOT a claim that any fort existed, was fortified, or can be located: that would be the archaeological type, which is not assigned here. A passage can be a textual stronghold and still state a formulaic count — the counts are a separate register for that reason.","DIVINE-EPITHET","R1: every family token is a derivative epithet (puraṃdará- 'fort-breaker' and kin). No fort is present as an object; the fort word is a component of a divine title.","","NOT ASSIGNED","NOT ASSIGNED","NOT ASSIGNED","These three of §4J's five types are not properties of the passage. Each is a verdict on an argument someone else must make first — a placement, a site match, an identification. This unit has no geographic source (the pinned corpus carries none, PUR4J-018) and no archaeological source, so none is assigned to any passage. Assigning one anyway is precisely how a textual stronghold becomes an archaeological one.","pūrbhídye","Asvins","C","PROVISIONAL","SRC-069; SRC-020; SRC-022; SRC-072; SRC-073; SRC-074","RV 01.112.14; Aufrecht and padapāṭha at that stanza; Griffith, Geldner and Grassmann at that stanza","2026-09-07","forts (proposed)"
"PUR-P-017","01.130.07","TEXTUAL-STRONGHOLD","TEXTUAL-STRONGHOLD","TEXTUAL-STRONGHOLD means the TEXT presents a fort as an object in its own narrative world. It is NOT a claim that any fort existed, was fortified, or can be located: that would be the archaeological type, which is not assigned here. A passage can be a textual stronghold and still state a formulaic count — the counts are a separate register for that reason.","","R5: a púr- in ACC stands as an object in the narrative — held, broken, entered, or belonging to a named holder.","","NOT ASSIGNED","NOT ASSIGNED","NOT ASSIGNED","These three of §4J's five types are not properties of the passage. Each is a verdict on an argument someone else must make first — a placement, a site match, an identification. This unit has no geographic source (the pinned corpus carries none, PUR4J-018) and no archaeological source, so none is assigned to any passage. Assigning one anyway is precisely how a textual stronghold becomes an archaeological one.","púraḥ","Indra","s","PROVISIONAL","SRC-069; SRC-020; SRC-022; SRC-072; SRC-073; SRC-074","RV 01.130.07; Aufrecht and padapāṭha at that stanza; Griffith, Geldner and Grassmann at that stanza","2026-09-07","forts (proposed)"
"PUR-P-018","01.130.10","POETIC-FORMULA","POETIC-FORMULA","TEXTUAL-STRONGHOLD means the TEXT presents a fort as an object in its own narrative world. It is NOT a claim that any fort existed, was fortified, or can be located: that would be the archaeological type, which is not assigned here. A passage can be a textual stronghold and still state a formulaic count — the counts are a separate register for that reason.","DIVINE-EPITHET","R4b: genitive plural purā́m depending on an agent noun of breaking — the analytic form of the puraṃdará- epithet, which R1 cannot see because the token is a simplex púr-. púrāṁ dartaḥ — 'O splitter of forts', vocative.","","NOT ASSIGNED","NOT ASSIGNED","NOT ASSIGNED","These three of §4J's five types are not properties of the passage. Each is a verdict on an argument someone else must make first — a placement, a site match, an identification. This unit has no geographic source (the pinned corpus carries none, PUR4J-018) and no archaeological source, so none is assigned to any passage. Assigning one anyway is precisely how a textual stronghold becomes an archaeological one.","púrām","Indra","s","PROVISIONAL","SRC-069; SRC-020; SRC-022; SRC-072; SRC-073; SRC-074","RV 01.130.10; Aufrecht and padapāṭha at that stanza; Griffith, Geldner and Grassmann at that stanza","2026-09-07","forts (proposed)"
"PUR-P-019","01.131.04","TEXTUAL-STRONGHOLD","TEXTUAL-STRONGHOLD","TEXTUAL-STRONGHOLD means the TEXT presents a fort as an object in its own narrative world. It is NOT a claim that any fort existed, was fortified, or can be located: that would be the archaeological type, which is not assigned here. A passage can be a textual stronghold and still state a formulaic count — the counts are a separate register for that reason.","","R5: a púr- in ACC stands as an object in the narrative — held, broken, entered, or belonging to a named holder.","","NOT ASSIGNED","NOT ASSIGNED","NOT ASSIGNED","These three of §4J's five types are not properties of the passage. Each is a verdict on an argument someone else must make first — a placement, a site match, an identification. This unit has no geographic source (the pinned corpus carries none, PUR4J-018) and no archaeological source, so none is assigned to any passage. Assigning one anyway is precisely how a textual stronghold becomes an archaeological one.","púraḥ","Indra","s","PROVISIONAL","SRC-069; SRC-020; SRC-022; SRC-072; SRC-073; SRC-074","RV 01.131.04; Aufrecht and padapāṭha at that stanza; Griffith, Geldner and Grassmann at that stanza","2026-09-07","forts (proposed)"
"PUR-P-020","01.149.03","CANNOT-CLASSIFY","TEXTUAL-STRONGHOLD","TEXTUAL-STRONGHOLD means the TEXT presents a fort as an object in its own narrative world. It is NOT a claim that any fort existed, was fortified, or can be located: that would be the archaeological type, which is not assigned here. A passage can be a textual stronghold and still state a formulaic count — the counts are a separate register for that reason.","","R5: a púr- in ACC stands as an object in the narrative — held, broken, entered, or belonging to a named holder.","Rule output TEXTUAL-STRONGHOLD overridden to CANNOT-CLASSIFY. 'púraṁ nā́rmiṇīm'. If nā́rmiṇī- is a proper name (Geldner: 'die Burg Nārmiṇī') this is the only named fort in the corpus and a textual stronghold. If it is an adjective (Griffith: 'the joyous castle') it is a formulaic epithet. Grassmann's gloss declines to choose. The classification turns entirely on a disputed word class.","NOT ASSIGNED","NOT ASSIGNED","NOT ASSIGNED","These three of §4J's five types are not properties of the passage. Each is a verdict on an argument someone else must make first — a placement, a site match, an identification. This unit has no geographic source (the pinned corpus carries none, PUR4J-018) and no archaeological source, so none is assigned to any passage. Assigning one anyway is precisely how a textual stronghold becomes an archaeological one.","púram","Agni","a","PROVISIONAL","SRC-069; SRC-020; SRC-022; SRC-072; SRC-073; SRC-074","RV 01.149.03; Aufrecht and padapāṭha at that stanza; Griffith, Geldner and Grassmann at that stanza","2026-09-07","forts (proposed)"
"PUR-P-021","01.166.08","POETIC-FORMULA","POETIC-FORMULA","TEXTUAL-STRONGHOLD means the TEXT presents a fort as an object in its own narrative world. It is NOT a claim that any fort existed, was fortified, or can be located: that would be the archaeological type, which is not assigned here. A passage can be a textual stronghold and still state a formulaic count — the counts are a separate register for that reason.","PROTECTIVE-FORMULA","R4: śatábhujibhis … pūrbhī́ rakṣatā maruto — Maruts guard with hundredfold forts.","","NOT ASSIGNED","NOT ASSIGNED","NOT ASSIGNED","These three of §4J's five types are not properties of the passage. Each is a verdict on an argument someone else must make first — a placement, a site match, an identification. This unit has no geographic source (the pinned corpus carries none, PUR4J-018) and no archaeological source, so none is assigned to any passage. Assigning one anyway is precisely how a textual stronghold becomes an archaeological one.","pūrbhíḥ","the Maruts","s","PROVISIONAL","SRC-069; SRC-020; SRC-022; SRC-072; SRC-073; SRC-074","RV 01.166.08; Aufrecht and padapāṭha at that stanza; Griffith, Geldner and Grassmann at that stanza","2026-09-07","forts (proposed)"
"PUR-P-022","01.173.10","POETIC-FORMULA","POETIC-FORMULA","TEXTUAL-STRONGHOLD means the TEXT presents a fort as an object in its own narrative world. It is NOT a claim that any fort existed, was fortified, or can be located: that would be the archaeological type, which is not assigned here. A passage can be a textual stronghold and still state a formulaic count — the counts are a separate register for that reason.","SIMILE","R1: every family token is a derivative epithet (puraṃdará- 'fort-breaker' and kin). No fort is present as an object; the fort word is a component of a divine title.","Rule output POETIC-FORMULA/DIVINE-EPITHET overridden to POETIC-FORMULA/SIMILE. pū́rpati- 'lord of a púr' inside a simile: petitioners approach Indra as men approach a fort-lord. The office is the vehicle of the simile, not a fact asserted about a fort. Griffith's single 'city' in 103 passages falls here — see 06-BRIEFS/pur-translation-standard.md §8.","NOT ASSIGNED","NOT ASSIGNED","NOT ASSIGNED","These three of §4J's five types are not properties of the passage. Each is a verdict on an argument someone else must make first — a placement, a site match, an identification. This unit has no geographic source (the pinned corpus carries none, PUR4J-018) and no archaeological source, so none is assigned to any passage. Assigning one anyway is precisely how a textual stronghold becomes an archaeological one.","pū́rpatim","Indra","A","PROVISIONAL","SRC-069; SRC-020; SRC-022; SRC-072; SRC-073; SRC-074","RV 01.173.10; Aufrecht and padapāṭha at that stanza; Griffith, Geldner and Grassmann at that stanza","2026-09-07","forts (proposed)"
"PUR-P-023","01.174.02","TEXTUAL-STRONGHOLD","TEXTUAL-STRONGHOLD","TEXTUAL-STRONGHOLD means the TEXT presents a fort as an object in its own narrative world. It is NOT a claim that any fort existed, was fortified, or can be located: that would be the archaeological type, which is not assigned here. A passage can be a textual stronghold and still state a formulaic count — the counts are a separate register for that reason.","","R5: a púr- in ACC stands as an object in the narrative — held, broken, entered, or belonging to a named holder.","","NOT ASSIGNED","NOT ASSIGNED","NOT ASSIGNED","These three of §4J's five types are not properties of the passage. Each is a verdict on an argument someone else must make first — a placement, a site match, an identification. This unit has no geographic source (the pinned corpus carries none, PUR4J-018) and no archaeological source, so none is assigned to any passage. Assigning one anyway is precisely how a textual stronghold becomes an archaeological one.","púraḥ","Indra","A","PROVISIONAL","SRC-069; SRC-020; SRC-022; SRC-072; SRC-073; SRC-074","RV 01.174.02; Aufrecht and padapāṭha at that stanza; Griffith, Geldner and Grassmann at that stanza","2026-09-07","forts (proposed)"
"PUR-P-024","01.174.08","POETIC-FORMULA","POETIC-FORMULA","TEXTUAL-STRONGHOLD means the TEXT presents a fort as an object in its own narrative world. It is NOT a claim that any fort existed, was fortified, or can be located: that would be the archaeological type, which is not assigned here. A passage can be a textual stronghold and still state a formulaic count — the counts are a separate register for that reason.","SIMILE","R2: bhinát púro ná bhído ádevīr — the godless are crushed LIKE forts.","","NOT ASSIGNED","NOT ASSIGNED","NOT ASSIGNED","These three of §4J's five types are not properties of the passage. Each is a verdict on an argument someone else must make first — a placement, a site match, an identification. This unit has no geographic source (the pinned corpus carries none, PUR4J-018) and no archaeological source, so none is assigned to any passage. Assigning one anyway is precisely how a textual stronghold becomes an archaeological one.","púraḥ","Indra","A","PROVISIONAL","SRC-069; SRC-020; SRC-022; SRC-072; SRC-073; SRC-074","RV 01.174.08; Aufrecht and padapāṭha at that stanza; Griffith, Geldner and Grassmann at that stanza","2026-09-07","forts (proposed)"
"PUR-P-025","01.189.02","POETIC-FORMULA","POETIC-FORMULA","TEXTUAL-STRONGHOLD means the TEXT presents a fort as an object in its own narrative world. It is NOT a claim that any fort existed, was fortified, or can be located: that would be the archaeological type, which is not assigned here. A passage can be a textual stronghold and still state a formulaic count — the counts are a separate register for that reason.","METAPHOR","R3: pū́ś ca pr̥thvī́ bahulā́ na urvī́ bhávā — Agni asked to BE a broad, ample, wide púr.","","NOT ASSIGNED","NOT ASSIGNED","NOT ASSIGNED","These three of §4J's five types are not properties of the passage. Each is a verdict on an argument someone else must make first — a placement, a site match, an identification. This unit has no geographic source (the pinned corpus carries none, PUR4J-018) and no archaeological source, so none is assigned to any passage. Assigning one anyway is precisely how a textual stronghold becomes an archaeological one.","pū́ḥ","Agni","s","PROVISIONAL","SRC-069; SRC-020; SRC-022; SRC-072; SRC-073; SRC-074","RV 01.189.02; Aufrecht and padapāṭha at that stanza; Griffith, Geldner and Grassmann at that stanza","2026-09-07","forts (proposed)"
"PUR-P-026","02.014.06","TEXTUAL-STRONGHOLD","TEXTUAL-STRONGHOLD","TEXTUAL-STRONGHOLD means the TEXT presents a fort as an object in its own narrative world. It is NOT a claim that any fort existed, was fortified, or can be located: that would be the archaeological type, which is not assigned here. A passage can be a textual stronghold and still state a formulaic count — the counts are a separate register for that reason.","","R5: a púr- in ACC stands as an object in the narrative — held, broken, entered, or belonging to a named holder.","","NOT ASSIGNED","NOT ASSIGNED","NOT ASSIGNED","These three of §4J's five types are not properties of the passage. Each is a verdict on an argument someone else must make first — a placement, a site match, an identification. This unit has no geographic source (the pinned corpus carries none, PUR4J-018) and no archaeological source, so none is assigned to any passage. Assigning one anyway is precisely how a textual stronghold becomes an archaeological one.","púraḥ","Indra","N","PROVISIONAL","SRC-069; SRC-020; SRC-022; SRC-072; SRC-073; SRC-074","RV 02.014.06; Aufrecht and padapāṭha at that stanza; Griffith, Geldner and Grassmann at that stanza","2026-09-07","forts (proposed)"
"PUR-P-027","02.019.06","TEXTUAL-STRONGHOLD","TEXTUAL-STRONGHOLD","TEXTUAL-STRONGHOLD means the TEXT presents a fort as an object in its own narrative world. It is NOT a claim that any fort existed, was fortified, or can be located: that would be the archaeological type, which is not assigned here. A passage can be a textual stronghold and still state a formulaic count — the counts are a separate register for that reason.","","R5: a púr- in ACC stands as an object in the narrative — held, broken, entered, or belonging to a named holder.","","NOT ASSIGNED","NOT ASSIGNED","NOT ASSIGNED","These three of §4J's five types are not properties of the passage. Each is a verdict on an argument someone else must make first — a placement, a site match, an identification. This unit has no geographic source (the pinned corpus carries none, PUR4J-018) and no archaeological source, so none is assigned to any passage. Assigning one anyway is precisely how a textual stronghold becomes an archaeological one.","púraḥ","Indra","A","PROVISIONAL","SRC-069; SRC-020; SRC-022; SRC-072; SRC-073; SRC-074","RV 02.019.06; Aufrecht and padapāṭha at that stanza; Griffith, Geldner and Grassmann at that stanza","2026-09-07","forts (proposed)"
"PUR-P-028","02.020.07","POETIC-FORMULA","POETIC-FORMULA","TEXTUAL-STRONGHOLD means the TEXT presents a fort as an object in its own narrative world. It is NOT a claim that any fort existed, was fortified, or can be located: that would be the archaeological type, which is not assigned here. A passage can be a textual stronghold and still state a formulaic count — the counts are a separate register for that reason.","DIVINE-EPITHET","R1: every family token is a derivative epithet (puraṃdará- 'fort-breaker' and kin). No fort is present as an object; the fort word is a component of a divine title.","","NOT ASSIGNED","NOT ASSIGNED","NOT ASSIGNED","These three of §4J's five types are not properties of the passage. Each is a verdict on an argument someone else must make first — a placement, a site match, an identification. This unit has no geographic source (the pinned corpus carries none, PUR4J-018) and no archaeological source, so none is assigned to any passage. Assigning one anyway is precisely how a textual stronghold becomes an archaeological one.","puraṃdaráḥ","Indra","A","PROVISIONAL","SRC-069; SRC-020; SRC-022; SRC-072; SRC-073; SRC-074","RV 02.020.07; Aufrecht and padapāṭha at that stanza; Griffith, Geldner and Grassmann at that stanza","2026-09-07","forts (proposed)"
"PUR-P-029","02.020.08","TEXTUAL-STRONGHOLD","TEXTUAL-STRONGHOLD","TEXTUAL-STRONGHOLD means the TEXT presents a fort as an object in its own narrative world. It is NOT a claim that any fort existed, was fortified, or can be located: that would be the archaeological type, which is not assigned here. A passage can be a textual stronghold and still state a formulaic count — the counts are a separate register for that reason.","","R5: a púr- in ACC stands as an object in the narrative — held, broken, entered, or belonging to a named holder.","","NOT ASSIGNED","NOT ASSIGNED","NOT ASSIGNED","These three of §4J's five types are not properties of the passage. Each is a verdict on an argument someone else must make first — a placement, a site match, an identification. This unit has no geographic source (the pinned corpus carries none, PUR4J-018) and no archaeological source, so none is assigned to any passage. Assigning one anyway is precisely how a textual stronghold becomes an archaeological one.","púraḥ","Indra","A","PROVISIONAL","SRC-069; SRC-020; SRC-022; SRC-072; SRC-073; SRC-074","RV 02.020.08; Aufrecht and padapāṭha at that stanza; Griffith, Geldner and Grassmann at that stanza","2026-09-07","forts (proposed)"
"PUR-P-030","02.035.06","CANNOT-CLASSIFY","TEXTUAL-STRONGHOLD","TEXTUAL-STRONGHOLD means the TEXT presents a fort as an object in its own narrative world. It is NOT a claim that any fort existed, was fortified, or can be located: that would be the archaeological type, which is not assigned here. A passage can be a textual stronghold and still state a formulaic count — the counts are a separate register for that reason.","","R5: a púr- in LOC stands as an object in the narrative — held, broken, entered, or belonging to a named holder.","Rule output TEXTUAL-STRONGHOLD overridden to CANNOT-CLASSIFY. 'āmā́su pūrṣú paró apramr̥ṣyám' — in the raw/unbaked forts, malice does not reach him. A locative, so someone is in it; but the subject is Apāṃ Napāt, a divine figure in the waters, so whether the púr is a place or a figure of inaccessibility is undecided by the text.","NOT ASSIGNED","NOT ASSIGNED","NOT ASSIGNED","These three of §4J's five types are not properties of the passage. Each is a verdict on an argument someone else must make first — a placement, a site match, an identification. This unit has no geographic source (the pinned corpus carries none, PUR4J-018) and no archaeological source, so none is assigned to any passage. Assigning one anyway is precisely how a textual stronghold becomes an archaeological one.","pūrṣú","Apam Napat","N","PROVISIONAL","SRC-069; SRC-020; SRC-022; SRC-072; SRC-073; SRC-074","RV 02.035.06; Aufrecht and padapāṭha at that stanza; Griffith, Geldner and Grassmann at that stanza","2026-09-07","forts (proposed)"
"PUR-P-031","03.012.06","TEXTUAL-STRONGHOLD","TEXTUAL-STRONGHOLD","TEXTUAL-STRONGHOLD means the TEXT presents a fort as an object in its own narrative world. It is NOT a claim that any fort existed, was fortified, or can be located: that would be the archaeological type, which is not assigned here. A passage can be a textual stronghold and still state a formulaic count — the counts are a separate register for that reason.","","R5: a púr- in ACC stands as an object in the narrative — held, broken, entered, or belonging to a named holder.","","NOT ASSIGNED","NOT ASSIGNED","NOT ASSIGNED","These three of §4J's five types are not properties of the passage. Each is a verdict on an argument someone else must make first — a placement, a site match, an identification. This unit has no geographic source (the pinned corpus carries none, PUR4J-018) and no archaeological source, so none is assigned to any passage. Assigning one anyway is precisely how a textual stronghold becomes an archaeological one.","púraḥ","Indra and Agni","s","PROVISIONAL","SRC-069; SRC-020; SRC-022; SRC-072; SRC-073; SRC-074","RV 03.012.06; Aufrecht and padapāṭha at that stanza; Griffith, Geldner and Grassmann at that stanza","2026-09-07","forts (proposed)"
"PUR-P-032","03.015.04","TEXTUAL-STRONGHOLD","TEXTUAL-STRONGHOLD","TEXTUAL-STRONGHOLD means the TEXT presents a fort as an object in its own narrative world. It is NOT a claim that any fort existed, was fortified, or can be located: that would be the archaeological type, which is not assigned here. A passage can be a textual stronghold and still state a formulaic count — the counts are a separate register for that reason.","","R5: a púr- in ACC stands as an object in the narrative — held, broken, entered, or belonging to a named holder.","","NOT ASSIGNED","NOT ASSIGNED","NOT ASSIGNED","These three of §4J's five types are not properties of the passage. Each is a verdict on an argument someone else must make first — a placement, a site match, an identification. This unit has no geographic source (the pinned corpus carries none, PUR4J-018) and no archaeological source, so none is assigned to any passage. Assigning one anyway is precisely how a textual stronghold becomes an archaeological one.","púraḥ","Agni","N","PROVISIONAL","SRC-069; SRC-020; SRC-022; SRC-072; SRC-073; SRC-074","RV 03.015.04; Aufrecht and padapāṭha at that stanza; Griffith, Geldner and Grassmann at that stanza","2026-09-07","forts (proposed)"
"PUR-P-033","03.034.01","POETIC-FORMULA","POETIC-FORMULA","TEXTUAL-STRONGHOLD means the TEXT presents a fort as an object in its own narrative world. It is NOT a claim that any fort existed, was fortified, or can be located: that would be the archaeological type, which is not assigned here. A passage can be a textual stronghold and still state a formulaic count — the counts are a separate register for that reason.","DIVINE-EPITHET","R1: every family token is a derivative epithet (puraṃdará- 'fort-breaker' and kin). No fort is present as an object; the fort word is a component of a divine title.","","NOT ASSIGNED","NOT ASSIGNED","NOT ASSIGNED","These three of §4J's five types are not properties of the passage. Each is a verdict on an argument someone else must make first — a placement, a site match, an identification. This unit has no geographic source (the pinned corpus carries none, PUR4J-018) and no archaeological source, so none is assigned to any passage. Assigning one anyway is precisely how a textual stronghold becomes an archaeological one.","pūrbhít","Indra","c","PROVISIONAL","SRC-069; SRC-020; SRC-022; SRC-072; SRC-073; SRC-074","RV 03.034.01; Aufrecht and padapāṭha at that stanza; Griffith, Geldner and Grassmann at that stanza","2026-09-07","forts (proposed)"
"PUR-P-034","03.045.02","POETIC-FORMULA","POETIC-FORMULA","TEXTUAL-STRONGHOLD means the TEXT presents a fort as an object in its own narrative world. It is NOT a claim that any fort existed, was fortified, or can be located: that would be the archaeological type, which is not assigned here. A passage can be a textual stronghold and still state a formulaic count — the counts are a separate register for that reason.","DIVINE-EPITHET","R4b: genitive plural purā́m depending on an agent noun of breaking — the analytic form of the puraṃdará- epithet, which R1 cannot see because the token is a simplex púr-. purā́ṁ darmó — 'splitter of forts'.","","NOT ASSIGNED","NOT ASSIGNED","NOT ASSIGNED","These three of §4J's five types are not properties of the passage. Each is a verdict on an argument someone else must make first — a placement, a site match, an identification. This unit has no geographic source (the pinned corpus carries none, PUR4J-018) and no archaeological source, so none is assigned to any passage. Assigning one anyway is precisely how a textual stronghold becomes an archaeological one.","purā́m","Indra","N","PROVISIONAL","SRC-069; SRC-020; SRC-022; SRC-072; SRC-073; SRC-074","RV 03.045.02; Aufrecht and padapāṭha at that stanza; Griffith, Geldner and Grassmann at that stanza","2026-09-07","forts (proposed)"
"PUR-P-035","03.051.02","POETIC-FORMULA","POETIC-FORMULA","TEXTUAL-STRONGHOLD means the TEXT presents a fort as an object in its own narrative world. It is NOT a claim that any fort existed, was fortified, or can be located: that would be the archaeological type, which is not assigned here. A passage can be a textual stronghold and still state a formulaic count — the counts are a separate register for that reason.","DIVINE-EPITHET","R1: every family token is a derivative epithet (puraṃdará- 'fort-breaker' and kin). No fort is present as an object; the fort word is a component of a divine title.","","NOT ASSIGNED","NOT ASSIGNED","NOT ASSIGNED","These three of §4J's five types are not properties of the passage. Each is a verdict on an argument someone else must make first — a placement, a site match, an identification. This unit has no geographic source (the pinned corpus carries none, PUR4J-018) and no archaeological source, so none is assigned to any passage. Assigning one anyway is precisely how a textual stronghold becomes an archaeological one.","pūrbhídam","Indra","N","PROVISIONAL","SRC-069; SRC-020; SRC-022; SRC-072; SRC-073; SRC-074","RV 03.051.02; Aufrecht and padapāṭha at that stanza; Griffith, Geldner and Grassmann at that stanza","2026-09-07","forts (proposed)"
"PUR-P-036","03.054.15","POETIC-FORMULA","POETIC-FORMULA","TEXTUAL-STRONGHOLD means the TEXT presents a fort as an object in its own narrative world. It is NOT a claim that any fort existed, was fortified, or can be located: that would be the archaeological type, which is not assigned here. A passage can be a textual stronghold and still state a formulaic count — the counts are a separate register for that reason.","DIVINE-EPITHET","R1: every family token is a derivative epithet (puraṃdará- 'fort-breaker' and kin). No fort is present as an object; the fort word is a component of a divine title.","","NOT ASSIGNED","NOT ASSIGNED","NOT ASSIGNED","These three of §4J's five types are not properties of the passage. Each is a verdict on an argument someone else must make first — a placement, a site match, an identification. This unit has no geographic source (the pinned corpus carries none, PUR4J-018) and no archaeological source, so none is assigned to any passage. Assigning one anyway is precisely how a textual stronghold becomes an archaeological one.","puraṃdaráḥ","all the gods","C","PROVISIONAL","SRC-069; SRC-020; SRC-022; SRC-072; SRC-073; SRC-074","RV 03.054.15; Aufrecht and padapāṭha at that stanza; Griffith, Geldner and Grassmann at that stanza","2026-09-07","forts (proposed)"
"PUR-P-037","04.016.13","TEXTUAL-STRONGHOLD","TEXTUAL-STRONGHOLD","TEXTUAL-STRONGHOLD means the TEXT presents a fort as an object in its own narrative world. It is NOT a claim that any fort existed, was fortified, or can be located: that would be the archaeological type, which is not assigned here. A passage can be a textual stronghold and still state a formulaic count — the counts are a separate register for that reason.","","R5: a púr- in ACC stands as an object in the narrative — held, broken, entered, or belonging to a named holder.","","NOT ASSIGNED","NOT ASSIGNED","NOT ASSIGNED","These three of §4J's five types are not properties of the passage. Each is a verdict on an argument someone else must make first — a placement, a site match, an identification. This unit has no geographic source (the pinned corpus carries none, PUR4J-018) and no archaeological source, so none is assigned to any passage. Assigning one anyway is precisely how a textual stronghold becomes an archaeological one.","púraḥ","Indra","S","PROVISIONAL","SRC-069; SRC-020; SRC-022; SRC-072; SRC-073; SRC-074","RV 04.016.13; Aufrecht and padapāṭha at that stanza; Griffith, Geldner and Grassmann at that stanza","2026-09-07","forts (proposed)"
"PUR-P-038","04.026.03","TEXTUAL-STRONGHOLD","TEXTUAL-STRONGHOLD","TEXTUAL-STRONGHOLD means the TEXT presents a fort as an object in its own narrative world. It is NOT a claim that any fort existed, was fortified, or can be located: that would be the archaeological type, which is not assigned here. A passage can be a textual stronghold and still state a formulaic count — the counts are a separate register for that reason.","","R5: a púr- in ACC stands as an object in the narrative — held, broken, entered, or belonging to a named holder.","","NOT ASSIGNED","NOT ASSIGNED","NOT ASSIGNED","These three of §4J's five types are not properties of the passage. Each is a verdict on an argument someone else must make first — a placement, a site match, an identification. This unit has no geographic source (the pinned corpus carries none, PUR4J-018) and no archaeological source, so none is assigned to any passage. Assigning one anyway is precisely how a textual stronghold becomes an archaeological one.","púraḥ","Indra","S","PROVISIONAL","SRC-069; SRC-020; SRC-022; SRC-072; SRC-073; SRC-074","RV 04.026.03; Aufrecht and padapāṭha at that stanza; Griffith, Geldner and Grassmann at that stanza","2026-09-07","forts (proposed)"
"PUR-P-039","04.027.01","BOTH","TEXTUAL-STRONGHOLD","TEXTUAL-STRONGHOLD means the TEXT presents a fort as an object in its own narrative world. It is NOT a claim that any fort existed, was fortified, or can be located: that would be the archaeological type, which is not assigned here. A passage can be a textual stronghold and still state a formulaic count — the counts are a separate register for that reason.","","R5: a púr- in NOM stands as an object in the narrative — held, broken, entered, or belonging to a named holder.","Rule output TEXTUAL-STRONGHOLD overridden to BOTH. A hundred metal forts CONFINE the speaking eagle. The púr is an object with a stated count and material, so it is a textual stronghold; but the speaker is a bird in a myth of Soma's theft, so it is not a stronghold in a human landscape either. Both, and neither alone.","NOT ASSIGNED","NOT ASSIGNED","NOT ASSIGNED","These three of §4J's five types are not properties of the passage. Each is a verdict on an argument someone else must make first — a placement, a site match, an identification. This unit has no geographic source (the pinned corpus carries none, PUR4J-018) and no archaeological source, so none is assigned to any passage. Assigning one anyway is precisely how a textual stronghold becomes an archaeological one.","púraḥ","Soma and the eagle","S","PROVISIONAL","SRC-069; SRC-020; SRC-022; SRC-072; SRC-073; SRC-074","RV 04.027.01; Aufrecht and padapāṭha at that stanza; Griffith, Geldner and Grassmann at that stanza","2026-09-07","forts (proposed)"
"PUR-P-040","04.030.13","TEXTUAL-STRONGHOLD","TEXTUAL-STRONGHOLD","TEXTUAL-STRONGHOLD means the TEXT presents a fort as an object in its own narrative world. It is NOT a claim that any fort existed, was fortified, or can be located: that would be the archaeological type, which is not assigned here. A passage can be a textual stronghold and still state a formulaic count — the counts are a separate register for that reason.","","R5: a púr- in ACC stands as an object in the narrative — held, broken, entered, or belonging to a named holder.","","NOT ASSIGNED","NOT ASSIGNED","NOT ASSIGNED","These three of §4J's five types are not properties of the passage. Each is a verdict on an argument someone else must make first — a placement, a site match, an identification. This unit has no geographic source (the pinned corpus carries none, PUR4J-018) and no archaeological source, so none is assigned to any passage. Assigning one anyway is precisely how a textual stronghold becomes an archaeological one.","púraḥ","Indra","S","PROVISIONAL","SRC-069; SRC-020; SRC-022; SRC-072; SRC-073; SRC-074","RV 04.030.13; Aufrecht and padapāṭha at that stanza; Griffith, Geldner and Grassmann at that stanza","2026-09-07","forts (proposed)"
"PUR-P-041","04.030.20","TEXTUAL-STRONGHOLD","TEXTUAL-STRONGHOLD","TEXTUAL-STRONGHOLD means the TEXT presents a fort as an object in its own narrative world. It is NOT a claim that any fort existed, was fortified, or can be located: that would be the archaeological type, which is not assigned here. A passage can be a textual stronghold and still state a formulaic count — the counts are a separate register for that reason.","","R5: a púr- in GEN stands as an object in the narrative — held, broken, entered, or belonging to a named holder.","","NOT ASSIGNED","NOT ASSIGNED","NOT ASSIGNED","These three of §4J's five types are not properties of the passage. Each is a verdict on an argument someone else must make first — a placement, a site match, an identification. This unit has no geographic source (the pinned corpus carries none, PUR4J-018) and no archaeological source, so none is assigned to any passage. Assigning one anyway is precisely how a textual stronghold becomes an archaeological one.","purā́m","Indra","S","PROVISIONAL","SRC-069; SRC-020; SRC-022; SRC-072; SRC-073; SRC-074","RV 04.030.20; Aufrecht and padapāṭha at that stanza; Griffith, Geldner and Grassmann at that stanza","2026-09-07","forts (proposed)"
"PUR-P-042","04.032.10","TEXTUAL-STRONGHOLD","TEXTUAL-STRONGHOLD","TEXTUAL-STRONGHOLD means the TEXT presents a fort as an object in its own narrative world. It is NOT a claim that any fort existed, was fortified, or can be located: that would be the archaeological type, which is not assigned here. A passage can be a textual stronghold and still state a formulaic count — the counts are a separate register for that reason.","","R5: a púr- in ACC stands as an object in the narrative — held, broken, entered, or belonging to a named holder.","","NOT ASSIGNED","NOT ASSIGNED","NOT ASSIGNED","These three of §4J's five types are not properties of the passage. Each is a verdict on an argument someone else must make first — a placement, a site match, an identification. This unit has no geographic source (the pinned corpus carries none, PUR4J-018) and no archaeological source, so none is assigned to any passage. Assigning one anyway is precisely how a textual stronghold becomes an archaeological one.","púraḥ","Indra","S","PROVISIONAL","SRC-069; SRC-020; SRC-022; SRC-072; SRC-073; SRC-074","RV 04.032.10; Aufrecht and padapāṭha at that stanza; Griffith, Geldner and Grassmann at that stanza","2026-09-07","forts (proposed)"
"PUR-P-043","05.019.02","TEXTUAL-STRONGHOLD","TEXTUAL-STRONGHOLD","TEXTUAL-STRONGHOLD means the TEXT presents a fort as an object in its own narrative world. It is NOT a claim that any fort existed, was fortified, or can be located: that would be the archaeological type, which is not assigned here. A passage can be a textual stronghold and still state a formulaic count — the counts are a separate register for that reason.","","R5: a púr- in ACC stands as an object in the narrative — held, broken, entered, or belonging to a named holder.","","NOT ASSIGNED","NOT ASSIGNED","NOT ASSIGNED","These three of §4J's five types are not properties of the passage. Each is a verdict on an argument someone else must make first — a placement, a site match, an identification. This unit has no geographic source (the pinned corpus carries none, PUR4J-018) and no archaeological source, so none is assigned to any passage. Assigning one anyway is precisely how a textual stronghold becomes an archaeological one.","púram","Agni","A","PROVISIONAL","SRC-069; SRC-020; SRC-022; SRC-072; SRC-073; SRC-074","RV 05.019.02; Aufrecht and padapāṭha at that stanza; Griffith, Geldner and Grassmann at that stanza","2026-09-07","forts (proposed)"
"PUR-P-044","05.030.11","POETIC-FORMULA","POETIC-FORMULA","TEXTUAL-STRONGHOLD means the TEXT presents a fort as an object in its own narrative world. It is NOT a claim that any fort existed, was fortified, or can be located: that would be the archaeological type, which is not assigned here. A passage can be a textual stronghold and still state a formulaic count — the counts are a separate register for that reason.","DIVINE-EPITHET","R1: every family token is a derivative epithet (puraṃdará- 'fort-breaker' and kin). No fort is present as an object; the fort word is a component of a divine title.","","NOT ASSIGNED","NOT ASSIGNED","NOT ASSIGNED","These three of §4J's five types are not properties of the passage. Each is a verdict on an argument someone else must make first — a placement, a site match, an identification. This unit has no geographic source (the pinned corpus carries none, PUR4J-018) and no archaeological source, so none is assigned to any passage. Assigning one anyway is precisely how a textual stronghold becomes an archaeological one.","puraṃdaráḥ","Indra","N","PROVISIONAL","SRC-069; SRC-020; SRC-022; SRC-072; SRC-073; SRC-074","RV 05.030.11; Aufrecht and padapāṭha at that stanza; Griffith, Geldner and Grassmann at that stanza","2026-09-07","forts (proposed)"
"PUR-P-045","05.041.12","POETIC-FORMULA","POETIC-FORMULA","TEXTUAL-STRONGHOLD means the TEXT presents a fort as an object in its own narrative world. It is NOT a claim that any fort existed, was fortified, or can be located: that would be the archaeological type, which is not assigned here. A passage can be a textual stronghold and still state a formulaic count — the counts are a separate register for that reason.","SIMILE","R2: ā́paḥ púro ná śubhrā́ḥ — the waters are bright LIKE forts.","","NOT ASSIGNED","NOT ASSIGNED","NOT ASSIGNED","These three of §4J's five types are not properties of the passage. Each is a verdict on an argument someone else must make first — a placement, a site match, an identification. This unit has no geographic source (the pinned corpus carries none, PUR4J-018) and no archaeological source, so none is assigned to any passage. Assigning one anyway is precisely how a textual stronghold becomes an archaeological one.","púraḥ","all the gods","A","PROVISIONAL","SRC-069; SRC-020; SRC-022; SRC-072; SRC-073; SRC-074","RV 05.041.12; Aufrecht and padapāṭha at that stanza; Griffith, Geldner and Grassmann at that stanza","2026-09-07","forts (proposed)"
"PUR-P-046","05.066.04","CANNOT-CLASSIFY","CANNOT-CLASSIFY","TEXTUAL-STRONGHOLD means the TEXT presents a fort as an object in its own narrative world. It is NOT a claim that any fort existed, was fortified, or can be located: that would be the archaeological type, which is not assigned here. A passage can be a textual stronghold and still state a formulaic count — the counts are a separate register for that reason.","","R6: no rule fired. Case set ['INS'].","Rule output CANNOT-CLASSIFY overridden to CANNOT-CLASSIFY. 'dákṣasya pūrbhíḥ' — instrumental plural in an abstract clause about Mitra and Varuṇa. Geldner reads 'mit den Burgen des Verstandes', the forts OF UNDERSTANDING, which is a metaphor; Grassmann renders the phrase without a fort word at all ('in Geistes Fülle'); Griffith's line is garbled. Three translators, three different things. The text does not decide, and no majority is available to lean on.","NOT ASSIGNED","NOT ASSIGNED","NOT ASSIGNED","These three of §4J's five types are not properties of the passage. Each is a verdict on an argument someone else must make first — a placement, a site match, an identification. This unit has no geographic source (the pinned corpus carries none, PUR4J-018) and no archaeological source, so none is assigned to any passage. Assigning one anyway is precisely how a textual stronghold becomes an archaeological one.","pūrbhíḥ","Mitra and Varuna","A","PROVISIONAL","SRC-069; SRC-020; SRC-022; SRC-072; SRC-073; SRC-074","RV 05.066.04; Aufrecht and padapāṭha at that stanza; Griffith, Geldner and Grassmann at that stanza","2026-09-07","forts (proposed)"
"PUR-P-047","06.002.07","POETIC-FORMULA","POETIC-FORMULA","TEXTUAL-STRONGHOLD means the TEXT presents a fort as an object in its own narrative world. It is NOT a claim that any fort existed, was fortified, or can be located: that would be the archaeological type, which is not assigned here. A passage can be a textual stronghold and still state a formulaic count — the counts are a separate register for that reason.","SIMILE","R2: raṇváḥ purī́va jū́ryaḥ — 'welcome like an old man in a fort'. The simile particle here is iva, not ná, so the ná rule missed it. Of the three passages with iva in a púr- pāda, this is the only one where it modifies the fort word: at RV 2.14.6 it is áśmaneva 'as with a stone' and at RV 10.138.4 māséva 'like the moon'. A second locative inside a simile, leaving RV 2.35.6 as the corpus's only unfigured locative.","","NOT ASSIGNED","NOT ASSIGNED","NOT ASSIGNED","These three of §4J's five types are not properties of the passage. Each is a verdict on an argument someone else must make first — a placement, a site match, an identification. This unit has no geographic source (the pinned corpus carries none, PUR4J-018) and no archaeological source, so none is assigned to any passage. Assigning one anyway is precisely how a textual stronghold becomes an archaeological one.","purí","Agni","A","PROVISIONAL","SRC-069; SRC-020; SRC-022; SRC-072; SRC-073; SRC-074","RV 06.002.07; Aufrecht and padapāṭha at that stanza; Griffith, Geldner and Grassmann at that stanza","2026-09-07","forts (proposed)"
"PUR-P-048","06.016.14","POETIC-FORMULA","POETIC-FORMULA","TEXTUAL-STRONGHOLD means the TEXT presents a fort as an object in its own narrative world. It is NOT a claim that any fort existed, was fortified, or can be located: that would be the archaeological type, which is not assigned here. A passage can be a textual stronghold and still state a formulaic count — the counts are a separate register for that reason.","DIVINE-EPITHET","R1: every family token is a derivative epithet (puraṃdará- 'fort-breaker' and kin). No fort is present as an object; the fort word is a component of a divine title.","","NOT ASSIGNED","NOT ASSIGNED","NOT ASSIGNED","These three of §4J's five types are not properties of the passage. Each is a verdict on an argument someone else must make first — a placement, a site match, an identification. This unit has no geographic source (the pinned corpus carries none, PUR4J-018) and no archaeological source, so none is assigned to any passage. Assigning one anyway is precisely how a textual stronghold becomes an archaeological one.","puraṃdarám","Agni","A","PROVISIONAL","SRC-069; SRC-020; SRC-022; SRC-072; SRC-073; SRC-074","RV 06.016.14; Aufrecht and padapāṭha at that stanza; Griffith, Geldner and Grassmann at that stanza","2026-09-07","forts (proposed)"
"PUR-P-049","06.016.39","TEXTUAL-STRONGHOLD","TEXTUAL-STRONGHOLD","TEXTUAL-STRONGHOLD means the TEXT presents a fort as an object in its own narrative world. It is NOT a claim that any fort existed, was fortified, or can be located: that would be the archaeological type, which is not assigned here. A passage can be a textual stronghold and still state a formulaic count — the counts are a separate register for that reason.","","R5: a púr- in ACC stands as an object in the narrative — held, broken, entered, or belonging to a named holder.","","NOT ASSIGNED","NOT ASSIGNED","NOT ASSIGNED","These three of §4J's five types are not properties of the passage. Each is a verdict on an argument someone else must make first — a placement, a site match, an identification. This unit has no geographic source (the pinned corpus carries none, PUR4J-018) and no archaeological source, so none is assigned to any passage. Assigning one anyway is precisely how a textual stronghold becomes an archaeological one.","púraḥ","Agni","A","PROVISIONAL","SRC-069; SRC-020; SRC-022; SRC-072; SRC-073; SRC-074","RV 06.016.39; Aufrecht and padapāṭha at that stanza; Griffith, Geldner and Grassmann at that stanza","2026-09-07","forts (proposed)"
"PUR-P-050","06.018.05","TEXTUAL-STRONGHOLD","TEXTUAL-STRONGHOLD","TEXTUAL-STRONGHOLD means the TEXT presents a fort as an object in its own narrative world. It is NOT a claim that any fort existed, was fortified, or can be located: that would be the archaeological type, which is not assigned here. A passage can be a textual stronghold and still state a formulaic count — the counts are a separate register for that reason.","","R5: a púr- in ACC stands as an object in the narrative — held, broken, entered, or belonging to a named holder.","","NOT ASSIGNED","NOT ASSIGNED","NOT ASSIGNED","These three of §4J's five types are not properties of the passage. Each is a verdict on an argument someone else must make first — a placement, a site match, an identification. This unit has no geographic source (the pinned corpus carries none, PUR4J-018) and no archaeological source, so none is assigned to any passage. Assigning one anyway is precisely how a textual stronghold becomes an archaeological one.","púraḥ","Indra","n","PROVISIONAL","SRC-069; SRC-020; SRC-022; SRC-072; SRC-073; SRC-074","RV 06.018.05; Aufrecht and padapāṭha at that stanza; Griffith, Geldner and Grassmann at that stanza","2026-09-07","forts (proposed)"
"PUR-P-051","06.018.08","TEXTUAL-STRONGHOLD","TEXTUAL-STRONGHOLD","TEXTUAL-STRONGHOLD means the TEXT presents a fort as an object in its own narrative world. It is NOT a claim that any fort existed, was fortified, or can be located: that would be the archaeological type, which is not assigned here. A passage can be a textual stronghold and still state a formulaic count — the counts are a separate register for that reason.","","R5: a púr- in GEN stands as an object in the narrative — held, broken, entered, or belonging to a named holder.","","NOT ASSIGNED","NOT ASSIGNED","NOT ASSIGNED","These three of §4J's five types are not properties of the passage. Each is a verdict on an argument someone else must make first — a placement, a site match, an identification. This unit has no geographic source (the pinned corpus carries none, PUR4J-018) and no archaeological source, so none is assigned to any passage. Assigning one anyway is precisely how a textual stronghold becomes an archaeological one.","purā́m","Indra","n","PROVISIONAL","SRC-069; SRC-020; SRC-022; SRC-072; SRC-073; SRC-074","RV 06.018.08; Aufrecht and padapāṭha at that stanza; Griffith, Geldner and Grassmann at that stanza","2026-09-07","forts (proposed)"
"PUR-P-052","06.020.03","POETIC-FORMULA","POETIC-FORMULA","TEXTUAL-STRONGHOLD means the TEXT presents a fort as an object in its own narrative world. It is NOT a claim that any fort existed, was fortified, or can be located: that would be the archaeological type, which is not assigned here. A passage can be a textual stronghold and still state a formulaic count — the counts are a separate register for that reason.","DIVINE-EPITHET","R4b: genitive plural purā́m depending on an agent noun of breaking — the analytic form of the puraṃdará- epithet, which R1 cannot see because the token is a simplex púr-. puráaṁ dartnúm — 'fort-splitting', of the bolt.","","NOT ASSIGNED","NOT ASSIGNED","NOT ASSIGNED","These three of §4J's five types are not properties of the passage. Each is a verdict on an argument someone else must make first — a placement, a site match, an identification. This unit has no geographic source (the pinned corpus carries none, PUR4J-018) and no archaeological source, so none is assigned to any passage. Assigning one anyway is precisely how a textual stronghold becomes an archaeological one.","purā́m","Indra","A","PROVISIONAL","SRC-069; SRC-020; SRC-022; SRC-072; SRC-073; SRC-074","RV 06.020.03; Aufrecht and padapāṭha at that stanza; Griffith, Geldner and Grassmann at that stanza","2026-09-07","forts (proposed)"
"PUR-P-053","06.020.07","TEXTUAL-STRONGHOLD","TEXTUAL-STRONGHOLD","TEXTUAL-STRONGHOLD means the TEXT presents a fort as an object in its own narrative world. It is NOT a claim that any fort existed, was fortified, or can be located: that would be the archaeological type, which is not assigned here. A passage can be a textual stronghold and still state a formulaic count — the counts are a separate register for that reason.","","R5: a púr- in ACC stands as an object in the narrative — held, broken, entered, or belonging to a named holder.","","NOT ASSIGNED","NOT ASSIGNED","NOT ASSIGNED","These three of §4J's five types are not properties of the passage. Each is a verdict on an argument someone else must make first — a placement, a site match, an identification. This unit has no geographic source (the pinned corpus carries none, PUR4J-018) and no archaeological source, so none is assigned to any passage. Assigning one anyway is precisely how a textual stronghold becomes an archaeological one.","púraḥ","Indra","A","PROVISIONAL","SRC-069; SRC-020; SRC-022; SRC-072; SRC-073; SRC-074","RV 06.020.07; Aufrecht and padapāṭha at that stanza; Griffith, Geldner and Grassmann at that stanza","2026-09-07","forts (proposed)"
"PUR-P-054","06.020.10","TEXTUAL-STRONGHOLD","TEXTUAL-STRONGHOLD","TEXTUAL-STRONGHOLD means the TEXT presents a fort as an object in its own narrative world. It is NOT a claim that any fort existed, was fortified, or can be located: that would be the archaeological type, which is not assigned here. A passage can be a textual stronghold and still state a formulaic count — the counts are a separate register for that reason.","","R5: a púr- in ACC stands as an object in the narrative — held, broken, entered, or belonging to a named holder.","","NOT ASSIGNED","NOT ASSIGNED","NOT ASSIGNED","These three of §4J's five types are not properties of the passage. Each is a verdict on an argument someone else must make first — a placement, a site match, an identification. This unit has no geographic source (the pinned corpus carries none, PUR4J-018) and no archaeological source, so none is assigned to any passage. Assigning one anyway is precisely how a textual stronghold becomes an archaeological one.","púraḥ","Indra","A","PROVISIONAL","SRC-069; SRC-020; SRC-022; SRC-072; SRC-073; SRC-074","RV 06.020.10; Aufrecht and padapāṭha at that stanza; Griffith, Geldner and Grassmann at that stanza","2026-09-07","forts (proposed)"
"PUR-P-055","06.031.04","TEXTUAL-STRONGHOLD","TEXTUAL-STRONGHOLD","TEXTUAL-STRONGHOLD means the TEXT presents a fort as an object in its own narrative world. It is NOT a claim that any fort existed, was fortified, or can be located: that would be the archaeological type, which is not assigned here. A passage can be a textual stronghold and still state a formulaic count — the counts are a separate register for that reason.","","R5: a púr- in ACC stands as an object in the narrative — held, broken, entered, or belonging to a named holder.","","NOT ASSIGNED","NOT ASSIGNED","NOT ASSIGNED","These three of §4J's five types are not properties of the passage. Each is a verdict on an argument someone else must make first — a placement, a site match, an identification. This unit has no geographic source (the pinned corpus carries none, PUR4J-018) and no archaeological source, so none is assigned to any passage. Assigning one anyway is precisely how a textual stronghold becomes an archaeological one.","púraḥ","Indra","n","PROVISIONAL","SRC-069; SRC-020; SRC-022; SRC-072; SRC-073; SRC-074","RV 06.031.04; Aufrecht and padapāṭha at that stanza; Griffith, Geldner and Grassmann at that stanza","2026-09-07","forts (proposed)"
"PUR-P-056","06.032.03","TEXTUAL-STRONGHOLD","TEXTUAL-STRONGHOLD","TEXTUAL-STRONGHOLD means the TEXT presents a fort as an object in its own narrative world. It is NOT a claim that any fort existed, was fortified, or can be located: that would be the archaeological type, which is not assigned here. A passage can be a textual stronghold and still state a formulaic count — the counts are a separate register for that reason.","","R5: a púr- in ACC stands as an object in the narrative — held, broken, entered, or belonging to a named holder.","","NOT ASSIGNED","NOT ASSIGNED","NOT ASSIGNED","These three of §4J's five types are not properties of the passage. Each is a verdict on an argument someone else must make first — a placement, a site match, an identification. This unit has no geographic source (the pinned corpus carries none, PUR4J-018) and no archaeological source, so none is assigned to any passage. Assigning one anyway is precisely how a textual stronghold becomes an archaeological one.","púraḥ purohā́","Indra","n","PROVISIONAL","SRC-069; SRC-020; SRC-022; SRC-072; SRC-073; SRC-074","RV 06.032.03; Aufrecht and padapāṭha at that stanza; Griffith, Geldner and Grassmann at that stanza","2026-09-07","forts (proposed)"
"PUR-P-057","06.048.08","POETIC-FORMULA","POETIC-FORMULA","TEXTUAL-STRONGHOLD means the TEXT presents a fort as an object in its own narrative world. It is NOT a claim that any fort existed, was fortified, or can be located: that would be the archaeological type, which is not assigned here. A passage can be a textual stronghold and still state a formulaic count — the counts are a separate register for that reason.","PROTECTIVE-FORMULA","R4: śatám pūrbhír yaviṣṭha pāhy áṁhasaḥ — guard with a hundred forts.","","NOT ASSIGNED","NOT ASSIGNED","NOT ASSIGNED","These three of §4J's five types are not properties of the passage. Each is a verdict on an argument someone else must make first — a placement, a site match, an identification. This unit has no geographic source (the pinned corpus carries none, PUR4J-018) and no archaeological source, so none is assigned to any passage. Assigning one anyway is precisely how a textual stronghold becomes an archaeological one.","pūrbhíḥ","Agni, the Maruts and Pusan","A","PROVISIONAL","SRC-069; SRC-020; SRC-022; SRC-072; SRC-073; SRC-074","RV 06.048.08; Aufrecht and padapāṭha at that stanza; Griffith, Geldner and Grassmann at that stanza","2026-09-07","forts (proposed)"
"PUR-P-058","06.073.02","TEXTUAL-STRONGHOLD","TEXTUAL-STRONGHOLD","TEXTUAL-STRONGHOLD means the TEXT presents a fort as an object in its own narrative world. It is NOT a claim that any fort existed, was fortified, or can be located: that would be the archaeological type, which is not assigned here. A passage can be a textual stronghold and still state a formulaic count — the counts are a separate register for that reason.","","R5: a púr- in ACC stands as an object in the narrative — held, broken, entered, or belonging to a named holder.","","NOT ASSIGNED","NOT ASSIGNED","NOT ASSIGNED","These three of §4J's five types are not properties of the passage. Each is a verdict on an argument someone else must make first — a placement, a site match, an identification. This unit has no geographic source (the pinned corpus carries none, PUR4J-018) and no archaeological source, so none is assigned to any passage. Assigning one anyway is precisely how a textual stronghold becomes an archaeological one.","púraḥ","Brihaspati","C","PROVISIONAL","SRC-069; SRC-020; SRC-022; SRC-072; SRC-073; SRC-074","RV 06.073.02; Aufrecht and padapāṭha at that stanza; Griffith, Geldner and Grassmann at that stanza","2026-09-07","forts (proposed)"
"PUR-P-059","07.003.07","POETIC-FORMULA","POETIC-FORMULA","TEXTUAL-STRONGHOLD means the TEXT presents a fort as an object in its own narrative world. It is NOT a claim that any fort existed, was fortified, or can be located: that would be the archaeological type, which is not assigned here. A passage can be a textual stronghold and still state a formulaic count — the counts are a separate register for that reason.","PROTECTIVE-FORMULA","R4: śatám pūrbhír ā́yasībhir ní pāhi — guard us with a hundred iron forts.","","NOT ASSIGNED","NOT ASSIGNED","NOT ASSIGNED","These three of §4J's five types are not properties of the passage. Each is a verdict on an argument someone else must make first — a placement, a site match, an identification. This unit has no geographic source (the pinned corpus carries none, PUR4J-018) and no archaeological source, so none is assigned to any passage. Assigning one anyway is precisely how a textual stronghold becomes an archaeological one.","pūrbhíḥ","Agni","S","PROVISIONAL","SRC-069; SRC-020; SRC-022; SRC-072; SRC-073; SRC-074","RV 07.003.07; Aufrecht and padapāṭha at that stanza; Griffith, Geldner and Grassmann at that stanza","2026-09-07","forts (proposed)"
"PUR-P-060","07.005.03","TEXTUAL-STRONGHOLD","TEXTUAL-STRONGHOLD","TEXTUAL-STRONGHOLD means the TEXT presents a fort as an object in its own narrative world. It is NOT a claim that any fort existed, was fortified, or can be located: that would be the archaeological type, which is not assigned here. A passage can be a textual stronghold and still state a formulaic count — the counts are a separate register for that reason.","","R5: a púr- in ACC stands as an object in the narrative — held, broken, entered, or belonging to a named holder.","","NOT ASSIGNED","NOT ASSIGNED","NOT ASSIGNED","These three of §4J's five types are not properties of the passage. Each is a verdict on an argument someone else must make first — a placement, a site match, an identification. This unit has no geographic source (the pinned corpus carries none, PUR4J-018) and no archaeological source, so none is assigned to any passage. Assigning one anyway is precisely how a textual stronghold becomes an archaeological one.","púraḥ","Agni Vaisvanara","C","PROVISIONAL","SRC-069; SRC-020; SRC-022; SRC-072; SRC-073; SRC-074","RV 07.005.03; Aufrecht and padapāṭha at that stanza; Griffith, Geldner and Grassmann at that stanza","2026-09-07","forts (proposed)"
"PUR-P-061","07.006.02","POETIC-FORMULA","POETIC-FORMULA","TEXTUAL-STRONGHOLD means the TEXT presents a fort as an object in its own narrative world. It is NOT a claim that any fort existed, was fortified, or can be located: that would be the archaeological type, which is not assigned here. A passage can be a textual stronghold and still state a formulaic count — the counts are a separate register for that reason.","DIVINE-EPITHET","R1: every family token is a derivative epithet (puraṃdará- 'fort-breaker' and kin). No fort is present as an object; the fort word is a component of a divine title.","","NOT ASSIGNED","NOT ASSIGNED","NOT ASSIGNED","These three of §4J's five types are not properties of the passage. Each is a verdict on an argument someone else must make first — a placement, a site match, an identification. This unit has no geographic source (the pinned corpus carries none, PUR4J-018) and no archaeological source, so none is assigned to any passage. Assigning one anyway is precisely how a textual stronghold becomes an archaeological one.","puraṃdarásya","Agni Vaisvanara","S","PROVISIONAL","SRC-069; SRC-020; SRC-022; SRC-072; SRC-073; SRC-074","RV 07.006.02; Aufrecht and padapāṭha at that stanza; Griffith, Geldner and Grassmann at that stanza","2026-09-07","forts (proposed)"
"PUR-P-062","07.015.14","POETIC-FORMULA","POETIC-FORMULA","TEXTUAL-STRONGHOLD means the TEXT presents a fort as an object in its own narrative world. It is NOT a claim that any fort existed, was fortified, or can be located: that would be the archaeological type, which is not assigned here. A passage can be a textual stronghold and still state a formulaic count — the counts are a separate register for that reason.","METAPHOR","R3: pū́r bhavā śatábhujiḥ — Agni is ASKED TO BE a hundredfold iron púr.","","NOT ASSIGNED","NOT ASSIGNED","NOT ASSIGNED","These three of §4J's five types are not properties of the passage. Each is a verdict on an argument someone else must make first — a placement, a site match, an identification. This unit has no geographic source (the pinned corpus carries none, PUR4J-018) and no archaeological source, so none is assigned to any passage. Assigning one anyway is precisely how a textual stronghold becomes an archaeological one.","pū́ḥ","Agni","C","PROVISIONAL","SRC-069; SRC-020; SRC-022; SRC-072; SRC-073; SRC-074","RV 07.015.14; Aufrecht and padapāṭha at that stanza; Griffith, Geldner and Grassmann at that stanza","2026-09-07","forts (proposed)"
"PUR-P-063","07.016.10","POETIC-FORMULA","POETIC-FORMULA","TEXTUAL-STRONGHOLD means the TEXT presents a fort as an object in its own narrative world. It is NOT a claim that any fort existed, was fortified, or can be located: that would be the archaeological type, which is not assigned here. A passage can be a textual stronghold and still state a formulaic count — the counts are a separate register for that reason.","PROTECTIVE-FORMULA","R4: partŕ̥bhiṣ ṭváṁ śatám pūrbhír yaviṣṭhya — guard them with a hundred forts.","","NOT ASSIGNED","NOT ASSIGNED","NOT ASSIGNED","These three of §4J's five types are not properties of the passage. Each is a verdict on an argument someone else must make first — a placement, a site match, an identification. This unit has no geographic source (the pinned corpus carries none, PUR4J-018) and no archaeological source, so none is assigned to any passage. Assigning one anyway is precisely how a textual stronghold becomes an archaeological one.","pūrbhíḥ","Agni","S","PROVISIONAL","SRC-069; SRC-020; SRC-022; SRC-072; SRC-073; SRC-074","RV 07.016.10; Aufrecht and padapāṭha at that stanza; Griffith, Geldner and Grassmann at that stanza","2026-09-07","forts (proposed)"
"PUR-P-064","07.018.13","TEXTUAL-STRONGHOLD","TEXTUAL-STRONGHOLD","TEXTUAL-STRONGHOLD means the TEXT presents a fort as an object in its own narrative world. It is NOT a claim that any fort existed, was fortified, or can be located: that would be the archaeological type, which is not assigned here. A passage can be a textual stronghold and still state a formulaic count — the counts are a separate register for that reason.","","R5: a púr- in ACC stands as an object in the narrative — held, broken, entered, or belonging to a named holder.","","NOT ASSIGNED","NOT ASSIGNED","NOT ASSIGNED","These three of §4J's five types are not properties of the passage. Each is a verdict on an argument someone else must make first — a placement, a site match, an identification. This unit has no geographic source (the pinned corpus carries none, PUR4J-018) and no archaeological source, so none is assigned to any passage. Assigning one anyway is precisely how a textual stronghold becomes an archaeological one.","púraḥ","Indra","C","PROVISIONAL","SRC-069; SRC-020; SRC-022; SRC-072; SRC-073; SRC-074","RV 07.018.13; Aufrecht and padapāṭha at that stanza; Griffith, Geldner and Grassmann at that stanza","2026-09-07","forts (proposed)"
"PUR-P-065","07.019.05","TEXTUAL-STRONGHOLD","TEXTUAL-STRONGHOLD","TEXTUAL-STRONGHOLD means the TEXT presents a fort as an object in its own narrative world. It is NOT a claim that any fort existed, was fortified, or can be located: that would be the archaeological type, which is not assigned here. A passage can be a textual stronghold and still state a formulaic count — the counts are a separate register for that reason.","","R5: a púr- in ACC stands as an object in the narrative — held, broken, entered, or belonging to a named holder.","","NOT ASSIGNED","NOT ASSIGNED","NOT ASSIGNED","These three of §4J's five types are not properties of the passage. Each is a verdict on an argument someone else must make first — a placement, a site match, an identification. This unit has no geographic source (the pinned corpus carries none, PUR4J-018) and no archaeological source, so none is assigned to any passage. Assigning one anyway is precisely how a textual stronghold becomes an archaeological one.","púraḥ","Indra","S","PROVISIONAL","SRC-069; SRC-020; SRC-022; SRC-072; SRC-073; SRC-074","RV 07.019.05; Aufrecht and padapāṭha at that stanza; Griffith, Geldner and Grassmann at that stanza","2026-09-07","forts (proposed)"
"PUR-P-066","07.021.04","TEXTUAL-STRONGHOLD","TEXTUAL-STRONGHOLD","TEXTUAL-STRONGHOLD means the TEXT presents a fort as an object in its own narrative world. It is NOT a claim that any fort existed, was fortified, or can be located: that would be the archaeological type, which is not assigned here. A passage can be a textual stronghold and still state a formulaic count — the counts are a separate register for that reason.","","R5: a púr- in ACC stands as an object in the narrative — held, broken, entered, or belonging to a named holder.","","NOT ASSIGNED","NOT ASSIGNED","NOT ASSIGNED","These three of §4J's five types are not properties of the passage. Each is a verdict on an argument someone else must make first — a placement, a site match, an identification. This unit has no geographic source (the pinned corpus carries none, PUR4J-018) and no archaeological source, so none is assigned to any passage. Assigning one anyway is precisely how a textual stronghold becomes an archaeological one.","púraḥ","Indra","S","PROVISIONAL","SRC-069; SRC-020; SRC-022; SRC-072; SRC-073; SRC-074","RV 07.021.04; Aufrecht and padapāṭha at that stanza; Griffith, Geldner and Grassmann at that stanza","2026-09-07","forts (proposed)"
"PUR-P-067","07.026.03","TEXTUAL-STRONGHOLD","TEXTUAL-STRONGHOLD","TEXTUAL-STRONGHOLD means the TEXT presents a fort as an object in its own narrative world. It is NOT a claim that any fort existed, was fortified, or can be located: that would be the archaeological type, which is not assigned here. A passage can be a textual stronghold and still state a formulaic count — the counts are a separate register for that reason.","","R5: a púr- in ACC stands as an object in the narrative — held, broken, entered, or belonging to a named holder.","","NOT ASSIGNED","NOT ASSIGNED","NOT ASSIGNED","These three of §4J's five types are not properties of the passage. Each is a verdict on an argument someone else must make first — a placement, a site match, an identification. This unit has no geographic source (the pinned corpus carries none, PUR4J-018) and no archaeological source, so none is assigned to any passage. Assigning one anyway is precisely how a textual stronghold becomes an archaeological one.","púraḥ","Indra","S","PROVISIONAL","SRC-069; SRC-020; SRC-022; SRC-072; SRC-073; SRC-074","RV 07.026.03; Aufrecht and padapāṭha at that stanza; Griffith, Geldner and Grassmann at that stanza","2026-09-07","forts (proposed)"
"PUR-P-068","07.052.01","POETIC-FORMULA","POETIC-FORMULA","TEXTUAL-STRONGHOLD means the TEXT presents a fort as an object in its own narrative world. It is NOT a claim that any fort existed, was fortified, or can be located: that would be the archaeological type, which is not assigned here. A passage can be a textual stronghold and still state a formulaic count — the counts are a separate register for that reason.","METAPHOR","R3: pū́r devatrā́ vasavo martyatrā́ — a púr among gods and among mortals, asked of the Ādityas and Vasus.","","NOT ASSIGNED","NOT ASSIGNED","NOT ASSIGNED","These three of §4J's five types are not properties of the passage. Each is a verdict on an argument someone else must make first — a placement, a site match, an identification. This unit has no geographic source (the pinned corpus carries none, PUR4J-018) and no archaeological source, so none is assigned to any passage. Assigning one anyway is precisely how a textual stronghold becomes an archaeological one.","pū́ḥ","Adityas","C","PROVISIONAL","SRC-069; SRC-020; SRC-022; SRC-072; SRC-073; SRC-074","RV 07.052.01; Aufrecht and padapāṭha at that stanza; Griffith, Geldner and Grassmann at that stanza","2026-09-07","forts (proposed)"
"PUR-P-069","07.095.01","POETIC-FORMULA","POETIC-FORMULA","TEXTUAL-STRONGHOLD means the TEXT presents a fort as an object in its own narrative world. It is NOT a claim that any fort existed, was fortified, or can be located: that would be the archaeological type, which is not assigned here. A passage can be a textual stronghold and still state a formulaic count — the counts are a separate register for that reason.","METAPHOR","R3: sárasvatī dharúṇam ā́yasī pū́ḥ — the river Sarasvatī IS an iron púr.","","NOT ASSIGNED","NOT ASSIGNED","NOT ASSIGNED","These three of §4J's five types are not properties of the passage. Each is a verdict on an argument someone else must make first — a placement, a site match, an identification. This unit has no geographic source (the pinned corpus carries none, PUR4J-018) and no archaeological source, so none is assigned to any passage. Assigning one anyway is precisely how a textual stronghold becomes an archaeological one.","pū́ḥ","Sarasvati or Sarasvat","S","PROVISIONAL","SRC-069; SRC-020; SRC-022; SRC-072; SRC-073; SRC-074","RV 07.095.01; Aufrecht and padapāṭha at that stanza; Griffith, Geldner and Grassmann at that stanza","2026-09-07","forts (proposed)"
"PUR-P-070","07.099.05","TEXTUAL-STRONGHOLD","TEXTUAL-STRONGHOLD","TEXTUAL-STRONGHOLD means the TEXT presents a fort as an object in its own narrative world. It is NOT a claim that any fort existed, was fortified, or can be located: that would be the archaeological type, which is not assigned here. A passage can be a textual stronghold and still state a formulaic count — the counts are a separate register for that reason.","","R5: a púr- in ACC stands as an object in the narrative — held, broken, entered, or belonging to a named holder.","","NOT ASSIGNED","NOT ASSIGNED","NOT ASSIGNED","These three of §4J's five types are not properties of the passage. Each is a verdict on an argument someone else must make first — a placement, a site match, an identification. This unit has no geographic source (the pinned corpus carries none, PUR4J-018) and no archaeological source, so none is assigned to any passage. Assigning one anyway is precisely how a textual stronghold becomes an archaeological one.","púraḥ","Vishnu, Indra and Vishnu","S","PROVISIONAL","SRC-069; SRC-020; SRC-022; SRC-072; SRC-073; SRC-074","RV 07.099.05; Aufrecht and padapāṭha at that stanza; Griffith, Geldner and Grassmann at that stanza","2026-09-07","forts (proposed)"
"PUR-P-071","08.001.07","POETIC-FORMULA","POETIC-FORMULA","TEXTUAL-STRONGHOLD means the TEXT presents a fort as an object in its own narrative world. It is NOT a claim that any fort existed, was fortified, or can be located: that would be the archaeological type, which is not assigned here. A passage can be a textual stronghold and still state a formulaic count — the counts are a separate register for that reason.","DIVINE-EPITHET","R1: every family token is a derivative epithet (puraṃdará- 'fort-breaker' and kin). No fort is present as an object; the fort word is a component of a divine title.","","NOT ASSIGNED","NOT ASSIGNED","NOT ASSIGNED","These three of §4J's five types are not properties of the passage. Each is a verdict on an argument someone else must make first — a placement, a site match, an identification. This unit has no geographic source (the pinned corpus carries none, PUR4J-018) and no archaeological source, so none is assigned to any passage. Assigning one anyway is precisely how a textual stronghold becomes an archaeological one.","puraṃdara","Indra","S","PROVISIONAL","SRC-069; SRC-020; SRC-022; SRC-072; SRC-073; SRC-074","RV 08.001.07; Aufrecht and padapāṭha at that stanza; Griffith, Geldner and Grassmann at that stanza","2026-09-07","forts (proposed)"
"PUR-P-072","08.001.08","TEXTUAL-STRONGHOLD","TEXTUAL-STRONGHOLD","TEXTUAL-STRONGHOLD means the TEXT presents a fort as an object in its own narrative world. It is NOT a claim that any fort existed, was fortified, or can be located: that would be the archaeological type, which is not assigned here. A passage can be a textual stronghold and still state a formulaic count — the counts are a separate register for that reason.","","R5: a púr- in ACC stands as an object in the narrative — held, broken, entered, or belonging to a named holder.","","NOT ASSIGNED","NOT ASSIGNED","NOT ASSIGNED","These three of §4J's five types are not properties of the passage. Each is a verdict on an argument someone else must make first — a placement, a site match, an identification. This unit has no geographic source (the pinned corpus carries none, PUR4J-018) and no archaeological source, so none is assigned to any passage. Assigning one anyway is precisely how a textual stronghold becomes an archaeological one.","puraṃdaráḥ púraḥ","Indra","S","PROVISIONAL","SRC-069; SRC-020; SRC-022; SRC-072; SRC-073; SRC-074","RV 08.001.08; Aufrecht and padapāṭha at that stanza; Griffith, Geldner and Grassmann at that stanza","2026-09-07","forts (proposed)"
"PUR-P-073","08.001.28","CANNOT-CLASSIFY","TEXTUAL-STRONGHOLD","TEXTUAL-STRONGHOLD means the TEXT presents a fort as an object in its own narrative world. It is NOT a claim that any fort existed, was fortified, or can be located: that would be the archaeological type, which is not assigned here. A passage can be a textual stronghold and still state a formulaic count — the counts are a separate register for that reason.","","R5: a púr- in ACC stands as an object in the narrative — held, broken, entered, or belonging to a named holder.","Rule output TEXTUAL-STRONGHOLD overridden to CANNOT-CLASSIFY. 'púraṁ cariṣṇvàṁ … śúṣṇasya' — Śuṣṇa's MOVING fort. cariṣṇú- is not compatible with a fixed fortification, and no other reading is supplied by the passage. The one passage whose descriptor rules out the ordinary sense without supplying a replacement.","NOT ASSIGNED","NOT ASSIGNED","NOT ASSIGNED","These three of §4J's five types are not properties of the passage. Each is a verdict on an argument someone else must make first — a placement, a site match, an identification. This unit has no geographic source (the pinned corpus carries none, PUR4J-018) and no archaeological source, so none is assigned to any passage. Assigning one anyway is precisely how a textual stronghold becomes an archaeological one.","púram","Indra","S","PROVISIONAL","SRC-069; SRC-020; SRC-022; SRC-072; SRC-073; SRC-074","RV 08.001.28; Aufrecht and padapāṭha at that stanza; Griffith, Geldner and Grassmann at that stanza","2026-09-07","forts (proposed)"
"PUR-P-074","08.006.23","POETIC-FORMULA","POETIC-FORMULA","TEXTUAL-STRONGHOLD means the TEXT presents a fort as an object in its own narrative world. It is NOT a claim that any fort existed, was fortified, or can be located: that would be the archaeological type, which is not assigned here. A passage can be a textual stronghold and still state a formulaic count — the counts are a separate register for that reason.","SIMILE","R2: púraṁ ná darṣi gómatīm — open food for us LIKE a fort rich in cattle.","","NOT ASSIGNED","NOT ASSIGNED","NOT ASSIGNED","These three of §4J's five types are not properties of the passage. Each is a verdict on an argument someone else must make first — a placement, a site match, an identification. This unit has no geographic source (the pinned corpus carries none, PUR4J-018) and no archaeological source, so none is assigned to any passage. Assigning one anyway is precisely how a textual stronghold becomes an archaeological one.","púram","Indra","S","PROVISIONAL","SRC-069; SRC-020; SRC-022; SRC-072; SRC-073; SRC-074","RV 08.006.23; Aufrecht and padapāṭha at that stanza; Griffith, Geldner and Grassmann at that stanza","2026-09-07","forts (proposed)"
"PUR-P-075","08.017.14","POETIC-FORMULA","POETIC-FORMULA","TEXTUAL-STRONGHOLD means the TEXT presents a fort as an object in its own narrative world. It is NOT a claim that any fort existed, was fortified, or can be located: that would be the archaeological type, which is not assigned here. A passage can be a textual stronghold and still state a formulaic count — the counts are a separate register for that reason.","DIVINE-EPITHET","R4b: genitive plural purā́m depending on an agent noun of breaking — the analytic form of the puraṃdará- epithet, which R1 cannot see because the token is a simplex púr-. bhettā́ puráaṁ śáśvatīnām — 'breaker of all forts', of the Soma drop.","","NOT ASSIGNED","NOT ASSIGNED","NOT ASSIGNED","These three of §4J's five types are not properties of the passage. Each is a verdict on an argument someone else must make first — a placement, a site match, an identification. This unit has no geographic source (the pinned corpus carries none, PUR4J-018) and no archaeological source, so none is assigned to any passage. Assigning one anyway is precisely how a textual stronghold becomes an archaeological one.","purā́m","Indra","A","PROVISIONAL","SRC-069; SRC-020; SRC-022; SRC-072; SRC-073; SRC-074","RV 08.017.14; Aufrecht and padapāṭha at that stanza; Griffith, Geldner and Grassmann at that stanza","2026-09-07","forts (proposed)"
"PUR-P-076","08.032.05","POETIC-FORMULA","POETIC-FORMULA","TEXTUAL-STRONGHOLD means the TEXT presents a fort as an object in its own narrative world. It is NOT a claim that any fort existed, was fortified, or can be located: that would be the archaeological type, which is not assigned here. A passage can be a textual stronghold and still state a formulaic count — the counts are a separate register for that reason.","SIMILE","R2: púraṁ ná śūra darṣasi — burst the cattle-stall LIKE a fort.","","NOT ASSIGNED","NOT ASSIGNED","NOT ASSIGNED","These three of §4J's five types are not properties of the passage. Each is a verdict on an argument someone else must make first — a placement, a site match, an identification. This unit has no geographic source (the pinned corpus carries none, PUR4J-018) and no archaeological source, so none is assigned to any passage. Assigning one anyway is precisely how a textual stronghold becomes an archaeological one.","púram","Indra","S","PROVISIONAL","SRC-069; SRC-020; SRC-022; SRC-072; SRC-073; SRC-074","RV 08.032.05; Aufrecht and padapāṭha at that stanza; Griffith, Geldner and Grassmann at that stanza","2026-09-07","forts (proposed)"
"PUR-P-077","08.033.05","POETIC-FORMULA","POETIC-FORMULA","TEXTUAL-STRONGHOLD means the TEXT presents a fort as an object in its own narrative world. It is NOT a claim that any fort existed, was fortified, or can be located: that would be the archaeological type, which is not assigned here. A passage can be a textual stronghold and still state a formulaic count — the counts are a separate register for that reason.","DIVINE-EPITHET","R1: every family token is a derivative epithet (puraṃdará- 'fort-breaker' and kin). No fort is present as an object; the fort word is a component of a divine title.","","NOT ASSIGNED","NOT ASSIGNED","NOT ASSIGNED","These three of §4J's five types are not properties of the passage. Each is a verdict on an argument someone else must make first — a placement, a site match, an identification. This unit has no geographic source (the pinned corpus carries none, PUR4J-018) and no archaeological source, so none is assigned to any passage. Assigning one anyway is precisely how a textual stronghold becomes an archaeological one.","pūrbhít","Indra","S","PROVISIONAL","SRC-069; SRC-020; SRC-022; SRC-072; SRC-073; SRC-074","RV 08.033.05; Aufrecht and padapāṭha at that stanza; Griffith, Geldner and Grassmann at that stanza","2026-09-07","forts (proposed)"
"PUR-P-078","08.033.07","TEXTUAL-STRONGHOLD","TEXTUAL-STRONGHOLD","TEXTUAL-STRONGHOLD means the TEXT presents a fort as an object in its own narrative world. It is NOT a claim that any fort existed, was fortified, or can be located: that would be the archaeological type, which is not assigned here. A passage can be a textual stronghold and still state a formulaic count — the counts are a separate register for that reason.","","R5: a púr- in ACC stands as an object in the narrative — held, broken, entered, or belonging to a named holder.","","NOT ASSIGNED","NOT ASSIGNED","NOT ASSIGNED","These three of §4J's five types are not properties of the passage. Each is a verdict on an argument someone else must make first — a placement, a site match, an identification. This unit has no geographic source (the pinned corpus carries none, PUR4J-018) and no archaeological source, so none is assigned to any passage. Assigning one anyway is precisely how a textual stronghold becomes an archaeological one.","púraḥ","Indra","S","PROVISIONAL","SRC-069; SRC-020; SRC-022; SRC-072; SRC-073; SRC-074","RV 08.033.07; Aufrecht and padapāṭha at that stanza; Griffith, Geldner and Grassmann at that stanza","2026-09-07","forts (proposed)"
"PUR-P-079","08.053.01","POETIC-FORMULA","POETIC-FORMULA","TEXTUAL-STRONGHOLD means the TEXT presents a fort as an object in its own narrative world. It is NOT a claim that any fort existed, was fortified, or can be located: that would be the archaeological type, which is not assigned here. A passage can be a textual stronghold and still state a formulaic count — the counts are a separate register for that reason.","DIVINE-EPITHET","R1: every family token is a derivative epithet (puraṃdará- 'fort-breaker' and kin). No fort is present as an object; the fort word is a component of a divine title.","","NOT ASSIGNED","NOT ASSIGNED","NOT ASSIGNED","These three of §4J's five types are not properties of the passage. Each is a verdict on an argument someone else must make first — a placement, a site match, an identification. This unit has no geographic source (the pinned corpus carries none, PUR4J-018) and no archaeological source, so none is assigned to any passage. Assigning one anyway is precisely how a textual stronghold becomes an archaeological one.","pūrbhíttamam","Indra","S","PROVISIONAL","SRC-069; SRC-020; SRC-022; SRC-072; SRC-073; SRC-074","RV 08.053.01; Aufrecht and padapāṭha at that stanza; Griffith, Geldner and Grassmann at that stanza","2026-09-07","forts (proposed)"
"PUR-P-080","08.061.08","POETIC-FORMULA","POETIC-FORMULA","TEXTUAL-STRONGHOLD means the TEXT presents a fort as an object in its own narrative world. It is NOT a claim that any fort existed, was fortified, or can be located: that would be the archaeological type, which is not assigned here. A passage can be a textual stronghold and still state a formulaic count — the counts are a separate register for that reason.","DIVINE-EPITHET","R1: every family token is a derivative epithet (puraṃdará- 'fort-breaker' and kin). No fort is present as an object; the fort word is a component of a divine title.","","NOT ASSIGNED","NOT ASSIGNED","NOT ASSIGNED","These three of §4J's five types are not properties of the passage. Each is a verdict on an argument someone else must make first — a placement, a site match, an identification. This unit has no geographic source (the pinned corpus carries none, PUR4J-018) and no archaeological source, so none is assigned to any passage. Assigning one anyway is precisely how a textual stronghold becomes an archaeological one.","puraṃdarám","Indra","A","PROVISIONAL","SRC-069; SRC-020; SRC-022; SRC-072; SRC-073; SRC-074","RV 08.061.08; Aufrecht and padapāṭha at that stanza; Griffith, Geldner and Grassmann at that stanza","2026-09-07","forts (proposed)"
"PUR-P-081","08.061.10","POETIC-FORMULA","POETIC-FORMULA","TEXTUAL-STRONGHOLD means the TEXT presents a fort as an object in its own narrative world. It is NOT a claim that any fort existed, was fortified, or can be located: that would be the archaeological type, which is not assigned here. A passage can be a textual stronghold and still state a formulaic count — the counts are a separate register for that reason.","DIVINE-EPITHET","R1: every family token is a derivative epithet (puraṃdará- 'fort-breaker' and kin). No fort is present as an object; the fort word is a component of a divine title.","","NOT ASSIGNED","NOT ASSIGNED","NOT ASSIGNED","These three of §4J's five types are not properties of the passage. Each is a verdict on an argument someone else must make first — a placement, a site match, an identification. This unit has no geographic source (the pinned corpus carries none, PUR4J-018) and no archaeological source, so none is assigned to any passage. Assigning one anyway is precisely how a textual stronghold becomes an archaeological one.","puraṃdaráḥ","Indra","A","PROVISIONAL","SRC-069; SRC-020; SRC-022; SRC-072; SRC-073; SRC-074","RV 08.061.10; Aufrecht and padapāṭha at that stanza; Griffith, Geldner and Grassmann at that stanza","2026-09-07","forts (proposed)"
"PUR-P-082","08.069.08","POETIC-FORMULA","POETIC-FORMULA","TEXTUAL-STRONGHOLD means the TEXT presents a fort as an object in its own narrative world. It is NOT a claim that any fort existed, was fortified, or can be located: that would be the archaeological type, which is not assigned here. A passage can be a textual stronghold and still state a formulaic count — the counts are a separate register for that reason.","SIMILE","R2: púraṁ ná dhr̥ṣṇv àrcata — praise him, bold, LIKE a fort.","","NOT ASSIGNED","NOT ASSIGNED","NOT ASSIGNED","These three of §4J's five types are not properties of the passage. Each is a verdict on an argument someone else must make first — a placement, a site match, an identification. This unit has no geographic source (the pinned corpus carries none, PUR4J-018) and no archaeological source, so none is assigned to any passage. Assigning one anyway is precisely how a textual stronghold becomes an archaeological one.","púram","Indra","A","PROVISIONAL","SRC-069; SRC-020; SRC-022; SRC-072; SRC-073; SRC-074","RV 08.069.08; Aufrecht and padapāṭha at that stanza; Griffith, Geldner and Grassmann at that stanza","2026-09-07","forts (proposed)"
"PUR-P-083","08.073.18","POETIC-FORMULA","POETIC-FORMULA","TEXTUAL-STRONGHOLD means the TEXT presents a fort as an object in its own narrative world. It is NOT a claim that any fort existed, was fortified, or can be located: that would be the archaeological type, which is not assigned here. A passage can be a textual stronghold and still state a formulaic count — the counts are a separate register for that reason.","SIMILE","R2: púraṁ ná dhr̥ṣṇav ā́ ruja — break it down LIKE a fort.","","NOT ASSIGNED","NOT ASSIGNED","NOT ASSIGNED","These three of §4J's five types are not properties of the passage. Each is a verdict on an argument someone else must make first — a placement, a site match, an identification. This unit has no geographic source (the pinned corpus carries none, PUR4J-018) and no archaeological source, so none is assigned to any passage. Assigning one anyway is precisely how a textual stronghold becomes an archaeological one.","púram","Asvins","A","PROVISIONAL","SRC-069; SRC-020; SRC-022; SRC-072; SRC-073; SRC-074","RV 08.073.18; Aufrecht and padapāṭha at that stanza; Griffith, Geldner and Grassmann at that stanza","2026-09-07","forts (proposed)"
"PUR-P-084","08.080.07","POETIC-FORMULA","POETIC-FORMULA","TEXTUAL-STRONGHOLD means the TEXT presents a fort as an object in its own narrative world. It is NOT a claim that any fort existed, was fortified, or can be located: that would be the archaeological type, which is not assigned here. A passage can be a textual stronghold and still state a formulaic count — the counts are a separate register for that reason.","METAPHOR","R3: índra dŕ̥hyasva pū́r asi — 'Indra, be firm: thou ART a púr.'","","NOT ASSIGNED","NOT ASSIGNED","NOT ASSIGNED","These three of §4J's five types are not properties of the passage. Each is a verdict on an argument someone else must make first — a placement, a site match, an identification. This unit has no geographic source (the pinned corpus carries none, PUR4J-018) and no archaeological source, so none is assigned to any passage. Assigning one anyway is precisely how a textual stronghold becomes an archaeological one.","pū́ḥ","Indra","A","PROVISIONAL","SRC-069; SRC-020; SRC-022; SRC-072; SRC-073; SRC-074","RV 08.080.07; Aufrecht and padapāṭha at that stanza; Griffith, Geldner and Grassmann at that stanza","2026-09-07","forts (proposed)"
"PUR-P-085","08.093.02","TEXTUAL-STRONGHOLD","TEXTUAL-STRONGHOLD","TEXTUAL-STRONGHOLD means the TEXT presents a fort as an object in its own narrative world. It is NOT a claim that any fort existed, was fortified, or can be located: that would be the archaeological type, which is not assigned here. A passage can be a textual stronghold and still state a formulaic count — the counts are a separate register for that reason.","","R5: a púr- in ACC stands as an object in the narrative — held, broken, entered, or belonging to a named holder.","","NOT ASSIGNED","NOT ASSIGNED","NOT ASSIGNED","These three of §4J's five types are not properties of the passage. Each is a verdict on an argument someone else must make first — a placement, a site match, an identification. This unit has no geographic source (the pinned corpus carries none, PUR4J-018) and no archaeological source, so none is assigned to any passage. Assigning one anyway is precisely how a textual stronghold becomes an archaeological one.","púraḥ","Indra","S","PROVISIONAL","SRC-069; SRC-020; SRC-022; SRC-072; SRC-073; SRC-074","RV 08.093.02; Aufrecht and padapāṭha at that stanza; Griffith, Geldner and Grassmann at that stanza","2026-09-07","forts (proposed)"
"PUR-P-086","08.097.14","TEXTUAL-STRONGHOLD","TEXTUAL-STRONGHOLD","TEXTUAL-STRONGHOLD means the TEXT presents a fort as an object in its own narrative world. It is NOT a claim that any fort existed, was fortified, or can be located: that would be the archaeological type, which is not assigned here. A passage can be a textual stronghold and still state a formulaic count — the counts are a separate register for that reason.","","R5: a púr- in ACC stands as an object in the narrative — held, broken, entered, or belonging to a named holder.","","NOT ASSIGNED","NOT ASSIGNED","NOT ASSIGNED","These three of §4J's five types are not properties of the passage. Each is a verdict on an argument someone else must make first — a placement, a site match, an identification. This unit has no geographic source (the pinned corpus carries none, PUR4J-018) and no archaeological source, so none is assigned to any passage. Assigning one anyway is precisely how a textual stronghold becomes an archaeological one.","púraḥ","Indra","A","PROVISIONAL","SRC-069; SRC-020; SRC-022; SRC-072; SRC-073; SRC-074","RV 08.097.14; Aufrecht and padapāṭha at that stanza; Griffith, Geldner and Grassmann at that stanza","2026-09-07","forts (proposed)"
"PUR-P-087","08.098.06","POETIC-FORMULA","POETIC-FORMULA","TEXTUAL-STRONGHOLD means the TEXT presents a fort as an object in its own narrative world. It is NOT a claim that any fort existed, was fortified, or can be located: that would be the archaeological type, which is not assigned here. A passage can be a textual stronghold and still state a formulaic count — the counts are a separate register for that reason.","DIVINE-EPITHET","R4b: genitive plural purā́m depending on an agent noun of breaking — the analytic form of the puraṃdará- epithet, which R1 cannot see because the token is a simplex púr-. índra dartā́ purā́m ási — 'thou art the splitter of forts'.","","NOT ASSIGNED","NOT ASSIGNED","NOT ASSIGNED","These three of §4J's five types are not properties of the passage. Each is a verdict on an argument someone else must make first — a placement, a site match, an identification. This unit has no geographic source (the pinned corpus carries none, PUR4J-018) and no archaeological source, so none is assigned to any passage. Assigning one anyway is precisely how a textual stronghold becomes an archaeological one.","purā́m","Indra","A","PROVISIONAL","SRC-069; SRC-020; SRC-022; SRC-072; SRC-073; SRC-074","RV 08.098.06; Aufrecht and padapāṭha at that stanza; Griffith, Geldner and Grassmann at that stanza","2026-09-07","forts (proposed)"
"PUR-P-088","08.100.08","BOTH","TEXTUAL-STRONGHOLD","TEXTUAL-STRONGHOLD means the TEXT presents a fort as an object in its own narrative world. It is NOT a claim that any fort existed, was fortified, or can be located: that would be the archaeological type, which is not assigned here. A passage can be a textual stronghold and still state a formulaic count — the counts are a separate register for that reason.","","R5: a púr- in ACC stands as an object in the narrative — held, broken, entered, or belonging to a named holder.","Rule output TEXTUAL-STRONGHOLD overridden to BOTH. The falcon escapes the metal fort — the same myth as RV 4.27.1, from the other side. Same reasoning.","NOT ASSIGNED","NOT ASSIGNED","NOT ASSIGNED","These three of §4J's five types are not properties of the passage. Each is a verdict on an argument someone else must make first — a placement, a site match, an identification. This unit has no geographic source (the pinned corpus carries none, PUR4J-018) and no archaeological source, so none is assigned to any passage. Assigning one anyway is precisely how a textual stronghold becomes an archaeological one.","púram","Indra and Vak","P","PROVISIONAL","SRC-069; SRC-020; SRC-022; SRC-072; SRC-073; SRC-074","RV 08.100.08; Aufrecht and padapāṭha at that stanza; Griffith, Geldner and Grassmann at that stanza","2026-09-07","forts (proposed)"
"PUR-P-089","09.048.02","TEXTUAL-STRONGHOLD","TEXTUAL-STRONGHOLD","TEXTUAL-STRONGHOLD means the TEXT presents a fort as an object in its own narrative world. It is NOT a claim that any fort existed, was fortified, or can be located: that would be the archaeological type, which is not assigned here. A passage can be a textual stronghold and still state a formulaic count — the counts are a separate register for that reason.","","R5: a púr- in ACC stands as an object in the narrative — held, broken, entered, or belonging to a named holder.","","NOT ASSIGNED","NOT ASSIGNED","NOT ASSIGNED","These three of §4J's five types are not properties of the passage. Each is a verdict on an argument someone else must make first — a placement, a site match, an identification. This unit has no geographic source (the pinned corpus carries none, PUR4J-018) and no archaeological source, so none is assigned to any passage. Assigning one anyway is precisely how a textual stronghold becomes an archaeological one.","púraḥ","Soma","N","PROVISIONAL","SRC-069; SRC-020; SRC-022; SRC-072; SRC-073; SRC-074","RV 09.048.02; Aufrecht and padapāṭha at that stanza; Griffith, Geldner and Grassmann at that stanza","2026-09-07","forts (proposed)"
"PUR-P-090","09.061.02","TEXTUAL-STRONGHOLD","TEXTUAL-STRONGHOLD","TEXTUAL-STRONGHOLD means the TEXT presents a fort as an object in its own narrative world. It is NOT a claim that any fort existed, was fortified, or can be located: that would be the archaeological type, which is not assigned here. A passage can be a textual stronghold and still state a formulaic count — the counts are a separate register for that reason.","","R5: a púr- in ACC stands as an object in the narrative — held, broken, entered, or belonging to a named holder.","","NOT ASSIGNED","NOT ASSIGNED","NOT ASSIGNED","These three of §4J's five types are not properties of the passage. Each is a verdict on an argument someone else must make first — a placement, a site match, an identification. This unit has no geographic source (the pinned corpus carries none, PUR4J-018) and no archaeological source, so none is assigned to any passage. Assigning one anyway is precisely how a textual stronghold becomes an archaeological one.","púraḥ","Soma","N","PROVISIONAL","SRC-069; SRC-020; SRC-022; SRC-072; SRC-073; SRC-074","RV 09.061.02; Aufrecht and padapāṭha at that stanza; Griffith, Geldner and Grassmann at that stanza","2026-09-07","forts (proposed)"
"PUR-P-091","09.088.04","POETIC-FORMULA","POETIC-FORMULA","TEXTUAL-STRONGHOLD means the TEXT presents a fort as an object in its own narrative world. It is NOT a claim that any fort existed, was fortified, or can be located: that would be the archaeological type, which is not assigned here. A passage can be a textual stronghold and still state a formulaic count — the counts are a separate register for that reason.","DIVINE-EPITHET","R1: every family token is a derivative epithet (puraṃdará- 'fort-breaker' and kin). No fort is present as an object; the fort word is a component of a divine title.","","NOT ASSIGNED","NOT ASSIGNED","NOT ASSIGNED","These three of §4J's five types are not properties of the passage. Each is a verdict on an argument someone else must make first — a placement, a site match, an identification. This unit has no geographic source (the pinned corpus carries none, PUR4J-018) and no archaeological source, so none is assigned to any passage. Assigning one anyway is precisely how a textual stronghold becomes an archaeological one.","pūrbhít","Soma","S","PROVISIONAL","SRC-069; SRC-020; SRC-022; SRC-072; SRC-073; SRC-074","RV 09.088.04; Aufrecht and padapāṭha at that stanza; Griffith, Geldner and Grassmann at that stanza","2026-09-07","forts (proposed)"
"PUR-P-092","09.107.10","POETIC-FORMULA","POETIC-FORMULA","TEXTUAL-STRONGHOLD means the TEXT presents a fort as an object in its own narrative world. It is NOT a claim that any fort existed, was fortified, or can be located: that would be the archaeological type, which is not assigned here. A passage can be a textual stronghold and still state a formulaic count — the counts are a separate register for that reason.","SIMILE","R2: jáno ná purí camvòr viśad — Soma enters the bowls as a man a fort. One of only three locative tokens in the corpus, and it is inside a simile.","","NOT ASSIGNED","NOT ASSIGNED","NOT ASSIGNED","These three of §4J's five types are not properties of the passage. Each is a verdict on an argument someone else must make first — a placement, a site match, an identification. This unit has no geographic source (the pinned corpus carries none, PUR4J-018) and no archaeological source, so none is assigned to any passage. Assigning one anyway is precisely how a textual stronghold becomes an archaeological one.","purí","Soma","S","PROVISIONAL","SRC-069; SRC-020; SRC-022; SRC-072; SRC-073; SRC-074","RV 09.107.10; Aufrecht and padapāṭha at that stanza; Griffith, Geldner and Grassmann at that stanza","2026-09-07","forts (proposed)"
"PUR-P-093","10.046.05","POETIC-FORMULA","POETIC-FORMULA","TEXTUAL-STRONGHOLD means the TEXT presents a fort as an object in its own narrative world. It is NOT a claim that any fort existed, was fortified, or can be located: that would be the archaeological type, which is not assigned here. A passage can be a textual stronghold and still state a formulaic count — the counts are a separate register for that reason.","DIVINE-EPITHET","R4b: genitive plural purā́m depending on an agent noun of breaking — the analytic form of the puraṃdará- epithet, which R1 cannot see because the token is a simplex púr-. purā́ṁ darmā́ṇam — 'splitter of forts'.","","NOT ASSIGNED","NOT ASSIGNED","NOT ASSIGNED","These three of §4J's five types are not properties of the passage. Each is a verdict on an argument someone else must make first — a placement, a site match, an identification. This unit has no geographic source (the pinned corpus carries none, PUR4J-018) and no archaeological source, so none is assigned to any passage. Assigning one anyway is precisely how a textual stronghold becomes an archaeological one.","purā́m","Agni","C","PROVISIONAL","SRC-069; SRC-020; SRC-022; SRC-072; SRC-073; SRC-074","RV 10.046.05; Aufrecht and padapāṭha at that stanza; Griffith, Geldner and Grassmann at that stanza","2026-09-07","forts (proposed)"
"PUR-P-094","10.047.04","POETIC-FORMULA","POETIC-FORMULA","TEXTUAL-STRONGHOLD means the TEXT presents a fort as an object in its own narrative world. It is NOT a claim that any fort existed, was fortified, or can be located: that would be the archaeological type, which is not assigned here. A passage can be a textual stronghold and still state a formulaic count — the counts are a separate register for that reason.","DIVINE-EPITHET","R1: every family token is a derivative epithet (puraṃdará- 'fort-breaker' and kin). No fort is present as an object; the fort word is a component of a divine title.","","NOT ASSIGNED","NOT ASSIGNED","NOT ASSIGNED","These three of §4J's five types are not properties of the passage. Each is a verdict on an argument someone else must make first — a placement, a site match, an identification. This unit has no geographic source (the pinned corpus carries none, PUR4J-018) and no archaeological source, so none is assigned to any passage. Assigning one anyway is precisely how a textual stronghold becomes an archaeological one.","pūrbhídam","Indra","C","PROVISIONAL","SRC-069; SRC-020; SRC-022; SRC-072; SRC-073; SRC-074","RV 10.047.04; Aufrecht and padapāṭha at that stanza; Griffith, Geldner and Grassmann at that stanza","2026-09-07","forts (proposed)"
"PUR-P-095","10.067.05","TEXTUAL-STRONGHOLD","TEXTUAL-STRONGHOLD","TEXTUAL-STRONGHOLD means the TEXT presents a fort as an object in its own narrative world. It is NOT a claim that any fort existed, was fortified, or can be located: that would be the archaeological type, which is not assigned here. A passage can be a textual stronghold and still state a formulaic count — the counts are a separate register for that reason.","","R5: a púr- in ACC stands as an object in the narrative — held, broken, entered, or belonging to a named holder.","","NOT ASSIGNED","NOT ASSIGNED","NOT ASSIGNED","These three of §4J's five types are not properties of the passage. Each is a verdict on an argument someone else must make first — a placement, a site match, an identification. This unit has no geographic source (the pinned corpus carries none, PUR4J-018) and no archaeological source, so none is assigned to any passage. Assigning one anyway is precisely how a textual stronghold becomes an archaeological one.","púram","Brihaspati","C","PROVISIONAL","SRC-069; SRC-020; SRC-022; SRC-072; SRC-073; SRC-074","RV 10.067.05; Aufrecht and padapāṭha at that stanza; Griffith, Geldner and Grassmann at that stanza","2026-09-07","forts (proposed)"
"PUR-P-096","10.087.22","POETIC-FORMULA","POETIC-FORMULA","TEXTUAL-STRONGHOLD means the TEXT presents a fort as an object in its own narrative world. It is NOT a claim that any fort existed, was fortified, or can be located: that would be the archaeological type, which is not assigned here. A passage can be a textual stronghold and still state a formulaic count — the counts are a separate register for that reason.","METAPHOR","R3: pári tvāgne púraṁ vayáṁ … dhīmahi — 'we set thee, Agni, around us as a púr'. Griffith 'We set thee round us as a fort'; Geldner 'Als einen Burgwall wollen wir dich … um (uns) legen'. The same figure as RV 7.15.14 and 1.189.2, and missed by the first run for the same reason those two nearly were: the fort word is an accusative predicate, so the case test in R5 claims it.","","NOT ASSIGNED","NOT ASSIGNED","NOT ASSIGNED","These three of §4J's five types are not properties of the passage. Each is a verdict on an argument someone else must make first — a placement, a site match, an identification. This unit has no geographic source (the pinned corpus carries none, PUR4J-018) and no archaeological source, so none is assigned to any passage. Assigning one anyway is precisely how a textual stronghold becomes an archaeological one.","púram","Agni, killer of raksas","P","PROVISIONAL","SRC-069; SRC-020; SRC-022; SRC-072; SRC-073; SRC-074","RV 10.087.22; Aufrecht and padapāṭha at that stanza; Griffith, Geldner and Grassmann at that stanza","2026-09-07","forts (proposed)"
"PUR-P-097","10.089.07","TEXTUAL-STRONGHOLD","TEXTUAL-STRONGHOLD","TEXTUAL-STRONGHOLD means the TEXT presents a fort as an object in its own narrative world. It is NOT a claim that any fort existed, was fortified, or can be located: that would be the archaeological type, which is not assigned here. A passage can be a textual stronghold and still state a formulaic count — the counts are a separate register for that reason.","","R5: a púr- in ACC stands as an object in the narrative — held, broken, entered, or belonging to a named holder.","","NOT ASSIGNED","NOT ASSIGNED","NOT ASSIGNED","These three of §4J's five types are not properties of the passage. Each is a verdict on an argument someone else must make first — a placement, a site match, an identification. This unit has no geographic source (the pinned corpus carries none, PUR4J-018) and no archaeological source, so none is assigned to any passage. Assigning one anyway is precisely how a textual stronghold becomes an archaeological one.","púraḥ","Indra","N","PROVISIONAL","SRC-069; SRC-020; SRC-022; SRC-072; SRC-073; SRC-074","RV 10.089.07; Aufrecht and padapāṭha at that stanza; Griffith, Geldner and Grassmann at that stanza","2026-09-07","forts (proposed)"
"PUR-P-098","10.099.07","TEXTUAL-STRONGHOLD","TEXTUAL-STRONGHOLD","TEXTUAL-STRONGHOLD means the TEXT presents a fort as an object in its own narrative world. It is NOT a claim that any fort existed, was fortified, or can be located: that would be the archaeological type, which is not assigned here. A passage can be a textual stronghold and still state a formulaic count — the counts are a separate register for that reason.","","R5: a púr- in ACC stands as an object in the narrative — held, broken, entered, or belonging to a named holder.","","NOT ASSIGNED","NOT ASSIGNED","NOT ASSIGNED","These three of §4J's five types are not properties of the passage. Each is a verdict on an argument someone else must make first — a placement, a site match, an identification. This unit has no geographic source (the pinned corpus carries none, PUR4J-018) and no archaeological source, so none is assigned to any passage. Assigning one anyway is precisely how a textual stronghold becomes an archaeological one.","púraḥ","Indra","A","PROVISIONAL","SRC-069; SRC-020; SRC-022; SRC-072; SRC-073; SRC-074","RV 10.099.07; Aufrecht and padapāṭha at that stanza; Griffith, Geldner and Grassmann at that stanza","2026-09-07","forts (proposed)"
"PUR-P-099","10.099.11","TEXTUAL-STRONGHOLD","TEXTUAL-STRONGHOLD","TEXTUAL-STRONGHOLD means the TEXT presents a fort as an object in its own narrative world. It is NOT a claim that any fort existed, was fortified, or can be located: that would be the archaeological type, which is not assigned here. A passage can be a textual stronghold and still state a formulaic count — the counts are a separate register for that reason.","","R5: a púr- in ACC stands as an object in the narrative — held, broken, entered, or belonging to a named holder.","","NOT ASSIGNED","NOT ASSIGNED","NOT ASSIGNED","These three of §4J's five types are not properties of the passage. Each is a verdict on an argument someone else must make first — a placement, a site match, an identification. This unit has no geographic source (the pinned corpus carries none, PUR4J-018) and no archaeological source, so none is assigned to any passage. Assigning one anyway is precisely how a textual stronghold becomes an archaeological one.","púraḥ","Indra","A","PROVISIONAL","SRC-069; SRC-020; SRC-022; SRC-072; SRC-073; SRC-074","RV 10.099.11; Aufrecht and padapāṭha at that stanza; Griffith, Geldner and Grassmann at that stanza","2026-09-07","forts (proposed)"
"PUR-P-100","10.101.08","BOTH","TEXTUAL-STRONGHOLD","TEXTUAL-STRONGHOLD means the TEXT presents a fort as an object in its own narrative world. It is NOT a claim that any fort existed, was fortified, or can be located: that would be the archaeological type, which is not assigned here. A passage can be a textual stronghold and still state a formulaic count — the counts are a separate register for that reason.","","R5: a púr- in ACC stands as an object in the narrative — held, broken, entered, or belonging to a named holder.","Rule output TEXTUAL-STRONGHOLD overridden to BOTH. 'púraḥ kr̥ṇudhvam ā́yasīr ádhr̥ṣṭā' — priests are told to MAKE unassailable metal forts, in a list beside stitching armour and building a cattle-pen. Either a ritual figure for the works of the sacrifice, or an instruction about actual construction. The text carries both and settles neither.","NOT ASSIGNED","NOT ASSIGNED","NOT ASSIGNED","These three of §4J's five types are not properties of the passage. Each is a verdict on an argument someone else must make first — a placement, a site match, an identification. This unit has no geographic source (the pinned corpus carries none, PUR4J-018) and no archaeological source, so none is assigned to any passage. Assigning one anyway is precisely how a textual stronghold becomes an archaeological one.","púraḥ","the sacrificial priest","P","PROVISIONAL","SRC-069; SRC-020; SRC-022; SRC-072; SRC-073; SRC-074","RV 10.101.08; Aufrecht and padapāṭha at that stanza; Griffith, Geldner and Grassmann at that stanza","2026-09-07","forts (proposed)"
"PUR-P-101","10.104.08","POETIC-FORMULA","POETIC-FORMULA","TEXTUAL-STRONGHOLD means the TEXT presents a fort as an object in its own narrative world. It is NOT a claim that any fort existed, was fortified, or can be located: that would be the archaeological type, which is not assigned here. A passage can be a textual stronghold and still state a formulaic count — the counts are a separate register for that reason.","DIVINE-EPITHET","R1: every family token is a derivative epithet (puraṃdará- 'fort-breaker' and kin). No fort is present as an object; the fort word is a component of a divine title.","","NOT ASSIGNED","NOT ASSIGNED","NOT ASSIGNED","These three of §4J's five types are not properties of the passage. Each is a verdict on an argument someone else must make first — a placement, a site match, an identification. This unit has no geographic source (the pinned corpus carries none, PUR4J-018) and no archaeological source, so none is assigned to any passage. Assigning one anyway is precisely how a textual stronghold becomes an archaeological one.","pūrbhít","Indra","N","PROVISIONAL","SRC-069; SRC-020; SRC-022; SRC-072; SRC-073; SRC-074","RV 10.104.08; Aufrecht and padapāṭha at that stanza; Griffith, Geldner and Grassmann at that stanza","2026-09-07","forts (proposed)"
"PUR-P-102","10.111.10","POETIC-FORMULA","POETIC-FORMULA","TEXTUAL-STRONGHOLD means the TEXT presents a fort as an object in its own narrative world. It is NOT a claim that any fort existed, was fortified, or can be located: that would be the archaeological type, which is not assigned here. A passage can be a textual stronghold and still state a formulaic count — the counts are a separate register for that reason.","DIVINE-EPITHET","R1: every family token is a derivative epithet (puraṃdará- 'fort-breaker' and kin). No fort is present as an object; the fort word is a component of a divine title.","","NOT ASSIGNED","NOT ASSIGNED","NOT ASSIGNED","These three of §4J's five types are not properties of the passage. Each is a verdict on an argument someone else must make first — a placement, a site match, an identification. This unit has no geographic source (the pinned corpus carries none, PUR4J-018) and no archaeological source, so none is assigned to any passage. Assigning one anyway is precisely how a textual stronghold becomes an archaeological one.","pūrbhít","Indra","C","PROVISIONAL","SRC-069; SRC-020; SRC-022; SRC-072; SRC-073; SRC-074","RV 10.111.10; Aufrecht and padapāṭha at that stanza; Griffith, Geldner and Grassmann at that stanza","2026-09-07","forts (proposed)"
"PUR-P-103","10.138.04","CANNOT-CLASSIFY","CANNOT-CLASSIFY","TEXTUAL-STRONGHOLD means the TEXT presents a fort as an object in its own narrative world. It is NOT a claim that any fort existed, was fortified, or can be located: that would be the archaeological type, which is not assigned here. A passage can be a textual stronghold and still state a formulaic count — the counts are a separate register for that reason.","","R6: no rule fired. Case set [].","Rule output CANNOT-CLASSIFY overridden to CANNOT-CLASSIFY. 'vásu púryam ā́ dade' — púrya- is an ADJECTIVE, ACC.N.SG, modifying vásu 'wealth': the fort-wealth, Geldner's 'Burggut'. The stanza's objects are the wealth and the ánādhr̥ṣṭāni, the unassailable ones, which the translators supply as forts. So a púr is implied by a derived adjective and never named. Whether the passage presents a stronghold or uses a stronghold-adjective for plunder is not decidable from it.","NOT ASSIGNED","NOT ASSIGNED","NOT ASSIGNED","These three of §4J's five types are not properties of the passage. Each is a verdict on an argument someone else must make first — a placement, a site match, an identification. This unit has no geographic source (the pinned corpus carries none, PUR4J-018) and no archaeological source, so none is assigned to any passage. Assigning one anyway is precisely how a textual stronghold becomes an archaeological one.","púryam","Indra","C","PROVISIONAL","SRC-069; SRC-020; SRC-022; SRC-072; SRC-073; SRC-074","RV 10.138.04; Aufrecht and padapāṭha at that stanza; Griffith, Geldner and Grassmann at that stanza","2026-09-07","forts (proposed)"
